Timestamp,Height,Id,Status
1765439676,3563013,f37b07617b9e6c16d13ed209673d47ff1ba101149a6a59f4e0ae7bfe74b7739a,CHAIN
1765438448,3563001,892473f9d6e955e2bdabbcefa354fd42841986ae13f7bc7afa539403ded1d25e,CHAIN
1765438423,3562999,d851f8cc55f4f6ad04f25ba2db6ce9d1e941e05df0644574008eed4eb8243712,CHAIN
1765438247,3562997,656b2eea0dd2d28b8621841ae20e8d7d25fdde864cc0c90a810b48d209ac3226,CHAIN
1765435832,3562977,4f3ae39af15d8ea7b080f043cf93e1890587ea87427dc1faf2e2da27ee11f25f,CHAIN
1765435608,3562974,ea3e74bb3c38f36b207e5e029d0b38cfebb60accd1e5fa4b59407b3e77590106,CHAIN
1765435597,3562973,6cc9ae654c753ced62b13c1fa44d6f6e0734d6615b11ceee8108c35421154783,CHAIN
1765434038,3562958,97e6db9215969b650916bd6836292615bf2a4f7704740d402607fd15c7f53ab7,CHAIN
1765432847,3562949,a0cc4af9226560d6576f452e4ace8ea93de6f2bd7c782973ac1720c662da9b59,CHAIN
1765424566,3562880,c861eae62ec43fe703eea43a82977e74c25330cb66bb8fb66b10adcbdee0a60d,CHAIN
1765423252,3562874,a0e605aee3d75b4795e562839147838ab4c4064f347de254ffe4f35dd66189e9,CHAIN
1765420671,3562852,f2624bb1f50ecc018dc6cd089d864f07e17f6aea535fa1e2a2db724caa336e5d,CHAIN
1765418980,3562840,a6329eec1c408dbdfcc07a597b6227b66dc7b92ce7a6e4faa8b1b0cd9c6f8b8c,CHAIN
1765417477,3562829,ea0e73f4e4226a5f6910e6d4a10b1eb1aa50d1591a853d70ef70daa2087fe56b,CHAIN
1765416344,3562815,7c7372d68f014be4eb6c0026f0f7969b3aa51cae989e571d43f3d8d4558f8869,CHAIN
1765415428,3562808,f9ebb62cebbfac525b0c63555568444d182e294a4808c444a5b8c99ca974701f,CHAIN
1765412423,3562780,6a5027672eef85bb73a4dd29215bae218fc9a2d79b0b14d6e9aa423359a94f9d,CHAIN
1765411431,3562776,fa574f80f4c9e19dfe64e54b2d0f87301cc6a5f61f33dc5496dcfd9eed9e0812,CHAIN
1765409788,3562763,8696a296693e3216bae35a9c01d53d408078b25434e6967be446db7cb3301509,CHAIN
1765407252,3562746,b4310635fce2bd77a4b050869925b9f8a91fcc627f6690ef7494fb4fa9f35eb9,CHAIN
1765405866,3562734,db233ce0ad34c25d3e2fe2815a45cb753772a9a61fff2322ba67b692838c3ff8,CHAIN
1765405420,3562732,f80443321489af1b8b898710bbf52b59c0900504cb190992bd44e7325f340cbb,CHAIN
1765402837,3562718,2b070009fcb458639fdc159c9d0b73888c46ecf42c746acdc820dd66c0d49546,CHAIN
1765401807,3562707,bc48437f8bb5fc69ace21f928f068b32b386d314cd487d417fb9528933151091,CHAIN
1765401681,3562706,a83e53c0abb41cbd8dcb10d27f07c9533560acfdd09f0048616d4f165f038ad1,CHAIN
1765400154,3562695,16b4f94f18b18170543f8dfbf0e6675b9fd983c86dd5684db8354bb183c1bc9c,CHAIN
1765398762,3562683,bab99f849acf381bf18fe13e342f10dd5c71a8074a28c7be0ae6c5078cde4877,CHAIN
1765397252,3562675,291b59deaa680cc113b2c6b6b22d27813d137be69d69cbcde614ed9bef8a7b84,CHAIN
1765394059,3562648,714fcd231cc4bc66dcd8aa2a20b7a39e0e5bd6c98abd7c7a97bfe2454f4936c0,CHAIN
1765392991,3562638,6f449166c60eceb3df234b83135339c0ff503c264798b279d86c564e9194e46f,CHAIN
1765390167,3562622,d32b6b33fb605df8944a04274be7a843a29ee0089b4408bdae68af25701181a4,CHAIN
1765388759,3562615,0efe6a4c6ee181af107b1f89ce0b5d21dd672509cc40a734ffc667fa1c80323d,CHAIN
1765388670,3562614,20c0b6e38876196a364d10f349b15689e6e54a8eeb89c0ca16617b13770d1cdf,CHAIN
1765388235,3562611,31cc545ebbd92c6f44f6fa110c7288fe2a68cf84672cb421b53531927ebe6474,CHAIN
1765387356,3562602,5e2cd605b1d2ed802e0f01e8d98645fe3b7b910c8b0d2c1a713da72d8935f6b7,CHAIN
1765386960,3562600,bbce8def53fb32e2f336f1624340be77d8dc5edd27b5fff78bf9ab9cf6a32545,CHAIN
1765384106,3562577,0b0e1cba528e593dea644ee4b3d566397f7d2477814ee3aca8cf30362c7a05a1,CHAIN
1765381170,3562565,e4b8d9260265096e805d654204ece9594ff5d97c722b9966b25fcf539434afe6,CHAIN
1765379476,3562557,fcf50175ced797d9a760da15d1a08719072fc819f31f9b232421652f96cdf3ad,CHAIN
1765379245,3562555,35c41347791980223e756d50ee12429312d50471a78f73e78080f33f29d29930,CHAIN
1765376613,3562532,60d9f61af788101afff6288d6ed6d02472616f1363bd4a09e4961e2438d0d8af,CHAIN
1765375040,3562514,bccabd994d6d51dfabb788b5ee8f63b8e8ae16feed44e289f10d65d576a84561,CHAIN
1765373599,3562505,1207380664a3906716cda626b2d900ff574c6bc2d37c7910a1c0b349ccd3820a,CHAIN
1765373120,3562499,0f8b66e620515b65a6de2596c6c32dbee27e5f3ce50dc3e3a8f8a97729c92dc5,CHAIN
1765372462,3562492,b74a322aa76bcceaf6a12c220c4e4f2508b120ad4a12e2015d0eb279538fb322,CHAIN
1765372242,3562490,fef0ddb6aa23a3e3de30048fa36127c268ad08420f171b9cca942f6fec5d27ab,CHAIN
1765367414,3562440,724335763c45732c4ee89b48eed0fb8abeaf062b969bb6c3f0b75c3926660ea5,CHAIN
1765366081,3562426,620659690e774ba522b666b97131388795840c629a6399d0fa9ca4d9ea68362a,CHAIN
1765364502,3562410,f433b5b643c6af602e8c427f72a7ff7e003522b1e68cade4932ffce9c6280f72,CHAIN
1765364415,3562407,81feb4fff5a420a9a515b619b46d9eec8cb040e631c8e4f0c25e3d6800d44fb7,CHAIN
1765363386,3562402,daa3852531c54e7ec7f0c9f0faf113360037fab59485103ce7bdcd0558d4383e,CHAIN
1765363076,3562401,b626a1777b2f7322d4782c2f75378e7ab53035d4c620bceeeff8e49791798b6c,CHAIN
1765362808,3562398,35298fcad02d73da7f773a14eac043bfdf676eb85632922dcd89049d32f342f9,CHAIN
1765361974,3562386,b34c0cfbe22f0de6e9342fb99cace3dd11d6604a402abdd1049eae98666a554d,CHAIN
1765361713,3562385,37dc0a7b9de6f632bae5b62356e75b563aea416021483f7c45e896b416031d86,CHAIN
1765361528,3562383,85dc3b07ff7b3f35d8328b91221467037640ecb063e29d460ea8c3750b56afaf,CHAIN
1765360660,3562377,593fa0dd4ffa44709b103d0b19e1ecb13965f5d115b1821547b00cc961eb41dd,CHAIN
1765360396,3562372,f3c9bddbadfdaea69ff6d020d780c6530616fed2596e510ea358c8b85b117bed,CHAIN
1765358857,3562364,0195e2530dba4f773049f944240212814e6d399439c01fd6c4be0508ebce1f07,CHAIN
1765356115,3562332,adb45b06067c3ae348b6b1e6fcc6d3bb023a96ae88d3a19060c6f3551eb51f28,CHAIN
1765352302,3562307,a66edcd11de6ea11c4749ef1b3574f5b1df4e4897e4481f3a884baf3e782ebb1,CHAIN
1765350086,3562287,4c8011de2425b9d36c5308c0b979e2e9104867b38c3e2c97dd387c03ffae776b,CHAIN
1765349818,3562282,e044cdac168fcab3a02bb4206d807ad88fc57014a51b2c7228c3203ef74c50b4,CHAIN
1765347192,3562259,1a60aaac7e881d5f91a9f4ffc4fec5cb516f6c862819750c366d41392d960307,CHAIN
1765345882,3562251,428684185ba64e5009943f1069a8442bc2302ac9e1e85e3e73950227db80f6ef,CHAIN
1765345811,3562250,6f370f86f089ca49e4fbe7ea163909a323e36f924fc9348ec98b7bab9e55e4fa,CHAIN
1765344526,3562237,b8383c2009adb6741df40cfe543a9824728c220228df15155feb82c9f5e730f3,CHAIN
1765342992,3562224,2dd54797f229e73c3f43cfb0b5e21b2b61857a025741e12e60423e110a47149f,CHAIN
1765340689,3562209,0efce1855812ae5f94a0d06d7c19c23ffbdf4550364caad383ec8e4d073a36e9,CHAIN
1765339196,3562194,ef981122f51664d364bec6e15e78524474177253bea2407832a7359571336504,CHAIN
1765337944,3562185,15f56588fbd50ed9a383f4f5c21708525cec6af6e1922b88d21d22ec1bb8b628,CHAIN
1765337590,3562180,64c03078eec6c8a333f3c3e644021674a58324c255410b6e9089d6e7143ce2ee,CHAIN
1765336218,3562166,60597540f7f7509756b7da6c4728789756663de154aa959f630c770528a51a27,CHAIN
1765336164,3562164,66f2a4fe8bd080a6a70990603b34536a01f4f2fdbf8eba95cd96a1d8256f96e7,CHAIN
1765332257,3562128,c87ef27c649f81c8caa326bf5bac8712997ef1502d83010c7db9e285108a327a,CHAIN
1765329560,3562103,3b7cdf369b0b639b99493fff6e0cb2ebd988ccbc2d960d80c0c389b95eb42233,CHAIN
1765328295,3562092,b33e5e4a2dc649c218a99a2835a15fb1c58d3cf582dbe63b18eee4309ef60705,CHAIN
1765328035,3562089,b1c8c832465f17be21980ea5bb0565dc947dee9ffaac7242523e42d8cb96c8d3,CHAIN
1765327145,3562079,5f9985a141759b92837a02136ef31afc2e28df463a34675e1d220207d688bc00,CHAIN
1765324151,3562056,5e354a15de3aaa400ceb98fa2d267d9b787ec0f917ac7bd45f6378647f3db631,CHAIN
1765321280,3562038,1dc54dc5f1128cb8696fc24cc2da2958d7e32614c8e4261b11e4723dd5d55440,CHAIN
1765319191,3562023,927816f811ac067bf011b2af39dcd3cdd9b6e5c7508f58b7160883c731b70907,CHAIN
1765317517,3562011,20b818152c3ac2f3eca82d0e32f6438fd37fb673a72f680a18903af95414cd0f,CHAIN
1765313790,3561979,b4073d490394ddd4c338fa60fa340f216cee5239f17e11aa9811f8aac79bdafc,CHAIN
1765313634,3561977,6aba5d110fc5b68b2a8039e2d88c78c9909aec4fe2c71bf372a50a20dffdb91d,CHAIN
1765313244,3561973,dcd044fef73450c99bc1dd72feb192e5b4a07fa759829e99ba11d63c37c1bec1,CHAIN
1765311824,3561959,a09896ac88c596b45666c91f54fde32c1436792459a8e8be73bb02dca53f5457,CHAIN
1765306802,3561909,702bb3febdbce3e6abf1fe089a4d43abb42bca0629950622767162c983928837,CHAIN
1765304314,3561886,8d014eda438835fd2ecf1f6879e406cf61d223ef769107e863d332b208ee4c29,CHAIN
1765303037,3561872,3ab9f26568043f42d7c0675e1d08ec6f98cc6e90fe9b0c9d06f870fd97ad6167,CHAIN
1765301466,3561857,7d43c2d6c7605b740d3273f4e442edb5d5a90ae69d038b022d720ae82e5d8ee3,CHAIN
1765297267,3561819,854d09697f15b540745631c793e24bdc7b922370967d96f9ac9b6fa327c90aa9,CHAIN
1765295631,3561804,32e76a252472afe3b2283b4510158ad7d00c07bb7cad804df09e3133d84b7ec1,CHAIN
1765293295,3561776,1cd41f7835398c175a2d3030d527415c37960b66050dc3beefdc241d164f3a8c,CHAIN
1765292935,3561771,a0cb7df00c8fbc3315b47c5c84d86e538a3ddda3542c5292cc5361124ff23124,CHAIN
1765285488,3561706,f0f302fcc01f1520b34e7ba12b9a1d412ec41ad5813c1abb0f0b4f1da1d574f3,CHAIN
1765285324,3561705,fa5bce837d94fa4ef5d88c684b9bcc983266f3c9b8fdcfd1be832b4a39f69a46,CHAIN
1765285020,3561702,2e0f19e3a7c3c704513c6dcabcee66066c151108893e2e19d0da732e8395deba,CHAIN
1765282519,3561683,7f92889f4dabb4e6fc82640d6ee44a35decf5f8b98133c10f3f55613b4a3ab12,CHAIN
1765282083,3561679,3e812393d0fea4da1bb3c3e55e1c3bb2770d165962bd8ae3bc7fb38cc093d3bd,CHAIN
1765281668,3561675,b6bd17515bc9f03bf30e592a274b66508125b492a766d95cd9ec65bd734f632d,CHAIN
1765279386,3561659,88f8f4c895bce42b4be3e742cd3b17aeb649de50e01a305c9038d55dc4177fe0,CHAIN
1765279327,3561657,12e249bc15c8e91e8b6357a3a03b54380e859aba14de88a519278be7bde2c2c4,CHAIN
1765278981,3561653,35b0d72885f6f2829dd447413435f1baeac033de06b317fb12a0134ce41649dc,CHAIN
1765277872,3561646,ca7b0cdef587451e75d02001bb44edea816750b36b12fc1d9fbb30ff239b1f57,CHAIN
1765277019,3561637,d1be33c06bf619145ec29f7906dc8501e7bd199bac647796cded6bf58b2e0ff2,CHAIN
1765276717,3561633,edc1a6401413eade78fe1b4d792e3bca9a1aecc5eb9c989c53aa75b76622aa05,CHAIN
1765276356,3561628,56fdc02074a45a3f82f8cbedb2453fc584e799c6e603efaca068fb04e43be6c4,CHAIN
1765276096,3561625,7108b263758b3bdf3b45672427f75bdfd37379a70c7490447c2c2dcbcb5fe260,CHAIN
1765276072,3561624,6f1f987c8d5aebdec69be0cac22c6d910582668ce70f90539b432ca2b51b580f,CHAIN
1765275861,3561623,003294f1d6692fc6858385f6059d0f01faf38def9536327f6270ea00e6fe71f4,CHAIN
1765275719,3561622,18adb262356ecdea3f0cf53f4d1e3c4165363ab3f631e9b1449b3a50b1a432f2,CHAIN
1765275090,3561618,e46f0d233715e7afc230ccec679766867f4e76a5fbd4e1c3721413b1cd197a83,CHAIN
1765274964,3561616,d7d9efd084ef9bb1775e3db31dceb51307efed916046bd6839d3c3578d4af217,CHAIN
1765272852,3561598,cfd5b7dd9726f9f2d62e2fea1cb9db1033d4a0f9d467e648c756e40c1c318eb0,CHAIN
1765271978,3561591,46ba046985a00dcfe854a3eb5ade2128db69c833578d8f26613df767d8f3f3fd,CHAIN
1765271894,3561589,698eefc95fd6ab87f362e3cbc2599166aa592e6a3e1a61a7b2f327596e6d2d66,CHAIN
1765271750,3561587,f4fd868db44a3ec9714c4046f2eb97cd5d8a84fa739a52ce295b14f2f21c78d8,CHAIN
1765270777,3561584,69dc8ac24da680fccf2c60631818791f19f0e9a95b9be7bee6dae311946e59fb,CHAIN
1765270723,3561582,0a7d6fa9106e3f8c987570c8ebd0dd1c8d1928665137b1eb4e2fcc40fe9357e8,CHAIN
1765269147,3561570,7a4bbadec8f5e32e863591292071950ae7ea4dde859fcc6c9665f4911c5e74e8,CHAIN
1765268857,3561569,228769e3fef7ba39e6540350befa43975501a9288575bf2bed776f92b37d691d,CHAIN
1765268321,3561566,c8ed05c1ecc9769e102a629d110ee5e3243c66a6502ea2da28907841f58745d2,CHAIN
1765268180,3561564,ab96f111febd4c747e8fe1d6adc5ebc0e5cf9388e7fb9f3de82d46c0f69ed2c8,CHAIN
1765267800,3561560,6890a3bc75ba8eeaeb2abb2e021ec0f0a287836f5c15bbcdba1fee0b286ed87e,CHAIN
1765267418,3561555,0ccbc759c04a75d3b8bc31a816fcb89c106e0a7ae57d99be19f8ad5e3bd25c66,CHAIN
1765267340,3561553,c3ad2dc0d5d913d44c0e8253df38e406b5dd80a29f31b427c8328b8665e31fa3,CHAIN
1765266711,3561548,87d5a5cb91bb99318966c283e583daaa53f07e1286d8dc03632221c381adbee8,CHAIN
1765266194,3561543,cabbf3f23d3a0ca2369fcd27549b96a9e59880d45fa723e8ddaddc95770333b1,CHAIN
1765266078,3561541,24b5134278fef2d4f75f40dc7753c81bee9bee28df369008a20008730564e8d1,CHAIN
1765265169,3561532,3d2243adc2b1b2d55077259665b35e13d32739049573c8fe7355add019726795,CHAIN
1765264918,3561530,1e7ded3481a9254c28ec9e399deec9fd12827010ef2a9005674535fb3d9287ba,CHAIN
1765263266,3561521,2a2d0989b0e624b8edf0c300a05ed550cdca83dd418b371811bcc38863fced4c,CHAIN
1765262669,3561520,ee18ae6f7b7a3df343eb0aa730db66f43328cafdfd042985f85b244fcb7b8631,CHAIN
1765259264,3561497,a47fa37faa81348be9c89b1cb5d85e6a2fb995778c012e348128c550e7a51708,CHAIN
1765258831,3561495,4f04c5fec7b16420d20c735476dab4bfd92498140c27ceb7ca392fdbfd7c6aa5,CHAIN
1765258025,3561490,f73602f1c72b0502a916d653b168179e2d6631ad6027507ceb04f39d93416bea,CHAIN
1765258014,3561489,eb7e532efbe11a0daafd74f2084dbd578dc4ca49475cccc9ed1ddd9e29f4dd4f,CHAIN
1765256074,3561473,b85dcea70a4e07e540ca12f9e0e1fada07e7794277d0266f5996f78715746839,CHAIN
1765255721,3561470,e6a4e9c005f1235be5f42c523f85c6d735951427ee3ca21fcf3b7c03dc4b9029,CHAIN
1765254498,3561465,0c22a7e7d84b5c150b4a83807ce1f6904bbf36d4327d27e5fd6ce375950ed703,CHAIN
1765253673,3561456,217e17bcdcb46fa0b3b035c2f447c1722a467331f466d03e570a6ed5c1c14186,CHAIN
1765253322,3561452,99b63712d9f3e653a03c1873d0b9ba073880b5e4918013d357105f08bbd8f7cc,CHAIN
1765253042,3561450,de241eb9418f2b42a85d982c500f824c51cca3ebe45629400363bfa71b8b979c,CHAIN
1765251262,3561437,deea855053a3cff41138f9265e0dc2e99a93f66ae6563d09099869be06a28d0e,CHAIN
1765250452,3561431,34257a412b9d827ba1fb246f349386b063fbe23641b04857a7c72f3ce5443378,CHAIN
1765248672,3561425,bcbccc55f0d9af1b1d886daec6b4996e0ce3cee5b4106487facaf8b6db5b8696,CHAIN
1765248113,3561421,9970fa2755419c2b3dd8707d15783f7d8590f43413683421454961eb1ccc1c8e,CHAIN
1765247475,3561418,0ade7d2ecef8a9e62e7d2605d35a7b6086760d51e4cfd1fa0b3c89e7f749ce3f,CHAIN
1765247275,3561414,51cab188442f31aee4f32041d471cd244d787f13ee31a9cc4a28d01fe1cab97e,CHAIN
1765247149,3561413,742b07117a8964c63b0282c396c3183ca763953c3c841d3e3dcd69d700a4b507,CHAIN
1765244390,3561405,9d573474f1ef26ad3a70907b5f62e3a96f214df22bba450f40cb0a42e114a4ae,CHAIN
1765244365,3561404,64ccba108fd9a6829ad9dc30ba45c267150751a70059bd464d6add4922669205,CHAIN
1765244328,3561403,42576e9c92ebf3fb80f9055e84ce1f163a578e652189e9a4e5c5f314a14b078b,CHAIN
1765243515,3561396,91d54f61b711a2b89252cdcdf60c0ba5d8767a0c3419a7c0dd8e7232e28c063f,CHAIN
1765242620,3561391,54c8b7ae9ed6ac7602717edabb861bc8616f31fac087d84e28b1604db4e3c972,CHAIN
1765240561,3561380,0610e92638aaec5a154636034fee11d106d4e8d8d995c9829ec6c9abe76950c1,CHAIN
1765240346,3561376,eb018801b1d02dc464007141d4945e20a63408027962c0641facdbecadaf199b,CHAIN
1765240182,3561373,b7683e8f4bcf4ec00725d4f83d4dadf8f80816c5d59f33a09f221a3c6f85a843,CHAIN
1765239383,3561369,0061a34c263065f5fc97222a3312138c102a03dc8d7f2deb6d90090b8cbd3f14,CHAIN
1765239097,3561366,f233f1ee5c9025d8b99bb1c592de57ccadf9bfa18fb7f186dc2dd1ae01272251,CHAIN
1765237851,3561355,b0a9f6d4ef0e5253ce8b696a965c2401012cc095a5943e6fac182e4ad2705a7c,CHAIN
1765236207,3561345,f64be8cca9d17a5c0a3a41fce6a542fe41160b17904ce0b2675d8c4317086c2e,CHAIN
1765236140,3561343,2a3d5d8ce6abbf15785eec6346d1900f5b7db6c89a382cd6a0afaf0721f41b7f,CHAIN
1765234606,3561331,116045a9af1e65550f67fa0d498bb8217a1bd625919ff4485c325c232ad80d85,CHAIN
1765233098,3561314,8dd23e61822d6c19468d3fbc1c31480fcafc2a4d4485581a694f99de887a2ffe,CHAIN
1765232323,3561308,e653e470388e27c96ab4f9df6d0407cd298819425c833bf01a0bd097113b5baf,CHAIN
1765232131,3561307,effd4e5210ad1d645e7d07193122596290c4c31197ceadf22a592357367b00ca,CHAIN
1765231422,3561299,624f55db8ee97265dac0a17aa82877ced34f7f02e5f91228c5f4a7a348db7f48,CHAIN
1765230176,3561291,646fcb7919a08afd79606237f385e9d8a5c01cf1db2e2da5771ccfa435c8f7b9,CHAIN
1765228986,3561285,5d02aca9485589b6c4619614dcb853f6295e6f4968aedc44e9193ee0eeba8801,CHAIN
1765227446,3561269,386400193ecde0193b83f4cb939eec2e2de433f33cae18aea0ba6f3862d664a1,CHAIN
1765227174,3561264,928fc4b3efefbddf5f6e7d4574c7b41d6dd23e49b4de7c9db7ac865619e94c86,CHAIN
1765226429,3561258,ec58d54d94f864dcf726b59b82c5c140ac0463a554109a77ca67f6b6beec58c0,CHAIN
1765226274,3561256,1292d18838deb3c42f863cdcb9dcfb658f33d89b85e6ef587f289dc4e01ad985,CHAIN
1765225230,3561247,beb55bf2014bdc3e592e875df49a85038d304556798b01b091f444de505c2fe4,CHAIN
1765224923,3561244,55bc59e75466f2daa1a107c3abe6a2c722c2f64d7133058760e73468fdbefa4b,CHAIN
1765222719,3561230,db9d560eb1de5d082b4dbfc2fea5d458d15dc90371211666b8850f5115254304,CHAIN
1765222640,3561229,e869dba2060c9befb7473fae38c173c1a88edec4c88725be785aef409931e9cd,CHAIN
1765221878,3561223,905e1c504c9469d3c396d2b2853bac5024fcf290f5dfdb1a83b1cf518f431aae,CHAIN
1765221504,3561218,e56f5ad16718f43fac43909e5b0a3c4d9651e6c866692aa400454a75cb57ef6f,CHAIN
1765221349,3561217,7af5261de299f27fb5a1d73eac4ccdd6b8b14bfef294c6e6206f2e428800b774,CHAIN
1765221030,3561213,a90994ebbfa7f9a587d4d865556ad9ec3b7278979efcd3fb1c7c1553a21584f4,CHAIN
1765220834,3561209,c2d62e4601c751e5391259442ab1c58311afdcbba2f92530cd83db7d566c9764,CHAIN
1765219116,3561193,4d8eda11332a9d247c0a9ab14ed2bac742dc325367d1d1a9fce9dc367a0bfbf6,CHAIN
1765217141,3561178,f5103a6dda79549bfbcf0cfb1a581ed030ca00cb063a7da6293fbd5f3169fc85,CHAIN
1765215654,3561171,65ef866f832b0abff4af95be3e0ae88cc1d23e9af2867a99a6d047457794aa64,CHAIN
1765215624,3561170,0795af345d76fcf3f2b46b83ba67e39cd90e870417fdcf5723a43cb02d77d14d,CHAIN
1765214372,3561160,cfd59817e5c9628fe7c9e32f977a7d9055c6c954bf42c162246d5834a216259b,CHAIN
1765213141,3561151,1571598372261d3a89478538bdef08412b230d80fd1791812d46be4b7c821f7f,CHAIN
1765213001,3561149,8203f91f0b82742146425840a75dec2bea24ee2bc17b1d59147b54c94b95b841,CHAIN
1765211661,3561134,e74fc0858a624cdaf03bd9c88ca288b2dcf5361ec2f82e8494fa06dd9a2483f6,CHAIN
1765210893,3561127,75cfb04d489e2b84f4ce682906ac9cf8775d10217b4c4bcb72dd25ecbfaf0f4a,CHAIN
1765209761,3561117,354e6ac25659760c80c0efaf86865150e349d1ee357b51808d8415942aea8ad7,CHAIN
1765209351,3561113,5bbd093855143b582ce51d8cb9e7bbe6aac15a2cb3a2dd040fff6996bff747fb,CHAIN
1765207736,3561101,8f75ae79563b44b67e72cf0c0747dceb6856af96f22bb99b202d23bf40195c4c,CHAIN
1765207294,3561096,2497c7d7fc57542f630bd8735f530bc16f9248fc3acaee5079959dad24de766a,CHAIN
1765206541,3561093,8714526a0502498dafc387f54a8c4e7621422bdc76a4a74636f760e5d3f0167b,CHAIN
1765205479,3561083,a81c644c9bad356ffc5910787b4cf663e389347200089ca9c0a40c9ddff72852,CHAIN
1765205450,3561082,c6c39dc52e47e7c1f08471c562f31c9a13c07a34e7a1572f9b88caa0a8ab7905,CHAIN
1765205395,3561081,a97b606b18fe225d207a4b8e26a2b4f8a1dd89fae2de92d40262d81890768724,CHAIN
1765205198,3561077,e1f91f272f83eb726fb85af50dae1407ff2d0e8e1b45d500eb95c36f44ffad21,CHAIN
1765203842,3561066,85079cb3b977ba6aa1deb0b3f48a91f4027b6c87c328b18e9db9c33dd484b81a,CHAIN
1765203821,3561065,1045a93ef0f5dc76fbed1b1f6dcf2193e20860d1ce15d9a112fbc0171d83226c,CHAIN
1765202720,3561059,d752723cca5f43ad8457d52844dbfb64684cbcd1c9948573afcb0bc05ea80c71,CHAIN
1765201900,3561049,f3596b937ba377ea057373ca0a941d308842cab8e2076a9a2035b7ad6129025b,CHAIN
1765201449,3561047,82829731a46ab47c08460d150b9d77504e88dd223614ed64b3209f6d4dc9cdfb,CHAIN
1765200849,3561045,6a7548bd9ae05a515abf4b4a70632e0a9e32d7aff499b2f4c31db2c6611648d6,CHAIN
1765199277,3561028,42a89c5b6fa8c9e753d11583da765d2ace0167beb927fb5ceec18e55f659552c,CHAIN
1765196115,3560998,4e0c8195e1a8ad03d6175b21546363f0e9d927b347e48ef7d681bf4d5b654b94,CHAIN
1765196055,3560996,b28d677f8c19625030d391d13bc9fc4c7917f4fb56586534edc48d29d97a57a8,CHAIN
1765194578,3560974,71e035d6f8f2c7233794d82a537f8d274e9a33d4292a3c28f9ba594d26214758,CHAIN
1765193046,3560961,fd7b96fbd9f63e589f604ea906ec64ac39bfc5bc8037c00a6af477a1f7bbfae8,CHAIN
1765189713,3560924,216dc40cc1a7648998153f0538c58a75896ee03ea7dc04587ae1afe7f8163dfb,CHAIN
1765186685,3560898,f24062d10a864a725699c62b1fcfcdea9d5cc33c3a4ee81c3ff4b822de4b7a99,CHAIN
1765186663,3560897,e4150a36ae1c731bcbfc7466e09a6afe40aa4f0bd3226416c4e5217689fbacd4,CHAIN
1765185520,3560883,56ebab6cce4a71caa0393183c8171f535075cd04e28cf38f598130a69763be39,CHAIN
1765183998,3560871,cdcd50a58490b079876977dceb20685a9cf87bc56e02ab954690391f170287f0,CHAIN
1765182376,3560854,e2c6b9e1c9b9fab70de4b64154ceb31677f9868f5e1fd5790181d54420f0cf20,CHAIN
1765179774,3560825,c377d1b07ddf5b5bcfd5f2d52c6780f1bd4fa541db8bdb575ab5280c042f89f5,CHAIN
1765175495,3560794,8163ba3f5ff4d0d0dd3c5cc3075c273d36effff20fce501e775e818ded095bc9,CHAIN
1765175014,3560788,60b1b21847abaf082c3bea7681d97d7505b7077f3167740d80af359f4c5728eb,CHAIN
1765172652,3560769,9ca02766950cbc8a11bfc64a9115439383661f0977534fcc66627fd25868754f,CHAIN
1765169522,3560744,76e6f2c37184818df8b5475ec828b24e0559fd721d1356c93b2a7df5972bd90e,CHAIN
1765169420,3560743,648da69f650effb9680848b98503b1d5aec3fdd6086b2ac404935c8b55817ac2,CHAIN
1765169347,3560742,a5db4a75fd50aca04b42f8bf1b86522377945473a86abc23732d5d7abefbf565,CHAIN
1765151704,3560625,c765ac028c98b00b624b20992d994b4718d5d47fc88fe4770c319df021449407,CHAIN
1765151621,3560623,c022583afc0f929e51de431c82b567de16c9b822349e41d2eb2867ad3faa3798,CHAIN
1765151499,3560621,a2654517e094f26c7c9ae7cb85b156dc72cfb3a74aa1ebec45f98b61b8ec3b14,CHAIN
1765150036,3560614,76e9a08c1fded0b03a6ef74f74a9c8522d0958bde774648a6d74f1c5e535e723,CHAIN
1765147675,3560594,1611d82614fcb5ac59424e1724038392810b4fb2adde65641eaa912b87c8465a,CHAIN
1765143052,3560561,128d1ffdb1a9a62b22e173fa69cfb650f426d886e636bb6217318979e4abeb47,CHAIN
1765137137,3560519,ce6886ca1379bb73dfac3a79f86dd85140b33daf5d0ffd0e649db2ab20bf132e,CHAIN
1765136989,3560518,499a3e097815dd4f47bf6f16dbb8406ed718aff9a1a2272466da7da1b1305900,CHAIN
1765135463,3560508,c59ffc04745fb92ab5f388b399e95bd523ac98da9b97270b5ab5042bd4d30222,CHAIN
1765131217,3560483,1e43e7ed3098eda411626678fdc1b53333d7b17c3096a26ebc3718fab3d91423,CHAIN
1765129973,3560474,b66041800f6b85b39edbe974a45a70a53a791c2ec82a0050162f7ea7f0e294ab,CHAIN
1765122611,3560421,9902fd37e2da93d095050d058a2ce80d25bc4ba5a3108a4918a194daa46e9243,CHAIN
1765121464,3560416,fa24011bb24a713e13636d7a2e64d4c83b73fdacdb625a791907c72d414c759f,CHAIN
1765121009,3560413,c7211f2014e5fef5aba9707309ed296efecf599c674f4e3dc19bc50a54e59e9e,CHAIN
1765118429,3560390,d51e77aea2660b0b4c30f712ff62863684535f080bd721def50c2c0b61203286,CHAIN
1765118225,3560388,c59d0db8d5ec7a22983c1ca43b19b23c2aefebda07f93e74a64b2b3418279548,CHAIN
1765117132,3560382,3263be353985ee8e116f58fc1c9d7b24848fb4c23a020cf1fe22f0377bef0aa4,CHAIN
1765115251,3560367,30d91fb96a8bedced49b69b541f8f44a5c0b95e4bade79e8a20b3895a8235de9,CHAIN
1765111016,3560340,6b22c090865ed7fc4327004828ca1e78f10c8620ddb5285ceac86179eceddfd3,CHAIN
1765110061,3560333,9dcc7d19d3ed74142a7eb0d6970a3c78317753a8f4207af950113a09ba28d1b0,CHAIN
1765109806,3560332,4f7f5e55b1509aee7a28e2a23cc5ec28ad35b76f2e8c215386e73ca778b9f1e1,CHAIN
1765108492,3560319,e22c09bcdd2c10dffc78550ec6cb26cde62afcaf8eba4399056b432c3653ae1f,CHAIN
1765107392,3560311,3a7e4dc17698eb5ca108fe1fa10fa9f575ae9c4d0b44843dfbdcc90462072484,CHAIN
1765104414,3560286,a8a02d8f44e149899b1e4ac7d9ee67143f199a3e0c4054344eeaaf2bd6227e68,CHAIN
1765104188,3560285,1d9068355ff0f19e0f6b4987eb15c9378bc2c32fc0d694d10259c2c970b88693,CHAIN
1765104181,3560284,a373a86b19715309a5b98439d4c5d9e88aab1aff9f3071311d51d4489688db98,CHAIN
1765103956,3560283,f080c83b7589e6abfc2b49581464fbd4c33714c8e08307d8242adbd0e34402cc,CHAIN
1765103884,3560281,8aa198be3c87e77ada2e732fdb487066486fb831f41bfe9f87a86dd5b27b6f62,CHAIN
1765103006,3560275,67d6c3e6f0103d725abcd741cbf44d7e789078a39482b3f5df0417c405d90032,CHAIN
1765102906,3560273,e44d3bdc9dfbe297eeee0e2b165055710bba8d5821f50e33fca12a062ce154a6,CHAIN
1765102100,3560267,7fe2a1e41f6cac623127090cc5d48cb7a5e82f0d4d4d62a983ac4d29f483cce1,CHAIN
1765100931,3560257,3f1db340c2e3fb9d21531af2e4cbe8357c99b234d2925902ee9c6a6d9fcd6962,CHAIN
1765100598,3560255,de5bdd59651221961b6fcfea1f8cea9e0f36d23a5dd34fcd381b5bd1964d0770,CHAIN
1765099733,3560244,f44bfe242ec93b903cb917b6603771a5410ad714b37fb8d73fe7643efb25b043,CHAIN
1765098656,3560231,6a7caef32887cbe2dadbd11da642a4f786ca00b26a3fabf00215146d75357552,CHAIN
1765095968,3560210,08f11c159bd80e111ee4f67ceb9c6c952cf37ac278cd04aa64581a94d3d8a43f,CHAIN
1765095059,3560205,aa0324832c6cce39a1a273a4927b91c5a453a59c0e6464830992043fed204df0,CHAIN
1765094640,3560201,9989256ce7b503ef3bf1b216ba4cb0f474ceb5158eccf28b4b84575675aaafdf,CHAIN
1765094207,3560198,64b182126a16a93d4f6a0499cee840ea02916adfef084660340597bf40ebf08b,CHAIN
1765094188,3560197,d7f043e6b50f58ce1fb7452d26caba1b2811faa73e1388ac0d72a7e5686d0560,CHAIN
1765093025,3560191,b12a5d0814592a4ef4d5222b9c3028b796ee4913ecfba478359c2623189b96d6,CHAIN
1765090370,3560173,e82e242a63317146dae73d4f852b94dc1968f050c2991adcb14ae0d2fcf41775,CHAIN
1765088674,3560158,57fdc00b5b008b544e630837d1fa1a74f08d985f2529c42a8630d66a9c106d67,CHAIN
1765088632,3560156,0139f32844e4659114ada365e6775b1547c0251c9dbc0e4b82e76ea70d3f6e21,CHAIN
1765086449,3560141,8edcdf6b9a2d9d83f3bb483d4e31ca72c86a27a95e828108110b6736ed596131,CHAIN
1765086062,3560136,4894b5f887f4c4e4f7aff7b1395fd62f98ff98b2b6654bd12afe3c2e89022355,CHAIN
1765085275,3560125,5ae74a3360403f366581539f4d8d5ef2b68052f7a7862d002c2deabe7a9ade6a,CHAIN
1765084725,3560121,237fad4a8c3c92bc862020e9f98f3e734a9fc2a43f1b035efcfe17edfcafe3c9,CHAIN
1765083496,3560113,1052944b805e17ef9592458799a3fb7c775ecf7670e3b3fa658fab0476c1ee9a,CHAIN
1765081113,3560087,0105ec0ca65566750a74ab7ffd746ff64938f9ce66a4e5e281a3f9c2c6cba81e,CHAIN
1765080150,3560078,8c3681c82a5562862095e7f48a87fbb5f7b5f02f8094a541ffa1144cb073338f,CHAIN
1765079871,3560074,9196c2e25ce1a1a9ded27211a1529d918914c079cf71a9a246652a13bbbb3c6b,CHAIN
1765078849,3560063,bd6501817cbd62855b15ec039afcb408cf341d8a56f88be226f6a3e35031761b,CHAIN
1765078776,3560062,b12e68ac5c7551a824565698c316673d7f3620435a0fdb1af2400c3673d82e7c,CHAIN
1765077714,3560048,14fb82e306a5bce57b6c1548c1845b68fa431d7ef28d39e7a16124f67734e59a,CHAIN
1765077250,3560042,25279217baafaf06f3f28c8c98e658ceaaac99bdbf79349481f08e3491b01fd2,CHAIN
1765076467,3560032,df77d8b63649544c1a3113a2b3c3b5079e6122ecc49196ed18a5f5827d568533,CHAIN
1765076303,3560031,1acad843c5a7fab9efce5f785da174f399ec64e6ab9f79ead61fdea713385830,CHAIN
1765075273,3560020,459696ec49ece8ce980b41b46d88df4ce836b494b37833d98fba1e5d5b60e3c3,CHAIN
1765074746,3560009,d0d9db66f3f7b26b468784efd7f572da5cda127755373fca2ac2e9c71360bc13,CHAIN
1765074660,3560005,149421bc57391a628f4b3f03de03b8267ead551c1ea916fe9a3fa44c2f0623c2,CHAIN
1765072995,3559991,352fb0db25e3e370480266adbc01ad0d7b991fdef561d5caf9a6d904426bd9b1,CHAIN
1765071995,3559982,295c29881d0b1810cb39c42a6e9dbe6a7500096b574512e3d225fb205ced26df,CHAIN
1765071744,3559979,d6ff0d6a0186e80d85c0bceee3032a3df979e039f6b81a1d7d2eda024d52fd95,CHAIN
1765071131,3559975,3043e3388300bf75cf0c9aab9eb4ec957beaec486b13b38bb79350fe220f999d,ORPHAN
1765070246,3559970,a068ddeb22bf8eca9b0aaa35bda4399352fa53540fb0ecc575261790df9427b0,CHAIN
1765069650,3559964,01275b1766f63ddf2a2aa31a124b43af0195883ff525f91c921b6e3c2ce3065c,CHAIN
1765069108,3559961,ea5f00d01132424cdcb59fedd6fdfbec5446cb4eca6e990dcceedb94accd7706,CHAIN
1765068723,3559957,532f6e59fad8390fc32b93e6cc9c3943353e943d5ef2b75e8920f62e65ff4701,CHAIN
1765067661,3559943,3047f2f9807f6a70d7e7d981b1be9fbb33cbc1dea9e1617343f524583e6b894b,CHAIN
1765067426,3559941,443081178c41e365a1d715453f68e455580bdc73b6b780d3c1c93e04f6b707e1,CHAIN
1765067129,3559937,7809351a0c544719db6e8b28a7013d8f80f574180e7c6e11842e2de8dcf2e4f1,CHAIN
1765066618,3559936,0511ee600dbe909578ee5e2e327e748423c8c5ddbaea6c7bae800d1f56a2480a,CHAIN
1765066581,3559935,067289555097744f0d81721cc16a63768a49e2af1003b694c57bb5c86068ea4d,CHAIN
1765066149,3559931,3f4a9a48d6c4ef30f44a27130178f8e16b5edbcb644e4ddc7e3cf75e0434aab6,CHAIN
1765065935,3559928,f9f4541a2f03b0d5530370c20b46d4c436c930b255852b4801376eeb0bd64020,CHAIN
1765064408,3559920,df46d7afeb65c6e3bc7d00ba739bb1c90b44285f32104c348ec3deec558e914e,CHAIN
1765062079,3559905,bd3fbe93f7889703cbfaca4d16459e507f837f4cfe5af61210bd0ceef2b80f2d,CHAIN
1765061986,3559903,4c2e198513f48bf9b19fe978fc5be71785e0b2353529f63560818e6b05d429a4,CHAIN
1765061740,3559902,1742f95f8ea5ba2978c8acff6d754d5126b4f134124222bb45474c0949d053ac,CHAIN
1765061281,3559899,70889d3b0f9a87a6271ad7e5ae274a1dbb6de4904dc3b9b1c733e6cadd259340,CHAIN
1765061263,3559898,807d02a80f98c4179913810fd26368d278e2e6efcfa13b1fb433c68644d78c08,CHAIN
1765060711,3559893,c63bcd4d11f561ecf0f05bdc922fdafb577ed9322a5a826f928da0733bece0d6,CHAIN
1765060509,3559892,330883de3c8c8e7f4edb686ba70f47f58cee31daa16a88582931c2fda09f1e04,CHAIN
1765060206,3559889,c0d40ddaa5b88676a5ec6eb04c126d3aaa6c1f1f2abb088e938c1eafbdbec8d9,CHAIN
1765058396,3559869,df63616cffb7c92240d718e3c4d220496aee03299720d46fc8f8744d3cca5edb,CHAIN
1765057945,3559865,92688e808c392d6406b0efc6c5c43fdf19c5331d1af850be27939717c36b7f15,CHAIN
1765057739,3559864,aa118ab9440c35e20b630b4277bf803a1745ae8782e878613476e6b274e7b12f,CHAIN
1765056550,3559854,06fa85d613639844a89c564c1d016c68aae113b83ee00d8376540bb3a54b9d76,CHAIN
1765056468,3559852,957f71abb5b1f73dd8f8e61f3d4f8f5b0905096393093a9320570a8d68292079,CHAIN
1765055716,3559848,22cdcd03e06a3245fd6c3d481e068e2fa7b64536702dd0a12d05cb28f8b98c18,CHAIN
1765055655,3559847,c545932303d17744b93862ffba84151446d9e44c609e4682d162c42e12169eea,CHAIN
1765055471,3559845,0ae1028dea7fc1c4259fbf274e652de63b721f7af14203be5b832033d2dd599a,CHAIN
1765055201,3559842,fcdb1d3dacbd81997deec9bd99b240bf5d6da5a7834a5e135433b7b42edd0b57,CHAIN
1765051637,3559815,50f1d59a4f9b0389a388c44f291a4f64e9834b14b903823b7933420387bc104a,CHAIN
1765051097,3559812,762916363afffae024e476e2cdca0daa46f5b0ad72aac77edc2162a5f359250c,CHAIN
1765049255,3559798,99c5fe5986c9fd38ff68c2d0ae0ceb4d283ddce21ee987a8365391617d2fc138,CHAIN
1765049053,3559795,33d30507ebe0758c0f41ec5268c5cf76095d0a84708f50ab8c93515e8dd41f3f,CHAIN
1765048678,3559789,8ff1d876f44fdb4fd68b1af27e2b899ac2b5c2064a76a3e4efe263865ccb8a9b,CHAIN
1765047609,3559779,534bd71e7aa4b9846f7758dc0f420990fcb9939fa579f6f53abc15c9d67fdf45,CHAIN
1765047525,3559778,a629da3f005d9a6d3c7be659df5cea6650cc32d78ab8123cc0a65f84acde704c,CHAIN
1765045239,3559759,d95c958fdf768d2c0cbb86950fa1959374de4e300c82a29270e3b75e29e07592,CHAIN
1765044547,3559751,492f3855feefcec361e299bced4f97557f49e07696e0901601650c65e4145674,CHAIN
1765043987,3559747,a9e0f9544ad55a98e85f54f8ec28911e247ef6ab57437815e839967c876f3589,CHAIN
1765043651,3559744,e2617dd223af7b2e61c369f8e3410427b22004bcd484f4df1b3de32ae47ad636,CHAIN
1765042877,3559733,439a45498b729d3ffdd2b10b77139385568eec221c661273f29133068ed731ea,CHAIN
1765042798,3559730,b18ed8fdcc690d8143399b57021b3bd504ea14640efc3f1e1ff4105c59f54672,CHAIN
1765042402,3559726,9f47a0c67092b4db6cc0d394d60e2853ae645a2d72eeda8dfa0a777c3d9bda51,CHAIN
1765042192,3559724,c315bec6885d2f5a7d5e17abfdec67ae21d710efe275504d7da96c08f8013694,CHAIN
1765042153,3559723,b5e1d119031b2ddd09f7d7206175caab4c3af81e650e5423971bc7cb7e250705,CHAIN
1765041650,3559717,9cbae487536b7a15d52e866738899ff70cfa33f8aab34457e0ddf597ee2dd4b7,CHAIN
1765041221,3559713,9a1414318b08ed241753b2d1a8c3a65acf33ef81a67a6496086a0779cd217ea0,CHAIN
1765039316,3559697,b69cbac3bc16c9a354c81ffff61811eb270153895a72020b3d4588b4fd815e93,CHAIN
1765038793,3559693,7730b5501b832c8ce3ea5da98aa594a1c5e58592e0508e68bb0962686af0d7de,CHAIN
1765038603,3559691,2fc1a85c393f8ab5433e3b079d2608095bce28e52121e1322919bc40a9e107c9,CHAIN
1765038216,3559687,afd38da99d3c0fe64e1b8ad273c5c43dc9da5c1dc418c9abd1ed1e3251198c63,CHAIN
1765035748,3559663,d4f1422fba2129e515a81dfdef77d36780075ecd15cc66bcbfb5e6bf1e3e0fe5,CHAIN
1765035251,3559659,041c73a935b58dee042efcadfe69ee44c8af8f0184bce5667da747bde8ef4494,CHAIN
1765032694,3559636,a780f502f26b0b72674977becc20dcf211c78b2b1daa7e2ccd43a6bb41fd2ead,CHAIN
1765032455,3559633,05e454922b3798bb8188cf4303420ed6c79b831188edd5479214b9f3ab76a200,CHAIN
1765032444,3559631,4b71c11bf3d1c49b1f41a4a9c81f77d21fa6da085025a147101047f2a6e1e7fc,CHAIN
1765032315,3559629,396489b309ef2137d52eef655c821c7489c00e62e1e85d65d0c861242e80acdb,CHAIN
1765031886,3559626,d8239c32e15076d7deb4b6918f455f4b8d7b3c6ce7b55760a50096800661ea86,CHAIN
1765029002,3559595,4a281913ce547af22fa48ef303a51a442fa5d52e4eca2883b731182b8be42a8c,CHAIN
1765028738,3559593,ff2a687ed199c7cda7038a72793e3f45a2bbd2fe364df488bd886d443c2e342d,CHAIN
1765027511,3559586,ba6f3eec4bf8648c0b4127410b5c061b4aaf6abceb81796d83688297cc8b9521,CHAIN
1765026968,3559581,4d1304698b7eb509778a4210442255082ab7f80bc68193621c41a35f2a415ffd,CHAIN
1765025216,3559568,a89faffc19004a23056e18b95a91726bedd89b64d36ddc91949ae476a682d0eb,CHAIN
1765025080,3559566,095d564ff3e7d0d07d3c225388b0e49970e88a43e0e5b45ebaaa9cb2aabb7eac,CHAIN
1765022980,3559544,dd796c052e2aeebdbfd8f1d0323565b68b247c0d2856a0d8d48781de6d713664,CHAIN
1765022172,3559535,b29a268b8fb70a0b879e7956a13705d7c696d1919b0ff1502f40bfd05b296658,CHAIN
1765018087,3559498,1c157d5119133877c13d8bae101396730c119a3fc82b7a33c8b68199e2351bcc,CHAIN
1765015016,3559464,893649828d3f5b5aee2d159f83aae31f295c8b2dfb8d94e56e260c258d8481c3,CHAIN
1765011812,3559436,1a45f63e1287e3d86c2d97b600b2e8db7c3f7f4ee0545f1811ebfe8c3372f7e0,CHAIN
1765007233,3559410,39b5b307489a3b904fb0a1d758103b293c132a1d675d0e928be55cf3fc7a3ee5,CHAIN
1765007121,3559409,90f583df7b2e3c0681e082ff26667a037374fc5e30fc145051f682e74072bcc0,CHAIN
1764998750,3559336,bb6ad7203b8cffea591cfb9896ff41a5b096b9e6b68ef284f468270db0886852,CHAIN
1764998384,3559334,f3e1419bdda42ecfc7d6dc65a5befdd6605a275195634c6abfbc76fc312082da,CHAIN
1764997136,3559326,daa4a31656808c97b99b9bcf0c8d662a6880af048b99db9e94903095968882a5,CHAIN
1764992778,3559289,b59dfb62c6641722d9c20d2e302decc07c1434de87d79277b843b48eda13d3a5,CHAIN
1764991719,3559286,af6559649b9446c2c9bb8d9a2c0bd66849b320c6942c47d2201ad6691b304da6,CHAIN
1764989535,3559270,a6a3ebebe3955e31b5131f1c4180555aba1bae523be39e11a32889c3bc3eba6d,CHAIN
1764988489,3559259,80bf27d85616f0eaa3a0a5bedfd2ca69747e7b5e9bc0633ebc3f0a9608f26730,CHAIN
1764988264,3559257,a5939b6591033ce9e6eb9cb822188396d07db6432315fa1908a3b59f5951a35c,CHAIN
1764988240,3559255,e68a6a89f95ed04e03b3d85a3890d8c1eda599226c0fabf3f841f04076eac2a5,CHAIN
1764987235,3559248,f89f6163cc3d6ef86e2515fc35e7c16ba1391d5e810fc2e306dfa9b149b1e34c,CHAIN
1764985526,3559237,06f9531541e19138c7388fd959f2ac7cd0c5fd618eb5e56a44ddfe8681579b5e,CHAIN
1764985388,3559234,415070f3e39649142268507ef2eae56e6150f049c44a8ce29695e679bdf976b8,CHAIN
1764978430,3559188,b2afcb3fdc469cc9981861660c65745acf38878938b8a51aeec707fc159901d3,CHAIN
1764975482,3559169,a07d5e1863725442b0ce2d073df43a95ecaff751f624f143024f424d5716c613,CHAIN
1764975058,3559167,e784bb6e4a981910bb86e85ee051e8eacb0d190c9575613d98a654c427752bf0,CHAIN
1764974016,3559156,26f08fdfb4bd096aa14a89511e329431bc4fca931f66a412d6c6347222b69039,CHAIN
1764974000,3559155,e9ddc3ebc2fdcb1fea362b20e86a2279425ffe902725eb70ade140e67be9d19c,CHAIN
1764968005,3559109,8b89addd58e79080a28059f84976a7fd11a9729227daa39b9383c8150c4551f4,CHAIN
1764966424,3559097,8380b0dc7308550b53d997917d1a6a6695e5cab57f1b1cb25d6053c3f69f20ac,CHAIN
1764966402,3559096,6356b70cf094db748f71761c3656b66ef71b1d9806517c71f6a708203aa03eea,CHAIN
1764963186,3559073,5b8d72ba718a5c77927b8b984695153d09da841d32d737fd3711b93d6e0bb8c3,CHAIN
1764961931,3559059,d30e885a86accd258c7131e5760314c71fbb47868876b0f1b46f0e05798c7e0c,CHAIN
1764961790,3559057,b9193b45324bc936cdaa16efe422ef2bab49542ebfbd6853b71f2e5a44b875f0,CHAIN
1764960641,3559046,e7c8496f1f81182ff067f9c582c21a142630ee09eb6290d13ae030cc4b23c301,CHAIN
1764960533,3559043,29cff11ac37702b6d3c410eacc43294ffc20dc4ba516a62290a13de08fc07eaa,CHAIN
1764960430,3559041,030f2a857817eed47577cffb39b91decdf7fef3c10703a7b97dc34c1c68eced1,CHAIN
1764957877,3559024,9d7e0ff570128ee6255ca891f15e1159ef05ec52937e363e5e4993455454f952,CHAIN
1764957543,3559018,222d1b7d761ba09e3ecd729b4d1ba0ba6631541e081a0fe09fcd350581dfdc9b,CHAIN
1764956204,3559006,0c652ed17b235ec6eedd37ea3bbf6753a64ced0c2168060224b5ea64ce73ce8e,CHAIN
1764956134,3559005,f6150feace649d38fc79af2a28c777354646c9e671db9a639898bf792bb71245,CHAIN
1764954846,3558994,f5edf3833c4856c20709591a731dea6967cb0c624f45c429e93832a769a23247,CHAIN
1764950704,3558952,65f14c28aae78b97c438559fb78c61583cc5d9baaa7f4f8d5ccbd3938bf447e1,CHAIN
1764950505,3558946,4515f9786e589e6585e02af21617d0d3f9449517710646592f133980395da90f,CHAIN
1764944287,3558904,91857d8692243e2de1ff9926a1ce5f282929513ddbdb10c60fd8974f1ac94363,CHAIN
1764940404,3558875,cecb593db681170454d90a8ff6aa981dc10544c34f70d8a72e929db422fc4ec1,CHAIN
1764938813,3558862,b66b28a82b4dafdea5cd244b9cea7de18ceaf02433982d9111a3c71206d931be,CHAIN
1764938533,3558860,bf505133f2245f9622787b360d478516f129fbf6e7ea697e433fcaf24b45ff06,CHAIN
1764938499,3558859,4d3a39db3078a5fcfed62f63f6227609e1e2731c6954c2eeec7b2a600d2858b8,CHAIN
1764938429,3558858,350ce3db94a6fba1775253e1a4cf4e52e638f9eca0fd91a504c26fb9a42773a1,CHAIN
1764937202,3558847,dccd443bb38332a591014be0bf6b469a89f5efea1bba93dcabfcc69c4dae6027,CHAIN
1764936953,3558844,c86b8c18062fe62673b6dcbffff7ce0b78f196bf7e1bf6e5423a6d6cfa7d7aba,CHAIN
1764936103,3558833,f079f145fe8ab0b9f4005725c8eddaa3d87ccd58768cbc98c21bd0df22ce343c,CHAIN
1764935044,3558822,968815a96c6b3178e957915d9d2b1c0fe30dcb79b0d388f431d26aa4988ee3fc,CHAIN
1764934229,3558817,bf9d120b44fe84180723bb7943476d87d0af838cf31dbba5b931e8ef3a97a9b6,CHAIN
1764932445,3558799,f2bfbb267a983aa215642700748be8c6c5c2b83441363d3af2849f978a5647a8,CHAIN
1764931057,3558783,d420215205612228b3af111562a1d1c2b1a606adfea144663b492333512e896d,CHAIN
1764930150,3558774,3c6a6ddaac564e57f9828cebd3f3a0d0e76062ca6b148867cb5d4e238aca33c7,CHAIN
1764930075,3558773,1277a3bfa924b055893737f36a80d2012d08c3790dfc5f241317716be95f01d9,CHAIN
1764928274,3558760,1283228cf0291eeefe690dda7738bd09fb8b4be3720fa839b2122039bc17396f,CHAIN
1764926194,3558737,951308621f3587d39fd1a9a646c3022653027d0357ea85709bcaf0e8551e5c61,CHAIN
1764925023,3558727,094420862296a784ab822dd18a4ec84988857363189dde43dbaa738d0bf83dcc,CHAIN
1764924839,3558724,5d23cba9f4debd052cabaae74bd044d7788a4029c08b568033beb50f54ed5a93,CHAIN
1764923868,3558717,3168d1ecfae7178bbc9d527810c5d3de0e8dac931e968c80e0f025a534848b60,CHAIN
1764922704,3558712,695b93cdd7e16ca19acdba1e49ed50bcf85d6633dd71d880d662a7d7d8d49dd8,CHAIN
1764920611,3558692,dd59f4034ae55b39e38644ee5e48a33e05d37e4b40c12bc6d16fcf98edc35535,CHAIN
1764919371,3558683,a2ac13f65c788c136f9b4d9f3b0f2ce98ced019456292548db829b19a2638210,CHAIN
1764918159,3558675,46073febfc2288357d42eca7413144387d4a760b5757a46ef4b701bdb07be170,CHAIN
1764915998,3558658,4babb93306ae406d573f88bd602584e7cf36530fba52c68d1bd28b7cc2400055,CHAIN
1764915903,3558656,ae4cc20f0aeabde45117e8dcf82b420acfd0a465ba48df38802d18019a2a82ae,CHAIN
1764915826,3558653,c470420b911a55744327a5e103cf6d85dac882602a940de40deea968b47df100,CHAIN
1764915484,3558649,d42425bea3f8afb77ce23036956a18cd8acddb4fb9f985fcc97c1e94a2330299,CHAIN
1764915135,3558645,aca69cf2cf1b9f5ab913c22a9afb1d44bec373543960f742d601887dc7cf7ffd,CHAIN
1764914938,3558642,01d3231bbc61dc2d91fa663e1e499a2276d574fdfe244321161e58eb95007331,CHAIN
1764912425,3558626,de10a342bf2f9d275cca6726ab8b859b9228b908a02fb6ac020502c7a6e0423d,CHAIN
1764912124,3558622,4095ef3fd1c9d0279c4cc35a7a2b5959491d68835de5386518932592a1291103,CHAIN
1764912001,3558619,0306810ffa450f6835c7195a08a942506c52de2e716815026df62387f1995b3b,CHAIN
1764908527,3558595,3de6a434b9d022aad2ff83543cc8bab77cc8c39d592c0eab54d861366f7fab89,CHAIN
1764907931,3558590,6ca6da0c945b9392610fca4ca3631123dfee082862c153206a59c75700eab08a,CHAIN
1764907860,3558587,f4d3c057e0ba9c491f54c7701829b11c29a7ad2b44e32004dacb0a6b4c0f62b5,CHAIN
1764907105,3558577,2c9985cfb50ce4207f20c33f73375d5ad2e9285586f3c213d5582c846dcb6d97,CHAIN
1764906357,3558569,db3dd0eaed652a7f4c6e19daf2d81b92d6f2fa2e3389a44a9e515232e6c734fc,CHAIN
1764905688,3558566,a76b44cdc92f8938e69710f5f69be2bf25e19362eed0de2e3796befc916bff05,CHAIN
1764905328,3558561,26d7915e9a57211c9d4fa3c043e4c9416c0c99b35853caa91c0d777992965282,CHAIN
1764905286,3558560,ad422cdeb9744741ad8bfebfd83c0e390767953491544c98550d8f9e914c6539,CHAIN
1764904494,3558552,610060e5e98f5407864696f166eb459b0b46afeaa01df122e1bef11820ad344e,CHAIN
1764902787,3558539,2af79c82c71d572039f57d1879a9e50511f7c21289ba425721caa4314ea0d13f,CHAIN
1764902170,3558532,93eb5d653cd8b4ac4883202926f485dd5b7b4c14b3505cb0673c898bb0d86264,CHAIN
1764901834,3558528,45a6d2d91c19c672676312295572c0952687f7af7f794329bc31c5d3ffbf03c7,CHAIN
1764899114,3558507,2f6b1c02ac71c360885c92dd5b44e4ce561095662d79e43a2607fb58caf3eda1,CHAIN
1764896288,3558486,c415dd0bdf85034c5f80597d3e631388b975cae88231201527f1f8969cc506e2,CHAIN
1764896260,3558485,7399cc8e0f03b44fa263aa85635ca39c1a234912f8cdf61c47da03c272d20fb6,CHAIN
1764895683,3558483,a710a583de3d0ff2be88e470e918179ad742597a161c732d266bafe7b3533f72,CHAIN
1764891849,3558466,fb377445960f7b9189fbedf7e32fec14542cd8b614735c53d35166d49583cfec,CHAIN
1764891540,3558463,e10802aac3c59fed0da0e03991add5cefdd9a6d5e9cbfdc35a955a09699ce1ef,CHAIN
1764890025,3558450,0320135a04a0bb7329b27f389cf46ae5b21cbe98a35966d40016a1b211ce1f14,CHAIN
1764888908,3558442,ef9a0a930344067cf64c587df6055b4bf7f1b1dd26093844a3ab6a7a0e1bef21,CHAIN
1764888738,3558441,48a2e1d6d60fe3a124eae711d9f6bf800409a2b0cf3ad997d89975eef9d4091e,CHAIN
1764887445,3558430,cecc7bfd0c65fb9c1d70eeb8f570913de81a57776d7e8e78c0db2f0aad151c4a,CHAIN
1764886625,3558426,8e9c9db790b3a762d5c4cd3e95c531e394c74efb466be7383505c7244a7ed0da,CHAIN
1764886024,3558422,c600ce04b01c01326861f2d7593655ddf092d9b744625bac0514e954fe6c854d,CHAIN
1764883041,3558403,b1ab06ba1253d80a5aeae3e350599e4a2700bd21296e83bac4979619c1114f42,CHAIN
1764880999,3558384,8301e82fd32651a6520b85b0f6cbaa485f0d678031be2c2abe5b968cb27798b4,CHAIN
1764878269,3558362,68f528a1939abc6ca206be1ffa97fdff785e6251c21a54c46318a531875aa743,CHAIN
1764876022,3558346,80192d48e3e97c575d57c869a9c98a8b4de7716be0d6aaa779924410c12cdeb3,CHAIN
1764875052,3558338,93ad2960d270f22374a683cd14cb9ec612f33bb97fe44a668933884455f8d1af,CHAIN
1764873138,3558316,9bfad882b016cfe7a8eb0680862b3b1cebf2261bc4591fbf77eeb42efe3ca081,CHAIN
1764872391,3558310,10c5c75da6f58ed99dd9a3df3595c19c8152417934c2ef83a1f757da373f3d14,CHAIN
1764871849,3558304,5e6476c98b17a49f71c9466c2ff4ca9844fee84756fb6dc7eaf54770c58fc0c8,CHAIN
1764871148,3558298,219a17cc3e635efdbfe212d46558291bddf618e013471d4ad275f2293178701f,CHAIN
1764870881,3558293,55bb08f823ba4d83efdd042efcab7fb3960641ea07175545b0ea30bb6b617a4b,CHAIN
1764869947,3558282,b884f0a57ba8640982e7435ee5bc3a10d41b5ba62236e7b75b6001568f8345ad,CHAIN
1764869815,3558281,b29014f6d4d3a5278a3f446dd60306bf1caa7884168171a042feb02859d5ba09,CHAIN
1764869478,3558277,703457ec5fa78c1a6d3df6c5cd03f4e9126d08c9cace71e3331d531e549d0349,CHAIN
1764866169,3558247,0783da356faeeb51faebe535850422a759c8c9e1798967e54241a9388332b870,CHAIN
1764863506,3558232,3306fc1fae46ca8f887bffdd2ffc83bb536e7b1cd3b1eac5f6e5b823bd92fe24,CHAIN
1764863495,3558231,9b9b624f16fbd5faaa26a274d830577e57a5ce7dff0565fb79e2669495ee4d95,CHAIN
1764860579,3558208,97ef9fca4199d017afc0fd7136d551fc85e3501f79646f0b2dd00db92b559732,CHAIN
1764859826,3558204,e49bc7fea30b3888fc5956b56cf741f05e25b174da93daac4d5cb42509464c48,CHAIN
1764859430,3558199,d1b0fde632b9fb113d42824b56c7f868e65724874e4085595c5f185cebf33a13,CHAIN
1764858641,3558192,618dbe961dcdff52a2539e4ecf27c224522bc75ba875160f3771b1e2988ad19e,CHAIN
1764856630,3558173,340ed6a181c19d16b600fe7f1a1ddc6dd47f1fdc277c2d189eae1db8b31eda2d,CHAIN
1764853915,3558140,65d804ba8e3c7d3fa4de4b4feb81165718fc7a2bb1ccf4aa5a74b100bddf62d7,CHAIN
1764852264,3558130,4c5ea68437c498cda0b42bcc04e6a07a342faa595406c50ec0d377c174f8ba75,CHAIN
1764850488,3558117,f76ae4392ec837a3e2b5d049614d4d7534f9485b1c80a98bb4fb8dd3d45c0963,CHAIN
1764850206,3558113,8ca4ce26b02fb3ea4a43a088fba987aca3be7b143258093583aad7563f5f741b,CHAIN
1764847025,3558088,af87cfbc8eb3ba9ec52b4bb9f863c54c6ace7f41f9c1d1068b4e19ab5f2fedbe,CHAIN
1764843372,3558066,6820ea1482909d9bb9f4f00a2ae7a3e45022b6f13540ad29076d6728a93f586e,CHAIN
1764843349,3558065,be53c1a9c52797a0d010379ec5a0eef687d7c10e96e2bce8003ab5b0a5589561,CHAIN
1764842058,3558047,d2dab276c1e44b816289873c2b92e08998b2f112cb9b3a7ab879d728f5f730f4,CHAIN
1764838715,3558018,babe70ad752f936b64f6d19e5e9dc7bfd2f8cd82da0b508be2ee68902f63fa81,CHAIN
1764833568,3557983,b5284497e57f0715bef4a3907ec5d24db10ea80d495d9f96be475fd0254c6472,CHAIN
1764832180,3557978,4ee87e9634364a36d6c2be8371f39bc7728ea4384d2b447184974656857936ad,CHAIN
1764827604,3557940,351cb4a719acac4dfbd0c73f020d1f52c7e243c0cfb08b2a9e911d0cc6470831,CHAIN
1764827344,3557935,564e07a56b57c6450cb52497c5537ccbf72db5d6de2cd28bd2e262da7af0a7d8,CHAIN
1764825403,3557914,9ec7a244df84bfd8df1f62f1f801214c9d20bfa475cabfe2ebd85a20887d48e0,CHAIN
1764822644,3557896,378344d1655483e25d15d6c1a829100c40ae0d8581293fa63c4eae48417ecda8,CHAIN
1764822230,3557892,c05f88ccbbfd403e410ece3ddbc71387d60695513483e7051aca27f6f9150c60,CHAIN
1764819288,3557864,756530c5bec433c5ddc3eb90e780234d10ecf2cd09f62facaa5cbcf7a7c7371e,CHAIN
1764819064,3557862,6f16e5ea79fc406ce4c2ec60a0014747d8573158031fa3d157435353e9e93503,CHAIN
1764816090,3557835,d055bd402271eedb45283600badca2d2b38f35cc84093e06e967a43c4a812392,CHAIN
1764813801,3557817,bb22bf409702dbdc6216db4bca1b04b63aa4c9ecf302eabe62c380d67cf012c0,CHAIN
1764812753,3557808,ca79cd12030cb52e1967158fbf6d98b2744f712394980105813cc8dea14fc4ac,CHAIN
1764805555,3557740,c87f310a0cc64bb17d2d198051e0e41ec0e48e672290ac8d5644d51c5e7c244d,CHAIN
1764804317,3557728,6eeb404936a626d11728ca3c13b9af9412ff9892baffee4a42f8f0b8391fddff,CHAIN
1764803088,3557710,6b922d9c3d61238f74e1ef92035ddabc36099a6b497752b5873ddc687535ea03,CHAIN
1764802423,3557704,85c7511dcc274185111f4f7ed6b7a76530a445c0f733107e809f2a82251d0933,CHAIN
1764799751,3557683,5ef55a5de1cb4663753c82d0ab82d76d47d5eb820fe4dac5e15fdba2381b18bc,CHAIN
1764799253,3557682,1359e4493ba4528d394d6213b0971df5d9ec519529de4c5b3cc89d36bcdf3788,CHAIN
1764798337,3557674,c0703c9e60d91f4f8d71e5bfdb95a2b2bb321bea85a42f238361e7b59efd9e36,CHAIN
1764790266,3557632,3452de3256ff986c7f96d4d6d6ca57fbc7f531ae64d6d83acfb12a182c887ed2,CHAIN
1764788298,3557621,1040801451215f6d0553473670f8fd6a87ba4ca2f95364b36761b16dbf0eaf70,CHAIN
1764788246,3557620,08e9716cdd72711e6e4f255d86001a77154e311d54d8e5bd68956a302ba0d6db,CHAIN
1764787807,3557616,2a764b4aaa463784beb63db1c6ecff6bbb7f13ccb44000023257ffbb1f87cb8d,CHAIN
1764787338,3557611,d4c727a391f2ff5de630b25de8120028bdc9e36163bdbd83d69e27b0f194bd36,CHAIN
1764786968,3557607,e5e29c459f6de8061b04fd6da123d0b9e7f2d2cf0d53fa562163abbc1e9a653a,CHAIN
1764785356,3557598,e032606fd8479f79d4c620e5b4dbb17d062b26c65e3a4fe9ddd89ac7aec4e11d,CHAIN
1764784699,3557590,b7d059c6e3fe28ba96832325846b2327d6d7ee5461d0cd97c852ebb728c98d75,CHAIN
1764781669,3557563,d5505a80aa24d0b2cea9fc79e882c8e7fd57ba70055f3b7565c0c676298e551c,CHAIN
1764781065,3557555,e6406732daf55c7c2188ab0beaf10f22eaa526c83055eecb494990eba0588b20,CHAIN
1764776096,3557519,31c9d840d2f86b7ad992497a3d4a67ebe2c54e6ffacfe3c5168169f4e5702cdd,CHAIN
1764775936,3557516,b6181149907dd2785f2f1bc1cfb58d66a06dd331272da13e316d146b89889d14,CHAIN
1764775730,3557511,d84224fbe58aabcba64c733b9ad4f4bde8a56d779ad242d3ce30d64ab0a39f3d,CHAIN
1764774380,3557497,6a1d7efd53a54b89c40650b2a370e6f50a52a1679debdc140d06dd84ccfc775f,CHAIN
1764774359,3557495,d8170ee72891b2f2aa330c4254cae75599e2082ca5ce3ed480cfc7bd62ef38cd,CHAIN
1764773351,3557488,f9c2281f453e1e894fbd91f39cd0f15d1881f1657a9faa7caf8f61b7e36928cc,CHAIN
1764772061,3557472,870aab227ac50821b5911ac2d68b98146df73fc46c991e0bcacb813472c10a8c,CHAIN
1764771946,3557469,2e0f7a3a48b760f6876fbd2e8b8f0c6475966dc56cf65f5450541ab929565ef9,CHAIN
1764771501,3557467,8a32a39ca5e7f863c4a24afc63b07e2fffd711a2fa7e8479455bd24db9ebbf87,CHAIN
1764771313,3557462,f9890c050528e6d3b945ed9e660b11e7f1056ad6c496dc2a50351c704727e10b,CHAIN
1764770778,3557457,555c7d586ada8d3f5598f6e29e7a8d30fda79b53f451a00159a681865d8c1dac,CHAIN
1764770670,3557455,a249ff5ea52fc48f8657763e40c04c71367a9920af191e4b2d827baf0d8b1521,CHAIN
1764770406,3557447,f9baf38cc0dfabad4cab690865f2bbdde594648d98a56d3af32aae2d37bccd0b,CHAIN
1764768938,3557433,24be96d4943f2d5774b7430424b712eeb37b90a1d10b77aadb2b1c27eaa9c907,CHAIN
1764768706,3557431,237e722d8ce8bc950c03314eca2e26bdcd47f1bd2450381c0890beff2fe3cf52,CHAIN
1764768543,3557430,2132b5ea50eb956169f498755cdd7dfb7f272a2bf050e9819fc8a4ff7fc49027,CHAIN
1764768463,3557429,a0c4b7faac92b3fc84211be10774ad1c402540c460a371fc0d4b85f39fb2d72f,CHAIN
1764765480,3557406,ce10b907329928d57cd8a2f9ebb410c6196cb544adf241e10bebc8fdba5bfb29,CHAIN
1764764241,3557397,1b7bf8545bcc0aec8c1d93afb21009ddbcab7dcdfed651575580c52e3cd7d7fd,CHAIN
1764762426,3557384,37a274904d69718bf23529c1640a6960b19ef718b4364acb9946d0c5a1c7c2f5,CHAIN
1764759434,3557354,1ad0e5bdf482e1af917e3d7a1b1a22b559cc65f238e8d5ca361947beed47fbe0,CHAIN
1764759156,3557350,72fbef8f638b39388c525897aa96fcba2326717a1bd4ccf25777f2982845632b,CHAIN
1764755156,3557308,8fb4d1282d3b094218b28a39f7ffbcbd3d7ed7fa1f06d05536af7250239ed144,CHAIN
1764754674,3557306,741a19dfbba3e26fac9408930990cea8cf3bc19da363b260cda211ef25838fda,CHAIN
1764753512,3557297,d918708ed9d4b0456649cb1cfd7bc828c300d6ccdba6aac6072dc31e0cdeccb9,CHAIN
1764753040,3557290,c4e49ea1dbc5dbbadfc097292b885f3114dab63de19ca9f2c4adaf3326526480,CHAIN
1764743031,3557203,6968b1643f47cbae16dd92fcaac37822132ab1ad9911373f7b6a894743fd153e,CHAIN
1764742471,3557199,876b46241bfa6c217d6f40ccdda0ee0b0be3f64dff93b6a69daef72280d04484,CHAIN
1764741220,3557193,66cbdde9aee0adddce1eb1e6cc626ce901076a03cc55e79edc0972cd3689010e,CHAIN
1764739980,3557183,f75e36817eea76a914038df6a4dd2c7439c9596d15818066a3749ba452467c48,CHAIN
1764736706,3557158,dcfacef8e19f54db89d302acb6422537bc751e332547bb537313727de9a0c6cf,CHAIN
1764735009,3557150,cd27e9807801071dab3a30a166c91ae029e4cc57e4c9a030a1a25b9cf9bac481,CHAIN
1764730667,3557119,b2f2827d5b9c08d9c8baaf742fcfcea618fa5116de38c3f769cbdfa6ef32eae6,CHAIN
1764730190,3557112,30b1e6eaa9279f4b829d1bf84f628cf011e8450c474f804cc829807bdb69d1fe,CHAIN
1764730180,3557111,9540c5aef1e5da63a0dcf5a4d6006024764dcc57b1511b587546289a74d70ef7,CHAIN
1764729337,3557105,18460e99a6afad58cd8fae232ab05d3faa193595fa90d0fcd2c90db83380c353,CHAIN
1764727341,3557077,178fe277271f7a9a8fc70c23b0e4c5d523811c7d4a5948f0d5c3e6508abb0201,CHAIN
1764722939,3557054,b5336050803c407d2b217346899aaaed28e9dfbd349cda653688bb31934e0985,CHAIN
1764716976,3557007,ece3000fc7f6227ea930999403742dd0a7f8cc470687012ecad29e8a1e634846,CHAIN
1764712385,3556972,7005fc251050d46438990e7f0c200d39213d614abdd8a382d15473666e7b41c3,CHAIN
1764711058,3556959,b88b0198b9b90c3bddbfed33a7a1c5647479992ad23dd227b82b371d5200f1f8,CHAIN
1764711029,3556958,cc8f77a9b29da994417561bb91912ed255ffd602fb859a821ed6827ce9b46cc2,CHAIN
1764709303,3556947,8dd4550780573206b904c71b2da9d5df3d363a33c614eb4eb6d3505ba3db9f5b,CHAIN
1764703456,3556895,506e647ead15e47d8165c4942df062d8156f2b7f5f007c508a1556ae724194e6,CHAIN
1764702046,3556879,7ef2d394c30b6e89183e433d0f9ad840bf018b7aa9dc9864814eaa2c337baf84,CHAIN
1764698933,3556856,22b73098b262aeca95131d1e8a5bb1b20ba2b01ec56a741ab640417bb2966b6e,CHAIN
1764697819,3556850,0544ce37b00eae10855352fe4f6585f2a176e9c433617dc26d614d5790129b80,CHAIN
1764692736,3556815,80adcc939684d9a8f1ca34a5358c84412c2badaed4e093f49ee561daf1f716a2,CHAIN
1764689888,3556798,044e7d467c2b872c634442bd1629e2b21ec0310fa761311417106820bd22b5c7,CHAIN
1764688386,3556785,fd5573c8f4688f2dae116c147f4c483dea3b93b87ce70767604d1a4b51d2b32d,CHAIN
1764687197,3556774,5af1fa4c74665310871595f1cd1dad1b162a1f6f7c321f2591d9e3a65cfeeedb,CHAIN
1764682986,3556729,e8ab36ef8c781c7857d5069b2cacca6cfd1fc706e780e9482d2ccab9b369e7fa,CHAIN
1764678572,3556694,54690ac9252a3fe008b33fd2d41f684f94bb33755ed28bf8b6211d479cd5a8c4,CHAIN
1764678530,3556692,6ec4d02c9c855599ff12907c7654c17278fd32a48740808b6a50a3257ebc53be,CHAIN
1764675146,3556661,33a97e218706195e1f3a50e941b03e4b766dd269673e5585e8157302204872b1,CHAIN
1764674475,3556655,78c5f4832de5b176bcbef38c455945244790f9a01ce6f80f610b0e072a131c95,CHAIN
1764673612,3556649,47c63e7adf8a4a506a4aee44a4e505967f2ee9a49382d765241cf1209222436f,CHAIN
1764673287,3556646,0551303ed39bc444ebb03e66502945046ae800a0bb6e914018bf6364835a8743,CHAIN
1764670640,3556631,164c32d6cb25bb054fef6cd76c39a37aa4cbb4f0d8c72e6169eb66c99338dd42,CHAIN
1764670102,3556624,a2720a86b91dbf50b3d68836eddf6167610a71c7fc02c26333a95cc6eebbbe6c,CHAIN
1764670040,3556622,27c3884b085b744c2b194117da8be74fedbe174906ac74e3d56d78b4bd98292d,CHAIN
1764669854,3556621,784e02f21e55f411dc99e85854daeebf77149a625ec2281fb3904c84a368c061,CHAIN
1764667979,3556604,d45c447516410cafc4d74782821d0a5ef9b50eaa7a5c925f652781273a597f06,CHAIN
1764665912,3556587,b6d25d7dde17baaecac82508c312e5ea9fbe2e00b0c41a1c450933ac0df17fd4,CHAIN
1764665648,3556584,58e90f35b28d29d243d83e98a4f7cbaca914731139eeb568030698ca859e4014,CHAIN
1764662690,3556570,580379a59d75f0100b9c050095a8df50e9a3682c1f9684f10d11e10ade9377f0,CHAIN
1764661636,3556563,4c10a8ab079fbee23f811ae314e26f69ac9ba1e59e8ca3792389cc5975814c31,CHAIN
1764660606,3556554,022e79441023f52c4852395fd43f09e265822d70024384072df04194bde5fe4d,CHAIN
1764659476,3556547,ac0993cb08fb02326ee6250167bf5d67225d744eb6a326605a1c45ed588c040d,CHAIN
1764658580,3556536,2fd7e5e58a61718cc35be5e027f7aeafbd3d38b41ba0832909794245ac93074c,CHAIN
1764658068,3556532,160b25d7a81e07d71ff91738ccabd0eef3f516d172c37311b599064e2506b7bb,CHAIN
1764657929,3556529,d1de1b8bfbb97885245c62383cbdb878abd21a12c87be3ef8aec1c8933643f70,CHAIN
1764657915,3556528,6398ec974c074423e49d5a4b3f1e535d6d605df8f0290376e22bbb7260d53b89,CHAIN
1764657386,3556525,c6a5ff5baa67baeb4c069bf2868c8c2b37017d165df46f0e1d5ddf52734564c5,CHAIN
1764654545,3556502,9cbb920dfa373613c7b96af47cc9027f136a88c4b9bd20163539e06ce9b3f77c,CHAIN
1764653313,3556489,f4df9638427d97f6ad9439ea1aeb12518d865e61be1bdf7f73c8b346d767f0c5,CHAIN
1764647815,3556447,13d830919235328735b247932568a510a8cd59ade517c896fd1c9cc17c364232,CHAIN
1764646827,3556439,1b7273fb5f8fe7e96cbcfa348f1cd393348c043d2f229d6e94fcddc6847b919b,CHAIN
1764645616,3556424,1b33677aca59bd76d794c4bda539f4f6270b649df587c7ecff63b8d8b350228c,CHAIN
1764645483,3556423,5dc22d6a83ff34db937b4c24bbeb7241cfa24f4188fb4211f597ac3c7ed465cc,CHAIN
1764645211,3556419,693dbe9cb8c42384aa59b89e00d2261b89ce1b798c0906a2c572fa349b8467de,CHAIN
1764644575,3556416,612503bf238bcead0553df1f14f7f3a35ac3b6c206af853ca326ce0e626abb89,CHAIN
1764644443,3556415,80bee5d0484ed9c7752d799c6ede98888d5952e93de0617b9f33426988ada372,CHAIN
1764642999,3556399,85a734b8813c7bf379b106fd6c40327419bda03d82ee94f1fb69d72761504184,CHAIN
1764642862,3556396,520977d8b81661f68da71195859b28cb385a657957e115116409eda21bcf1e88,CHAIN
1764642691,3556393,cd3e7590965af98726e4a10041b22b2a735ee0fd5c52ec69b04f9b69572c40d4,CHAIN
1764641914,3556383,c1c73f7f4d771310b2e5ee730675bd003d3ab8a28bb0c234d49264755100fe7a,CHAIN
1764641639,3556382,cc997550db74d6c029f861ce5d99f1800db474abeef03e7c2a1a81670a09b4bf,CHAIN
1764641405,3556379,47770b063fc5176b8e3e34a36f7f38ea37ac7150c32a9b5c6e2bd4b39c34f585,CHAIN
1764640681,3556365,2519e1e64f600db1bb09aa22ca88f4325fe234ee367803ff47cda0682301a061,CHAIN
1764640502,3556361,1a52c7e0381bd5c4e30421d945cd4ea82ae21ece4cde841d7aad9107c78f0613,CHAIN
1764640437,3556358,f038e51e5f4d2c4e7d032a4654940cb1d5887cea8d84cedc72b89cb6c3141b15,CHAIN
1764639734,3556352,1b68da2bdacbd5ef840c9f7d4d9f7dfb90b97ae50df6044f7b276ab67b062708,CHAIN
1764638224,3556337,21d79391e2d3bd21d9298cd32857c2951fb9e5c35629a45dc8d88dd3716ae3d1,CHAIN
1764638190,3556336,1c4d0b46cb788baf25087ba264e20a09f58a39562d6623b78959cc2256c8465d,CHAIN
1764633791,3556302,7015497ab70f4941c4e5fb2584ef2e8b87b8477f4dab685aff63f02c7e1a33ba,CHAIN
1764633391,3556298,2807b4444995f8fdbd96e023ac49a61e44374df1d3d494dcc678412d23d6aa8c,CHAIN
1764632437,3556285,34b49a0024fe386e7f40d64be08c929634f4d68ab3f9ef475ea6ce2ba2607d37,CHAIN
1764631123,3556273,c42997feb2c04e34f58927a8160b70d4ffc9fc0ef3a7d4cdbff3f5482684cc39,CHAIN
1764630841,3556267,a1bbdd267f78a36f855eecab208cb39ac6d7be4c2f07597cf7dad8309f489017,CHAIN
1764628649,3556251,1d0868076e06d4de6fd162626c9339a571ed59251b3b1f380bd171e0913e845b,CHAIN
1764628000,3556249,cb553aaa08a2ff3e699fbb9745524333d48f8aa4715326778e2b8db0d1fba47f,CHAIN
1764626633,3556242,7066ef671ba13a3bb169b5a737530afb2c20d04e598245a86d7889a6151b1a90,CHAIN
1764625537,3556236,bbb9dbd963faf5b6c60ba0877057d5bb6de94356165470c151634ddc8f3eeabc,CHAIN
1764624647,3556224,a557fe4dc9730d2e9761e564cf0ceeae0c6f0d6d3064588e6b3e008ad4effd1f,CHAIN
1764624598,3556223,6b01b7696775fb042e423e2395e36748ad592411d5b4f3415e06458d200e21b5,CHAIN
1764621090,3556203,25bf62f9c9689c7c50db0787f01f65bcac0d1a68f1602b9ba1ce5c46af4c8700,CHAIN
1764619928,3556194,0b06b308134ca28a9d4598d74156bf560d36596ad3daebb72b3461c8b8af0171,CHAIN
1764615977,3556166,fbf4b2a0c40bfafda3caf4d8fd5228c1f488365e1c77e6c237b69516f8ce4a87,ORPHAN
1764615445,3556163,3a8216f9193bd400a81ec7bc1e32de57d50095bf7c79dcf6e00a851a325e1d50,CHAIN
1764614386,3556155,d98e2275b22fc468a68710961c3adb4492cbd0f5e48dd3ad3309cf31e0bd18f3,CHAIN
1764613056,3556141,c5d37923b83877f13cbc10921d909ce63c3d7be389409f2e3efab07a2c2517fc,CHAIN
1764612190,3556140,36ba9b96bd9f749304d7c4b4e5a2b931a69a9be8c6d241fe108c0f9dcd9f34f0,CHAIN
1764612003,3556139,bc1d6ff2cfde37915e451237ac3f959dc0ce6f3ad706d7fe426c5bc33dc546b5,CHAIN
1764611733,3556136,ed2f9c64b6cb594562788e966de13a1ae5ea33caed27c249fc35942fa8d61df8,CHAIN
1764609204,3556114,9e691382bb7cae06960b83b723e5383fb285e0e2940b1b748cae84888cb3001b,CHAIN
1764609164,3556113,b546ae090310f7bded5d8c195db1556f198f9682bc747715016b6d7e725f9ff7,CHAIN
1764608762,3556108,020260b1637ac939a9baea324847dcdd50ea79d9446d75f9efea49cbfc429a71,CHAIN
1764607266,3556097,0a31e7e5be6d2509eeaad010b685256448341bbee4afc41a559a39d3133b989e,CHAIN
1764607001,3556095,db03105dfa9a5854bc701b0e9795cfe9a40aa30894b8b8e4bbc5ffea9d2abd69,CHAIN
1764598871,3556019,5cbc53cbf0f8d7bf29b82337bef09ef9e8ecacb9d02d0c4baf62f4897d364c4a,CHAIN
1764598803,3556017,0ee5338e73bea6ad6e1641d7c8a13a6cf8a4f81c4a00411e88e2c05b37d96f8c,CHAIN
1764598728,3556016,0904847692033b54e8f72912518c5597c9688f3e56a7014355ca2b093cff8123,CHAIN
1764598309,3556015,0b93ad869af1a00e84d4bb182ce5ee6468c14e61bb49aab06472a4b130380b95,CHAIN
1764597429,3556009,92155c957b8775a64d2b38bce23ae1212b7aacf8989057ad85f97ef5ab7a8d54,CHAIN
1764597013,3556006,04c6cc95f948c5965320150e8bfbab14fc6e5cecb8a1f31822014c3e34c6a430,CHAIN
1764596965,3556005,1dae1772582e8cb7d87c0b5b60032b572e2fa504e8f53ad76efb0d86fa357f60,CHAIN
1764596576,3556000,531256f8d21c2fe41ad0f51b90b7954966a9e0a3ce47713792a657d670a32a49,CHAIN
1764596503,3555999,e4ad8eaa210e22c582fddcc643d7c56a02a4f18e5df60e5690cc4555cbc016e7,CHAIN
1764595607,3555992,0a5af788edb1d05c3c73e015ae13d33ee873ffe4535eeb62b1ec6277982149d9,CHAIN
1764595527,3555990,8d263c7fc9eec5a74e9ecbdc297af74d2cb3cb3f422680695c0c22f497faa549,CHAIN
1764593708,3555975,3a2fca646f09030f1bd35e942ee55006021453d5f12abe0642f9f2c8a35fa319,CHAIN
1764592330,3555966,60525254930f23354377b1bf77b2edea2287a1b6881031f923fc873ec9be40d7,CHAIN
1764592012,3555962,ed5f8ff9a8094c2cda60b0fd80da04b4e27f567b01d2532854f270fb5f929284,CHAIN
1764589132,3555947,62aef4d0ec56ccd57e3fd4e3e846fde516357e9377ae313fb060e79c0b121aad,CHAIN
1764588858,3555945,b910cb4424913324542fbf9570f39d6b69ee1eaf74350c41dd6b7a78a922fdd1,CHAIN
1764587307,3555936,2c4bc487113079c1769f96f3cdf0627a212f27fd3d091faaa8c57ff893064fcb,CHAIN
1764584501,3555915,fb6cd441adf9d95602ea9af2cee3b83fd8c7b9f59000a32fe37fb542aeaf8d37,CHAIN
1764580403,3555884,d2ee28b6a69afa0b45a726707c35a87ad177f14f37eb68dba7d216436e40a447,CHAIN
1764578761,3555865,aa97f9858043080bd3e1fba6f4593d945e33c0a0fd407faa79e87b7c5135284e,CHAIN
1764574313,3555819,6b676c19d499485f5d663bb7e93110ed16741093575658c9d4dfb651664f7e2d,CHAIN
1764573924,3555814,bdd0b18b7f50d936eda3aee63c5b76bc17a9eb6f0cf63a150d5937345cb9be1d,CHAIN
1764568587,3555789,d06d1a06b010fe3a6ce1c9a2431d77fc52b2eb7075650947924f3c56aae172b3,CHAIN
1764567166,3555773,0c51fe7383241a8a6c83fd993215595cd13eec937361fd7327e8c305ad4a9d25,CHAIN
1764566907,3555771,2596960e91057d554d6a4a652f23333683ec3afb5585074323071804106eeae4,CHAIN
1764561643,3555731,7b3f7a7304c5392f5122573f53ddf337d6f76b09161277fc0bc17a377ffafac0,CHAIN
1764561378,3555728,a096cd47267142b48bd50e843d779942471565abf32231b7206691af8bfa967f,CHAIN
1764561030,3555724,3160805a91801c380c62093a00b1a7aa6ccecbe7e9b6a5707b9f5df6c313818b,CHAIN
1764559500,3555702,0c04ab867ab4ff698a01646a916ffb9678f7e676d95b9bfb8722def118e582f5,CHAIN
1764555398,3555680,6569dce7ac90014be32cee1fff7f5cea0c6229f09b0d5984763752914a60a80c,CHAIN
1764554244,3555672,3f4f9d6aab4d5ca3b2d72650938095d6fa29c368aacf4d5862f13aaef68bfdf2,CHAIN
1764551158,3555647,bc5eaaa48ff0eda3c768bd91259727e34e2d372bf8038fd25b56deb2da5f6f24,CHAIN
1764550029,3555637,ea8b48dd246eb515aec4e6a972050f4f7b72b5b348b7d36a2e74c7b5a2ba87ea,CHAIN
1764543701,3555589,18946156f0cc42bada954442629c1ef6cdbb90a696411206ec41008ac6e610f0,CHAIN
1764542664,3555580,8ff074743200a8abc5b627bee696b4d4765a56b15fb425f5eee0b3712262ca43,CHAIN
1764538086,3555543,2c70453eabd150bb21afc48b04b0406c06448a6a236734a41bd178c036a96ecb,CHAIN
1764536337,3555522,749961cccd2507907b40915bf1086bafbabca6c375c020a60d81276c18d8354f,CHAIN
1764535561,3555518,8c732430d9954d5a79150e48bd73627a8e595b7c24be7a365c104211645cfe66,CHAIN
1764532048,3555492,41d527a53ac7e961b3e1eb11f5db24afd5b1379de06589ec80b0c81b2f25a95b,CHAIN
1764529520,3555473,930c4767784461a2a03717a8f6a4e22c22f184d79ad5b5e024872b6cc908e0fe,CHAIN
1764526694,3555447,57929cb72abe76d9e18d5903bba6528486345397ca5970a772934cf7f3230713,CHAIN
1764526339,3555442,7aa3db96cfcf1f5fbc7fd2553184739c8789aebdffee22df01048579d0194f62,CHAIN
1764525872,3555437,b2fcc9294ab26384a81852ce3f65e60fd721b5539630629c95c4143a316f557b,CHAIN
1764522768,3555418,09b6ec5b503c9e7ab01a9abe7ba51c54ea8e2fc1ab6493e00c78867f716f88be,CHAIN
1764521402,3555406,4570c203c87c233f604404175940189fd2333b5c5aacc2b74680d0867eda2a9f,CHAIN
1764520038,3555392,479196f01738231c23e3a62dbf89c14384f4797fdde74eb77639443d358ae18f,CHAIN
1764517513,3555373,3156466b3f87278fced40ebe29c7bc1404002f4431a6cf06a14c033285935aae,CHAIN
1764517101,3555368,08a0df29d9b2128e9e78a98a53f6ec4196d0ed96111dcf1df9da4ac159a2bcb9,CHAIN
1764515880,3555355,4637764805ad72aa7d2024e6bd5cd87ffd2d656d0113fe96bdeb5ebe0e9bea1d,CHAIN
1764512475,3555333,b93296f98d127d51e6b3931c07106317eb455dd841bd963cb826754d57670c21,CHAIN
1764507056,3555290,ca2f7bd4ce242654d2815a5e15183a2d5bb96a6150d8eeb167f70b28fb39780f,CHAIN
1764506870,3555288,6da2292a3a509c1186ce1457aa7dcc9dad769037ff4066f03f88c511b2025490,CHAIN
1764505595,3555279,130aa4fb478b499688ac088140ec908deef6025d4b8b7e96d579d19a932bd6ac,CHAIN
1764502822,3555256,54e4404020bbacc960703f3a8cc5ede3c1612c7bea045d501b61161ff35e7c9c,CHAIN
1764501972,3555249,615223b0a955a3b29e1f5476950003ccdbce1a3091b2609b7a166201124a14c0,CHAIN
1764498781,3555228,ba70b5c77b93409a59cf4a4de8b88ddfbd8f8ec096d5782938e77cf9817fcad3,CHAIN
1764498629,3555226,16dfab83f5dfa8aaa81cd694946f1bc015c5618c20c6531b82d5680b023e75f4,CHAIN
1764498512,3555224,9bb3f727ba3ee2d33c3dde763b7f4b58350158cc1b65255767c8af0bee0bacb8,CHAIN
1764497653,3555218,37c6a40052c4971137bdbcdb5ec067947f2e4ff97bbc18438e3ca40507697766,CHAIN
1764496457,3555206,8b58ccf0f1dd7876cf31ee534cf2e3b494e721156d045dc547e5b9805f51c0ee,CHAIN
1764495723,3555199,1a6bde87a4767f4e4475be8b065ac3bdfd4389cc574629f7eaa733769c5eaf4e,CHAIN
1764494133,3555187,aac675922d76255b2ad2c9c5f6bb269489c54ffced1e1c79597503d00df7aa29,CHAIN
1764493469,3555181,5e8bf635dd265c16e9b966bfd0d3a82dbc8989842f3ea12fa13d993876ca5f16,CHAIN
1764493259,3555179,cdc9166c353319b7be651b0f5024854da8a27962583a5647f68736ebfe1bb736,CHAIN
1764492995,3555174,1bb0366639f83701c4201f880b0345bfb3e2516d38a37a2a6816a0e0a5a27c47,CHAIN
1764492990,3555173,c87cc64caae173d1bf3f5023e44913d9185aed56bc35a42a5a6c8f767bf6a0f3,CHAIN
1764492755,3555172,39b5946f466a044d63872cc1a3b47d995e53f2d4989378b323ed95b82d1c4345,CHAIN
1764490360,3555153,bfd3b62bac713c21847fa550487721dd7a6eca678f32b24fb52858659891620f,CHAIN
1764490296,3555152,45cfcf16a2b12e8e24d3104aa07093cc9ad053dda4d65d5d38b380cc661602f8,CHAIN
1764490169,3555151,1359d848676c9a3758885c1f45be0ef5037ab13b2af5c4e05871cf83d0505f5d,CHAIN
1764489970,3555147,c47781bb5b92ca3fa583fbb65db95cf5a5a98208d8627026e082164cd353b0ae,CHAIN
1764489691,3555141,75f731da9385839925397ee207db53dd539217500376e9a82c662b51e29d474d,CHAIN
1764487557,3555126,e36b362b8a37236652eaa0efcc4b7b8dd81649364714f4b037f9eaa501e07b51,CHAIN
1764487422,3555125,96e6d65d8ebb69dd7c585d9e77370e5e5784a810c633ad643d4c47c9a699fe68,CHAIN
1764487217,3555122,4abb1c657d1c4e8656bc0e1ce5f16cf2578064f27640d75554f5a8508a06c65c,CHAIN
1764486710,3555119,60e96fe7cd79f29bc678d06ffae13fd735ab0809311c5243e0aa3125445ec36f,CHAIN
1764486408,3555116,28e4a6ab8f1f06f825784627b2bbe8feef33d7e99ec2dbaa47f853209141927a,CHAIN
1764485670,3555107,e89b1eefa3f9fe274759c94d14943b9f7df1247d7bf672529e9caab26467c75f,CHAIN
1764484649,3555092,a02164a95c55374f5f7d71f1af33af6a8687a3baa1df1e79275e50cc0a51087e,CHAIN
1764483690,3555086,2d01e67122fc81034d05076596a79d991f368e992e780ff8f574185ce82fd9c8,CHAIN
1764483359,3555082,7796cc334e6a2d8104fb7a2afb261f153d333c21b4787102b0aab81194839069,CHAIN
1764483270,3555080,1c932b3ba2cb36732d06e7391b9a8c0b77c971c97a5a57986396eb387ec2d48f,CHAIN
1764483225,3555079,3deab95c1be8649a3bb96f508bb0473e1a096d75df7bea96b1fdfefdb74b69c9,CHAIN
1764482723,3555074,1c41e86b85aa9d75e9fd1c35a95303bbb00f2cc034f0da80c20d02bc83086bac,CHAIN
1764481716,3555068,244e44a278676d1e98a64667f5fe8332bcdb6195d85b34570c1c5c0613c77396,CHAIN
1764480875,3555065,82001191abff7d91500b839f80482d692d65998fbbe7a47479d95da0c4cf91ea,CHAIN
1764480514,3555061,4f45306abf4c79382336ba18e1c26357370efff0e84990827176e4b9fef948b4,CHAIN
1764479860,3555053,4ff21fdfac4cf14a73f5ff3ffb268f4f4e5fc2e7664656c079f73aa419f7db45,CHAIN
1764479543,3555049,8b66166cb3af977de2fdc6e872f5005062df0258af7a6193a69671180d54d7e3,CHAIN
1764478983,3555043,0a100bad6ced8faf8544f26dc539454398237d4a38cd18ed68a5b9e5f5d24d00,CHAIN
1764478594,3555041,e7d16f307a92b336c6348ff25e54ed2d53d51117ddc95f217720009ec195878b,CHAIN
1764478455,3555040,af300d1bff2eb176833d993d1f802b63155e515fe13afa9c3b7545b93e84a6f6,CHAIN
1764478312,3555038,fc049f4cdd98e359cd449fd7095980341a7fa72d13046a45761272003f4320eb,CHAIN
1764478080,3555035,b9c39c4346db801d5decacb640b7326c0b0a62b1b3846fcce134ed7ad195261a,CHAIN
1764477111,3555025,148d321f764ab61b59ae0ec24fd6f3fb6ee25a278a825e243ffb0956de44ef05,CHAIN
1764476703,3555022,f3ca296d50c8afa88fb39c26ff83caada80c00e4b4ca733e3d09da9e65b4b3e5,CHAIN
1764475726,3555016,4fdbebfdc3f6c2703612ec781e0b5f93d15c19ea3b35ccd5382b8e0a56a0bed0,CHAIN
1764475263,3555009,3f8d37acb8fce205aecd4f00331a1479b27c00d8244418b379f2c551c03c5fd2,CHAIN
1764474171,3555006,0242088ab74a37df3beb8699a93317ac31539b405dac6deaea0d662341f8c89c,CHAIN
1764473988,3555003,8e940b551c4b47f2a7e09e415d902565566cb079aa10f868694acc4e625289ae,CHAIN
1764473584,3555002,52ad637eb2e2b5b9988bb83f03e81d437f8e00ea0b36b53aa24f2c87d995833a,CHAIN
1764472665,3554997,e736603ba558ad9151a06d9b88aeb3b1a4a58b06ede034967dc3a9d06d2d1eba,CHAIN
1764471629,3554990,c19ea28c4f9d3758fdbdafc311294e4c8517d401cd2c18edbcf4d8aa00fb9ef1,CHAIN
1764468957,3554958,9822ba7597daf99399bbaf7401910426060fadb1b619a316982aeb0df59ea21c,CHAIN
1764467918,3554951,69bfeae1fd18df92b680a570dc29b9e5b8259450286f2324017b0b13abad7ee5,CHAIN
1764467358,3554945,690e1c462fb91a89ec6c4b389cb0567c0ac136d316309a39f20cd9b789a85cd8,CHAIN
1764466764,3554939,e5893781bbce0a1cc5645c17cc79a5f9e071e03c5c403a374781c48adab4350f,CHAIN
1764465450,3554931,2c8c402ae4a99a3dbacef933698a2caaea155d36dbd6b0a8f5dca7662af83e75,CHAIN
1764464433,3554919,75151840a5c90c9588d04b71b34b7f2855a2c2d18d4548aa4adb3ce36ed929b9,CHAIN
1764462086,3554896,40ad90d42e24e5278548fe0cfb62ccc6b01969050ee37914407839b5fe8b33b4,CHAIN
1764461574,3554890,5eede765df1630ea7040a40215cc5e514c05053727ae7e975db18bca6b18111c,CHAIN
1764461483,3554888,59527d3ce33d0e7d7afbc51b1a3a10fe36348705f0e248e7d367d1106c91c736,CHAIN
1764459744,3554877,e08e126c766ecece219eb303b52f7342300d0367137565a9067bb634c20bdbd9,CHAIN
1764458711,3554867,b3e3fd898ec3b4665e6c845f2a2ab60c813a52bf1c4130d4e8038a667b3c01ce,CHAIN
1764457635,3554860,83db46b7b4bf29a21b6546d5b8231434453603b2ba595c5d36f8e3bd7819abde,CHAIN
1764456350,3554852,fcbf7731077ade58c97d64a0e4c8f428be1097d219fcf35ad6a08a0c827e2ce9,CHAIN
1764456176,3554851,0fb75555cf4ad809e02ec973908038c0a0ab002e799cc405f2a1d1b0eec5b916,CHAIN
1764455841,3554847,79d018bae8a0a3d81b97c614bf0f991f452930c4fa54889f729a66a573e24434,CHAIN
1764455818,3554846,6152c0040c768eea611e3d79592cdeda7528cff970f3375508373f3a8b93da0b,CHAIN
1764455249,3554843,754651b5a5e5e946f81d5d5261aced158ffe32b8c07b63a60e64a71dbe6f4a66,CHAIN
1764452426,3554823,75d2acddab3dc72e0f34464f1c4f809c0a783ef2d01f6d7106d5020821d17f97,CHAIN
1764452024,3554820,37b84db764593b6a5868ed8ec07eb26e8a5d10ff27f7cda92c1d344d523b8fb6,CHAIN
1764451387,3554814,bb36a75a99497fc73de64f181ce66704e4094f1195f0eb86f67a704061df6ddc,CHAIN
1764449946,3554802,3f904303de06af6b2e21c604c3f46ee41b7d61af36c5087b711b6d045623b333,CHAIN
1764448223,3554781,8f693ea8e3b254339958f1281cd4dbcfb74ab7bd9207b289967e95dba7266cfb,CHAIN
1764447810,3554778,0b3be5c6fa3292610f0ffb703951af59794bea4fd2a680e1d28b10e95ba0e107,CHAIN
1764447673,3554776,26772ebeb6e09615f389d11dd8c569130ee36d175b41749fed85ddd9eef5768f,CHAIN
1764446602,3554767,6d0e4075ae62a044adddb8521d6d4a1560b1faaf07c7c6c56fb6690d82b6cb14,CHAIN
1764446214,3554763,2fcdb5a52dc80acf46b9ef53b07f993764e813e559ee4526c3ff938d96fdc70b,CHAIN
1764446045,3554761,6473dd3b31d42de2023c4e796b544b31b233108d5109efa56b213d7d46b02661,CHAIN
1764445165,3554753,7220d21bc987267a44cf7c9cfd2e552170bdd7136aadada34a48ff443426c9ed,CHAIN
1764445092,3554752,6fa13696a34c7b052c68ad847b0b2b737d70e593d81ab3888d859b28b09485e4,CHAIN
1764444879,3554751,5ba8ef7fef2afdb60ebc7a638c43f88c3aa130e0db2b8fca03ef578446cd57cf,CHAIN
1764444051,3554747,d7df46008178586a065b07307a8f9a2209f1307b3190007c1866e4919db72c72,CHAIN
1764443225,3554735,aa62899d86e8667fc0d79ba3e99409c1eabc21db36f02ab1ac2332fd81743d5c,CHAIN
1764441702,3554725,4ed377d7c7e1ea865125705e3575db186a628aa88669f2908e789dc53c453149,CHAIN
1764441241,3554720,af5d88279fe7338d3660e5f8d594415872da4c0f792e6bd30a1ea89891551bc7,CHAIN
1764440829,3554714,0f21caba872ace6ec1088ec617d53028fdbe7b6a577168cc275fe1aec9315e71,CHAIN
1764439061,3554705,44e79cf6b8e23c7f3c1f8097cc370b9544b6933d9d9c163bb82de98d429b7e17,CHAIN
1764438845,3554702,27df453e3dddce9e63abc6438b4d0f35918da7f706cee4a97b87579053b3f5ad,CHAIN
1764436971,3554683,1875b18bba2f2211bb52d197d72852b7b24c05c1ebcf4c47389bf2b442798c18,CHAIN
1764436738,3554682,018211ed99f01a48ff6f7a8780cabd9ff3bab58e49cf60b8d65f6b4266fee88d,CHAIN
1764436284,3554677,7f43d6f785a1e56ba7a92ae3f872991c8dd96301d0410c8c408045e203f7cec3,CHAIN
1764435699,3554673,795151747fdbb997da06babbd7d3abb46b9fc93a6177ad86776f3f47e4823068,CHAIN
1764435630,3554672,5b11d421cbaa4447064e2e60390503654da1ee7b665c936d3637aceade9caf7a,CHAIN
1764435129,3554666,8f663b40bbba7b040f729b4cb02ad54ff6816453e595257e09f2cfe24ae69fc5,CHAIN
1764435081,3554665,07f8854ae9efa3b7c7acac24298f6f5f6389ed420cc8efc7c8585555fefb2076,CHAIN
1764434874,3554660,00ef1aa814c74916ec59c2353149057c18e962d429159e4f313a5ba705aadc12,CHAIN
1764434650,3554656,a9eeb021a5c70888f8d4f3f79f7887d29be04c48d658def294ff31e790af1618,CHAIN
1764433487,3554649,1f691be44e2a360451e863c03bb20c6bdd99ffbf72fb5db2b8cc111c1310202d,CHAIN
1764433315,3554647,b0355e07859a28b3e466987a478e48d087ce4d2ecd921b6be37065737f41d8e5,CHAIN
1764433023,3554644,1f7d1b382fc2c871b6ce097eb95ee07aade3ab123468bdc79a3382ad0cd57b53,CHAIN
1764432453,3554639,45d7d708d8a56057e433da7e703b21341157149303c8a2c7c4f29539157e7e35,CHAIN
1764431766,3554635,9a87eca765b87f3a06155ce89876eebc30af3856225ae7647436a427e776c20a,CHAIN
1764431688,3554634,d635c9643774fe2147703491daeee72ed3b6f6fea6c3200a4b1efc28d5d8e52b,CHAIN
1764431272,3554631,7d9d95080fce9f8977ff42b6023bda3ab4e10cac518f2e9a9918720a98b19075,CHAIN
1764430946,3554627,b6ad4ee29f305da25ccca21603dc907521721a5f064a48f3769b114162c62077,CHAIN
1764430862,3554626,11c1c9c4c87bfb487e825555d09c27cb317847e800acaa981b4edac51f215b7a,CHAIN
1764430633,3554624,9d5eff01e2f782c2be91ef06486d3b3ed3f1d3f92298c665c57b6e655f98222e,CHAIN
1764427756,3554596,9192abf363d304d969bd7c2b040bca28002f01385380f92547ce023bf999ce3c,CHAIN
1764427653,3554594,77e7be56cf05af6ad4f821016bed9500828b4205c50c53a72e4e5700f36a01a9,CHAIN
1764426606,3554584,76b6e52b50ec7e0036ffa61025176031b171a39c9ef318763463ad31d327c0cc,CHAIN
1764426409,3554582,8ccf12f7eb6b5e5d71829c68fe799e5e11b1204c810a66644abbd00354ed7051,CHAIN
1764424774,3554564,fc79db84155e11c247e602d446e4589eca796cce16d4677eef16cae2b052aca3,CHAIN
1764423551,3554554,3bc81311e8bf719af4f1744e66c9a931ef3f8db9a5470657867519d7b270b7fc,CHAIN
1764423019,3554551,be9b2b6bf86101ae5439578273b940a289defdd0965d058a6304d493380b5882,CHAIN
1764420939,3554531,fcfe390624eb9e82ace3da28caee9d321ed993834176c1d6fe0b15fc2fc9193b,CHAIN
1764416989,3554502,d2c02652a111b7d691246db611ec4f3b520f9675a46691ef7d58b635905da76b,CHAIN
1764416708,3554499,bf1bbfd09fa07153a3e779485b76148b5a5bd2dbdc73c3107354bd6c5e5212b8,CHAIN
1764410614,3554452,e14c4af76051effc9421c7441c220fa49bf2c5f4525f677e73c37c4344971042,CHAIN
1764403615,3554392,f7f832a0bb475dd9b0bde3ca47057942f7d50b32478fc06a66e6a52ea1d76e12,CHAIN
1764401874,3554381,12858a30329798eae8b6ffc20cd72a0f64ef605b7d59cf5138f1b1f84734cd0f,CHAIN
1764400675,3554367,6a141ad466efe45ec398a06f92dc12b15692f92071dcde1fe039f578e0aeafcf,CHAIN
1764399337,3554350,5be10f4a1584eb0068a762d067e1b0c20cd3d41be58ff7c2a86dbc323e552f63,CHAIN
1764399251,3554349,b2d0f6d39b1db87ba97c579e713c1ba1304960c3b791af85ccfe9fefda66611f,CHAIN
1764399238,3554348,dfc8a275868b01527bec61495b83afffc7b43a3a65df34533dd90cd9c604cf56,CHAIN
1764399208,3554347,cd460f9998ceb082997f512a3f00e030e809df9461be3cb704cbacb160eaefc3,CHAIN
1764395173,3554320,9160f6ec4253c20a41d5bf76a7c363529ad7088aa11bd9fa273134d62499043a,CHAIN
1764394550,3554315,11d86a6ebf3adde3fb7705d510e11cf6ded0713eb257d1f6a9921dd315ea02cf,CHAIN
1764393062,3554306,ccaf6ae290f0dec9e04a68d88af6f6d88da3ae03d0df20ec6959a3ba8355f18d,CHAIN
1764390336,3554281,ed4b167dc9aef6e013f166fa550d5d8ad14a0467a34bd3336c306a77896a1472,CHAIN
1764387219,3554247,00e74e02d44fd5e7ca3f21b20c103477f0e5be2191f94550a52b03cc73e36e2a,CHAIN
1764385856,3554235,a6e46c9bc50d54e216f4f15089371f8c3561d64504286a390dbd5790f0d89ca0,CHAIN
1764385775,3554232,04755fffb2b5069632d065bb27c3630f3014303bc457c4014eca9e8c33daf468,CHAIN
1764384640,3554223,9f6220a8b9982a9ae656dc2eae8015c12c1b3e6cc030ac072b975f8541fe5468,CHAIN
1764380582,3554202,3ff570646301aae2ee38caa43c2f145b9ae2ad1878aeb81d5d7cc9c03a00379d,CHAIN
1764379151,3554189,f759e51886d6bb6d6bb6625c9863e41d19f1589d5faba002215f54feeec66478,CHAIN
1764374627,3554164,fa3e3630d80011e2b9c04a644ec1698f9dc0e6c9be8f110bc525975c09a84d3d,CHAIN
1764374163,3554158,165e7d724b280c7db7c859c2547da774a8b13a17c5284d3e0e38cb35845da056,CHAIN
1764373061,3554149,6e2d70bd8dbc0177cac2064812f1945b88267182d317e4e99a8b14cf459c3027,CHAIN
1764372533,3554147,6a4e5b0fee41fad191862056aa673c8665fd95ef1fa541e13660dd17faed76d3,CHAIN
1764371387,3554143,84e2c7fd3669cd8097dfe4b03d9c0eb3210ac7a3e003d41ff5c32e0b316c7ee4,CHAIN
1764364042,3554090,a5de300df135ed4976c61c797149793395200caabc5fb5e39d0effb493049ec6,CHAIN
1764357693,3554033,44c6b0dda28fa2924b21fead436dc579579d3cd5873ddf2384257b1563ad1a24,CHAIN
1764357550,3554031,c4bf1a6e2885b758337614031272cee034533dc03036ec1cf3ee9ab47f0757b0,CHAIN
1764356690,3554024,e2cf7a17e6eaa0989c244d18d036066770d9dec29176dead787e252382679be2,CHAIN
1764356505,3554020,69d14ac4c9c51bb677eabc809f548eac2f47e2da33fe37ca1a08de0954614567,CHAIN
1764356218,3554015,967c54c259de97bb4637057d72a1aebe63108037f6b4a984992ec5ad9ce43499,CHAIN
1764351969,3553980,3978752052d253e02aaccb48648b64fe4478a03ebbb1b0cbdc2c921f40fd3566,CHAIN
1764350637,3553968,cba12a964aea46af5fe042751c1b16bd105cd6dfc3a74a7304599538058f093a,CHAIN
1764341551,3553900,e62879dbc50d829221033c911b135324a5bf3cf16dab61158d9cd21cff084cb4,CHAIN
1764341230,3553897,7e1e5bdca0e29bce2e773677d03cf30d1b7c965f5cf1f2294eef70722d023b70,CHAIN
1764337145,3553867,7ac26c2ed8e146442536998c473ec55c55ca30acb3deea4aed29cac59876400b,CHAIN
1764334351,3553849,dddf339eec698e174ca4e65822b26fb1908c9ea88be57501107b166aad12edab,CHAIN
1764334170,3553847,53688099fcef1cd9bfba06cbddff0345bb24ef6e54eac879f906134c2529a5a5,CHAIN
1764333956,3553844,f5340c497126dd1a69089e54b6994e38b8902043bed430a26107294d1bb96fe6,CHAIN
1764332378,3553829,64038297c7ba1974260843df47f9cb75df35902b4ab9918e677750fb43b492e7,CHAIN
1764330905,3553819,cdd3c7fc3d6b4ea88a39c31bbd57274ae8db5c4ce991084615a2dcb6c740a672,CHAIN
1764328981,3553806,73feca593d957648c2025f06d21ed59761589edecd0379e32ca9d8e8e41f6ee2,CHAIN
1764328950,3553805,450510f3f38823b1eaa55fd90f7bfc73c31ae00a583ec5d88d66a49e61842a79,CHAIN
1764328920,3553804,a7a25b7f9fc073cc9a79d6fac52c266a633980a3bf0fb664427f1b71f1918978,CHAIN
1764328660,3553801,9151f6f2c1afbad043130860c26688b39e1078b5eb6d7b4f5929b5d231a8cbb4,CHAIN
1764325118,3553771,0e8c2dfb8aceedb6ed6d494eb1c2819212ce230aa892c0e12ae315fa21e5fb56,CHAIN
1764324016,3553766,db57f257cbe099a6cc1119871e2c815f48cf826b0118b28ba1d287f19e78b7c2,CHAIN
1764323846,3553762,cb3a57acfdca5067f1b7fd6e573fd65aed871c3d4b999772d5d6f0d3cb2aacc0,CHAIN
1764323830,3553761,58b5bd046f1abfdf45b1f813c9d77340ca91412019fd09e96fc55e122f11d3ba,CHAIN
1764322717,3553750,90fef6af8ccc33eb7da35173ed769c08ab6bcd8e477e5157eeb3daf2e0e4cfc7,CHAIN
1764321866,3553738,f5fa4dfeff8eea52e5282dbed41e9333a0c6bf7c24c8a212207fcb7fa97197e9,CHAIN
1764321735,3553734,690dfd62da1b449ac9cd7e2b8bb2ed7fe943a560b187bbd380817cc63e5a28bc,CHAIN
1764320588,3553722,7ed11379209591be4e7b9b63247832ed1a1c877246db298af9ac72838edb1bea,CHAIN
1764320354,3553720,887e8f28b362c586ae12d69cef0726febdd6ac50310276b3b02b80bb7631c4f5,CHAIN
1764319984,3553716,1a74433bf7109a1d0e05845398b4c81d472364c9eb150eea857d3c67ca1a7bc9,CHAIN
1764319669,3553714,e5a212bc3e20b2254e273dc6cf3259b6825de3e3f47ac1d7ddf21a13a355686e,CHAIN
1764318461,3553707,46ec81085d316345c6922da4dafac3eb7013716abb3a3f726e9f25dd1f134b0b,CHAIN
1764318109,3553704,dfffb7cf85b472388b6cdd9745444dbc6e2725c728d022cc65473ed11befb90f,CHAIN
1764317654,3553700,3a9f00604c48b0054d6cfa3a04eee624fb591e9c07f574a0bd85e96229fb1fff,CHAIN
1764314851,3553679,63418630512997f46e0d71ac8698b0cbaa0311c1166ecbd79ebd513c460f13f3,CHAIN
1764314716,3553677,cb6c37837e4cce64f2ce3350fd439ce18f81c41c08f3fee4db2687870633510f,CHAIN
1764313583,3553667,ce28222ab35fdb7a7f694965765c95ddc89fb7dcd52999920f4628c2e1f6f13d,CHAIN
1764312184,3553657,50ddc0985b5f9ba78e85f293604132ee9065cd7840e9d757decb9f205e0d98d6,CHAIN
1764312062,3553655,7258b169abc955f29fc83d3f770f9db494d9b062af70183a778494751ff153f0,CHAIN
1764309956,3553633,bf7d7ff7b744dcfb9ec93d12130264128aeb67dc6f7a4c69820c80243309a42a,CHAIN
1764308775,3553623,46bd8fa79d5411d6cc54a35eec266306f082f6886bb9ad34dbef7dc2574b7268,CHAIN
1764306852,3553611,b3fb72ff7cf91bbf97cb8027814e1f0bc39bd08edd15f1f7a5589601ab339ea8,CHAIN
1764305849,3553602,734730218c0514fb431423dc3567d63b71a24664010c3197d60fa88f34d345a1,CHAIN
1764301610,3553573,df173567d06b89026bb7a07a5eb8f02525b146579ec8371a76e0d512b17af5f3,CHAIN
1764301181,3553565,0717d4b3057afdd012f8728103327f8a4ca67f3c4d92cda8f0d286e621efd2b9,CHAIN
1764301038,3553564,c83992f6c5a52f2a8b05caca66a9397bf3d858d28e4e529d71d3e0b202b42e4f,CHAIN
1764300899,3553562,38ca0e9a3f90af23c6f48830fbd4d5506981dea576eab6479f34d6ef875b9a63,CHAIN
1764300890,3553561,62bf7fa5428fa54a2eea8d2a5b734682357f56ee0e426fa584b3626b3a8a99b2,CHAIN
1764300727,3553559,e8bd2efcd564d92a2c70c0a2c2e6d05c639674f005ea0a88981ca94406b542e5,CHAIN
1764300379,3553555,0ddcfb68daa042b9d1f82f4f6c58d21e00722b480255d7f7c2698adfe0244983,CHAIN
1764299353,3553551,dd2bfda79e34e7419bfdf6497bec0c2d6b67a75eae05c0c9bf081bc45838b7c1,CHAIN
1764298063,3553543,fac1801e621f9d9a755b144481a715574b32a564c9e268ca463063e3e08b2a73,CHAIN
1764296919,3553535,f1fa632524db51c280d03c12aff0a196ba1b3492f379d2f140d4dae17d53fafb,CHAIN
1764296817,3553534,696337b317116040dc33d5c359eb1ae626e26e71faa9fce1be8aaad76577fceb,CHAIN
1764296739,3553533,ada1a1b957388babdc835ec7d06c96b322b19a3570dcc790f0df642cb642efc8,CHAIN
1764296161,3553527,ca3687a53379b3f2e6cf0b1d7f3c975eeab1741ac9956195cda7a0c7319c6862,CHAIN
1764295084,3553518,da094924dd7cead32b9ba3e25dcb23045c66e8167e68d29631aafa90d126cf3b,CHAIN
1764294255,3553513,1f0f1849d9d898ea4cc05e3bdba583e774df8767a5ceba6a0b58d142b83fbec1,CHAIN
1764293578,3553508,44497afcaa7c22b92a3a31306f6d3bcd0af566eee38bd90337bfc6e48d48e9c0,CHAIN
1764293224,3553505,72dae2073543d5430a7aa72aaf13eb84f8446c3afcd938c868ed730bf694722e,CHAIN
1764291659,3553494,6746c871b695e53d998a19acc2d2e950cbda70cfb7aca741e0f1599bdf7539fe,CHAIN
1764291029,3553489,6ac8b16f0908a569159e764e1581d30ccee4c565b188bbf102d4a0ea96ec0ad3,CHAIN
1764290538,3553485,9e64222245927dac987824e6079fb7d5122477624e8eba9c2f7e147ec1c4fe42,CHAIN
1764290223,3553484,cbab71d16fe826c4774ca9733db23c80bd58d3a2918146530c850d8210726d44,CHAIN
1764289905,3553482,d913dca2fb1eb5f03672b43c44a5b9c8134498f0f277a491adec78b92eaaf112,CHAIN
1764289519,3553480,d631f49f510e3795eac442b20d13b87c2a24f2585a48172244930939ab53ef58,CHAIN
1764289214,3553475,975cfeeba1a00275024a3d4f823e6117b7c9527b111e809cc048eb2e70f5805c,CHAIN
1764288807,3553471,2cee45b42015a4b4b1842afd7eda566c60423e6dd4ab5252759bf22f7edd21d0,CHAIN
1764287550,3553455,81116f2626c451aec12d4595184461c94187a06116c2134b6fc40df78bd5d278,CHAIN
1764286967,3553451,ff6b80f4d52b25370dbb1eac43d06c0c667532116929086dce7d642d395a9e61,CHAIN
1764286942,3553450,c6a5af3b08bec14768ff32a4d0183ba665df444447d94c35241351bfcc5e6022,CHAIN
1764286099,3553444,b16b7e14278c7300fc550c251778ff85f063005e24c06748b2f912abe43f46ed,CHAIN
1764285938,3553440,063d8d08f6fbe459e76cb5b6c9c21c79baa517062d342df2422bd82ebd174002,CHAIN
1764284257,3553429,95099d618f775689653a224a98be9eba7b846d431ebad7f86388a120ca3728dc,CHAIN
1764282448,3553410,599262eb1474bafe0914018202d867931ce3954dcab4f070e53e2b8f971a5060,CHAIN
1764281513,3553401,980495c3ffcceb9e990107e12289dbbfc56f7828d1a9d4d6c678802cff9aefb9,CHAIN
1764280499,3553394,29565524a07b798d9c26ae4e93470306d56267b0270bf47e16d26877127a10a9,CHAIN
1764280062,3553384,c055c37596fcc7764362eb1cc22af734dbeac9fecdd7583c9bb3e7a6914d2c4e,CHAIN
1764279576,3553376,d072855f891a06887e11a2a76552fa4f0a69bffdfd1efe2ffd0e5f185dd5bb46,CHAIN
1764278925,3553371,8990e834ce0476fbcae725aa73e820fee08b7f6eec2ebba69c22e83c810023aa,CHAIN
1764278648,3553370,066605331dc695db249cf9d6fa999e8d25fcde225b4292c32f43985738c588e8,CHAIN
1764278123,3553366,f3950d7a9004baac1350ef07ad06eb42e6da896db35af711073828c5bbb3085f,CHAIN
1764276600,3553351,7ba292e292ddc88b8dec12c065c5dfb77c74c6cc1e51982b4836983737c208b8,CHAIN
1764276087,3553345,5d347351c42d5b81ae8021e7ef43e453ed576bfa31851bf26af5310f9910fd07,CHAIN
1764275842,3553342,388c58e948b543532874e44795bed957ad16e1e8d7b985a130bbb85be602e7f0,CHAIN
1764275027,3553338,e4b798b414f933bef70142c3c21bfdd45c5d24915de2f46fe0f757cfce003583,CHAIN
1764274591,3553335,639ea34f3f21297a075196305f221132bb45f64c2f868a1cabcad30998290888,CHAIN
1764274526,3553334,7e0f1f057127e08a7843ec7f71a3e1f1257414f2a11c0d06f707e9bf8d54e8ba,CHAIN
1764274284,3553330,4b12c5dba652728e063ef66adfaab16d5ae5bc7000decee6c4b134c5281b2a60,CHAIN
1764274005,3553326,98d33f027b4d012d066ca4c09c81ff273408f91fdd42a5bbc6898bbb22bc286d,CHAIN
1764273198,3553320,e333f72cef60eab18cc6d2bcf1910dfdca0c26fa427749013a0d1949ceeb02e2,CHAIN
1764272896,3553313,43f21ec38e3e68a73aaa63de36c757ee72a812c519e04090d594074724bff692,CHAIN
1764272044,3553309,bb77489b625c12ffbbc6f39cba91f43824b2d3ebf1567dbe8bd1444f8eb4b281,CHAIN
1764271848,3553307,b4649d3f9f531dbd81787d26f9fd2920a986e051b3e559699676893744f03f9b,CHAIN
1764271234,3553298,8913af745b13eb28481a94202debf30b6dbb68489b5bc43d7ed94b25cf667cfd,CHAIN
1764270978,3553296,455c25d53d66422bd59b0398b7559161e5a7bbfed41cf27d1ed8df782ad5bff6,CHAIN
1764270499,3553291,e3b0353870d3abea3925ff9a13ef05aad952158e9d3d7caea64398173e18b767,CHAIN
1764270423,3553290,072669b49044e3ceb5f7a026633567ab90ead2b7ec63ea203426a26c26b3b868,CHAIN
1764270356,3553287,53196f6199693150eb4cd94a97b9f83e5c801d6af1f62a08ec6ecccf04875743,CHAIN
1764270185,3553283,25e37028cd69a52b7e2f6b5e6a426666f3a07d97012167b1d5661c29088c6581,CHAIN
1764270050,3553282,36806b1a70ec8ecdde15f0f33f1f5c370e794c1f25c65857f6187f923123ff60,CHAIN
1764268347,3553266,863289ea59df95a287b6e690cc0eade78b6c93aecb2e1bded5e3269818f8a72b,CHAIN
1764267949,3553263,772915d2eb324b16fbb23f4de6552ba59a71536e6e6a8d209690202f108e2672,CHAIN
1764267613,3553260,d01e79749a81591043c549bfbb8b30767fc9ed068673a56c2623da40593fc952,CHAIN
1764267361,3553252,e680ee0a9a356977be6089db2b8a4ac9cb368d9a2de5a62a097d7d12717cc838,CHAIN
1764267324,3553251,486535e7df01904ee1344c3ab55731a12d83c5db50c158ea917fec8941d7fcf3,CHAIN
1764266463,3553243,bd60e121156322e8cb0d14ba4d1724f692dfd54ceb282efac44f72c968cc095c,CHAIN
1764265798,3553235,69cb194eb27544283343b51cf910397c9f6f6d0d9cb5f5d415809f56637672a0,CHAIN
1764265176,3553228,cb2bb408c49d5f2d1e88fcfd6098962cce5114b904bcbde825e73b7167b8ec09,CHAIN
1764263366,3553213,e50294c9953f0f3d85653dcb5b921a56ab151cb5e9480dc7ea66a84dd1f73c08,CHAIN
1764262248,3553202,7327d131c84b2fe590aae6aca645973fdc6b05c90afaaa0376bad3afe465cfbd,CHAIN
1764261838,3553197,e037381f6a4aa8d2b552538c1c68d2177529a21fc745d0e2a2b76c92c338082b,CHAIN
1764259394,3553180,b107cbfa9bedd107c9ca2e44405b66d9a6b72597dcc6ea12849e64a1359ad15f,CHAIN
1764258318,3553169,a466658b8b46e74094c85582b51f8c5bfa48c81ccb8a2d3f8afa7e7849dd604c,CHAIN
1764258031,3553162,30f36b54a31e88e7930a01c65cde3803d7b8049932710c839dacd77faabc93e9,CHAIN
1764256588,3553148,54f5d1722411516cd61bb2c054b4c3d5262dd6127e988e23207de010849d40b0,CHAIN
1764254569,3553132,36958ed6b373716782a61af1f438b9cdd3cbd8376d297573f40a0e29f7fe9c59,CHAIN
1764254544,3553131,c387ffb7ef7111c37d7937bb261b8f6c78c14ed47a3a8517a3abf0e03c1d4fca,CHAIN
1764253594,3553124,4727510e15ceff723dcd14ac2fdc0df4507de24492f16f8b4eb6d2a17c4108d5,CHAIN
1764252655,3553114,f75e2e3e578f5993686d5142bf87820c9a111571d77dc0aef74e1b6929deeb53,CHAIN
1764251215,3553103,9c515f1b4d09cd614820aeb391b85748625b4c467430d31cea58f53fb3bedffa,CHAIN
1764250620,3553096,010fa14e1968258d0c8240046e62d43fcdf05eabb7a376bf50371bc15074a88b,CHAIN
1764250541,3553094,7cc5583060a18e34987e8803ec3e47b82ab1d3988a92203c7b33b8ec5e0e4d4e,CHAIN
1764250151,3553087,3e5faf7a91e4a787d22ede5e907012c2a9b6bb1acc39d0c11a22bcb9cd01e493,CHAIN
1764249952,3553083,995467b85b1bd43c98d218dec94e38950ca65ed5c57a880bbb1fb21d2ec62d57,CHAIN
1764249712,3553080,d5751c66d4b639ec673f7a331494537d27c4fce0089568712b4d35302dc26c00,CHAIN
1764249545,3553077,3bab4973b659f654d6b5cdfacd2d365e80c75129540ac87d4c3d55507d21691d,CHAIN
1764247163,3553047,50f399ae3b218403efc96c64c52f54640776916dbdcc0cd868cdd3812a3489dd,CHAIN
1764246565,3553042,848c0b260270463232e610330af576c4593f3052ad8f12fabcffbd6930aef72f,CHAIN
1764246413,3553041,0a586646006316775947d6af902730a93593b5887948c57d012e0bc84ab7c5dd,CHAIN
1764245954,3553039,10d5f379dd281fbecb057c8251d68471e0f360f294b7254226b733d8bc620cd2,CHAIN
1764244823,3553032,f8392f0836987738324c5bf208ce257bb8ac9820f4b0fc4935f39bbdda4daf78,CHAIN
1764242796,3553020,50ee5a6f7eeb4cb1edca77f098968ee10195d67aac03164e9c2cb0f0bce75313,CHAIN
1764239549,3552992,2e976ba36b3e1e18932a4eed5bd53d1433b2e12f6247482764572abb08e065d1,CHAIN
1764236560,3552973,3b7d07b4130877d55ef242578d188dcfb2b9f20611fe634e75243655fde08024,CHAIN
1764230825,3552928,1319c4da75e073c120c74ecbab65a8d7c6e7c5cdd5b752b781ab00dce2c957c8,CHAIN
1764229595,3552913,36ca3058b5de8dd07b376a56fbe176a26a1e2bc6b77b965ecf780ddc48102a4a,CHAIN
1764229441,3552910,52bd86ed11e628e1974aadfc8a4158b1c417238db668df4e1fb2adf8bed85700,CHAIN
1764228057,3552899,7028b5c8c4136b7529f8f1d5275dd5f751ed79472e3ce6b3772147969c384ab9,CHAIN
1764226742,3552892,f2127fb7e9d2e4c7e2df0c6559726f966e7226a5541f5c67d58d0fe3d9cb88cc,CHAIN
1764224895,3552880,fd07aaf590cec780b1faed21e0f3ec0280ceb2c23413ef10fbd1126dbf757344,CHAIN
1764224799,3552878,8abd629fd81bbae93399008e0fec458250b0446bf49327477df646b933b66461,CHAIN
1764220681,3552840,7d0299e905a5b82b6ff231e06b8c5f3a24d6ca3b81186c8dc18e61f985b65529,CHAIN
1764220637,3552839,930878ab5f34732d2ba77c69b5b24e524daf643ff54d807ac725b8317b24e7d4,CHAIN
1764220576,3552838,cea971c15a869a7647bd7e0068ba7af8b2df6866278e115484f4aaa85fb94ccf,CHAIN
1764219430,3552833,d0194d209e7ec9664632be732e51792406487f21c38474210c7a035debc4e7de,CHAIN
1764216325,3552818,99cb9ed24217884ed51a7e4643c014a1f8ecdc186cdf9e284aca5bdcefb0a2fb,CHAIN
1764214750,3552802,ce4bea13aef8c73fdb2d7b31a746bcf83ceeac4ab325f17013b0ad753fff846f,CHAIN
1764214504,3552800,1e5853fae86cce9975ae783bbe7736f7cd133a2abca131559ba267f3f592e122,CHAIN
1764208913,3552758,81edbc8f87bda414c9da10076df4914efb5125e135d28eb56432b3642a1c04c8,CHAIN
1764208787,3552757,131999efb0fbd744e82751e381725e2d1260d4ff65e0f1b30a632550f47d9faf,CHAIN
1764207602,3552749,108d284c5609ebff8b72b996d3c7f15350b9cff03524187eb97e7d922a0fd85c,CHAIN
1764206316,3552738,41be68224880bb16f3f3eee4082dbe23632ab24e7055daed9192f5de21f05451,CHAIN
1764204875,3552724,fe9ced666a51948208780bbf271264928c5682c02e51c485838039aae81df431,CHAIN
1764201519,3552707,d1bd7a06ad655fc09084c290d066ebb1106ef6ef5058dfff19284d16b6fc5dd8,CHAIN
1764201415,3552706,6af2819f5e0ef5a4bd0d19a51fdb5274c448d381cca8a7bd60616e3d277c3ea9,CHAIN
1764200257,3552696,eabc41bfa3e9c6d8ee538312c8c5b8d93060cc992e15e5f45b8fe9b808800582,CHAIN
1764199017,3552690,7945520c6926ae98bd7d04054e030d20f8b694e76b5d6995883bb99ba31db78c,CHAIN
1764194286,3552664,a1e61922f4b6de9cf9e4dcf1f194da54c0493e9c7f7f17ed37279eb3471aa9a7,CHAIN
1764192859,3552655,46cc0447e9a6b3085d6e9dc92db1112673e9c3438e78a184b6805cad38117004,CHAIN
1764191148,3552644,9980714f2f87d2b3d15c4179c7d15ec4e3dadf13cbebff45deadd0007c34351e,CHAIN
1764189871,3552630,aaa86ccefcdf208ea4df3b1cf58d3aa5442b0d54bcff795fc2edc6c39a707403,CHAIN
1764186725,3552608,6aa6d84b437d999b0785df8a37452f872619ea60a9adaaed9625947e9993f95a,CHAIN
1764185782,3552599,6b0ea8a4055e7af4e7ac33ba34eeb218faaaa5d126ad0f63824f9413c0fd5b44,CHAIN
1764185588,3552597,a1fcaa1b7577c114affa72adb8eac91d4bfb2d24287615d127b5489ca4deee03,CHAIN
1764185554,3552595,f4a08da4f3c7460b7fc0ea4d1b248bbe87696f6b00956e5100ca314df1747cec,CHAIN
1764182645,3552569,e12958128b904da093f2d419d895b22788e2fb44b76bb33f37c33b1883377a6c,CHAIN
1764182225,3552563,0b3dac2149b1e3be0e2026718bf3f63b97cc3d2575bfe0a4db74ab9925f28120,CHAIN
1764180913,3552557,9c925831de619cccb2cb6d12a42a7476b137eeefcbf25652ada7273579292e01,CHAIN
1764180894,3552556,f87f529e486c1b2a4692ceb5c9c7bbcd7a7e2d005b36ec206eba31820e7a667e,CHAIN
1764180768,3552554,d420ca8082320c795e04d4ff88ff0af5e490ab3eeb96efaf391a2409893f684d,CHAIN
1764179702,3552545,404db95fd6a7945cf45e1e8a814e940e37e76320aa84d62e1419f63f3e1806dc,CHAIN
1764179306,3552543,8ec931ccd9c1a3e3d8fa11e75f8fbc523e09f81f8c8bd89cbe0ad07ed860f9f2,CHAIN
1764175028,3552513,74cd770e19321841e22f44954bda7cdf850d302bc99e6512a5d878129c82dd0f,CHAIN
1764174882,3552510,ac7aed212e3e01c1693f3180180cfa39d12899c94842a75900bd9770da50368e,CHAIN
1764173947,3552493,d4288b4433b25b69ca6f0d29ad6bc931bda3fc5277a99caf3022b19a0ad09428,CHAIN
1764169480,3552459,d5d7943c5c3bf98c44ff2447c1a4def4a5f0cc5ad718b3f46980d8ebee23a626,CHAIN
1764169323,3552457,58e309dc6de51112a0963fb5c1e0467466c368ed77f88529d01bde80a3ca7b61,CHAIN
1764169290,3552455,fefa93d0635728e4719f6fc0dc78786deae10939649054345436debe4e7356d4,CHAIN
1764166397,3552428,8cbb5e7a43fb0fc27c0eb0dd584b274960ff442dae4a895ead17114ce6c119c7,CHAIN
1764164704,3552405,065e203c80af69da7cdb3a51cb1a6dfdb7d7f79381177100fe685a860118a771,CHAIN
1764164549,3552403,9ab417f4c29fc8c602efd4d8b8ee19fef29a7398d1d07a0cabcb9a58a8577c3f,CHAIN
1764161492,3552377,1147cf2b2390dd82493b5a4577b5dcc50a7f1c9924d790d5e872aa70d5ba1e90,CHAIN
1764156328,3552338,1f0e114896966814d83c9dd3e6cc33b87a3e71d21fa6629f83546e60ab2d13dd,CHAIN
1764154836,3552320,863afca6731240fa8425984dfd8fbe109e09c52460c6aca76db872cc7dd32075,CHAIN
1764153092,3552306,56d404b4aafdd11acf94091f1400de5a93dbb5bdfe273d546db28de941069ebf,CHAIN
1764152922,3552304,84ca01531eef346d8a74ad6bc392f5c23cb49ab664b27dd22699570b1df18fc3,CHAIN
1764150207,3552286,07bfcc3bfb1424973847bb58128f1b3e97883aab9de0e87bf2cce7479c3f8372,CHAIN
1764149693,3552281,976baeeea9d321618cdaa40fd4338c21e6e1670a8c011437275c85703bbb2c04,CHAIN
1764148715,3552274,994ac1d7f3435c39b58ec90b389b0e7ff721dcc4ba78392393e00d49887e7521,CHAIN
1764148559,3552273,322a090c5106bcdd3f4bd41944a1759819e250c79bf71a0ee97152489b878fa4,CHAIN
1764148262,3552271,39231d3ebfd65651538376227ab144891e95d85fc01d9fac9fccd470f2f34f3d,CHAIN
1764148163,3552270,5f0a7c2e298eab91a6e1c4c80e5eb5c01e2f032a732218d4257a840a9061e21d,CHAIN
1764145356,3552243,5781cf3fd8cbf8530729b8cd514ef6992b91d6e93820519430437656e49fc4a0,CHAIN
1764144878,3552235,180c22e5994053f1ed8bf57b47f2367f4a2e84e8208923fc938e14e88c32ee3f,CHAIN
1764144784,3552233,a35deb52fb70e586678127c484a7975b441be40e22a3f271a920ed27ea18970f,CHAIN
1764143727,3552214,ca309ce92f6c19be0b8def41daf5b4b195ac4e5fb5418aa224ee8246f31940f7,CHAIN
1764140590,3552188,549459f9e740f07179ae7e1a94e4135411baa92c68d1b39c7d53e0da02f3a817,CHAIN
1764139182,3552173,2e0fca3c467f16e1c15c100eb6cdc4bb3ed155a6d2b7785e7ce77ba6088650ce,CHAIN
1764138722,3552169,31a6890ee68cffd07d3df77dba44bcdcef01499beef9ec1b1e041e498d26c1c8,CHAIN
1764137739,3552162,0d91a4d0096720efcff8ae053233ebce337b34d3437b7d14aa95bbc9d248e152,CHAIN
1764137477,3552158,d43f62fc08458848ca322eb2fae6c66af6861554642184a8c95620cf5e52daca,CHAIN
1764136185,3552148,a2e5461e1162ef2e55697cede0dcb13bb44fe19a05dd6fdbeb489a5b5d602ace,CHAIN
1764134631,3552133,c4d22e1041eab45df0eb443213a8069a0bd509c09d0bce945c4ea2146c0a7a5c,CHAIN
1764133987,3552128,d7ef85ba856a5d2ce30af7f54774ae498a2978c5ede1046e387e67475a77e9ef,CHAIN
1764133965,3552126,28bc814af90c43ca53108f66ff5bc29385bceb508be5aa168138a93fedb8784d,CHAIN
1764132752,3552116,31599568cc0c3ba05b5d15ddb69c78714056b183f19de36736c8fde38df7f169,CHAIN
1764132506,3552114,fa164c8ad174a8dec68a9e42de7e210a906b78a44e8d1c134c8ef4f84a8bd4db,CHAIN
1764131503,3552109,361ee12f7d99498c86ec55a7fece29cff630e81cbb59576646b6a7da2c2e1edf,CHAIN
1764129681,3552087,77beb2cd1242fb9e28877bca0bf9a3ec477726501b4eea81593c33553fa8ee71,CHAIN
1764128528,3552080,256c3056086117476db32a76cbc9799a7b228e446afb8bce71cdb3da6baaa5aa,CHAIN
1764128366,3552074,bfee98e4d610f5f7e3fa34bcebdb092e354ab633f5eb114f52c6ad89f185c29d,CHAIN
1764125063,3552052,94c7239fd2a40874f286b0d82b8718c910654a6299e56a3534c762117716e154,CHAIN
1764118647,3552012,1f19e337e02d49df6142ce3040d17f6c38569b0142cff0eb3511f341b9b050d5,CHAIN
1764115733,3551992,51daf164e742206c7bc626e1c0101f38961af6bda3030fe787eb7b8b07dbe2d7,CHAIN
1764115685,3551991,4d652d70474161744010393ea6d2dc367b0c056ada1ac4c846b6773292e1dfe4,CHAIN
1764111984,3551966,93c3fba0540e07d21c815f51603ec58b8128b4dc298ef1765c311bc6ce5ae9bf,CHAIN
1764106953,3551924,84daa30a9b2d64f35c51a21b35cda02973ee08c8029aab03440c307a74f238c3,CHAIN
1764106134,3551918,839235404d89fd1fc2d9b5af6804c2240b97cb2d97f691b8619920b83c440d94,CHAIN
1764104441,3551898,8ce79cac6ab7613ee86380e46d261f93a6b7916529145412683bfa7d9925d43b,CHAIN
1764102934,3551886,925114dd7934f46794ce3e7b92f4b4ac07470eec7743ca72520a07f89ea4a9df,CHAIN
1764097790,3551854,d45e2e244d65bdb3d7a2c7a5d6248347638f156a05cf58ae31efd93c01fb4e33,CHAIN
1764095708,3551835,5a420cdda11d70a7b7ec467000e607f36492cdbfdf4a0cafb8bbcc38f366a6ab,CHAIN
1764094331,3551822,cb8ea24469498af021a6dec6bf4a23d02f992be3e87492fa2533594257e715da,CHAIN
1764094283,3551821,7a23d6b7d194bf9ee82781d56cfea0bf06177c5a90874ed5f7eaac394d3a3326,CHAIN
1764089943,3551785,92cf0fea2fa780d8492a0e7283792901b4cc2344084fc7852e79b724d0e18df5,CHAIN
1764089474,3551780,2618ae7805825243e9ffb449bd1b2a4b6a9aaa0219027d2edf2e974f9b683ab0,CHAIN
1764088338,3551770,b6457bb9c2acae85ebd70a93b606b477729e52780d1c815d82b3235b2421c146,CHAIN
1764084822,3551738,0f72f425323a99e8dc98007ae3b57a87635780ce361cd75732b7c5bb524a6ea3,CHAIN
1764081500,3551717,d19689cef1e58de86d60922c7f854828e83f84d0aa075cee4292802951e9ec99,CHAIN
1764078825,3551695,39150eb76d6a37a07a95a0e0a62e7fa300b156bccef85d68185bbe91c8deebd8,CHAIN
1764077085,3551683,c4d4dea9a92413f769c3b17815abae5244648da2056329c93b26e9e4d8cb5e18,CHAIN
1764069835,3551632,f61db78bf16a81c51d9fba67e17c8ad6479c93567108bbcf4f8d20d00bddcce7,CHAIN
1764068071,3551620,0841843a271ee291fa9ac637cc3972707b82457a135948e2c9a8cb8a1ea9e317,CHAIN
1764068044,3551619,9034ce8f4e51dea11c2905cf8b82ffc0ffeb06495805a58b637f25bd53dc7e5d,CHAIN
1764067866,3551618,1c40c4de39ea4c335be8dcf4f3dac313ee8a2a246ef33e083594623bf575f9b5,CHAIN
1764065639,3551598,b3928f2270c5c291f00237377916f47ca64a942592a0b62a48c5e2a20a2dbf79,CHAIN
1764065490,3551596,a305df53dc557f266454be5708f50b53b5193d37cb70e551f85b60d50dd7af7a,CHAIN
1764064377,3551588,b468bdc1b5291d218f7f4738055e2272ce79b94dae7684b6a543758fa16e3cba,CHAIN
1764062235,3551576,9e00a7b010b20d08ed9943a79e4971832a6329fcfb7cbbefeda4810f419f81f9,CHAIN
1764059490,3551552,7e21d5fb0b9c0b8c43594a1e795c0e73f619f0fd2996c2a2d8d37de10212c533,CHAIN
1764059165,3551547,a5e945c6fa1f59dd61a09107be0e26570031958ea3690363e9e5d261ab5b20dd,CHAIN
1764059133,3551546,09cdf0168194d4c2217646c23037e0de9f432b518b049afd43b71bbf7ca21c27,CHAIN
1764057194,3551524,fc16faddf240e8a26f3dab33526b93482b22c4fbddd826f1c1db6901c48a2d5c,CHAIN
1764056580,3551517,a88673a13208923c45246e4cde154dd3df9b1aa6b8a783f300156e53cf818547,CHAIN
1764056223,3551513,54f2458a41fc5495903df7b0bec3e6e0fc30fd1f54113d4cd183e13adf9495d3,CHAIN
1764055845,3551510,28c96c0d16d7620abccf25527f51c664f7142e7d046c28b0f0bb327538e8e3f9,CHAIN
1764055809,3551509,ec4529c40fb038eea1ddf71bee56022f1189b0fe2e73f8ff8e9cf9c4d87da537,CHAIN
1764055092,3551504,73a22a5a2e3f11684f7849fefc25b049d909e2d54879963469e8876f700a2fc1,CHAIN
1764054423,3551496,d4d24fd5487a27b81d4041a78f4f262ecb2fab17f7c00479208201e4b64c66b6,CHAIN
1764054054,3551493,6d1f0a2789b05f5819e280a8eeeefcf2dc96fae20dec198762a3a8a4fc23db06,CHAIN
1764053477,3551487,8c0074d7673b5bae43d68520c6aba587c252b6da9676ea5b263987d033c40648,CHAIN
1764053262,3551484,687d75fcfc9c26c35fb9412d5b4246d83f02c869accb0a6423d0de8c71a50ae2,CHAIN
1764053162,3551482,8204ed04164aaec6af948473ef003019b47743daaf66720307ee98373e48f52b,CHAIN
1764052684,3551478,f741077461556f5769effa4b93456c48d8fbace897c0ccaaa04db0700aa2fa9d,CHAIN
1764051374,3551465,7d94eff044bc5ec169268b94848d021c7859e5ff60afc75899668c70a051a9e2,CHAIN
1764050432,3551460,86a359e45bcb33c0c3ce3c6b85437a505edddb6a651cf190211cb553516d3894,CHAIN
1764050122,3551457,717e2dd7c97bbad295d8bd9eee0aea5cce41b8f4b2a61e653fdf9011e1f041fc,CHAIN
1764049289,3551446,60e103d286918b75ccb8dd7e48e5d31418bf4475c8db54f21f4b08a2cdcbf2f1,CHAIN
1764049066,3551445,5c4e58f84ab56f8bc8aff6ae72f21c11418082912f16de007d44b45a6ba54cfb,CHAIN
1764048622,3551443,da7a7c11f65fd329603f18ff738e74adfcace6b60b33be5a7f0936471686f163,CHAIN
1764047728,3551440,bd33884e1189d2631c2411aeb1844856b646023aa30fc00144294c853136d3e7,CHAIN
1764045816,3551422,0a08929e3db3dd50f01804f691ba47000f5106fd965d38ede1844e75fb6a9f0b,CHAIN
1764045677,3551419,c969051c0c89ecd761881a7488af9e19f223355b0b0673a994ac3b3d15ea44be,CHAIN
1764043315,3551401,da892ee1df07cbe6b240e4a3a3be27fbaa4cbdc74c1f2a6146f1c49610d803ce,CHAIN
1764042852,3551397,d9d2e48394c204ba303d16d0a06a0642f93493b916ed4ba470140d011379709d,CHAIN
1764042794,3551396,30587eb1639db714702b5fc173df676a7d52ef55dda4a4449b37b51575b1755d,CHAIN
1764042733,3551395,4f933e7c093a37bd5b31f36f2c0116e0d28a975c12c4db8ce5ded4145950d70a,CHAIN
1764041365,3551381,00867cdb405285c61b5035be93244f468b84b32a1b856ca140605340ac394a26,CHAIN
1764041246,3551379,0e07d7d884e71ed9493866394112f3e464de0ede5db921caf3095332e7127697,CHAIN
1764041048,3551378,fa0e1b43fd570be8af224e75b33b2b4d8afb3388424aa7c20a520613ade7d85e,CHAIN
1764039295,3551362,9e5ceceab75fcd9b3c241ee70b3723f487b6d106014469690e7efbd1235f2cff,CHAIN
1764038768,3551353,b46f3188099a6a36770dcbe7a2c98aed8b2f76979e61a5f56b13947ec18bd3f8,CHAIN
1764037851,3551348,6474e639f0eaf2cf2b2c91ca6c1e8ddab6de26344b8150d511cdebb2b39a1bd4,CHAIN
1764037547,3551345,fefc8338e6c387550ee55faa2587c3aa3a7b620794e15b45f1524df1ca1188f7,CHAIN
1764035708,3551331,b7a5987b3e2107cdcbb7b9c897677ead46faa8cc2c0c1bcc967a08f0684d0364,CHAIN
1764035663,3551330,a7a02705aee608c5df940071af1adb87f1d1b7cebe78be837b393c36834cb636,CHAIN
1764035410,3551326,f91604e728334afadbb6557cb3031d8b5b17af08983e65517094377d75014354,CHAIN
1764035382,3551325,7a6d88ebe9b254ca217834136fd1d99610db9f08a147a262037655399d19d7ae,CHAIN
1764032683,3551307,a270c52e7219386923ddc609d52620e231b836ccd4ebb3b1bdf779dffe39e48a,CHAIN
1764031727,3551301,708269dd5bc941b0ae5646b93689caab916a6c1ae1875ee34b0c449c6dc034f5,CHAIN
1764030614,3551297,56dad453f7c02fca907f409961f5f0f18aad496b7abe3a22fbb5205969aa7e4b,CHAIN
1764030298,3551294,051275024d753544b49c5f69bc9d9ddd293cb9b8b6a887155c91893d639a6f91,CHAIN
1764029101,3551284,16f3f5c79725fec44f982825b457169a50e27e256d66549fa81fcf6035754dab,CHAIN
1764025536,3551258,0bb19480e99a6d7f5fd0348d1671233e8bb828d772e08be9f21beecffbd311dd,CHAIN
1764024664,3551250,cf87ea02fc3f7711249a4807de2b6adabbe08754d30f3eb64806f26de2fc9b76,CHAIN
1764024303,3551247,f251b017747ae058692530e1e2794843ded25b3058cbbbf9c8327927a42fc72c,CHAIN
1764024139,3551246,da32626689ee4dc8d6fd3096d7fceb87d509579bb23d6d47df18f6268605c873,CHAIN
1764023913,3551244,7741f3e89da463914236b90d9e51a08a00a6d100b2202d99f0dac3b05993ecbd,CHAIN
1764023409,3551239,5820e6465045187a92072c263dcd576426e87863a37ba9234550dbe7c88dc37e,CHAIN
1764023229,3551237,0aabeb8ea637a18064a90fcd9c63fd34e397c93baddc9903191106f3aae868c9,CHAIN
1764023224,3551236,eb663ec5ed592ff3f08adf6b892174644f913133b86a2a8e551ef0e68ec3f752,CHAIN
1764022813,3551231,47ce0ea14900790b8c6ac7734520fc1ebfce774c2c91f813454765f7d99c045b,CHAIN
1764022417,3551226,f751d28aa8184d9c416f50d5b8eab8b5da9972a7a1c02fa00ed4486b9e2a3931,CHAIN
1764021301,3551220,4ebddaadfa748576911f90a921d5e54b757a3a7e1d3e4fe8ee80118c55c11a09,CHAIN
1764018638,3551196,0a845ff22d699c79ea1c9561fb0e6a8988431c01c00bf57ad76d378540e81208,CHAIN
1764018635,3551195,05078e886075a56f34f6779052e836bca4b5836a9b93f2f14f2438d4598c0bac,CHAIN
1764017896,3551186,e0ca4076cc76b449cafc765aa495f2dc3ca80e8d15e26f793378d6bc50db36f2,CHAIN
1764017620,3551184,fefccac523dabaab422e98b4d09d4eeddadad9a0d13488ec4cde5f063905ed15,CHAIN
1764016236,3551172,7115b0f3326cb257a872ea75457bdbc5fd8d0c19918486a734563fd252e1166d,CHAIN
1764012707,3551145,b8b39555ddcd365bb57aa13f4f6ec9a0de4515937fe4e7de4de775fba79beb0f,CHAIN
1764011230,3551134,19db00a2d60382485191fcb4349313e4f54818fbed574588accc623182edd82d,CHAIN
1764010557,3551124,cdee36d12344607b8fddb9f5e247974c72657e1340dad54d42f226acd321f87d,CHAIN
1764010527,3551123,d505dfcb0e03488e83ea0eec48e15d1efd1e4ebca389ed6a86a926122b759351,CHAIN
1764010507,3551122,30d4bfd2dc3ce3c6ee048f1b59649112ffa5ec9eb086bd6138c841bedb197525,CHAIN
1764009545,3551117,6db3998c76dc6e54527bbceb484738c7f2b1fbfbb22d3772cc7d66d9a3848534,CHAIN
1764009060,3551112,a9cee0dd841f30946e9cdf51099725b41b1fb41e60d5df36e3d5df278374e426,CHAIN
1764008276,3551102,3ea5d88f2a580ac6d9d4a6a91210b2a8bd4665d3a13338066d34b563553ad2b8,CHAIN
1764007808,3551100,9feb567fd86e95781e737494c8eee5f04faf624ae27c96fc09a223ec02f1e255,CHAIN
1764006924,3551091,5028fea14ada7fb771ce763ca282f0de72dd632654fa2a3f7fa99aa79b69e2a0,CHAIN
1764005801,3551087,83d092e1567852c2ea99db2ff2c0f043547487c7110b166bcaaf428724796815,CHAIN
1764004834,3551080,6d26e77a70109d668c40dab07e48eb5084cd9b4bf03b5ee46ac564daa3c9cc89,CHAIN
1764004492,3551077,b047d2a2118fbd0e8ff0e3a586e291387271ad93edad8dc0458533e0046ab871,CHAIN
1764003571,3551068,fd4a13ba18b31c612fb1174b4aaf6339524c6bd53ce469ab47a2927ec1e7c781,CHAIN
1764003443,3551067,a9a3d0838f485bff68d16cdfa9efe1927ea39337444e422f2e1c179020ca352e,CHAIN
1764002048,3551053,c9f78995b4e1bc060d4d75450dbebcb03253eb18d851a80111f95115b0b082eb,CHAIN
1763999981,3551033,bf72ead442ebf8021024121952e121751cf7cabb2a73bffcb82d772425a145cf,CHAIN
1763998981,3551026,4b4d9528e044b3332a8ea681fc61a0dbf1a0f77bd1d687e6c8e46286cc4fb01a,CHAIN
1763996514,3551012,16cf32f3ecd3a226dcad9a261c9890ab72413547319fbe7ebea6467757fe5c1f,CHAIN
1763996207,3551010,259f51e66d56ecb843ced64a3bc13e7172d7af2c10520b1c85de24607552f576,CHAIN
1763996168,3551009,8abf9fa24bb3b08ec5c523aeff5aa751ca712bf5ca2ac5eb442800c376676b3f,CHAIN
1763989877,3550961,24ad907032aff7dd8c6b8b9e8567392e5573d0057fdab925aa6808f04e339367,CHAIN
1763987680,3550936,0c17f3893aa05db4b25c8677564f754018b2af1556fae3ebe038e1c72e043ca2,CHAIN
1763986774,3550930,6b676fd1e08aac61ec532072e6b80827b510569eab1b24c81b112103e78c6763,CHAIN
1763986464,3550926,0bfd85e09d3e82b03b542244ede8241cba00cc572679425f213cebf5015f2430,CHAIN
1763985196,3550912,3843c5bec5767958ac2ca6bd11f14f76c1be04c48a7e7d536c37d3e6bf9a455f,CHAIN
1763983889,3550898,a42db47d6d960e43264df03c423f2744decfdb752b0b2b1911e8af21c453b76f,CHAIN
1763982642,3550886,2eec9d2098985dc10f59a84e6f239fafdefa813c28fad6edab0e3d7bac8ea855,CHAIN
1763982588,3550885,e494950a2f64994511bf0597eba7d8a6be9ece04c5c094586238edddd01f685a,CHAIN
1763982393,3550883,13089cc0c5074d2c4084288c0ef74511c0931b37d4b29c201d407322e01006ee,CHAIN
1763982168,3550880,14e1efc7d503da192e5605c5511f14134296b283b14737e49501866088187ed2,CHAIN
1763980466,3550867,3ce55a3f13ef602cb673ec16fe145390ef8ce6c2b2a29972222a4bad5ad77465,CHAIN
1763977662,3550844,584d92a25009415be3443eb3814bb3cb086de59c4453cd1efd4f9f4fdcef4836,CHAIN
1763977372,3550840,e8e2ac0f7c54abb5fbb804e7a26d9287d02132b68f2c1b8a1e95daf5a36b10c0,CHAIN
1763976487,3550828,2434013058d17d5e09f2f6f2d979ed19fdaa54c77b9c225842f82b623667a337,CHAIN
1763976462,3550826,f73e48e339b18fef14d5c371cef9ec29194918478901059b918708db140d4830,CHAIN
1763976217,3550823,3bce15e29fffde5dfec5d3fcaf33a50938ec7ef9bceda13e31d0dbbed6f5d02e,CHAIN
1763971882,3550783,863fc8390c32ba772b8ce0e3256dcdce8c65896660b6cfadd2b20bdee8fb1c34,CHAIN
1763968526,3550750,0cbe2de011a08e30a0e007de07cab10e0acdc1b5c9244468d4a71c40eb9ebde9,CHAIN
1763967219,3550742,675268414a6aaf169f458d461bcf6ecd16668ad821ba2a2fde215875f896c386,CHAIN
1763966842,3550738,1223c9fa69b98d693447c6045e8cd8e6debcff82cd0201e4d457063289291242,CHAIN
1763956492,3550652,05108809fabd6b1ee1d6a06329097c9c703b7f0a2c616db65b917f80ad3d7c1f,CHAIN
1763956075,3550649,a557d2f0fb7e07b3023202a45cbef023de0a79b5ed9e886e273c05e882f91f81,CHAIN
1763955911,3550646,9c9cdb51dcd752da497f28cb80413f5175938ec91b660c76882ec919f40ef8d6,CHAIN
1763953347,3550618,cb3ad680a34eff35c38d1d8c1e9b9e33529c551a5a21aa3e9350fe9eb8f3ccac,CHAIN
1763953044,3550613,8ad6ab89874e5153629b7cd6c2370b6c4cf10a30658f479db5d8874af3dd1be6,CHAIN
1763951902,3550605,794ea73d2e35370f6b5ab596532fca55b47e09da476b9a89849352d0f0e951f4,CHAIN
1763951761,3550601,a17e6392e1dc6979c6760adab2cf569010fd66a891084867f4fa75b90db9a44c,CHAIN
1763948989,3550577,fbc34ea7db2c2cc8d6fe9a54ae7394ee4a7969811b26985c75b08395559b194f,CHAIN
1763947113,3550558,3a5a72ee5fb6e89b7abc18f275aa5473165d566909523c3de80e2cc15b101d44,CHAIN
1763946974,3550556,830f604a787754056dc0351c5c068263b553187aca50618eb796b3c3e58ceff6,CHAIN
1763944136,3550533,cef76924a11f74b2551f88c92de8af9a40c6658b972d73b95f219d95c7d05683,CHAIN
1763943813,3550529,644a2d6dc2df29a58512d49de68b128728b74ccc3b6c465463721d8401ddd8fc,CHAIN
1763940967,3550506,e6411941d578648d79d2a0b1a0ccae0867ad6b7760e866613ca68bef9518da29,CHAIN
1763939307,3550486,1d0a146b7c252f6da20769993c709e39fbf38605c1146621a3360a722b271ccf,CHAIN
1763938394,3550481,99d0f5900287c2525311a979cd896d96dafeca2c2b42442447eedcb9695d5ef0,CHAIN
1763938186,3550479,f26713caa3c02469f152f9cd1920163311f803696665f2bf125c111e25e4d7c7,CHAIN
1763934830,3550462,e4070691ebb724eae2f3f7b9480ef348f318d896d09e3f1e8ef8e7f6fef090b6,CHAIN
1763934550,3550459,0859ba5522598fe80f2017d0f1ffdd1057cb6b3a9a63013f4827d74d5251196a,CHAIN
1763930599,3550433,61d64c94d7f01665bc24e85da7ef7e5fcb1b147f59ab0a785c0a0014b5321a8f,CHAIN
1763930489,3550431,5c5e4ebef77dd763d8b22408994bc0cb301e9bcd773b72dc789d5b41a1127a13,CHAIN
1763927159,3550396,f4947245bd6bd4059ce8a336307cfec2a80fd9c8792201d3d30922b809796545,CHAIN
1763926926,3550395,ab7356169f5aeb02664f5d4da1b1deea72c5fa6808e7863b5a654cc550a8a564,CHAIN
1763923933,3550376,ee0f48477b99e7f29fc296b01738d7761968a812714645b716f3919ba5947215,CHAIN
1763922226,3550360,a5ac9fe6dc64204f32341966e42e499ad7c2b5788dd5a9adb5bb545931a20d3a,CHAIN
1763921319,3550352,56c246015bf9be6db92ddf7ff8af015ac268397062979519648950d316acab2f,CHAIN
1763920970,3550350,f0e09098e1914c004fa0621bd3435d5e0f464aa8815ae1e8ce4bb842400b556e,CHAIN
1763919467,3550339,af857ccdb414c0e01909783081e6d1e641853df11ad31418bda7aa491cdf97b9,CHAIN
1763918025,3550329,b52df603b1eea1683b4e46aed1d09caa438c14604e7bee87856dffc0c2446ba1,CHAIN
1763916591,3550318,d840214f25d2ff78490a82844d2d47f874a874c022bd61577c6038d5a0718b65,CHAIN
1763915210,3550310,d0cc600b28ff2fb44c1874d305d383ec4f57e6188b2ae15535ae42f0f05a80af,CHAIN
1763914814,3550308,e7e45ab49acd39bbab8ece27b3b6a8145156791fe4d5335ef6bfe9c7895c8278,CHAIN
1763913566,3550298,7fed4639cd6ed059a089b88e2e228745d52d541ef18cc5b001796eb1340fa2e6,CHAIN
1763911636,3550287,6c9e653612ed96e04b6180afd1b44666435ddcbfbc1b491d8abe716142fe3f78,CHAIN
1763909109,3550268,b4ee5be525665e4f471ca75d2684055a08a8fb294805cb3ef9ed5c00b0a1c208,CHAIN
1763907041,3550254,3b9dc676fb54d07746e9fa1bb12fe70a79692df54b0ebbddf3ab033b40e5dbbd,CHAIN
1763905557,3550244,9147c680b6b8b8f597d33b5a5c9e436b6af61322e565e03990fced43f16063e3,CHAIN
1763905071,3550239,eacde64f91a02ed61230796c21875ef392e8e175ca972ab3699cbbf8dcd80f59,CHAIN
1763904070,3550228,b4dd4721907dcfd16ebaf73ddf69c86e652dcb0ce50ab36eaf37595efe83d191,CHAIN
1763901015,3550209,b84ea67aff49374591189a4d937cc2a52661c6c672d2b62d34ddd5b963609b4e,CHAIN
1763899538,3550192,b236debe450185600e34a8be560e967caa7c6bd0be9ba7ac7bd6420a9c06e614,CHAIN
1763899316,3550189,26b9e4cb2cbf4ebe43006002b4002d4d6a059a49e615253abdf5fbc84c5b7195,CHAIN
1763897768,3550176,925bc685f56d72fb2d7d35f581e74ea4ab294530965b3e75727a8ca7c91efb4f,CHAIN
1763897760,3550175,7df8d2beb1b46453cf75681579df91a0177c755a57bfc8eb1730020c99cbc040,CHAIN
1763897621,3550173,178ea02489597063f2d40e76aead2050385c153902fe2421c756067652853add,CHAIN
1763896196,3550162,806dacf6790aa2662750f5459a1cd029d9ecb24ddeb4e2180d2b6b6eb711cc04,CHAIN
1763895404,3550155,e096af11b64c1ad631daf56304c552fae1cd6c1dc1bdba6bbf38f2a9114ae0f9,CHAIN
1763895204,3550152,3c62c64dab24ce3dd2cb3b9463d22cec282ac292f5b5305771a48653bd26c13c,CHAIN
1763894601,3550139,088989a678aa6a6163e238cd3d0853660bb0f15ffd146eeb8cecf10afd5d3c06,CHAIN
1763893665,3550130,508c2f818df4ff181fb3318fa4ee9aac7635379079a4c7e5e8b2ce18bec178b6,CHAIN
1763892885,3550125,c9083263bf2fdaf4569715e90b801749b873e2ded628d66e399132147f5dab0f,CHAIN
1763891801,3550119,611f4a2715a837ecbfd09f8dc0fbf8ed2a18cea5c402bbc65a22c94cda7db57c,CHAIN
1763891444,3550113,bd2a9909bc11a002e841ca7eefd6ff2be4291f8cd510d41576989e423267177f,CHAIN
1763891354,3550112,cff765e7d8f341ca0320ea24fa11c0b8bfb03bd465f129ccab0e58e10a3241c5,CHAIN
1763890894,3550104,d19d875d7c3aff7ee0799e2054a3136008ac33b9e5669aad0cfa1c10b9fac5e2,CHAIN
1763889875,3550099,c99114e77732ed3d4ca7d3b27e10fb9bdd26772a97c1ec72754e54c4996d1081,CHAIN
1763889727,3550096,413fde1946dda022bc11f675ee968b2eb0c798e040d5262809d0e2ebec9d22f0,CHAIN
1763889542,3550095,4e160a71231007dc28580a90794ec4ed67ba5351b6a0ab2d4baa80c6091705f5,CHAIN
1763889424,3550094,5a4b5afcbcaca2cca4db1608c67a689f20db38a77e8c6da181bf345f333ad849,CHAIN
1763889171,3550092,ad6e5d76802544345de4e1d4360ff2a616ae503643aa4ce33586de0046fb1e78,CHAIN
1763889085,3550089,9dfba1ab939f43c618fcbab579306d37563f6f35be66e5327bb8b1b5c4a4ab89,CHAIN
1763888468,3550084,16a6cd4907de60d0148f06c76a9272f8f455c61d9130536d3f484cee58f8a85b,CHAIN
1763887629,3550075,cdc2a08bb2b6963b073545509266af685698f173f306462bb91e8cfbbfdbdf9e,CHAIN
1763886193,3550063,2ba4ca8baa8525510858e9b662d403a17d3f27efeaa244cd5ffb9db5a066fa3d,CHAIN
1763883210,3550038,4b34733197d506e76e79e1b8dea9d7c35031c6dcf34916dfb8f7b733f1b5ecb8,CHAIN
1763883163,3550037,0c52eab5389dcf716f5d11babbc1b02fb95eda234b6e4d8d45066e99a1d1f840,CHAIN
1763882062,3550027,e47bb3cbb9fd12d2fd567f8a5cbf4d6fb22b0436ba33857300cdc605cf94b85e,CHAIN
1763878670,3550000,39d48cbde6cb7bee8cde6130f043763fe268badaa8a2d9dd46b583b3a3cadd73,CHAIN
1763877625,3549992,0b8bf18c00e292e4a8e0bf8c494c7361ea8712940dd2cef7c2e7d1fe380cdf2e,CHAIN
1763872910,3549962,f9d03a36de8337360a04b2cd497f76b39804c3b6b212e59be9f404e66db37e08,CHAIN
1763872155,3549953,afc1eef617c027d2011a3ccc6c17e55012b545bbce77cca620c3584d0ac2e03b,CHAIN
1763871960,3549951,ce74223aac060f653b50663781fe0e56322f7142346d944ab4a156a146ed9162,CHAIN
1763871509,3549948,a4111989ecd181f20f1a1d764f2c3c2d6dc5ba4f6a71fdb3046c241ddd97a245,CHAIN
1763870676,3549943,cc1fb015ee5a1a215c3b330129f2725072e073316f061e8fc0965a9fb785a6d2,CHAIN
1763870413,3549941,4bc24d438d79ec02ba9506ee0084701d953cb96e5e910804f783cbfa6cb43b3a,CHAIN
1763870208,3549939,dc298296182a60414e60df0417e3a2b01999c07f4b41bca61f061129744b410f,CHAIN
1763867909,3549918,e07bb41bf9086690a8c245b45e201659820a628dc3baa5407a61ba63527d8148,CHAIN
1763866956,3549913,4996902d56a2032ea67dec36dea8664fcf93725cd41c1544d5044df429b1a5e7,CHAIN
1763866864,3549910,130ccd9a981961647ae56eed9aca1cea2435a03d69ff52cf502066db180349a1,CHAIN
1763866403,3549905,eed7293ae886b431bb1b1237d042c12c02b0a2aacd0c4e2784af6466919028dd,CHAIN
1763866090,3549901,0d599b4bece519b740b90d8dd8aee058c3751e37d301d223b17dca9d80617d3d,CHAIN
1763865850,3549898,2c26f655ff904802d7a551d345b237c727009a6907286d7d9487d572e49ef1c1,CHAIN
1763865442,3549894,b6e1b8f906cc1f08c0207b7e05196087907ef0ede226b77969c07cf5b8a539c9,CHAIN
1763865160,3549892,80154c3045d6be004d0563564e1679d0ffe4cc2ec493c6b702760ead87caf9da,CHAIN
1763864839,3549889,f6a5ced8625493eb06336357d029207a1c126c9f94e66281b02f19ad262ec07c,CHAIN
1763864023,3549883,11bb1901d06feea0bbe24ebb512bf24366220ad1fc5990ce0c9dbf53bd7efb62,CHAIN
1763863668,3549880,4ea2ed05a9330a16ef9bb8f73e687c0d18b61123a90bf700d8e26682b9d036e3,CHAIN
1763863357,3549877,28c1555e71d70ca0685c5f52604186e41e96023763794a2d7ff3d3cedec8dace,CHAIN
1763862679,3549871,01d06d543aa8d4641f5248babf27e982d6b5a8b16578fb9296af0a839b3e377a,CHAIN
1763862624,3549868,e0179d834132b3d398aeb30fa074171b406898c4db4a621d88809e3cc3a5aa95,CHAIN
1763860182,3549854,9384543f53791ae6c0e25cb46dba3bd7a6fa38d8eaae96bbc0136173a8678b86,CHAIN
1763857317,3549829,d8f99306e7586173ebaa2a9b64538d118b347bc42fca9e0d992f458d19d4954c,CHAIN
1763856980,3549825,1b0beeb318b430c7171a2f918e4c4a1039db3c308ca034c338d711c5d95ba589,CHAIN
1763856823,3549823,a9039aac2f3b4d419f09f93f8b657135cf8dcda564f589458b8113f6eab82cda,CHAIN
1763856758,3549821,66404a1fd8b2944859a73eedb800154da5237ab528484a3df46425f08cd23a26,CHAIN
1763856338,3549817,fefbd94c99b3598d98fafe87f6f8f15e03a894bdd9c4314ebf31295934d66666,CHAIN
1763854829,3549805,cefd7badd6ccf46e8c318211bd445b0b9596bb1a7b88360140c71508d8924fd5,CHAIN
1763854514,3549801,a5350db30e8269307f13a31561b210ee7198c1e6271b2eee3974674e2930668f,CHAIN
1763851421,3549774,c68ab9d4d24d4fc7922aa2cbad35e278669312b8c7cf8f0dcd29fd9af7e50dc7,CHAIN
1763851324,3549773,37478aa62c4e5be3eb61486a39df2bd8f7ce8bce5bcc81f71ba7f736752e2f69,CHAIN
1763850408,3549765,b3df27a044e181bad9bda15c5fc9dc7a31f81b7a6c8d1769a118fac3de0119c0,CHAIN
1763850265,3549763,b6ac8166fc01eb9d56ec7a7555deed6c1e869fa07d7fd312e0c64b7cbe830763,CHAIN
1763850020,3549759,49ea3e185f3d4142b6884cac4062e019505e4c14938430b937e337bdf8773a5f,CHAIN
1763849407,3549753,411b108a534af81037cc1819b8d497b27409f00f995d9a85325b88104fcc08a8,CHAIN
1763849099,3549749,1ef27cfd56c631ea0add45259516a5f7018ce8aeca0e8f9fd7d0cad72890c585,CHAIN
1763848788,3549747,b5080c5267e95a97fc3e332d99a1e394a66659ec5e4eb527cec13ae786aa31f0,CHAIN
1763847720,3549740,37ad46724b1dc6c21113e6a0986bda20f0cc435c3f566ea117e4826ff20d8c09,CHAIN
1763845853,3549726,bc0509aeea209e88421f73f1b494dd921f103994bb026e96cb899d705c006434,CHAIN
1763845832,3549725,4c31cb07cff619b83c47f57d4aa124b36e7825468b4d7252a684ed9f71540407,CHAIN
1763844963,3549712,a9f02ba0d55b2abc7eebc8bee8941ea476f3a8a08ddf704d281ea12611de85ae,CHAIN
1763844883,3549710,c4c58e1396c43612e274619d86ebed5a14d1b821f38cef7623b164a75fdb2b3d,CHAIN
1763844640,3549709,1997876025d99137a06c41a2076be8ed702486b5849ab24ffdf3748c46ab486e,CHAIN
1763844207,3549703,b4fb100b173a13fce41c8fa4bed84b0085e3fa4cdcc6c04ea9d08e60b9309c10,CHAIN
1763843796,3549696,f3fa61a68150aab4a51f5b897c60fd90429c85291f99f6540fc42f8484442532,CHAIN
1763842485,3549688,6ce5a6ff4bbcb51d4ac40e2405a4d20ab8dbb2afcf953a531e7235d08d630835,CHAIN
1763841874,3549681,31b00b13a0d219e355d68dc4ad82fc1df4e27f257ce525fdfe05b717b0c84a0a,CHAIN
1763841408,3549676,5a7131aa55c1dfec4fb98d35428245320b7ca621fd3d4996a917f204681855ce,CHAIN
1763841222,3549672,c4732467ff740e80d1e0c4b8624addd9ec99d5522f151d65b40c2db95966f798,CHAIN
1763839619,3549664,0a74eed1ef8cc331645df61332236577060c2905c5939f9bf220085b66cca1a1,CHAIN
1763838926,3549661,354ca2def527c4b03e9fd7411d5532d340dfa23daa0395764f7aefe641d968e7,CHAIN
1763838293,3549656,d855e2dd5acc05364c2a902c3c4383ccc9a1402afd757dfb9cd7884d1e50a601,CHAIN
1763837908,3549651,cc4867803ebc171eac97067ed44382512caa9ddf00b9124d14a7d7e27740f082,CHAIN
1763837697,3549650,f10e4a7743eddd2b8c3046a130e2a9378d01f2369b8f4aa169917d796c529da9,CHAIN
1763837114,3549645,2ef3cbb8757332cde590de762724dd1c6a5b524fd693e633b6763aa6010d2aaf,CHAIN
1763837018,3549643,dbb079f007c8bb385c3b1b8d755dc02fcce3dda2249618eb74370cf00d334353,CHAIN
1763836495,3549640,1925b55655cd466b64c6c7a0be518fce503c2e29c21719a294f4d12decbd17bb,CHAIN
1763835397,3549633,7545c9a8e961772bae6619d5e833776a63766851e76550ddc56c1f68988f7c7d,CHAIN
1763835191,3549628,3a486baa39eb99d8e84a3fadd875ceaa2a9dfcb7b16c05a384b92e7329308c25,CHAIN
1763834930,3549623,1b43446fc3e9fea64eb5438da5230a5d844412c38b4cd463d64f4dabfba8dd49,CHAIN
1763834321,3549618,0d7398b923f9a6468838e6064d4f6f25fdf7ff83d6df689ce275e8c895d1d45f,CHAIN
1763832086,3549604,62d6ad142a9a61d93326169662ed89c63b2957065761afcffb35ab22c7d3fd0b,CHAIN
1763832083,3549603,86f37d54352ddada48ea532e56f82614201e2bfdc257b61e882bdd8310d766d1,CHAIN
1763831900,3549600,b2b36fcace72b4759560f5fb8d2fa0116f338d7b7d293e1cdfed0533667e7623,CHAIN
1763830644,3549595,bab0b9b551b4209f71c6db2374ddc4d9958d1de643a1042ba202cd4acc731cc7,CHAIN
1763830631,3549593,b08cea941c0aee8226a04953a8de0ec355055793a1800517f03e2e9e7305b6ed,CHAIN
1763830462,3549592,bb64200d173cb13a5b445f5c2ef8816f2912c6d8c00ef793ea52aa182a07748b,CHAIN
1763830402,3549591,6e25fa0befbab9c2d0496c4473e6bd0194b6c2bbaed56548a5186ffdce8a46e7,CHAIN
1763829459,3549584,959a916f3d3e7e41024ce14e318aa5639f38707bcb8c7183922b4806ff876496,CHAIN
1763828716,3549576,f8ac4844aac3211652dd331ce9750b2f7f11b56962d1905a572077db5b9762b3,CHAIN
1763828021,3549568,0a4822b32bc80219f7a644b344568e0a13a544a18031d3420f60a40730a47a2a,CHAIN
1763827764,3549563,0b626e39cf9dbe2539df03fc0297d975f1dba2a9493aba3dd78504a7b6ad42ab,CHAIN
1763827316,3549562,537f49d30083b5917c0d164b7485697054ecba48537c9efacadb815a34796776,CHAIN
1763827282,3549561,50555b6942c5a82034e55dfb399b21a7bcd3a99a2eece6b92881a7c35f7af790,CHAIN
1763827278,3549560,60c0fa9ec2e7390bdd814a65a2ac9d9653560704cfd5dc298f1fd9be8cd28f25,CHAIN
1763827026,3549558,8809388f3662bbe4630b4635f589cc617e64904c1b87f63db0594818ac6b25f4,CHAIN
1763823851,3549522,44b0bf804673c7ef901d159f4b359218b4a044ce46588184bee6c1009279ff6c,CHAIN
1763823404,3549519,b6e54bbb06c7618b454ff35a31f6af757b2ab541d161e12f18056353d1a34d44,CHAIN
1763823307,3549518,ea936a485965cd48a020dd796044112f6c9f3dcb998481130ca583753f7bc7da,CHAIN
1763818720,3549477,ccd92c9f1b01c60e2b1603ff854782ef62e5e9f10b41ae8d824c99a818bd1b61,CHAIN
1763818705,3549476,7a1f5a75da3859fa3ccd8795382cb18c530a8cb69e663c542b2b3005d0b0bb41,CHAIN
1763818124,3549471,38792de166f60586fd499ecea1821fc896dd4c152960624afbbe861a78db0700,CHAIN
1763817248,3549460,a5f37a2d7aa248d575542f733c7f1bc205553cdc5900c1f62566e4291302b43f,CHAIN
1763816245,3549446,06c04ca3acde740f20dc0aa1070be684053a56987a1afc4e60994ab199c6c85b,CHAIN
1763815676,3549439,60ecdf30dda5a209074d627a40323477ba8d1e4b143ed3002b740fa1cebc36e9,CHAIN
1763815573,3549437,70798d696546204120e9533fbf5821c20fe45ef9818ae2a9e6fb5935983f91fd,CHAIN
1763815495,3549436,ebb878a9284725042d6b98d03a0984db1742a5a35e3755d3aa8bfca4a7a74243,CHAIN
1763815381,3549435,97c3f9b1e7e692f5f148fcdd7cefdeb2f2c9e56208644f89e1e01ab53dff70ef,CHAIN
1763814882,3549428,e3bb16baca1bdc4cdcca62c00639f2593d970e47b1870124fd12079edd70edb0,CHAIN
1763814564,3549423,7881f28aef9abfbcb264e487b72666fb91d7e1f3a29fdae96f490f868cc701eb,CHAIN
1763812328,3549403,d87e179ea4c3f79e6d6309d31fbf1d829787e755d064dcf7cb13e7781a02089f,CHAIN
1763806294,3549352,32fd9c3bf73379b29f3f65e3536de2f22b566d189f149dcd73e6a06ed502659d,CHAIN
1763806280,3549351,a3502c92cce78c62135c7c133e9f86c4c40084d40757489d728dc5e73ad3f088,CHAIN
1763806134,3549349,87084cbabacb2a2129546b4a85e8c11555999ce24eb0490aa3e52dd8ac0defa3,CHAIN
1763801128,3549316,59c58226ca64fb4bd45b8879b937000a55f7a5dc96d5bd36596c6ec17d54ff22,CHAIN
1763799689,3549304,270ca08141c692510c98dac24d170f37521fe17be4474f5d49109f8c4663047d,CHAIN
1763798585,3549294,6fa23223f345448a9c129d26f5cea66bda9373ab27b96c05fd9382434f7f48d3,CHAIN
1763797036,3549281,f8db5a0780c57147b77c4ec03e842657fdcf9b0b42673867e7bda0bcaabb00ac,CHAIN
1763796565,3549276,536d8544204c508bf181d61ef4cbf379a51125ebb94f50d47a111e9c964536f3,CHAIN
1763788977,3549221,d3be6107b44065a5ae015aabf59db8a520f4c0df527febc043219111c6c156a6,CHAIN
1763788885,3549219,4c9ce331e52fceb53de95899c4361bfa746dffc123c2ba4ff216de7666a6f430,CHAIN
1763787566,3549207,b63dda482d03bbdd048b26d106e3dfda857caf1c5bbd44ae09cfc3a9ade47e47,CHAIN
1763785958,3549193,0ee0974b14279b0065c8a7304940adaca1194fca07ca030686d39ea538a3b2c2,ORPHAN
1763785880,3549192,ab7174eceb6d07be59e6a4f203b9401b1d265843a2922ac873be670d1052c36d,CHAIN
1763785580,3549188,dcb7ce8179e80bbabc04b865ac3826da1c8e95a85d47bb993676bac2b036021a,CHAIN
1763784691,3549184,ccf99643e40e737268cdee126999309b228e396d3cfff97ecc6f690b41926f0b,CHAIN
1763782380,3549167,2748f9aea16c86fffdd85fabb26088930a36fdd9c2dc631814728723f7c2bf40,CHAIN
1763781427,3549157,9f2c0bf1ddc0bd8922dbc737c0d55df912024968c5cecaefa28ec26952aa2e70,CHAIN
1763775445,3549128,21644071cae4e16c6e37970c02787c77c00daa71721fa89871369fa4603b9d33,CHAIN
1763775343,3549127,a94b97365b44e0f15fc8ce91732b1eeaf72908d421562df70216a783483225de,CHAIN
1763775268,3549125,4a7a76dbc5197e1410dce4c8fc3a14b452480096c6acd8bfc8b35e2b4dd979b8,CHAIN
1763774850,3549123,edb5297507150515f25102a50850b6d263c79bad3d2e80a48fc48f73dc1b0e37,CHAIN
1763773833,3549116,f91bae79dad7db22d6232a74f80c3dd5c8e3855ead16438be16c4013a88c9667,CHAIN
1763772448,3549106,cca1c0f1b866db10e507ed44755af272e68c8984f06bcead240baa6eb50afe1b,CHAIN
1763770868,3549096,25a8693259658a069f05ef9963537e91934b51d992132c963063f687d2fe4a68,CHAIN
1763768828,3549082,a6e8d1273e17d9f4d3d39ec937065e4c30ab290afe7aa6fdac4933d8f4d1f914,CHAIN
1763764729,3549058,6d4c090582ed8cecfc8f8d90ddd8e6b7c8b39dd86c7e882078b670a7ba29b03f,CHAIN
1763759707,3549014,2daa988b7fb03899abcbc70927c24d864120daf4c427137ce39be3828876c7cc,CHAIN
1763753843,3548965,89bd28312e46e6de874df0a522c0fb027fd51ca53cc25ecc2adf3e06bfa93c2a,CHAIN
1763753206,3548958,f4e7aee945b4099a1966862430b5341472b296ff10674a13969ec054d1595ed7,CHAIN
1763750559,3548939,cddcbbd6db8e761b13c39a2672719efb7b6a00710eb279332c77317122c5f3c5,CHAIN
1763749021,3548925,02164cc9221b1b9486ecd5bb360d47d46251f2b44f6a81cf3477809ca8bd9206,CHAIN
1763748805,3548921,5e841e98fe0227b63e15fd99c7b832d8be1a35af2d575e34e1abaa426cac8fe2,CHAIN
1763747002,3548909,8de049f73ca94ae2388c546287b6651557baed44608b0951b52d8cb6284857a5,CHAIN
1763742783,3548875,128c1876fb294f7c7f0630cdcce2edbfd0d40ec256a552009f5001a7cc083888,CHAIN
1763742733,3548872,b087eab0067e296291c8e886e0bd4e0c9030df999a00faa92b5b8be9753738c6,CHAIN
1763742566,3548870,43f64185ab9e04fa90fd8fd9840adff8ba4aeb29c35434718531b1835a7e908b,CHAIN
1763740705,3548865,589e86474ce9b9b2bc147f6234d099793602c22dfa5936a24f62e624d54984fd,CHAIN
1763739562,3548858,a624dd340e4f5e3bdd14d2c9a823053b964971e0e3fa1aecaaf46ac9893638db,CHAIN
1763738034,3548842,3b615686a55d91b4f1405f7ed18d831e27d074d1c87c4cc721758a215f78e1c6,CHAIN
1763737894,3548841,f2e4ec75698de545c8aa834c144e9f00935195ad568e74bd807e91fc5004e58c,CHAIN
1763736226,3548828,0eba1ecf485a49e503c45b760e38352223ed319ba0c7c5050f254fdee708b0ad,CHAIN
1763736162,3548827,4b033cb2400698edf31b9fdabe30a264ed8309067c85f726a5ca8250bf516073,CHAIN
1763735977,3548825,8a736391a3fe52401dc39307b9f6acc0457e6714f54f0d24fd83db7b2ef482bb,CHAIN
1763734927,3548817,05fbbe76c98a0d49c65a040cd95a82f754be5e3cd9259a5f2036e90d4c210458,CHAIN
1763733320,3548806,dff8e55107b9fe14386c3bf97f011b63061ddf12ea061537c937dd79495c1966,CHAIN
1763732967,3548800,cfb1c4aa188189ee81398be2494d0b39dd424c66fbff2122aa9a6c216743e8ab,CHAIN
1763730368,3548790,8d69848e6a6c224ab125d7e7a3cc8246cc43298b3c0f9b78ebf49ccfd4b0709c,CHAIN
1763730351,3548789,d440454fd9bb918971245719321a7d7d2ce6ef135926ebfcfaf244c9af6d59bc,CHAIN
1763728669,3548781,633baadde2ec0cb16d4789221aad9e5831201b4dbf7019cc773d05b2d03bd375,CHAIN
1763726127,3548763,030655d9be9ce18e9f9cbdb23bb47f051b14667027d0cfd2765ce19729d987db,CHAIN
1763725882,3548762,890edacb39c729d0ec3d40369f21a04ed6cb37d9ec1a212a98766ee8f9ea7cfb,CHAIN
1763724506,3548753,33b395356c25120dff6c186651bf534a0832ca3ac5a9a05deb44f6d69f397999,CHAIN
1763724253,3548750,ae24c3f398ae4203114adf4954b44ac63f055cc7b9e60118e20cd24005d63ec7,CHAIN
1763724189,3548749,c382839b21b4c92a32eee3c713bdb646416ab355b1608bffc82eb922674d9d4c,CHAIN
1763723649,3548742,8c45eca7ff08d39c8e46713133491b8107c55dca74f1e90ad3ab46d60a7d83e9,CHAIN
1763723573,3548740,b4d58632d09d4b088e915ee6d33529ec8970e24996f04f188bd8f3def05350d0,CHAIN
1763722153,3548733,f878ae771d98bb6ad51a6252773d334699f50caeec21ee52b4e66302e2fb07ce,CHAIN
1763722059,3548732,f8682584d9d82f0f08dd5ab8835ad3bbfabb76047d108be03ea15dd160505c5e,CHAIN
1763720128,3548722,011492b1726ae4b778977bf44f84ac2cc5f2e2557cd28d9e5d879b5fa4460fc4,CHAIN
1763719836,3548720,c6d0749310bd1ff8d045f9c46be7783566ddb1d19ed1faa16448954e129f7ef9,CHAIN
1763719253,3548714,d88d15c226df34a2b57c36152f321c9cd89969e52d4d7eaf7af1d1d0afc39f59,CHAIN
1763719066,3548711,f77af9e28b306a84d26856cac17c3a783773391c231a658b3106ac23f0089d7b,CHAIN
1763718700,3548709,41670af07f4db30615af012e6cfc50c5d18d7711ee8e5654a03129d5ce20ad74,CHAIN
1763715891,3548691,43d09d9d94182ce973e3de14eafbb4003400e98f53ad940a6be455655b8031b5,CHAIN
1763715686,3548689,35c8b9e1754f010540d614c281a10d16f2d3024f9ed3bd1d6af06f047389dea6,CHAIN
1763714949,3548685,a0f80e77d22ae14da082ef0bf2610183ee19cfa734088b704ae0d98c265051cd,CHAIN
1763714463,3548681,7514aac3622ffbff4e37c5ad74644d26ce37527bb0a03e77182d6de8faaceef9,CHAIN
1763714322,3548679,52969950c2e95f6f5edc50517d6c3f0536e1702a082a65cf10ac00d280e6c0d2,CHAIN
1763711666,3548662,5b1990b7d26354cf9e1dec632913718419e0b5fcf688653afe5034572744a61f,CHAIN
1763710663,3548658,9302c8b6cf408f06632ce82e0cb8ec66522cdfdd895d0857058b25013e61cdbf,CHAIN
1763710270,3548650,daa0f0e8cfd6fdf50317ff5d2dcd539d6823fc302fad98d61795b65821bcbfe2,CHAIN
1763709306,3548641,a4f3dc813f4787237ede170a0cfd5058a04499c7d93e9d056d109199908fb816,CHAIN
1763707716,3548630,3a66db45eca668658200b441c4fadf647ce963b06734c4053ef1cf42603b2e7b,CHAIN
1763706877,3548621,7c626f3536d9b1c0f82a918cc331b73b4fd2ff8ffaffa059b70f080ac829d94f,CHAIN
1763706121,3548616,f3f5fe6248d1f539ffa0b7208a80b86c06b35532143482c4f25b8f06b9c521bf,CHAIN
1763704699,3548606,b9e604fa94803a3e3ca3bbe05b94703e158ee7f7ba9bfbd573af158e988bee82,CHAIN
1763704238,3548599,fc79ce645240a39e40ae16a65fd623a8615f259410e64ebdd49273d45d8c6ffe,CHAIN
1763703699,3548595,70b71f7095c0b80eaad6129a509fbf57057ed0c2bc9320b97841ea96dda4cbad,CHAIN
1763703319,3548590,fbf19956d2bf4d5c7a9386776f166f8d2c5d9915a36ed415e27658f04c0658bf,CHAIN
1763702856,3548585,6a32d96ec3c8595051b2a9814af38912dd4be18c73ee5c87c8e86bbd775499a8,CHAIN
1763702797,3548582,a7d2b90c16aab3b9fee1ecc10a34aadbf243f205966b40673f25420963ad3e2d,CHAIN
1763702244,3548576,65b30019412d349eea1b017608b621d029d45aeefa524548bf1033ccf01bfdce,CHAIN
1763701914,3548572,ccf2317b5b0bd39decb6539037192eecf69af9bc0b3c1ecb874559db19d757f5,CHAIN
1763700465,3548555,51fb7b13bc4d3f093b2f0f079831b1128bd387d980cfa30f1d64a49795e9199c,CHAIN
1763699497,3548548,bffe48899038b5670223bc99159d75258d3aab6962f2ff03ef9ad6cb6dbe0023,CHAIN
1763699381,3548546,0692289bba19a1840bd46e49a954c49d35d30663977cf19ef2dccc05dd20698e,CHAIN
1763699211,3548544,0439a2fa345524247bd37a8c6b2d0638dc4f373499928454a36487a3c532668f,CHAIN
1763699188,3548543,1ea6600c80a34ca1156a20783b1c2613b115cadcca580f72b79bb19fef66ecc8,CHAIN
1763699027,3548542,e0dbae65d501d62a62faf44e1066a95257d311a40e8366834707b16e69d72940,CHAIN
1763698781,3548541,bfcde3976022a9798e1a05e813dda0cdae8c61289e83b417c509769eb9cdd32c,CHAIN
1763697912,3548533,c798720c61f01877f4ec09501a02183a3899d43494025170719ead69845e1fcb,CHAIN
1763697423,3548527,f1f71f930b5a89f78c7eb966222cc7c9d9200d8817e42b35a62c727c1f160e48,CHAIN
1763697335,3548526,8b1092e7ab1ce761455973d8944299c9d6b0e8d61d3c19ce68b3e486a9a78a50,CHAIN
1763696948,3548523,826eeccca28fe28fc9af9ca341ab9b8e73afcfe0288f5476b6a180372be33f4a,CHAIN
1763693821,3548501,a5fe06cd04160afee5aedef3addc2823877ca77f27daaf58948b846728ca316f,CHAIN
1763693748,3548499,395eb65eb3e483f964c0063df59ee307ff29188778f150d58e7abf09f6e2ae83,CHAIN
1763692595,3548492,73f484191397851480876ca39a929764162164c60022e82e189659c93861c90b,CHAIN
1763692467,3548491,1565f4f7e17d99b3619d46cc9d5ccb79d2a68721080a2a9959a8e07624fe7151,CHAIN
1763691835,3548486,3c29c8677f3b79c1a42d4250307a3a1ce8563e9b67bff2ebe45ca15a37fccc75,CHAIN
1763691418,3548483,f8bd298fca8d8c9dd3d67b81d71277887d053a36ed88fb2edbf3979774bbe5c8,CHAIN
1763691129,3548479,ee5f973e4062704853ac378aa698f3e4f4668c0115114dab655729b0f45d5842,CHAIN
1763689409,3548460,927793bd89d3d6eb43c7952f926c23f2a79be29f5a7eaea7e3479dddcaa49dae,CHAIN
1763689016,3548456,7d82be24402cf58eaff2708ada981825dc6b4f2431cdfaf463771a34025e243b,CHAIN
1763688641,3548453,0b48b74e1e6cc2d9fe6b03e42af9baecff45e4d43dffd087b10a82062816af41,CHAIN
1763687960,3548447,2706e23c10bb7b152a188d6642b00f3aedb3f7140c6d38fd7681556301fe4f86,CHAIN
1763687341,3548442,88ceabfb6683309a6bee9b0321c6b03ab0ae262c09e1e5aa0d2ca878368daea4,CHAIN
1763683778,3548423,ab38a3789eac58090cab5d4cf3a2c1040498ca6be94a304c417067b077829c54,CHAIN
1763680090,3548401,f7a575c39c48c41022d715890150135cf1feb9c5ce1449e1b284d074f77b3019,CHAIN
1763679665,3548396,489895e82717aad62f18d62e7c78fdbb4d0741e1fafd81a5366f1e4e22cfb25c,CHAIN
1763679611,3548395,de5210aca3ffa39ffdac4157a96b107e98ef0284e9f16865223637f166e864d0,CHAIN
1763679480,3548393,34d402bfd65983359438831924b9bc2a1df6f544945b9aac2439339c1d6a3b62,CHAIN
1763678355,3548385,8cf20ea8e03e90d5d74d07dab66494bf71af213cbe66701831a59d9ec683d18e,CHAIN
1763677409,3548375,7d876b7a376dfb8690a14635779832800759a4dcdf12dbae60df320bdd8fa06e,CHAIN
1763676677,3548365,e214db4956fa383a32f430183c4c5f132740221a72a281cf780b185172f901cf,CHAIN
1763676101,3548361,2c6e0e94afe2f8ed68773c2824abc34d78a063d1c51245a2cc6cc6e02c47e910,CHAIN
1763676018,3548358,f0f4045478134ffbf897adc1c6e27fdd3fbb3399cd5a0adf46d16597401d366d,CHAIN
1763675374,3548354,e11c700bc51e10b81210a1a75f9f30534e3d4a20c9c1b6052d7091b6c8f1743e,CHAIN
1763674797,3548346,044be95e7a6882b370b8858e157fc602da683f89bb05fb1e7e04d17565b07657,CHAIN
1763674175,3548341,1ede4fae6c5ab9b756acd09c16cc4748f2ecbdc33f46c808dd0633a9ce807474,CHAIN
1763674080,3548340,a6f884981291ba37f132ec3398357c12737caffd8da1209fc100e76826812d65,CHAIN
1763672763,3548334,66ad89fbbfa83676b443ca0bb04a6d801ad8f96f4b82c871aa6403c1b484d31a,CHAIN
1763672500,3548332,736dda5d23b02d154c122c24583f768b2382436b0fc30821c32b0d59a8b65831,CHAIN
1763672008,3548327,2d83b12b6617963091086d6557b2e1878dd800a53f4789a7f549aa967e0a393c,CHAIN
1763670154,3548310,ec0ee6326f9e6fff4b073bd285717c18234aa7a7990236680c071e36606e6da1,CHAIN
1763669931,3548309,8c7c02fd30b13b0a3c4d2b6d3a8ae91af53ecb01f542fb902109b4a22bc3255d,CHAIN
1763669590,3548307,e22e640092c57d1567742cff848debe32e4f1ebaf69f9e5acdc1e5709a97f733,CHAIN
1763669230,3548303,2315955d044c4ae5853ef4a6deaf33e4a0cdfcaef3abd3253dfa510ae3ebbe66,CHAIN
1763668891,3548301,99593f8a00059e50b484f6df260dbd4ef01f9c9017433edf27d48f311a54d453,CHAIN
1763666827,3548287,6eda83148314d5a3343337d5ee7c5cdccec1905784160159899f198fbb0d901b,CHAIN
1763666463,3548279,64d238b5fdb7080840bf3e6dc630895de5c4b9b1837549bf3ddc26738ea3d72c,CHAIN
1763664907,3548270,1872f73b798fb15118a24706b50dd0e78de0107902e97ec1ab69d110c490e9c1,CHAIN
1763664836,3548269,4bac9fcd20e3d094b2bca84ae89a854b0f24b7fe20ab4bf25f13587788ecb495,CHAIN
1763664626,3548268,4bdf6eadeabb043b39f32c9bc47c88161a86a8546f6e0807bd156de76e215a20,CHAIN
1763663075,3548257,05667f77ec8e2430a5506d1ff98d31d58a303f2bd267c20c47550115bfbeb788,CHAIN
1763662805,3548255,820f3744e2f0864e0b922fc371384a374442ca2c5fead892f8344fb29953a504,CHAIN
1763661693,3548244,ae9fca74aa93e045d1de59bc7d8cf6aeee6a15d353ba6f392e3adcffecc47d2e,CHAIN
1763659224,3548230,c66bf9b44b047bf460d67dd745ec5dee64c343c8624a0f7d027350e06438ec14,CHAIN
1763658017,3548223,020acc8223fd2540a2942489c2ff84028d26a5df7e7148f41b515910c64c218b,CHAIN
1763657790,3548221,13c201aeefff10def69ecc08ac4c70c8b43ed6721e8539b84016b5f10bacb991,CHAIN
1763657524,3548220,9ae816bc8186595412be2ca59b47b2c7bca6b1df6202cbaf8c7e5cad24e52b3e,CHAIN
1763657211,3548218,a08dcdf9b7c53c493ed58819768b5893cb5142919444dda8e0794e160f284fef,CHAIN
1763657154,3548217,459849227dd0fd2648786f79c7116b3ee22f4f1811828c11992e2d79e0e0b193,CHAIN
1763657019,3548215,d7c00382a77b8f9722f96994c7c570ba5140c1a77cb0a36e9608030336640b6f,CHAIN
1763656351,3548208,d795aecca8f3bab0f1bba40004c3b0f6fc0d8863f4fa0e2a7c90d487c1ec4f69,CHAIN
1763656270,3548207,e669fe4b8d47defe04cc2eba5a075cd5128c2958b33801061e002c7684110e39,CHAIN
1763656227,3548206,3a7c280d8cd5c6d7775affcfee231a9c47fd4cda2cd719804e214ef90c13600a,CHAIN
1763655946,3548203,72003d1257d0407fa1f8645118c243f701f635a0ed6c4c3a2c8b45734b40c08f,CHAIN
1763655685,3548197,19ceb37e835f27f12d15cdcecccb6fc66f82cc55e6ac0216b5d4260745977c02,CHAIN
1763654600,3548189,a5988dc653faddacc6330fbc8fbdd8816d517b7181440b46a322f8e21f6298db,CHAIN
1763654463,3548188,02366f60de0082d194871daa7cfab22e1bda454b3d8e2d5d55dadc4c768c10fa,CHAIN
1763654158,3548185,f122726bf55995238c690c4dc7c6d3eea1a31b608a755b33e507124e790a4fc0,CHAIN
1763654014,3548184,b9b3f8af1a571b0075e1c3b6702918ede802442ccd8fb668796b73263d9b6912,CHAIN
1763653746,3548180,79a8aa3653fca2df654a977a79cf3c96f93b6c47a7223320c9671acd137f8273,CHAIN
1763653079,3548169,1870af78ea911742880e19dfbce9cda176b7e35eeb8c9ce594763440be1e65c2,CHAIN
1763652107,3548158,f52effc5c5420b25a85012c67e403410dbcf6a340e39d96cc98d7edf795ee67b,CHAIN
1763651448,3548155,979333ce4ee53eb82336c50ad9907e8298f354d6b347153072a00b6eb7a1008a,CHAIN
1763650881,3548145,6c5e611544282f6e15ff4ef3eb3284a4be682fc2cbfdeb83159cbcbc207d5225,CHAIN
1763650270,3548138,f67ff71d7cc8961bf6ad53c8e2c36ea8ee0b01c347f7429475426d2a77b7e83d,CHAIN
1763649783,3548128,ef244673d2eebfccf1a9d8cda67726fe39d819ccce81c3d9472d0e1df6c3afee,CHAIN
1763649482,3548123,368bbbe04f06a268c3d59deaa3f8a625940941611f6adc00cae963bddabdbb7e,CHAIN
1763649326,3548122,1fec258e2ab449445d1a97ab394674eeffa41b62d90da4ae12d8cb1115ce1967,CHAIN
1763649311,3548121,97a6c09472e4ccc44cd3eeef0d98aef6b4dfab855988dd4022e218f753d84256,CHAIN
1763648964,3548117,7e8f19e751dd06c81885e3061ce31f6d295862489f6f9b43f35df42f039e6bc9,CHAIN
1763648941,3548116,f70a05d1663fb491b190c7012c2323da37d82ecc3f9c46562709bec12d100521,CHAIN
1763648507,3548111,ff66df018098bfef93b8aa8fc4d913e875d879d952e9f1ae7516677f39356244,CHAIN
1763648065,3548107,ca9df36cd52968e0cf73345e299d8352691ccdab797027c765d9ba87e7acf106,CHAIN
1763647829,3548106,2809768e26b7917d7d1702381fecb27e36241eb8a177e2b0b372d1ade92522c7,CHAIN
1763647827,3548105,b6fbaaf904620031a1d4cee5ede2696c59cf8af153946eeecf6cddf6b2fd6191,CHAIN
1763647294,3548103,bea094ad849c1c26684e2ed818ae74b8784b63b9cff97e1b3193d494024db459,CHAIN
1763647144,3548102,db49b7d44ce6c7168fcb5b76c4155b8f182542ba1b971b79cd61deb8b061b797,CHAIN
1763646212,3548092,576fc904f157c9d7b944d453c35ed5e5e8d37cdf8eceb0f06de9c73aa1094823,CHAIN
1763646168,3548091,605223c22671d3916d80941434a9772961b2e2c791cebf307d4947bd471e56ae,CHAIN
1763645736,3548087,814595b0629f3e7de92d94283654a3e0273081c274f8bb790165320b222a9c9f,CHAIN
1763645720,3548086,fd53de05f6db8a8f29f59e15983eb248f39f5224459ef0725ba2e78f76d17384,CHAIN
1763643333,3548068,4f0f6ae3b9a4db67876865f1dd64561308a0f6185f5f47f534573a4c3d89dfb1,CHAIN
1763643090,3548065,3b7dd82a4c1e77140dce0af60bda5a43462222bc45798a06c381a10ab57fac75,CHAIN
1763642861,3548060,7c449933a16b1e2793d2ebcb953d26139c87459b6d440e2952864ea5297d76d5,CHAIN
1763641661,3548046,f845427a452208cb81bcd0f09bb99312eeff6d48102c70a7cbdcb857c6e72409,CHAIN
1763641424,3548043,c65df3cb6a48e7ebda4323a23615fbf72b7b241dd15790d165361e93e9104065,CHAIN
1763641125,3548038,a6f639a002f8a22db77b2d65d88ec160008ebbfcc6637a91a053b9984502782e,CHAIN
1763640344,3548026,df8019bc01834eeba8ebdb0444e03aab63686f2a112b2d0d7951f96e43cf90fc,CHAIN
1763631914,3547958,ddcc414fce2d57f1ed2c9f61966c9028e974a405d3cd3698b6554cb923968745,CHAIN
1763631872,3547957,abfc527e003d49d45c8bcf180ee7df89d7d9e03fc7b29f79a7fa4affc5daef05,CHAIN
1763630268,3547942,52bfe3d401c1db2491aaa276879543537200adf0db118a95c6f2b07de589f649,CHAIN
1763628794,3547928,324022f3d03ea12f7630164c20f9fdf1d27bd02c83a732541bb36f3fdb17ed9b,CHAIN
1763625954,3547910,467009b4bfd8aaf83b6b8883ec5a3d637ac0c9c7f70f8e1d905f208d272a7dee,CHAIN
1763620947,3547865,c7d2cff2d485d5f13ece5d7ee0283cf784f7024aad883d56f615d3a73dfa582e,CHAIN
1763618254,3547839,ab6ffb56a943e6edd5edb1b2244fb695b15a67ddffedc630ecb30d7184c3b405,CHAIN
1763616782,3547825,b712c48e043918f363ca765481b5faed2c62f50e56301fb3180accc14562a6cd,CHAIN
1763613481,3547803,142769ae9d13c1f891ce7a635377c01784bbf90fc7c3ecc79592f64f023f85b0,CHAIN
1763613233,3547801,789132cecb9a003975640dd2f681a3f48aa172c808f1867589d821fe480af895,CHAIN
1763611920,3547792,23874fdf67da438de1cabc1cec1c55a2e171dcebc72cdc8c64deba7635136fda,CHAIN
1763611651,3547790,542f277b17bd2a8357bdee44ab578c4a7c7416d5f3db9e5f41f4bd7f7affbaea,CHAIN
1763605872,3547741,affab8ef0c9691d3e07d42427d3724922ffb7595bee11d2eef7c3c7dcd85fd7c,CHAIN
1763604305,3547732,cae899c6d77565d04eb2a4b5bdb48dac674881da8fcb3ac3ba2fbb28390d2e5d,CHAIN
1763602942,3547714,35c7ec4ca9f594f5ed6f323adf3ffbb9a0eb3e0fd56e7634270b2245d82621e8,CHAIN
1763602557,3547711,dfc58a9f9381ae4bc4a6bb81352fe559127a2dfd38ad7c4678f3b3a932885cbb,CHAIN
1763599167,3547688,c03c1997952333387845fe3a610ad88bbcd103c778ec5687ea91ef69c75d9f19,CHAIN
1763592084,3547631,9015410fbdaf23c7339e0035c09f617d22637f3c677219c47b2bb40e53032c93,CHAIN
1763592023,3547630,0dea17149d37c87a5d725449557a2cf60732467948189a97ef2bd420b7ad4282,CHAIN
1763588663,3547610,62a3e08aaa8a0acc56eb5ffb15f87dc12ab27f9fb4b6a33c28647d077a54716d,CHAIN
1763583721,3547575,c1e51326ed1b247e58c67142d84d40b9217b4f306ec9a4832972981e4a37b21a,CHAIN
1763582135,3547562,06644bbeebdb8c7b2bbfeda37c094e22d210c143dbc41abb5582acc3132a6d72,CHAIN
1763580947,3547549,426d7944d132efb0e82f928ab9ce835eabd6c806a3d3aff746f8a5ab5c227be0,CHAIN
1763580837,3547546,2571477a3d7f7d74a21abfdbd2f486425066a13b19c6c60dddcec438ddf189ec,CHAIN
1763579280,3547530,19f9fb775d2990095adfd3cbf257cc3b97533e3ef5e37f1ca3e00f4397b44f87,CHAIN
1763578166,3547519,b8cd216edc76de64e85b1ce6f3a23b3e70cb85c39035c3957e6e32bc74c22789,CHAIN
1763577534,3547512,dd58c68ec4a2a959611b4204e86d7accf5b6cf05f97517292e6f281c8aa39541,CHAIN
1763576683,3547506,be04c4c1df19d039743a45f61babaf3149b4207770757f1db7176f2dfd84afde,CHAIN
1763575108,3547491,d62d36cee80bbeccf017c1a2ab30b929da2793bd07497e31aa9fdf9c1282c9ac,CHAIN
1763574625,3547484,8c1c3da55f79e1d05756996aa5dce429bfec5e0febfd7af98e58edeec5469fbd,CHAIN
1763572950,3547468,962c6117581e069b3afc7ed1cd27e77d35ae255902aff224141a33e3ecaed9f5,CHAIN
1763571578,3547461,f4c159d6da7a6b9a26f7e5714591740042a8599f034136b0418da2e974ec53b2,CHAIN
1763569942,3547444,2369de284f41fd6b6c100c836cf544285bf72f7f0ead59537d1bda850c533b44,CHAIN
1763569750,3547442,18e4d821701150f134d26a038d3b31eb5e20d5906702b0b08f1c0574eb9cc6b8,CHAIN
1763569732,3547441,358e45b4cf645d489171a1683692ee1483edac5eba7b1e789f17bbdd7b0eecf9,CHAIN
1763568291,3547430,2327f9db78a8e8e36df2146126a0aad5042bcb16f803927ab8f16ccb5f6f929f,CHAIN
1763563834,3547403,41ab3bb1c41572360b4dce27bf7886cb58e383d10fc61bdc47f5b9ddc4c2cdc3,CHAIN
1763563693,3547402,c9b34d29101e2a268bf7e2181652fde8f703bbda6b33b43386a79866e39fa348,CHAIN
1763560760,3547373,2909118ccc85a2861a3994f09de8db257b17adb2ffce19157bc4e1f642822d6c,CHAIN
1763560425,3547368,16fbbaeb1c008ab4953cdfd1e41ba88619439c5c912962fbb73640772868c8b6,CHAIN
1763558749,3547349,44cd4b2ae46ba6c8bd9fb08a52afa6a4e45cd64f331dbd4c80ef24b67fa01e28,CHAIN
1763557350,3547338,af2365cab53dc1c452554a8b1fa46d9f244e28923d9b53e8d81284e48942e27c,CHAIN
1763555503,3547322,27a7717467f6f9a63c8962fc35242f0de45934705fe9013f4929a1b86324146b,CHAIN
1763554787,3547319,b97b2e204e1cdf799634905423c528335255f35a1626a51c0ba8e7f77384f7cb,CHAIN
1763551447,3547290,ca023ccc841697f8494920bc1bc91b7a9887d08e428423d9b2b745efa2e3c742,CHAIN
1763548680,3547264,6cd6fb32253ff8177653ec6070c68d7647bea3e49731b6c3537062a0a87bad03,CHAIN
1763548530,3547260,d12a9e6506e514013ccbd01c2c00cd34baf22877a7ffaf9370d29bb8ea874b3f,CHAIN
1763544155,3547231,80e9a388f68354ba5e57578a9fd54de382e867ea3940b7faf132b45574bd6749,CHAIN
1763544056,3547229,60722255d4cd7ea6d9af23a74f5e58f0edf603766f899264214a32bada41db29,CHAIN
1763543012,3547220,aa32a18f42806bb8ccd2d24e72eab9fc09d1aea49b183029d99e2f15a4f9ab2c,CHAIN
1763540976,3547201,f37f40d52710adae06e806fbe1d7868a3dd9e628fe35f88d264eb5cd17be8064,CHAIN
1763539778,3547186,9cfed7c32b9c34966104b33ea0a0394e747e1daf8ca8c72094914257adba1e8a,CHAIN
1763539463,3547184,e09310e999bd90bc04426b55bbcd6871c1e5269658a7ff73958d760771db21cd,CHAIN
1763536747,3547155,9cc2639b4675651ccff36b76f2b35b413763445a85701c61df214438daaf5271,CHAIN
1763535075,3547145,8b7ef439103479023dc92fcbe3b9cca7d12730499303a324e0ce69b5db199efd,CHAIN
1763533997,3547135,3cae5fd3b37579a980bcfff51f8d3246e6819b9036df86e81a5c180a6292f7c4,CHAIN
1763533977,3547134,01af00c7a93933a6d9933a3d0270dfb306c40c6bf69ce1e93490df2224a1bc83,CHAIN
1763530823,3547102,1d2ee840984511c3d16fedeee56594a146985fdd870c31cd85a36ae254663364,CHAIN
1763530631,3547098,07def82d355ec6cb5156b4b52486adbc4f8c308352d6dc821f90ad78c2cd0417,CHAIN
1763530597,3547095,1dbda6c16fa5db2ea90a78df58f841c7db7d51cf5377b3d97d31a31e0e3aad73,CHAIN
1763528955,3547084,66932e9a7332d7fc965f4279a3d4a48e8418905df269d65074905b93396ba1a2,CHAIN
1763526143,3547065,595b1378dcd9acb013402248250fed5eec996648cb5f2e783a2fea5a4d6d2e9a,CHAIN
1763525858,3547064,3e3c5dd0192153dae8be753ef0f04efcf784f2b2239f90c5d5bd43a602529c80,CHAIN
1763523026,3547047,a5842140397a380f03960037cef53034889eb8e5c20a3f6b61257b69cdeae760,CHAIN
1763521558,3547035,314ed7995ff4632c10816e0f4a983a59d2c9a786dc87524d8daa2c5e8ed47dcd,CHAIN
1763518329,3547015,b5c7b40657860fb61f20cf8ee785f29469fecd0fe998894c6c9bc0bdaa342000,CHAIN
1763517266,3547007,b5ddee1d15e09e0a964e9e6118715222239ffac178f585da142bf0210dbd1ef6,CHAIN
1763512450,3546971,643e29a7b13a8bcecaea8223ddb0e838b1791c9266160e39a2033f8c081feb06,CHAIN
1763510968,3546961,f38c22c162d2ceefa5ac0510a2ed84a49289db45650a91b51b32624bff8e7d97,CHAIN
1763509914,3546952,cf6df7ea4a94e9ec2d146e6daa96ffbc7cb564d27b8bbf3abf24a1071aaaa30b,CHAIN
1763508383,3546949,cd6b93dd2e885cb048de4e5810040c06f6bae90a8d2efd7185acd2bcde8fde04,CHAIN
1763504037,3546912,23a5924a564891983e83d723c6f1a6e6733a7bfc570e07e4ec19d28dd70cb20a,CHAIN
1763501065,3546888,5eb1161b371d862607472f3e2b4e92829414766bab7c7f13b86a7b914cc13ff5,CHAIN
1763500865,3546884,d5df79faedccb6b212cb545d45623d32516d8a20812707e28af6725b3b023e69,CHAIN
1763496079,3546850,bd4e59234cf093a1d9c34dc2e7d5412e117c0e353c1a4e41fb0d7bc6fa1eec8b,CHAIN
1763494804,3546838,5b61833628d8486cc5b762eefbcacfa4e5c8b98c08bea5b7d41cad2f8a6045a5,CHAIN
1763494626,3546835,858e0079f080437a423476aa3644985fd967483b381a8f1d0e1517cf56f15bf4,CHAIN
1763494613,3546834,d9e0df6b0fe9a6c4f62c89418af71048a80139915a3ca84d5a6077c072772580,CHAIN
1763494570,3546833,ac5ae96b67db44f7462d28da77be150cfcd0df76c5ba94f7b269d828c7d64c56,CHAIN
1763494539,3546832,8fbd299cc15b405fa76c8a56e3bc9da6cb07439ce9ceb4e48340cea15dfbc727,CHAIN
1763494451,3546830,39548467e7fb1a45ed95e7f890398fdd9031346d0d647aee6e1288f54040f493,CHAIN
1763493021,3546823,8c356cbff1c532930e15f7f12e55358ffabf01310a0d8822565cf7b6141b9590,CHAIN
1763490309,3546809,46d13202bc971d17521dedf77e643fd40c04fe35ab01af2894aee7aef512263f,CHAIN
1763489680,3546807,8ca38bb0b01ef7836e7216ac024370e92d932ce08006735a84e36b6133600904,CHAIN
1763488410,3546794,6f9726f166882809569a6b77e0dc5f9a10b743dd5de19a33d378a9128d9b94c9,CHAIN
1763487098,3546788,9235877081b72c887fce949ab945806ac598969057502e3bf03ced5c3fa54d08,CHAIN
1763486729,3546783,1127178f8442c8970eae09577af919b5afcf1d80d62b25643ff2f2af45c6395a,CHAIN
1763484160,3546760,7fd5954715459595818230f03ddd6740f368a573ea8ed7a732a322adbbf5c46b,ORPHAN
1763483607,3546758,3d7eb9f3326cfeb25e0e9be946a6cc69e394e22ec42c5531fecc37668f6e5294,CHAIN
1763481053,3546733,04089bb0eb8849e61b8ce6bf8422acb16b215d10a6edb77850d2e8ce918e65c6,CHAIN
1763479532,3546716,ca05b9db163b9d21c81f96e6dcf40f3545179716bfeab51b3bffb019d67bf3fc,CHAIN
1763478097,3546709,e479eeae2eba317d565854ea86b10944054968ab41307fd63668d740ec31fac4,CHAIN
1763476351,3546693,b0011c9a9ef97eb2078849075b63d7e7d271da7cfba934641a0a4c533f72c9e5,CHAIN
1763474992,3546681,e4a54d2f3681c323afc34dc0d3e4f1ca57bde9cc08e370a57f11b00b8eee3f40,CHAIN
1763474841,3546678,c2408dc63f645da3c4c78cdbb6c9f921c2d09632679606509f17de273a38979e,CHAIN
1763470574,3546638,43cd2398417a2cbc08011404e9abdb2f3f9f3ce4ef1d4f2c4b5a031a29a45baf,CHAIN
1763468774,3546623,0754f74e63da5b13add74e67b3089456dd48b285ae837e4a01d8a657b7fde5ed,CHAIN
1763468698,3546622,15e624da921c8f5842fb3ce31ce7ffcb50edbe37cace8eed5eef51dfc86d8857,CHAIN
1763468643,3546620,58da0144dc16beb3ba2e594db1d7af3f3135e06972bfccd02f4afa4dcf805f53,CHAIN
1763467197,3546605,db6db2ad669eed4879f5a8d93a1dfe462a0968e5fbe77f0bb2ee11ebbdfb954a,CHAIN
1763467124,3546604,8e7377c49cda084128cbec94960bb5a1605950b0e260801a7fd3d9f6ef67d24a,CHAIN
1763465939,3546591,086fccfa7a1c2a4c8cda4c4d0127c7c9e355353573623896c6c35ea35720ea5c,CHAIN
1763465587,3546588,c1e5865437976945c21502764797d5702396e3938cc2428811a9291503ef3a71,CHAIN
1763465213,3546584,820d4b50f3a888e0a8fffa8a783dfe8e2212a871a9f7effd9e913704f8a7dc8a,CHAIN
1763464439,3546574,6a1f89bd7246f0f0e55d698cd3291d6b18e70363f669a68816ea09c39010aed8,CHAIN
1763464400,3546573,0d05e1d0752440e1d869134e40fdf0656e3ef708b2a49c19ac505b6191ceb15c,CHAIN
1763464182,3546569,40f77f8a549b55fb733729e6c7698d78f9ee2eda5e943248f069cef49da4c1a1,CHAIN
1763463089,3546560,af5a8e2818d770ab6bcbc75e48846e1b170e25852820a66d9414705170869b09,CHAIN
1763462245,3546554,efb2316e1523ecaf7783a4c23f8e11b56bf61d56d8944993ca8ef72c2d02895c,CHAIN
1763461838,3546548,6e56399ab686b74722fba2d26b1b61c97061b04c4de1a27792bb7efc51061297,CHAIN
1763461315,3546547,03383b317e1a4bb6205456dbfe9a409408cd14c83d96bcdd424b7ef826404153,CHAIN
1763461103,3546544,7e821ceb5c4f871ab81059d80b1f01b1ace56c661150950133d1fa91b211ae2d,CHAIN
1763459465,3546539,7c91743e9336976a74eed99bf1d4a28b94662e7985af3caffd72686108ceb0b1,CHAIN
1763453805,3546505,6dd85ff37e6b7bd7250f6ca3c94522200537a2db4e7812b50fbecbd1eb808989,CHAIN
1763453671,3546503,3435d1a538ee77fa5c426188496122c2fb1bf3e40c2e1cdc77fe908158984622,CHAIN
1763453578,3546502,eafabe775c1d7bc1d0dff64e8b5c17ac7e97daab4c63fa69fd8504cccb891e82,CHAIN
1763453023,3546496,3b31e868ee829c245a428468d73670c26506da84bf95b72bc055bb5a7b0eb725,CHAIN
1763452882,3546493,077a9c70ee83edde99b676b4acfa116c48b237076370839574426e620e979abc,CHAIN
1763452677,3546486,fe10cf5d7137249ca2a979ebff38fbc90a50d70087cec901fe964b8767b79a09,CHAIN
1763451787,3546479,2a34bd39d649045f92c9d8d6a246ed5541d10f4ef3424d1b6ca5364c7b8c03d0,CHAIN
1763451735,3546478,2a76e6e1e08b80c2501ee6cc39e44587abbf537961b59128fcec2fe10591ff47,CHAIN
1763449988,3546473,cfbf92e64b5207f5a67c77abcf49e7a840786bf4f7f5f5a710e7520806fa2ebd,CHAIN
1763449898,3546472,68f8aba670764f28df7f65defb390c1d8bcde6919e211789629b17a8265a0baa,CHAIN
1763449736,3546470,6fe37b06f91ba2d6fae327ab2fb7c434d7938128edbabbe2e208760a525d7544,CHAIN
1763449497,3546469,a028aea0fb85d1136863f43b36a2358529067a578e8f6e17f4eefc466b991c07,CHAIN
1763448991,3546460,8876a2cc56609bf54d059eb55bd03fc95687db90fae458943394814e2b6385d6,CHAIN
1763448454,3546458,856a19a76ed16d7f6b83195b156896c4990c2fbb57a14aa680f7cf5a12abf78f,CHAIN
1763447615,3546455,df250bd2f7233e34be51a89cf46032092811d48634c192fcf1a4b77b9a798656,CHAIN
1763447398,3546452,0c8265bf9fcd396fdcd7d194f43e92d7544484a414175c86f6c13e8e1d60ffb4,CHAIN
1763445392,3546438,860c6ab22ccf51a1bce672f8a30341a0a6491bbbc17fb5f86888c7bee763c818,CHAIN
1763444629,3546429,8e3931f946648a2313ebbe85844681b449fc47f0e8153909f94da37cfd63e3b0,CHAIN
1763444432,3546427,567ee48412032ef68564fd1e97645e54d1c9f7110dc2eee3cd3defd014cdff22,CHAIN
1763444310,3546425,3c5441c3f7c25cf52917d1f7561314fd0e1f6ce07ec76f50e47acc0aab369586,CHAIN
1763443378,3546420,72f92ce15bcdf2ec24cff1a2b7469fcf914e044a0fb4e6cd8a90cd354791b681,CHAIN
1763442183,3546408,427070007c528c11219475180a5249352f4f3cfe7b03aed6a4f48d6fc28392f6,CHAIN
1763441218,3546400,877ae766b0967f05f770b8170356c6e216891f04f804eee053d977d5356ccb72,CHAIN
1763441004,3546399,8ed2da276a8688573189fbfeaa8b8f5924f6aa74a16dbbd4b0659f420fbffec0,CHAIN
1763440263,3546395,beb7055d1a2b9cc8e258540fba4b07a66ede0a6ed53754e039f197ae2ceaaae0,CHAIN
1763440090,3546394,190dbf0a17ec37158f3679ab1a722730ff5f289a3b2a9698665785c3449c1514,CHAIN
1763439523,3546390,d704486487aceab9da7548d66e749839b893b43c3185da4195f2b2d8632197ab,CHAIN
1763438740,3546386,6977bc3d73d59ccdaa081aa0931112450b1dc78e8886f764e26c6632b70c09cb,CHAIN
1763437506,3546374,e8010e71577375434edf6ecba3f042295c526a212f98b4429cbb712416ec9586,CHAIN
1763437471,3546373,04587c1f888d718e89ff7e419c3ac1882448c6b88ad5d13f52526af3c7402ef2,CHAIN
1763437028,3546365,e032e83e42f47936ff258dea242bc53c9be08232228a308b870c501951a0bb4d,CHAIN
1763434605,3546347,116b8bf203190e2912a9c7da4a643053db6e51d0cb4ec81c238dc2ae118cc492,CHAIN
1763434365,3546344,607e3b34edf80306a40a7bb92d9ee8f59977d56bb1adec561fe24fa8e7a6e4e3,CHAIN
1763433636,3546340,518b50c438ac2d249bffd1d7bb1dfeb3bc2a34ec02879c108e1b54ee43dfe843,CHAIN
1763432629,3546330,e615ee67365809080e1fbb8967a1da6083b99624417d6cb5f6994daddbef5516,CHAIN
1763431801,3546321,32448e69a4dc89dda2deac0e412ba8e2fbf97312a15a5005aa6af71e364bedfc,CHAIN
1763431062,3546315,5e63765ee30c93a3fa6b119e053b07eb2dbeac34d876743b3c25d77941e5a284,CHAIN
1763429740,3546304,1ced29855d601dd78c4ee1f8f5fe5ee1d4b4cfa7b67c14bc4389c06211a129f7,CHAIN
1763429269,3546300,7885cde5a45103d349040eafd92609a09bc50cadbe992c62d1485f3030f4e752,CHAIN
1763428982,3546296,7b2e5eb7d4af6c85e896f19d420a1f19c1a002dbe530590492148f99ee26b959,CHAIN
1763428775,3546295,1dc16427481fc9c2f720db60e6387eb9bf570f77f5d9c150ecabab2e8e4fcb86,CHAIN
1763428768,3546294,836d42dff3f8867a94a9ae2b74b0bb59e9d3195aa445e826e8279a3e4608debc,CHAIN
1763427827,3546286,4fdf02aceae1295a7fbe23478e174f5dbfe857e5cc16652668e4bf8981c29bd2,CHAIN
1763427632,3546285,a8a06e17074ab9e679bf7734ed5e3715895c60b977276abfeccf6af50445bcea,CHAIN
1763426766,3546281,5e484044f41ca97a73705489cf693dd05269f5b03adaed38c696b37377655fc5,CHAIN
1763425892,3546273,d562d170468146bc4be1316bcab38b9d33ef531ba28e83d47010891c9e9df0f2,CHAIN
1763423575,3546255,f39d9e03b15268299ec3a0962a4cc86198a3a832e5f3b88c43d3334b96c71c0d,CHAIN
1763423188,3546253,b40c4a912cb8c6e6448e3a84ad562110112295de09ba344c2a17b90f1d336465,CHAIN
1763423144,3546251,50d2f9e3339f4e44d6f9d24aa6fc8a204d32f0e93644ba97cc8eef44a5208689,CHAIN
1763421631,3546241,92bce4065f39379377281544475fb4c37ca15e9f3b8147c17566fed024c7d636,CHAIN
1763420734,3546236,755f4b2309e7c1c4f70811a2127c2a8982ae467b338631f24670bfdac0d76229,CHAIN
1763420005,3546233,b073597d43f666af9067e4af95691414f550de882ddffbd18c0108ea1f603c78,CHAIN
1763418885,3546223,b8c5735ce9bcd27af183bec534fe70b2f3420b3996d792284ded0916c95b335e,CHAIN
1763416662,3546199,aeab09731a7c7b4921f7d93b58cae1a833cf324b38553eb5ab132e0dfd6f2d6e,CHAIN
1763415572,3546187,f09de332f292532488434550e62ae191a367fafdff1ab97cd3569d5f9020fae9,CHAIN
1763414752,3546179,a228d0856badbe75a7d55350eb00a76ce737abf4bbaad320ceed35d4342dfe5a,CHAIN
1763413909,3546170,30b0c642abfd8799e760b63d23057ecab09f787733e8a47207cc343d1d043c11,CHAIN
1763413308,3546163,56a6e4d2bd0da954f4b70b8764c85a82f3655ea60165083b95a4be7a4dfdf8ff,CHAIN
1763413137,3546161,021b17f7b4d545713de45c9b01fdce2048c0ff57e76147c8c52abf8297fd5343,CHAIN
1763412636,3546157,17ccba309bb037d8a81ab13823adf6cb1c20cfcbc4a864110906cabe67cc7174,CHAIN
1763412629,3546156,0324a9237b1b806281cb4b59ea83ac1e64355eccfac48e2bccbdea43d5d867d4,CHAIN
1763412334,3546151,a70d05e877586a798632f34a12e2ddac1fcfe5699873ffbe4e4701eb4aff2c5c,CHAIN
1763411188,3546137,fbca1c55554fd563d352b725f5fa420aba6368778730922aa7180a37b16d59c0,CHAIN
1763409886,3546130,2c9a30ee6fe1bc7e1075099a9f0d5c10f1f2c7749d9c9f3d0a3106c26d2d11ba,CHAIN
1763408022,3546112,d8e357b316311af8b5c82dadbcd0d058a9f177d5af79e180b5d1bb367d59fd08,CHAIN
1763407667,3546109,dabfe1c3cfd1c5dad1f645f0dc218ee83ceee3453a743ed8db004b7443c299b5,CHAIN
1763406202,3546099,d510b13a62b85625ed1a6a8da105785bb89474980b11b807b17a344b2812618e,CHAIN
1763402561,3546070,37009c5e631f6658c88a1e8d7b01b64c81ad0f5ec597b7f8d3896bc30086ed0f,CHAIN
1763402073,3546068,0f0cb013647bc4b1890cc73f8a0d0c5dcd608b8339d3631d77d5b6516240c889,CHAIN
1763401480,3546065,cf6614f701dcd4d8b419fa4088a0ba820071b0677a53aa441b4eec51d4ba7ca8,CHAIN
1763400731,3546059,8ea31e657b325e82cf619665bb23db6705d30080c674ad3e9fdd411755c620c9,CHAIN
1763400115,3546051,dd495e7d3f192d113d6873f89a49ffd95b58a7199bbcf767848c9784ac622d6d,CHAIN
1763398191,3546032,4266fade4b4c41102e892336d3b0ea9c1969a236bdaec9abc3b102619c515d5f,CHAIN
1763397886,3546026,432db53f321b7f6d8676a3138c018effd3998e846afa41b7a99db52db9bf0610,CHAIN
1763397840,3546025,9a1edebcaf6f0dc457a7c65bcd5d3d6f4c8aab5ae12b63dd202247e9c90c87d0,CHAIN
1763397718,3546020,1318ff04f7b36d184a373bf13f74e377826bf77c6de21c3c1cffe39638056573,CHAIN
1763397228,3546018,5b8fe39c410f151054ab8b6471e6bc11607523050326fec77d31eb92b618bf08,CHAIN
1763396333,3546010,05b49a31a2ada0ff126b09b0fe6475cc727975c9cce61ae3440c7966bdc814b3,CHAIN
1763395102,3546003,73d3e1a1632c54d95c0d3acb6a3218548ddd3b822dbb9a56b21f6e668ae4c3d4,CHAIN
1763394840,3546001,6be8d8efa777ec466da55de37e519fad449f72de0f0a846e9906f1ad9a24cca8,CHAIN
1763394788,3545999,de0b826d69284dde9520fb7dc98ef60922ce128d1966341dfc98136a226d107a,CHAIN
1763394390,3545992,ae2445a1548b07ffaac12e9726bdf8334afe7aafebd63f14e9808ffb59aa5801,CHAIN
1763394240,3545990,48fe68b5e728addf7ef905026168f85d9662ffd36dd22cd7ab57543f2ea884fa,CHAIN
1763394115,3545987,5831f070b0af48ad3b7a5dab743dc6fc35ab2002e9fc441e8f0a966c8fc80827,CHAIN
1763391842,3545967,f4998387b165109164788f048f92094a90333cf94aa687f5dfa6d04fd83f2b29,CHAIN
1763390500,3545952,22554e9007f8eca64a275ffd7a39a19b6592db6a68c0e4677e10786fa111e9c3,CHAIN
1763389429,3545940,58571ea41ae6413cd7f3f6ea91dba1b189df25f4e50a5d393c5c306903260a9e,CHAIN
1763387188,3545919,c7913353d7ca2b30aa5237aeabf59c252c41cf7f597cfb4dfbb03d3a326419ab,CHAIN
1763386977,3545917,973cdb01674749fae9b847eab8cc4bbca343ce7d9670f9b22a4b53330c23e4a4,CHAIN
1763385767,3545908,67f0bbee1f3518ac30a8edb0c77b5d7f330023440999830018467b0b07193b7d,CHAIN
1763384821,3545898,cd580500b0dcbc0b56be4a62c808e15e504832e39a416f2609d7b28da9c422e3,CHAIN
1763384743,3545895,2505bdb6f8e64aa5f430c51d2c3d87a91d20a32a84fb9cf2f0eb41b7ce11faf9,CHAIN
1763384602,3545893,b2d2a604d5f72d0db5b5173b3c464c54468085b0d6c6f0e66cc1825f630935a0,CHAIN
1763382969,3545880,b61bd63be018881e369bfa516928a54acd022650cc3c2d91672c18f6c39bc885,CHAIN
1763382410,3545873,9f627a01337f5d48c2643c9cdaa8cb0ffdd544d2fea18082be95865b17717ee5,CHAIN
1763381818,3545861,9e64eebcf06f60225e3e62abe0373680b44ccf6042d96baa711668ed6d8bfa6a,CHAIN
1763378518,3545830,317d3335e5df80165825f6b57df0d2cf91b2c0247f1e9840f4f92bff6a0cf0e6,CHAIN
1763377965,3545827,a945b4ead9e8a44d5c0a92d35f14d782892be44afb5bd1bfd29d94ee2c3ff526,CHAIN
1763375524,3545805,bed9c379a2119eaecd1d9d4dffda5660c6e5d5990de28d4aaab5f97dcaa91d0c,CHAIN
1763374897,3545800,7f18d6d2160d1e0d078a800e7acdbcb3b44ae0008ac5bb83da489890e7e5b311,CHAIN
1763372272,3545775,ff11b4f2f73a21f4c52bdc9d79450dfd14abf599f3fbabd4e0528a421b17665b,CHAIN
1763370999,3545759,82f93237743d8c71ac782a1a2a04932985444c13c2c1e00e643e33c94ca19eb5,CHAIN
1763369443,3545746,0165cc588f99b2fa2676ae28e426f1c443a8977cf3b6c586625bfc6f1f63d9e0,CHAIN
1763369413,3545744,9d5e8f967be4ba1e587cb51accfa7b1622b31b2ac4bf40a6db508bd734ca634e,CHAIN
1763368931,3545740,1c1c22ae6181787979f65bde65706d22d2e23e6b4795e529eb2dd31d5919098c,CHAIN
1763365838,3545714,6e16c55f7765193dc5b2a4273c65a1c566b9e861d85b865a3e53ac7abf34fbf0,CHAIN
1763362808,3545691,40f985fa0a8e188cab6565aeb6630feba75c9c83ac9561a6c9e1c3f74efb1381,CHAIN
1763361697,3545681,053f1d5ad93e141f50e64b89869a72c5cdc3b7bba94341c57486a6d56086dd94,CHAIN
1763355275,3545634,4c4a1d731b2088ae12b7b1aa4ca45648b14b1d58fbc75a76d85018f579b60b5d,CHAIN
1763353232,3545615,a779bacff79f0bf912921b4c8e244401d5f55dc47be82bac82a3695a6777ab5b,CHAIN
1763352098,3545603,80f00a09a208027be24a3099660a229c8c8b094daa6a476734947f38d2736082,CHAIN
1763352073,3545602,b7c236c7f9690debe01d43dc0d92d8f90c54bf4b2961eec27d11de77f4db75d0,CHAIN
1763350808,3545589,b324be98ea5d8225cd1e5a5cdb0f412d9f1bb0195e53412a83bc63b5c037aa3b,CHAIN
1763345438,3545553,98d08e59227482b376000e32e1acb1c776a75a36de3303a03d558442cee1067c,CHAIN
1763345430,3545552,acecef7b9ecc67be7450a8bf62526745144e93989e9befdbd83b5a86f49e71e8,CHAIN
1763343953,3545539,2763798a1353bb0a01e6fcf9af0fef735bc5a8fab6ae586bbd718e692c5d5017,CHAIN
1763341235,3545522,3d254e948ccfbf0364e443cfa1be65913b64b631a8b6933f8a0175cee4800f28,CHAIN
1763339548,3545514,68eb7020cf07ee22140291caeac9edc33f872342574e2eed981ef1e67bac3c18,CHAIN
1763335151,3545485,bc9b6ac3b1fbb22e70d902d13126b076dd90cbdb0f3374e97be5647c99e75b8f,CHAIN
1763333506,3545470,6d22acbcd6743be483f196c585eaeec1ce75de2e13b6467396c32f16b6d987d3,CHAIN
1763330509,3545447,1f628bc0c367ce2cbedf22ac57cf95ea167a4e4d0b927ac3ccb847f8bd428bb6,CHAIN
1763330503,3545446,5690dbe6c4e24747c984ebd0c6e233fae73dd771cc9a0233820bbf231680a812,CHAIN
1763328931,3545436,bb8aadda55e9680d64da1ea1a52f57fd3ab3963bf08a8e6ac49750441c759f1d,CHAIN
1763328885,3545435,7afd60511a68b25555cf6b130640142b850ec6f699d558a7b80e2bd553607bdc,CHAIN
1763328771,3545432,0610825d39ed0f11e0b7d6a409ba2f8a6c1fa7364fb49f36843b496207ec4dec,CHAIN
1763328592,3545429,ad468b1f91e34fd23e2b568269cdd79659b69ce2e733e9177247aab375bda0b2,CHAIN
1763328510,3545427,2592175703e37a5c7a07c143afe6a734ac02a5d2c5bdb825948dac787942f5cc,CHAIN
1763323819,3545396,2c38480befdf22181057587ee4a217cdd42e3d58574651b87e7a089d03769142,CHAIN
1763322601,3545391,3dee178bb059263afa97c8636b51fec74aa12433152ddc8aaa0861e57f1fb492,CHAIN
1763319374,3545358,efbef6b3696243cc4b439e73b5d111d452c780d1fac223e29a89ba5f6558fbb9,CHAIN
1763318868,3545355,e38bdcb6c91175fc4932a1de641469b0502a1c28de8b4ed324175c007c7e935f,CHAIN
1763316411,3545348,b927eaff048272b960b1967f86a936900b7e4d6134292d2154b31d2d999255c5,CHAIN
1763311618,3545323,3eed87fa912078b4a703e76446c831d10f6502494026a37ad3fdc7394ca61a4d,CHAIN
1763307051,3545287,f292fd99c347f2cd940c4c9090b2b8d56111107c2cbfd3c426b1c06d37e79485,CHAIN
1763306539,3545285,e645988228fafe7511bd8aa3bf5ea10cfe89e6ab7d1745ce826672935090ee70,CHAIN
1763305411,3545273,a034778c851368b1d38f7084bcda37fe96e73ef6aab6db00946e9994600544ca,CHAIN
1763305296,3545272,da3792c2874536d6a5d62b07be08a5cae349bd05f04a961395f03c65973d0105,CHAIN
1763304001,3545263,e8df695a74291b81f98a1e87e6e6c4dc6c10fe2f47411c47b7aac8d0822440d3,CHAIN
1763303589,3545257,5dbf1d8da0278c8487e723a889b96001d994ed2f77288583850d7659b95ebec0,CHAIN
1763303318,3545256,8d740cf7f3ca17baf5f0ec529221c91fefe2b683465334aad818f2f1525eb448,CHAIN
1763300611,3545238,a477b77a1caa887465ab269f8f553ef97cb348f9171ce287c5d5706ca08340fe,CHAIN
1763295499,3545202,8b89b9e47550b5e1347524916b345b5ce9f545bc0b9def087f1fb0c1b9a1feea,CHAIN
1763293377,3545191,fe0a9426c06ed6b80c0823cd21e5cf7524ea4524664db98e6a7732a8d464627b,CHAIN
1763290297,3545166,c62d3b5657f64df3602acb560697a439e66a3b67cd9508c19c3babfef8855b00,CHAIN
1763289666,3545154,b3d8a996b979680d63c76a8c48ada5c63bdb3e5d3f8e0a8f342d00c5b02b851a,CHAIN
1763289381,3545151,c9b598fef73f3eb9cae2e6a806ff80076d945636073f3d0cab7a3722faf0286e,CHAIN
1763289293,3545150,7b047bc4dd3e7f19b56ad31e54782754716091fd06c2c75503d63d9267717be8,CHAIN
1763289246,3545148,0f61bf257e18c38ad9397a78f64dda3bdb29b508bd4e240fbd4887eab50e19d5,CHAIN
1763288987,3545147,9cd9edb2e36f28943fc0e3fe71da1bf56debd34f68585ac5424f59026dd63b02,CHAIN
1763288164,3545135,bfcb9943c7ef49639425424553ac47f7c501f298ba2ac579667d898c85e3fd95,CHAIN
1763287593,3545128,89cb98f9525c2ba28aeba87810944d4f456f88cd49662edd3e2fda50159bc1c2,CHAIN
1763286875,3545122,f149abfab27a14d5f770e7ac30a0d04b9beba08c05727e962f4134f9c63af0a4,CHAIN
1763286587,3545118,d58f3ec97311ac3120d1540823c281eb16c297260b33aa2a673689b165fa716d,CHAIN
1763286309,3545114,4bb7996fbb42dfd0e1865a90bdda30f2e698239a91704e4884a5d5223a44eb8f,CHAIN
1763286270,3545111,3bfc09e453466089b730c6773aeb6c06ed289e1f1ac83f54c01da979a5d9fc40,CHAIN
1763285939,3545108,5682252b25c4cde570f5e8fd1f908879d96ab5ef4eddce35b47a7ae7069b56e4,CHAIN
1763283973,3545094,e2ade18c8e33f5529ac3a80392b66670eb5dce8c9a86b4ff0c2faf2c04db2734,CHAIN
1763281614,3545065,3ac16a021d3830da1033292698df9bbfbe9870edc7b91825d21d97e92caba070,CHAIN
1763281512,3545063,fa457bcbc5331ad2cf41b080d5caed1afbeca30636d480da31cf57c85ede07e0,CHAIN
1763279699,3545043,98de655c9cfa3edd55c66b2c713193f6f15c4b84c65a5fcba9c13fd2d9e6b9e8,CHAIN
1763278304,3545031,5b67bc0f3dda586fa84967dff8df436372327766a073aff9e0847ee43b17a7fe,CHAIN
1763278175,3545029,80804e097d14b7ae06d7621a4635f36653dc897821221c93fd4058522cb2e746,CHAIN
1763276818,3545023,e76e28ebb8833e31e5ac2a32537ddc6e23c47e7eb45310c29e26eb01bd462c20,CHAIN
1763275981,3545016,15c1e99be56a63b8ba1af34f2e7f05c20b763007dff666fc2281b7908de41eff,CHAIN
1763275794,3545014,0c50182d9d36d85cd0f0054f098b26fd019c46bde59c8cc27c8f421bbf3547ee,CHAIN
1763275002,3545008,e2fccb3e0456498bc04dbe5f2d3e97242fdc74fdb1214289d7458bd1c76691d5,CHAIN
1763274153,3545002,c0fbb1b3693607f1e4adf4d0e9739cec4714154dc2345b2cfdba81d4b2b7c50d,CHAIN
1763272319,3544989,778c7e4c429e951936e3eaa0cf14779e8e3dfb889010be3ffe2ea1d2bae8a775,CHAIN
1763271434,3544981,a66457a77bc10a1a2c32613be36e53317286d86d273d306a9f22f616c3ea4d8c,CHAIN
1763270166,3544973,d385a3677c9558f5bbaff3ad68f5292a8231b9fea3acee8874ab707b3a56163f,CHAIN
1763269625,3544968,d064678a4c7a53af234041072b172d12a09b7b07668017aad08d0e276fa3c6d6,CHAIN
1763269074,3544961,6a094efdc908716cb94287a5fbd940055fab4db19842fbd1dbc3c6e0793563e5,CHAIN
1763268990,3544959,b7ddc0ae24cbd24f0018179e1942d5a31e54e46bce97308c889d8e2d1b353d15,CHAIN
1763266869,3544945,5a3c74fe5b64b8e1352f6164edc0240e0df8e20d334ac40c392c8f2d469357a4,CHAIN
1763265163,3544925,9f116d7177a99d7f9736905abfb79d6fee27f63592432b03308d98ab4971aa99,CHAIN
1763265108,3544924,708f7867d2467db879e79ffeb6f510b06292337c7d5beae4b0f13c7c07d57b43,CHAIN
1763264693,3544921,c8451a7ab34198cf6a203d56b91fc956b2a36ccd3e36a2d177ab2f14f3a00f1c,CHAIN
1763263557,3544916,2f81d048151f3a4c920d98744cd1ade12b3600cb842e88ad1985ea957da0a0ad,CHAIN
1763262984,3544911,b4194f71fa63fa1362c4f70cfec9fc3a2b2054c0140081508173224e5d5da5db,CHAIN
1763262381,3544910,6197fc15ca04487566117b13aec9b63cacfee27bf9ab0774db99c67eaf68af64,CHAIN
1763262016,3544904,cc08989dec8fad316b96d0870962fa90fadd2ae6c50a0a1f74b8adcd9c314184,CHAIN
1763261597,3544899,2f6d6770d09314523ffd359c1de836b4cfa213446c976dcd05ddc5f31c671470,CHAIN
1763260858,3544895,9c75d8e8dfafc94208354a5106601c69f7651ceaadcffda02a48109962c527a1,CHAIN
1763260794,3544891,465040789ea0bdfe4f461b97297750c403c149a2069e1b7ef5aced632477686c,CHAIN
1763260743,3544890,2ba72d4cb5ecb39206e2622e4731a60ab1e63ff616406a76687ea9ee1a26622a,CHAIN
1763260109,3544885,561d24484c2f4376d010895526dbbf1e2dbdda136faee3f676e450e53b65db86,CHAIN
1763259567,3544877,c819c041990f1e864522c4cfd32a4950e4c973cbae4d6bd3eec5302745dcd5d9,CHAIN
1763259522,3544875,1275ef75f5a0d5bdd188af6d0156b7894f1dd7158c747629afd3923b5a9eeded,CHAIN
1763257084,3544856,ab740dec0f3abe155b6d250c30bac15fa75b1c442cc81f44832eeed0de36f29b,CHAIN
1763253365,3544831,91d9d5f4b6c3cfd34f88283944eb7d905cded784d88e68b65dbe335f7a6f7db1,CHAIN
1763251858,3544822,3752a0bf066843c54995087d5de57c59a68bcce521ff3673c0b2b64c687d65f1,CHAIN
1763250625,3544812,a4b18bab76d8c67e51c55772184da82c4a2ff7e5d45451aaa14c880411f6124c,CHAIN
1763250163,3544807,5118a2f9071735421135d327429d6fb4ab70ccc8d44d9a65684cebfee3133d01,CHAIN
1763249654,3544801,424c196420bf556494109eacae3c670f99ac18baac6377c78677afa4a401e1dd,CHAIN
1763248862,3544798,050c0a54acee9b93c78d2c496412050aee47ec9726f6089f1a3b072f12fe35f5,CHAIN
1763247693,3544791,a6fbdeb12bc7c413563adedac327662ffc92d34f817a3b61f1815e6428ac18d3,CHAIN
1763247615,3544790,260132b5f2fc6f5d69e333ec1ff99413e9eee7606332667a754cce454a2a5591,CHAIN
1763245550,3544783,e46781f48769dc552dac3b527c8eb04bfe34c6b656404f9ca0b7c834de2deac4,CHAIN
1763243819,3544770,396cdd384f14611d9afa3f652ad441b0a1a5bd25c9221a64835fbee7c2565bfe,CHAIN
1763243235,3544759,1328d2817e9f8d8bdf057c89f2d7064e3da9e49b7aab7bf046fff6a5a7d4d1fa,CHAIN
1763241703,3544747,69f8587185b6807845ec779dfad7d5e60e446bf49c9fa41abcbb5ff83b2c9093,CHAIN
1763241016,3544738,09b1ec9213a730c74e96545be4bb052f3c60fc8d1d2b2bc03230127e5a4a12b5,CHAIN
1763239974,3544726,cae5e5eda8004a393299c648fc31ae1355bad93346583aacdcea98ec9c341c49,CHAIN
1763239306,3544717,8f58604e2b6409cded63867ed43d9449ac7f0af5e83ed58004dec880e72f4f41,CHAIN
1763238686,3544712,55653683b8b9f6cd9962f0fc2047494d825c3748bf03ad125399867606115084,CHAIN
1763238143,3544705,7f4b8e2f1b8ccc4663ac33c9e0a45b972d14b68310dccab0a42d9075b66b3df2,CHAIN
1763237716,3544699,ac3520b8600ddf625f7274bb13dc3f099d4314015fede937fc2acccbb616aff5,CHAIN
1763237596,3544697,1e421d8c1e9c4242c315b79630364aadd5703287d3209fcc07b55d852d95176e,CHAIN
1763237403,3544693,dbbb7dde96ab05a91e1ee004c56f18ec5f03804a17ba817a161adcc1642d5a3f,CHAIN
1763236115,3544685,c7215b03f7f43b4e9c5d0c2f7e8713785efe3ea051130317cb1d204a1d49c48e,CHAIN
1763234866,3544674,9f0a66a0eaa234049bf68c88f636865d91ce643674a73d48a060bfba1abc5aec,CHAIN
1763234858,3544673,9402d240fbff11d40178c552f161681891fa60094a201bb04f4da2a2eb5b9aed,CHAIN
1763234552,3544669,6136dbb9cfda2ff75837d5eca59586042c180dfa7b7671483793ee61874a948e,CHAIN
1763232878,3544657,48e6f64817714062ad4e6678d2b2e7a2d319a20c75107be90ea04f34ae5e3d70,CHAIN
1763231039,3544645,112d5a964484385f52cfaf8d4bdeb5e2683a7fb0fc832c5ee8f132c52e473cad,CHAIN
1763230730,3544642,6f048af38d636a91a00e84266780159b2ece3f6b6eafa77af87859027508063b,CHAIN
1763230338,3544636,d0d7617e1360caf787f79c73f72733cb8a1149ffd4c149d8db37c3a3be277526,CHAIN
1763229817,3544629,5cb4101bac70c9722eda7276c7c240a0ccca9005b1d26166713ec18f34c1a938,CHAIN
1763229584,3544624,dacbbeb01e8348d630ccdbc625f21488b1799b8e0792dd557a3cdc52a8a46769,CHAIN
1763229202,3544621,d85aa2c24b52fda44935c4a524350c2de3a0ec9bfe5bc1dfa5ff35c0a819e597,CHAIN
1763229079,3544620,118e30b707cca05f364d8939d4dec2437228a3d13b4483b8d4ed057a721f34ec,CHAIN
1763228456,3544618,f17a9faffa39168ec93d6fb7ba264fb03fa1de3525bbf27fec930c85bbd7235c,CHAIN
1763227164,3544604,9fc09e39548e70e28260ae9780f47dbe974e3b79832b3faf09e77c71c4e31459,CHAIN
1763225901,3544594,b576348399df4cd3addebee309863183e4bd9f7bb705153d6086cf8c91655703,CHAIN
1763224916,3544587,ff9fe28f744b15be2806d7e38e0d85628a606ee6d809cb343e87e1a5605e98d3,CHAIN
1763224034,3544581,37ec5c9e7b96c60cfe6787113a0712513fc0f41464a54e32b55c5953539e3375,CHAIN
1763223905,3544578,16c93af65251785b77eeac1a288f16126713b80efd1f018db5499db0b76a9631,CHAIN
1763223451,3544574,4cc8bac94cde049c9a3671c6fb83bbdfb574902c7e4fa864a425204e7ce5d2f4,CHAIN
1763223262,3544573,a1805c7e52bd8b7ca5699fef886a7e40cac0adad12b92e01029b8ec2857712a2,CHAIN
1763222676,3544565,89c8e37da53c32ccc9479b2f38dfa673b9d7e1563c03f63890bf76d9915dd7a9,CHAIN
1763222336,3544563,373e9c1f2b901d916e18baa59c7861e28f36b334fda8f8cf17bd4ac9754d59a2,CHAIN
1763222251,3544561,14a062080eccba2f5f140124a3815bcf1af08930b83a8cc26cdc23b481f3def6,CHAIN
1763222029,3544557,02733734eb15db84fddbb02601526f621c8accec61506f5435d2fcad0ca232c7,CHAIN
1763221919,3544556,507f47211458f64a7232cd7b71c91d2523b8af62cc4ac6abb58b7736e608a4cc,CHAIN
1763221905,3544555,c7a6e501ff3261122759fab2253d7404c8904dbf8075f1fa3af4313e4aa943cd,CHAIN
1763220003,3544541,1602c1fd0feced3e0ddf3ec9ae44a1676ce06b233da8e9f946e38117dc54b277,CHAIN
1763219725,3544537,b1cf7820d356e9a2e901ac92e1a97a6d39c7d1787699a60c8bfa5d7966b1db9b,CHAIN
1763218902,3544528,59c263688142602bdf3ec23f2008aa547a6f8f899068c9c3a9a325732dcfd99d,CHAIN
1763218827,3544526,10d85ac269b477b19bc22fac451222de2c67ea7371b5881937937a1e373fb056,CHAIN
1763218472,3544523,6c56da5a9fa645f102086183fad45cf2d4eb28e50dcbd07f3d68639c5c963ffc,CHAIN
1763217431,3544513,e4d4c33f3895f84a5fc8d11ad12374d1726e0d148a865da59613ca990b1c1c4d,CHAIN
1763215790,3544499,2c9e7681da7432b361062c61b168c2d00f6796d56d30f2af49ee62cbf1862508,CHAIN
1763215678,3544498,89fd45a558f0815745482893ec1f1cfefeaf76cb2104ddb6035ec14dc09d54b1,CHAIN
1763214966,3544488,a2898a2871fecbf006c23ac6d7acd6bcd9215db107587335f4e3e6bf06d99aca,CHAIN
1763214317,3544482,40e7eaeab79e11603f32561afbd8ef00e4ba28ae1610bac8f916cff53d460337,CHAIN
1763212597,3544474,c93ed0845be5664efa823f945280086dac52cdde824bb228c8fb3136a406f887,CHAIN
1763211933,3544469,9660934843351c1dbdf89860a55917ce621b8f7ba462b7285d9d999b0e2c999a,CHAIN
1763211691,3544467,1cbf81860315b1c8608656f3ae9dc56b7ef6e7b44bdb339a5f6491e8cca60ada,CHAIN
1763211256,3544464,b188711c3077b7ef5df748bbc0f77124ff0493b387d5043bc4da35c11c596882,CHAIN
1763211023,3544460,4c211e3a9be2f20a0220c38f1f769936b521212cf3016bcb066fe88f23c3f868,CHAIN
1763210513,3544458,4ab3d59b007c528b2af55855d2a06a1b4aee57be8a583ddf873973d2580e8a35,CHAIN
1763210433,3544457,deed191fe41be0a8ad8d4a750ebcbd8b6cadc84cecfb3d847dceec025262b3fe,CHAIN
1763209740,3544447,690628be5750be3688b7dd9a408c7a78c648b3506ab5b7ad8fd0c7e4a27f9c81,CHAIN
1763206745,3544423,f2c9d7bc9270dfeb36cd4eb54ac789031d506350780633102c690c7d57c91d21,CHAIN
1763206449,3544418,48de4303f13212cb047239627ccb05b28639d61a5bc9fac5a9681092dc09ab17,CHAIN
1763206416,3544417,ee3f569adad5978dec73f841dd856aad3e3965765233b11bfcbcde0d259dec7c,CHAIN
1763205427,3544407,b1a48eabc18c04a2b561e5f4ea7cac8b7044e481c3c9cb34cf69e90dc96d941c,CHAIN
1763205050,3544402,d638055127ff645af1e40a73ff3af0f9ac192fc656a98872bcb157e092721047,CHAIN
1763203731,3544392,7ca0d8844306f502c173986f3e656313efb9ee4afec6e6d1709e01877620a298,CHAIN
1763203477,3544386,7540c31071734b274df4fc92725b454c43846de009a735170c799fff82efe11a,CHAIN
1763203446,3544385,61890865d35fdcd76bb5e79f329ecd59eeb4e084b40bfa3b48bf77477aef4f3d,CHAIN
1763200525,3544356,ee8ccf8d18331662651ea96d6e8494df69297e98b40d0b2354a56ee16956de3b,CHAIN
1763200400,3544354,754f83c807792caea5394e5b4aeddef1e4b0a6d8199a28ec872457145739e548,CHAIN
1763198968,3544336,d4364960613e3267c994d613b747b45fa6d5af4e74faaa5b4c2b9e83a8ebaadc,CHAIN
1763198701,3544334,367d31cc4ba5deaf91ec25455a931f0393472a59242b43f7e30704b4f9910d60,CHAIN
1763197569,3544324,24b725fa6e17c47f42d3db3aa6abb00c6ec2cf23a8a2d042da316096a81b98fb,CHAIN
1763189535,3544248,e15584b7dcf58733d36f3cb6dd2517df58a476b665a47ad74a973f328343680f,CHAIN
1763188850,3544243,7a9d7c4b123590d9499d7e734148251425878b964e52be71eba842cc53c4e028,CHAIN
1763187717,3544231,24a21aec589c32c0591b3c4c72c9cc136c73ade78e4fdf45c19636fd4968958e,CHAIN
1763187569,3544227,8083d0002817ed80f4a92e31bc10f8f21de3170dba45f7c08ba474270fbd00d5,CHAIN
1763186018,3544207,0b85f4c3e0a8b4d0a60ab99359f1544064ee797c0a1cfa0c4de510731fd7c352,CHAIN
1763184326,3544197,4d071721a9a7da8e864635b8e823377b525e3773c4afb2598d9d167a71c11ae8,CHAIN
1763181216,3544169,3d53a57e5a519dc70901cd1d7c8d6227170c43a29b218e6766057d73ec551a2e,CHAIN
1763180979,3544167,ccee85f334a2fec33f7f41c51a711f55e8d106493c1511ba48ef9e20a7a415e6,CHAIN
1763179775,3544161,d071a58369f6e302604c7eff978590fbc4206ed3beca480ba0f6aa3f0dbbdd9b,CHAIN
1763179523,3544158,c7d0058a71fd9b2b43b5a5d1105fcaa5171ad1f58e4c9aa4dea9e732b2d9105b,CHAIN
1763178481,3544147,8d9d88d0b8cfa36c2659a2cc62a28dcaa7bc9df33d0f3d661f1494c6ec6d5cab,CHAIN
1763176786,3544135,8673c78819622c896e40dfa3b4f3db6a142b8da7ff9b3815a211f8ead883b7a8,CHAIN
1763176466,3544131,cb06720c18f50c56dbc5d9ee4c3b7912734980f60d55d775e77aef7dfe77c575,CHAIN
1763173634,3544119,6b157dbe49c67687217434f18429a91d2ed8697b73794b23db67fcf1cd6aa0f2,CHAIN
1763172307,3544109,65df1df84d7a3bf1742d98c39e2c8a45b1bc3b89f416d614f1b9706d6f197986,CHAIN
1763170321,3544097,4ec3c371967c1f1f90c1640939bced38935aa435c1b97529bdf3247942b06e83,CHAIN
1763168882,3544088,6514c0c8926b7bdd81a68a9e1b36c70af363aae2be10cefca1e21391d6ae2100,CHAIN
1763168683,3544086,f9e6d5a3fa2b1ea5c0f8cbdbe43d22397087b8b4869e4c1f6a26342cc3cc1301,CHAIN
1763165668,3544064,846b2d2b92db096292b732d8fb17866ce993d216d2812e411609e40cee7306a6,CHAIN
1763164473,3544059,e419eb42df8a1e2bc543d27a7c6b44bf30bdab8df59a4df7a1e511cf71e7097d,CHAIN
1763164220,3544056,841037a896ce7948fac4f70262150b105732363e77f3caea13fed0d0339f4af7,CHAIN
1763162731,3544043,fe022f924dc51779164664d403c3589bdde46289d873e118953a961fae12c2f7,CHAIN
1763162508,3544040,d3502cbb2fe6e9ebf976fb1cf3f6d13e95f4c62a6711605521d6642c1064cb09,CHAIN
1763159279,3544021,94dcd6515aa61db403d4abb71a2bc10628dabb1de2a0af6d4572d082d97ce019,CHAIN
1763157906,3544011,be1bc21a303776eecccced18ee035a59886150e33ca23954b9144356f9af42cb,CHAIN
1763156793,3543999,1ef512c03666d5df124c0a63d0941177477acd270d9f1c5b02f37d3cd50564b5,CHAIN
1763156702,3543997,4b1e4ccb6f5d8401df48fe8f15821d151aebac6e0f1e43e0df404ff7c90114b5,CHAIN
1763155259,3543991,eed8d4705b02e9b02df3e8ddf85ed50bd7af7731a1f85926c9780f6196170c2b,CHAIN
1763154662,3543986,ffeed37dec92f11561254cbcc8581178c361c6e08a640355173a5a7ef5bf633c,CHAIN
1763148790,3543948,86f9e5b40f1e31875d8847a01a478efeb1f20974f8a1d65bb8f4b48d97967dda,CHAIN
1763147628,3543936,43423cbef5bad4501b7902860f16b73bed29feec65ee017788c176e98a25442e,CHAIN
1763144449,3543922,d6f1226278eeb90bdd6f5b49438d7a9bc2b77c6c5c74b7fa05d4f99b5582b416,CHAIN
1763144008,3543915,5df3d2cf3fb1ea43305ec8bf19b25fd4f5b46b2d3b81310371919ec6b8dfd607,CHAIN
1763140874,3543894,ab79944a76966bc5203a88e8f18b75b5f8cf01d93b194456bc267510c5d44a2e,CHAIN
1763140032,3543886,2431626a75e49b4fe65b1976eb802b2e360fed1fc6780df4b05cc3244a481bd2,CHAIN
1763139578,3543881,2b2ec21e17cd4a90791fba08021077183c59aae71e49d1ded511d6fee7ca030d,CHAIN
1763138154,3543875,211beb2369084688b8e1933c91450cc04f4b998919af5e319bc236c389d4ae38,CHAIN
1763138112,3543874,8e8a5b205c21dd4341bd0e4b629d663454d2979c223d403e47af7355069e96e6,CHAIN
1763138024,3543870,6fb0a071536deb69a23289cacf784477901e28b24211a30d8fcc0b0ceec23a80,CHAIN
1763135384,3543839,b779b9e49fc3059656449341da8c5f13871d189fbd43af2409b6ef2784824383,CHAIN
1763131908,3543814,ada9290f812682b3c4fc89c72f6b79c30250411a5f8a85e9d01feeb514afaadc,CHAIN
1763130665,3543803,0c773c2c3770f51125a3f56979acb72a9fd636df6f8ad00f9e577d5299e71b14,CHAIN
1763129276,3543794,0da11d40f29bf5445787aaa4d653649d6c15ab069e040ffd35d1d9b7f7518120,CHAIN
1763128833,3543792,d04bff0778702ac76493f2819c8944dd5d12a04c52056f6e60a494ca0ceed1bf,CHAIN
1763127528,3543779,436ed294515f76ad8ac8f33f4be0494447d805ed5e7f59cb1394624aa768289f,CHAIN
1763126271,3543772,10938aa368fe4df79cdb2da8378bba2367f08e5bef6fd3ff8267a4680c7a16d2,CHAIN
1763126134,3543770,24a53cd5a977d5b09abfd94b4842527f8d31fdd538eb84b21596df62e8486f14,CHAIN
1763121173,3543733,f3ed7b1e06905cbadc1e137cc6841d0d02dc0ee90bed4d2923541ec91520f328,CHAIN
1763120026,3543722,2dedb9197020965c7e61edb07e9b2373b10f8c5a534161ec720a4990da3b6df7,CHAIN
1763118119,3543705,9b907678cf376291c4b2cbdeceea82530909723112b099efa1dc5613eb1acdab,CHAIN
1763117806,3543702,250ec94441e20961c93039c85607181e7f70c3ed2ea1581d6244d06716b9df4a,CHAIN
1763117539,3543699,ee59005e468673dc0cbb97cd65fc4c02ecd16c7f5599917e28dd3bf30296841a,CHAIN
1763117280,3543693,3b6eb52101facb78700d910bfb29fa57d15d976c571b1da4692c3da01053ef31,CHAIN
1763116701,3543685,4323d775820f1dba7a41276bf905e0b8db19de04ceba045a3b9455207e03014c,CHAIN
1763116523,3543684,6ad9ea42c4d845ebadbed894fa26b40e34b66ca696e38a89940108640bfee0bc,CHAIN
1763116115,3543681,daa9a70c059827557135b14faab310e3ee47a4c227802b4d25289dc87dd26e98,CHAIN
1763116015,3543680,f940786f8d185048fc3a691628a2ceb6fe2085489e5e1d150b2a5afac58b8639,CHAIN
1763115959,3543679,156657bcda1bbc7558bfcf085d9370e0b49618d0bcd3d612b7299ee874162074,CHAIN
1763115945,3543678,192a820efd7bd692d1f5ffabf2fda250072c472dadfcaad81ac41f0a1bd9388f,CHAIN
1763114564,3543669,fc94dd8bc18870ddef046cff52b07ee2b9ea75aa53a6d5d59042c62a709f314d,CHAIN
1763113906,3543666,d127a10eab9ee35c6d17b924b7f960ae34b44f4d3b6bfd57d152d7db7c51f7d7,CHAIN
1763113314,3543663,cb66fb803f8254fccbc09fe4002e4565dfd14fa63fb5ecbcf6fb03f0b5277183,CHAIN
1763113086,3543661,4b4b0e4d167ab9e3835e841770b760fdf5f84d4f1edb4b82e821f6165156932d,CHAIN
1763111457,3543650,fabe5ed0e8712ad31df9eb3af213857e48c7573719568e9f90242a743bc6b689,CHAIN
1763110298,3543639,c0138949c8e59bcc324b2c4ce4ca782dc30fa9402fa659eea2580bbf85fb44fc,CHAIN
1763110245,3543637,23976510ffbf2916852ff3b3b6a16313e110c7155328472e5154a72b15ebed5c,CHAIN
1763108938,3543627,4b9384ca186ac05a6298bdfb5d7bf04fa9ca0523c0b0f31f8da7c41b5a670214,CHAIN
1763108691,3543624,e40eac49ad7dedbeeba330fc95c3fc17d1d16065387bc26dc061fc3c65c7f3d1,CHAIN
1763104796,3543588,a0b1b3682e9cae7175a6e6ca12ab798ce5512bd048b24e3ae68f34da7ce985cd,CHAIN
1763104503,3543586,aacfe2158c70785d769ff7ff5a260c9ff76b2fa4cbdef9ab3c3dcef48c77890f,CHAIN
1763104501,3543585,6a073460e50d6c7b0047598920a27670a98a0860acb7a705b34b142e38676330,CHAIN
1763102751,3543569,bb252ce2c2beffec77e6d6f0894560ba9a283faeecb42cad9ca4a936e4388b39,CHAIN
1763102602,3543568,825711e169eaf04fd1a8e91f8d20cfd1cc41e0a1fc4a17e05f791723740872c7,CHAIN
1763102229,3543565,21b78ab96db479b94307005c191868a3c13f915d779216cb7a8d79c807da1c3d,CHAIN
1763102182,3543564,ba4c74e737eb761a43f2482259eeb71c8b66554d1bbd886f74524397fd8d5c80,CHAIN
1763102162,3543563,e8cf7df063ec9c47d70a2e8867d7d7f3a8967e9b71cc7d6f7746a3fdaaac995d,CHAIN
1763101903,3543560,5d847d9dc35acd02563b298161ee9134343f1e17bf72c303dcbb9306ccd3b5a4,CHAIN
1763100246,3543549,3813e2887460869a1cece2e83d74d8ffb1c396015974af73c3df12296eeefd8f,CHAIN
1763099981,3543544,5949e8e8f6f49bcb05704c8571a2149d7cf3bf15df4a24b383276758e0bd8112,CHAIN
1763099802,3543541,042f059e7bb1effb4bb4763661dced67c2ea298f9c2e9be80d20353238c9051a,CHAIN
1763099543,3543539,163e21c575e1e35603950b652233f8863089dbd65e481b8dec56a1f162352ed7,CHAIN
1763098789,3543533,949f68fe3afe5b69826597d44e2519ab380664fe8a370197ece3e3faea64bd88,CHAIN
1763098671,3543531,93cd33c29e99e1d3eb970c4e3ebb2b836454bf0eb4041b8ad204ca277c256c8f,CHAIN
1763098149,3543526,edfeee8ff1673d9610f6a304fad03b0509275b772e4abccfcfafb0b4656fa594,CHAIN
1763097085,3543517,32c7fe2d8bb84ba888b40a5c132b2820a95d9c0cf487156fb678e423e2bb212a,CHAIN
1763096633,3543514,c63b3d98a0e1a87cd1110fed90a8ffdeee3cbf2e23e36275ac6904463ce4850a,CHAIN
1763095939,3543503,72c57144950b2c1c47a4d6c53b3e56d297464146b4c8d92e93bd08da6d0f8c2b,CHAIN
1763094211,3543488,b8d0ef41366f148d91ef9fdbccec394f3758c72349ef2d8fabc27712847066ff,CHAIN
1763093547,3543485,2b83249f0c9430825d5c4ade8772c30a3e32b22f65ac7857d02177354f55c056,CHAIN
1763093533,3543484,5cb923d9a047b7a2b6a389032043f44dd6789ff8a3f37799dfcbbf6eb03a01c9,CHAIN
1763092887,3543480,e3090884321711fe92d77aac08d7274131ea1ff755f9589ee03a8c58fd9a1053,CHAIN
1763091761,3543472,2843831f523518091c062a20cf29b4fb7482a790e0f3661b0ab13406fc78ae21,CHAIN
1763091523,3543469,d8718a0495edf469ded39bc350747b5d1eb260a0b73be7efb17dc88b982890bb,CHAIN
1763089454,3543447,ed1344e94e09fc6976b30326bf9e2f0341f88ad385eb44356966cff6a9ef43e8,CHAIN
1763089056,3543444,99834855431b88fdce7a630b1b1edf097574c951b2b1c4c661335931f29632aa,CHAIN
1763088941,3543443,341ce8b413a4f5150d258d7eb13929ee3e4171b9bc5cbf619fdcf591eb973f72,CHAIN
1763088556,3543441,417a6d4747149772e467d72361b10212cd4965244cd47e3fced825a2465c1de3,CHAIN
1763088175,3543438,4fd7cee4ac59e32c3ef9c9c9eaf3332b427f27c9fad49c85dc64afa9358edb09,CHAIN
1763087196,3543431,e74fc313f35d7eb995927785a958888634e02b3cd5624226b8214f371a26ea54,CHAIN
1763087175,3543430,45ffe44df7f32b1d97943383d547b9efce0de82c0beaf1890762872b7bace1af,CHAIN
1763086974,3543429,800e52e2480648a9d05d94f874abec290ee5aaa68a07e6dee85f6282fbe82757,CHAIN
1763085631,3543416,b40caaba81cf13f1236d9c0377d3fb120f75b5f8b32b53dd22b8f4b1cd909a97,CHAIN
1763082906,3543398,773c5c20dfc393b38b56c084c5f641aa68e2a849a38958a02a8ad46d7e1177df,CHAIN
1763082665,3543397,3b884070e91828fff9e3255944b0feecb7e5c4c8d0081cd81c2248b308e48776,CHAIN
1763082652,3543396,dcbf694289e0ab2e1ea7d067c0dd48cac080bab380a342b6466592956572e913,CHAIN
1763081656,3543389,9967cee2e4feb64ebc3057dd07974d4be227792ddaa546267077c7a569da4275,CHAIN
1763079325,3543378,2242af08e9ec9e559fc02eec0864a66280f47b58f62189bc69ce076d26ffc4b7,CHAIN
1763078206,3543372,d9f8eac5bdef1905b2f558cf010cd0f570779752bd3e7c328802bc33a1c320aa,CHAIN
1763076998,3543361,729e004d474cfb7f8abedf3dff4e3842b1757160e4e397c6ea5752803e734768,CHAIN
1763075166,3543353,cadc02066512fa1840051ca2fc016a52efc0b36a7145b4c16f9c7463dd2ecc5a,CHAIN
1763074904,3543352,db260673ab094b235a17b8e00a6b8c0e2b2446963b880ffbcba220dd99401760,CHAIN
1763074228,3543349,2a0d90d3fa60ef493fa5c21cc4d9a5a4d1c5bf1c9833c34856323d2736e70a38,CHAIN
1763074203,3543348,673851f9ba78a7631e02d9f0abc4e8b54fd2e8d9d640f1b5ea037f4ee16a07e4,CHAIN
1763073995,3543344,f5a6e893b35311aa243ea8ecc83bafad0cf046e3d6b16447fab08c4820d66d14,CHAIN
1763073276,3543343,c91184b1c3658f4927494e254e4a17f0280cf2602d85c03b25a0bc05a58c29c7,CHAIN
1763072917,3543340,8c85df19ddd6447c593121cdd24ebec4ed3764c82c4f42193c3ec2046058bdaf,CHAIN
1763072472,3543335,a7e2495722a186c943511f365b3118a42c9dffa4d1aaa7533e2d0427479f61da,CHAIN
1763072390,3543331,c1ce34d0ef5b1d7b1efde8007d75c740a6e0b242259a2aaace7e1024572734c8,CHAIN
1763071713,3543328,df7a5d812400db7e5568b9fbe4781277bfab987419f9c4554f49eb55b518962d,CHAIN
1763070726,3543320,05db8741cef9c8bfbd743e4627b2c04c451b584c9f3da476ea67ca4a6c9e48c3,CHAIN
1763070093,3543315,b27deab1955c9ccc536b350dec2a3bc5f44e89daca05229842ca9731afbb52a2,CHAIN
1763068442,3543298,19551810a0f9fa00af48508cc47db55737dd3cbe7a03b6474aeacf068e9dc892,CHAIN
1763068101,3543293,63b6d05201ebfb8d027ee75593190e371fed91dcbe6a8b0c9d50d0ed48bcc4d2,CHAIN
1763067858,3543292,2d5ac784be2bd4140ca868ace633ffefd93f7731c3ba74bad2278a75eff99351,CHAIN
1763067839,3543291,a74ea2d3199da499245207d83cab3157c69644cf4dba75ebbedd12d22da9ec6e,CHAIN
1763067184,3543284,33257b0d7b4a3b874f7c4c3e3a8e7750aa6fe58cf529f4c353fbd911a58cd861,CHAIN
1763066245,3543272,a2878c97598661acdca4426266acbb78b8fbe3ff9dd50f2d4d46ffcec4192420,CHAIN
1763064987,3543265,7fbc48a1e5a8d3654a6680761a84f73fb24b85d95925b33ac92e256f3421dfb2,CHAIN
1763064818,3543264,8736804cd4b1c496204802827ecf4a34630403a06b4a6967724edcf2c8904057,CHAIN
1763064178,3543259,2984797f2501b0a4cc371c79d9453d1805e7929a715e939bc48958657583e8ea,CHAIN
1763062929,3543252,87b8d0f078e9029dcf7449b7a2e2bc266ba1ab7e6015a33dbf2de6e44515493c,CHAIN
1763062798,3543251,29955df1d7330c249861ca2352960b5cc03bdbfc74612f293fa22a09fc1824dd,CHAIN
1763062410,3543245,eb47b03e5f8337982a4325ca661748e7a3404a8c5043cb0dfad1c73a5171fa71,CHAIN
1763061806,3543242,15f3750cec4e7f2904966fa07d60ee0d590b417f1b1661ce61ae44dde0e161ad,CHAIN
1763061504,3543239,129ecc4b442559c7bf82fb19e14b3927cf302391d67f9684d585ede49486f7b6,CHAIN
1763061381,3543236,d47cce3925c410b691bed74fd91762da87e94179f8ffe38f848b8d193a0918bf,CHAIN
1763060965,3543229,c1c7e470314e080934ad4813e733fec469f6f8b94bec67f2f473d0c9b14acc36,CHAIN
1763060541,3543224,476c32c3362ad2724ef724fb16d676e456790951df8218ba4515725b3986e96c,CHAIN
1763060145,3543220,687e85f8e33bf16c55791baa48960fb898c3eeff472789556271f3db2aa1863a,CHAIN
1763059750,3543212,50cbf65ac9b7a2490b7da4c39fa6ee344255e6e138d3ac34a6c153d65757ecd4,CHAIN
1763059697,3543211,cb878d7f004c407af66ef52778b75e3c560e86a0241f4a5f00eccc15c5190478,CHAIN
1763056846,3543196,c47b3abbd279b41e478c895e83aeabd90830d75774372eb9d9c367ec51006a4b,CHAIN
1763056214,3543191,6dd7af9908e4b377da8c4a5acbb5cf0933ab8389d1662cb524f516159ac4b5cd,CHAIN
1763056185,3543190,3671beb0edcf1df3fc2a350f961287a8f0f85a316a3f55fc499ee58d26c2bfec,CHAIN
1763056165,3543189,66f19abb5b6fa6202692c563a68f06d729efe2aed959fa62a8ad08341ab25160,CHAIN
1763055156,3543185,66c23a1931f3ece393faded46940eeb435804910c1d8ae94752da8b13e771fcd,CHAIN
1763054488,3543180,aa8ad2664f9e212853c4c176b0802198e0c5bb892a0770bba2129c784d3a9803,CHAIN
1763054344,3543179,644abd019ea94237341eb06fdd463c6e97860d69171e113c6ecae019486e0442,CHAIN
1763052653,3543169,5fdaa0a35d987501ac8f85e6f65dc3b7db18aad960f971a0acd466b347ecb162,CHAIN
1763052470,3543166,08b8c4c38c354960d55d4a3849a4acd4a602ab18c319eefb5da2eabf46213ca2,CHAIN
1763051993,3543162,f22deef0b6e1d1ee51351476ff7743e37f75978e44a6f118756d402d0ed440ac,CHAIN
1763051156,3543154,bfdb0b4473d0da70f52d0058b03f549e7a120520ec8f67e3062eb489780201a6,CHAIN
1763051140,3543153,85534b254fd3bbd9c2afce24bf51848b291c4aa9ed7c5c56f8c66a228ee7a6fb,CHAIN
1763050361,3543146,da7657f2e22844b3b758484b77e866c07bb34b895d38dd350b6b0bb10167be0b,CHAIN
1763050299,3543145,3ec01df3098f19bbc8c50e300876fe1f0357c7beff3bf8b73d01093f04dda663,CHAIN
1763050079,3543140,9bb9556d8132fdc32f5bc27c3629ddce9e5a996b6890ff72fd64c61b3084b9b7,CHAIN
1763049947,3543136,09074989ea66353106155ebbe68d93c201c9077c6a261c88314eb1c416254957,CHAIN
1763048084,3543119,27dba07152a1232965f35b47a0d5aa8ef96a4fe882bddc9839745e8d5a04dc73,CHAIN
1763047668,3543112,530a894d761f90f096d587e1c208f6a27d3d9140430f30edc2a4f1a310cbe84e,CHAIN
1763047372,3543110,e210266c3b83dd8020d720315ca6b46ddb5d4aac104b108c2188553dcb7b70aa,CHAIN
1763047056,3543107,df46fbef5cbb5a4dbe9ab944eb2d1b0b5e5e91b403ed91f5f849bd3318e54870,CHAIN
1763045487,3543098,179c50341ecf9a9b61a7b0a3853b5ac92941b13efc889d2ac8aba7c69c2d627f,CHAIN
1763045107,3543094,8bd37716a71b6974b4ca2d3b703be60e8f0d6c8f61f6aed2a9a5b8c480d31b94,CHAIN
1763044851,3543091,260f3692d51712c29a2d1843d51ecc0757e7f6f08eacd8156939a714c5290084,CHAIN
1763044532,3543087,cc00f3ba615dbc247c6abd63d3c6545d4bc436faae92835de6662744839e5cb2,CHAIN
1763043987,3543078,13642560bc298a0d501785dd282c48f1a8884076fd7a6b762163136a4d7994a6,CHAIN
1763042902,3543070,1bbd57b34b95b08a4ee0c43cc5c3ca1682829be0fc28a0ae0fcb383ea45b91f8,CHAIN
1763041925,3543060,c28bdf97a1b405ad5093473bd47d5fc85a3a4a4be93320132d84e44192a50e78,CHAIN
1763040041,3543044,b03bf36ac9d245700cc4476bfcead70994ef5372fedeaccbdb635e3355e05bd8,CHAIN
1763039704,3543042,498311d94f3bd7697f3ce9622d98d20e77a1f95037e07c81fa966471fe2ad020,CHAIN
1763037495,3543027,1462d96f232437073b46716d45d6d5419be56e7d8a02c109015f7a25900b9b78,CHAIN
1763036025,3543015,a05f376abd49b599fede176857d4acb4b0e21881184e2901e7ec0e061a891312,CHAIN
1763035294,3543002,47bedda3ceb1999cfc1d67b367c5f608510efcfa87e5b18123993d73bf403089,CHAIN
1763032725,3542982,2118285275d279a5203424699b3d487057e6d59c7fa9bc9ffa716f9bb493f83f,CHAIN
1763032708,3542981,debe8b147c8c3245fd3a5020f320df319174598e4cbc6eaa156922929b6605f5,CHAIN
1763031415,3542964,ce6348f74b2cda4de837663777738b9efcbb33dbbddd9dbbd0120dda610b6a0c,CHAIN
1763030780,3542956,5f73fbb1407f87caadeee6c9f12679da8ce2433896a21ceec08487f6db935290,CHAIN
1763029553,3542944,f9b66c2788e7314d3ce4c0bdfd6b2d8f3dfff40b1d4ef052ce535c6f7e232788,CHAIN
1763026298,3542915,68266a46049a7c638b5e399a3675d4c1895eff8ab37ab95aa893115b4dc511e2,CHAIN
1763023571,3542897,b379e62a07d415d5878d4bd4ec9d7ed1b9bb7d0cb6836795338bd28db545a2ef,CHAIN
1763023553,3542895,e9925f8c9f94d3635fb86e7289fbdc0f775c5ae09673d1bc5a702c794e09661d,CHAIN
1763023324,3542894,d5cd44a10013ab447a39c1cebd11b845abcc7bfd74848fbb169840185b680ee3,CHAIN
1763022243,3542886,1d66173c39b2a50c8ad75283e958e3f4dd5227d5cf143e725f89c47ac595c202,CHAIN
1763021966,3542881,96a1d3937991080f84a929fba78cf365eb2f63bd90097a47a90c2dea09fca60e,CHAIN
1763020718,3542868,4ad82eb9efff1a754b06ac79267113fb350f7aa591af1ac0b40341b0c45fe614,CHAIN
1763019443,3542863,6b8a34d87957016a7c44f2cddef7ed501b6a11e308a9927e53b42910923cef2c,CHAIN
1763019118,3542861,4e6270c9dc09855f7985867d72b1bd1668f1826470c1a428a9ffdea196928ab7,CHAIN
1763019036,3542860,0685965920df3e513f8df48e1dad74a4de0efb48b359d3d31a59330ca2891595,CHAIN
1763014948,3542823,28de9c21b6171e31b75a426457cf9a38622673a2210bb938b88d1828d77552c8,CHAIN
1763014587,3542820,8acdd46ccffe6b30c55a903531a6be2d1d187704e4a1c9a7f741e2165acad734,CHAIN
1763011295,3542795,fc0def76a3092c7873418b88a0d5597517db873bc81ef1cc778cf85e411a5aa8,CHAIN
1763010512,3542787,09c0e8db392939529a637f697b52b65fa347b69886e93b112af0711e66e6a423,CHAIN
1763010004,3542783,b31532578be82f3910ef1f6d0eebc57fc0b9a9583d8a9825bd02aec28d9fe701,CHAIN
1763006925,3542749,356d171e9c6bafad125e33701f06b1667bfff1bb605bd2314733c50e0cdd9de2,CHAIN
1763006916,3542748,eef31c47efd314b526479845ba740925fa98727292b476f3d81cd96430852645,CHAIN
1763006854,3542745,720bfdcf2750d2f6f02b8d4c31eb135e6965ef15ee08c9af7642fa07a055d5a1,CHAIN
1763005539,3542736,cb2a19f1a2d5e9152f4cfee0784fb55fceea3661c2facddf7621b668abd1a4b0,CHAIN
1763004470,3542722,b42255bbc27c95e50e2245837a2ae387d802b13937443b6a0e4718cc49ec6444,CHAIN
1763003922,3542715,3521188756337d262abf050e410fc96c8f934dc9472fcc226871ee5f6245bc22,CHAIN
1763002218,3542699,2847e27285b38232772e4e93b7e9f62076447d0599a82fa80666420620062e5b,CHAIN
1762998460,3542669,a52d7468018769f44c683cbbb8142990b5d5ece58a1b9b5d63ce38c0a144e112,CHAIN
1762998412,3542668,b5a47a401a2e609cf263ca023cedae44623f4f697fac304ddfba82c2b16cfe6f,CHAIN
1762996270,3542656,0c5259c13fb275fea28dbfd9c513167a61b5c482585f1bd0bf5b700b33842c8f,CHAIN
1762995498,3542653,031e8f542eb39e22abe4e0614be49b5c598aa537251753c81d160b52b63d9f4a,CHAIN
1762994037,3542645,0c1fed0e2ce4faf3ee043270638174b5b7527b8eda20df67a0eb07e71a7bf5a7,CHAIN
1762993916,3542642,c129022c6a0fff49e72620e59428078e977af61ee30dc4696e0c03f4fc761cc6,CHAIN
1762993419,3542639,28c6d28c6ac0fdcaab84b925e582f1e36beb781e0298b8ef30f4408516a47932,CHAIN
1762992489,3542632,fe455d8122977c29b9b9368909cfcb50bf0c292e3706dc9a0c76ebc7a8bd4ac3,CHAIN
1762992233,3542628,60bdc03e8a39fa9ad7bf01cf4850afe1d04bb96d9225a736517d673aad995188,CHAIN
1762992221,3542627,4bccebd414fec921be2948531ce004b535d07a66f60546e5bc7dbff70df26a36,CHAIN
1762990705,3542615,12ae2777e7257632594c74f0f700ecfe2bb4177b19e56737c07bc1c8171acc24,CHAIN
1762990550,3542611,222f6ca793c8c533e8298fbdacce803866de49d37dea32bea51d7da4addf92b0,CHAIN
1762989590,3542604,908ae69daded177c75cd710254c8430c9910ee4e78806d8d0ff8d557d98601da,CHAIN
1762989238,3542600,c1a82a9e58d506dd83ccbd4f9702f2571cd73e41eb9b0d248e12358b3b314e5a,CHAIN
1762989164,3542599,1726d8d4824d99e53cad67403af6d748497015e4d50695fbe31a34b6ad234595,CHAIN
1762988149,3542590,71025ae5d2fdabea213c60484af642a30fac9494f13fd5507db3b8b75bcf5925,CHAIN
1762987761,3542585,3c9747d0ebe5003382e115bd0244645ad2e8306470929c087d27720599818e52,CHAIN
1762984484,3542554,8615535f262941096b6ac0a6ce339cdf9d6074ef70e7c9f28b5dc88db704c846,CHAIN
1762983475,3542547,9b8db1b34068201c98e4f6893f0221eccd2e21f2140c85323d75067c0712ffd7,CHAIN
1762983008,3542543,f69c5edbd8b82679dd29d2c1793750b53c70780a5e7b1f4d63729fdc2e08d202,CHAIN
1762980599,3542519,f7de92f9433efe504e8337619d01a43ba566116f7543d1468d8067c8f86c0840,CHAIN
1762980126,3542514,4bda25c106c4391fd7df51f2bc02ac031c635afbcfa53670200328d502d7d4a0,CHAIN
1762978836,3542505,4ea7aa89200618dd59ce2bd2481ce260d5aedc2ab59519f030ac32c020e8003c,CHAIN
1762977497,3542495,24e43cb73c7c0238a8ec9190345bc86d7bb85bff28bb9ebe65d1c30d93c93ef3,CHAIN
1762977451,3542494,a10538463119dcbc575f8fd6a3da16e0cfcede7fa0f81169b4d52525f8750e8e,CHAIN
1762977256,3542492,600ec4eabd2d6b0266e823c1619844259bd382ba38396e8291ea14d98a30865d,CHAIN
1762972682,3542460,92d82fe2fcfe04e1ab0add3817efe6e6f342b7066780fb6c8a11a11ae974d978,CHAIN
1762971399,3542451,b5bd4f23113413ff4be9746fec40d4ade1993d137e11954e7adf5dbad8c7045b,CHAIN
1762971119,3542446,7acff4167c18b882fcc7afc16dde0f55fd8b0fb2c6fb5976e5e5029d07fff597,CHAIN
1762970913,3542443,ea6a3af9f5387977f63a4d1e9d84df3ad6969b20818e81a72ef41c0f71e47373,CHAIN
1762969812,3542435,33d5cfb83e476498783b60479c25dc560a15d679707d1164f4b77e918cd889d2,CHAIN
1762968043,3542418,5aebc5995c2fe6057914f652725416876acb41f4a408af1a259d01b0fcad6ceb,CHAIN
1762967965,3542416,b2695b4c41bc9f6e22cfb052ed1b2deeaee9a6350d8af95f0bb39cb455dd4121,CHAIN
1762965403,3542395,ece1579881da4075a33d8ef371a6cecc33ceaa384f6d4a24c1a7c262fa721903,CHAIN
1762962547,3542375,bd34dfee10b31ee5b4f2e6ae43decfb4c471b49ec3d828faeb3a5f396fc061d8,CHAIN
1762959355,3542358,e57c044e319079b80e202cede182719bad42891f4fa28184fd74def1bd133726,CHAIN
1762956047,3542332,5c86e288667796502a6c2e7a273c6487d6ea643e2b163b522325abf6546d66e6,CHAIN
1762955943,3542331,feeb00931a0a0c51cc85b47e07b514e62baf0f96b00d51a3d6959b2331a804d6,CHAIN
1762954545,3542322,e86576253e43016c655db35dd7a1ae004bff82810a6dd18b2d9853d88d58557f,CHAIN
1762952529,3542302,6eba62556109f38302b692d6f4651bc48267ac1fc7423b2ab5a67c302b895014,CHAIN
1762951385,3542292,6b765345277f642ca7b0ccec6c5a126902e4602742b450c08eca0953921a43ec,CHAIN
1762949843,3542278,76e4b53edc3ac44e0bfe9e6686869ab299c718e7803c9f10a64897d417a9602a,CHAIN
1762947759,3542266,72d1ac4f4dedbb651734213c9bbed9293f0813bbcce1ecff73f7d9cbd94286e8,CHAIN
1762946363,3542252,fa8cdd5d01db9cd5a2172b7b040e878eb3ab22fcb86eb2b66ddb9724ca3da298,CHAIN
1762946316,3542251,8a71ebe6c43a662a0d452314beb7a4e9cacdfcb0bf69bfc3c622a9c50c20e710,CHAIN
1762944780,3542236,1cb8566aaa70952d6e436b473af7402e2aa1afa0cbcb2c0f02a4bfca578cfbeb,CHAIN
1762944531,3542231,8f9e4c319a06fc82aef1f24617e03d4c5a095dd7141976942c41abd43ae5bd2f,CHAIN
1762943237,3542221,44972f3adf492c9ab4eaf46562adef7fd373560e369bf81102ebd660695febaa,CHAIN
1762940294,3542196,02b4e8508aded8c07e09649021190b43324a7d6a6fbda9c6a4a642657dd5d1cd,CHAIN
1762939237,3542188,6f92a5b9e0067d25a280aed3f246fe7c58e27f6d7fedf72fb3c869501327d346,CHAIN
1762939083,3542186,5d3d499b887bfff13820935c1160c687a9b6602550fa9556831fd86b71f9b7a7,CHAIN
1762938872,3542182,a17ea8f2f7f665b1fd3776cd924457913a4af92bbe03faefb9933b322ca22dc3,CHAIN
1762937569,3542168,a200b6e34f636c6e1a766819f2199c038f09cf3f836c1e6062b434d0e49737e9,CHAIN
1762937043,3542162,74e3ef64b655f92d61b9c6517b9fc553b27871bd2269856e441c634599e52a9a,CHAIN
1762935606,3542145,c3e0a58e65144715cd5533d314e28ff0e7b22bcc29f319371ad9e95726c94443,CHAIN
1762934171,3542137,51fd6b9f08e0641845f11e4026c9d054fa0f242f7ad93dff776a47ee3808757a,CHAIN
1762933806,3542132,762deee8fb80545f7e6e4bf95e29fea787e077cfa8436dacffe423887516b067,CHAIN
1762932984,3542125,a3e95888bc894afd1caf9927be2a23439d55cdd83772259d77fb9c7d5246515d,CHAIN
1762931455,3542108,61145d4d09abcc0a9545bbc6897bb1ca5c9f0af978679d63cfbbc33359b7bb83,CHAIN
1762931417,3542107,c4e366ef8c8bbf409ae5533ceed84dbe065c4910da414a555949e003e954eaf0,CHAIN
1762926982,3542069,fe8ca581698b41db9fbf667e3fe22087021b4f3bb27eea0d3b3b34a3982b9262,CHAIN
1762926804,3542068,1db9ae8b3a2815fe143608452be9fef413329e6d4984b7704af5df7f02ea5699,CHAIN
1762924424,3542053,f805edde39690f38cfc35bff27d8edfbd91467751d9aa474c6c418119ff7b662,CHAIN
1762924006,3542048,76265c163026c49876222c754262cd9aac7fa40b515447476cffe700c2e4da0e,CHAIN
1762922674,3542032,1d164942518ddfe9b61723abed9b0e7bd7fc14ddc3fa757d1bcd47d270f02521,CHAIN
1762920874,3542019,c4fc7e978b398b280e002ebb780cd12d908f5f5842ecfd8b3de4c3cf8dc9fefb,CHAIN
1762918175,3541993,73d25b74b0b4f7a4b6bf845dbf0efe4828bce22fab30f88c613fe9b093cd23b6,CHAIN
1762916465,3541981,21db20cd41b32336611159bb0374962cf10862cae89ff09504fb392d3fd54686,CHAIN
1762916257,3541980,230bdfd0e4e57810f863446df167642d1d0591b31f86034eb4f125bf327455f5,CHAIN
1762907756,3541905,7d029d6b29f01ef529eb73146cde3c1041043065f238d616702a3abba516df9c,CHAIN
1762905865,3541894,ba406f6a683e8a64381f7160267036ff9e834a419264e4e94810f632a4bd0c85,CHAIN
1762904708,3541890,31df1e53d9707f6d21efebce2f15e4cd3aa84a7a6baab9efeaf8320fb6958437,CHAIN
1762903916,3541885,32a2c350c63491569530611cf295e39eef8674a09c64060f02cbd3240baabd4b,CHAIN
1762903907,3541884,11010ce4dee17f89fb20c528e3deb8a0923c0cefce407a8eea4dadd2dfade04d,CHAIN
1762902634,3541875,e01aa0f301de0562f8cf15f9929ab2ceda5e93ed37cc52624b2e32a9a15da666,CHAIN
1762902595,3541874,58056902981b78cc2468abefaa60fbdad2289bc7452d23e4c66eadc575ba36d8,CHAIN
1762901067,3541867,ca0ff58534c4b5242d4e802becaa40f77cc7d5897e6802411ebd2349ac199f1c,CHAIN
1762901050,3541866,275336311c16607e57016420336b52fa03e2b5c0a6d9c10dc6e7f7231df56e70,CHAIN
1762899752,3541857,c36afde2d29a9aaaac9f8338921b3e11a5c2fff0a62680847fe61fb1b4f06ba6,CHAIN
1762899443,3541855,fd5ccf36c70f6eb3022dd5b8066508807b46d0e18ccaa33c410471ad9ed359e1,CHAIN
1762896763,3541841,5c3b506aa32d2cc9caffeee49bb7ec82e8ca63662c0a25c9960c65384639ad05,CHAIN
1762896675,3541837,fdbfacd2c59ef7dc38bc0f4af1e1e70fa2befa93c023dd4efc78687c5540570a,CHAIN
1762895207,3541823,61867a6584249da09f9130631a12c9b2e632919b3e457800ac5b1eaad88623a1,CHAIN
1762889357,3541786,29ebcf9bf87677d1023d01a1d2e6fd93e8b719944a7901089281f29f5424147a,CHAIN
1762888111,3541772,06f680326050ba1026dce7d93d761efd0175d09c2abc485a6ad9fca19044f601,CHAIN
1762888003,3541770,6dccb6f025d66dca7ea5b811bf187eef199f32f2641a467a5f37588144a7955a,CHAIN
1762886496,3541758,cc86ad31311bdbb21f5b776116420bd0c6b01d9fc092187908bcd0eac3b88a53,CHAIN
1762885330,3541742,724e12622e6cc75a3d7b7762896a93cb5a5a0450618745486985923e913e9da0,CHAIN
1762883417,3541730,1189889c9efdd1d84e77e714dfdb1d0e1c931532a5662d501daaf4987c630a0f,CHAIN
1762882625,3541724,505a50abccdb79ccd8e3a86f9e9c5de1b0255540eb90e10c2162264822fdf58f,CHAIN
1762879769,3541708,2f406b017699ce5d2721f9da01ff5adb9cb9a306f03d94116bde2d79d34b2013,CHAIN
1762879287,3541704,a9403666ba710a7374c649ba305f51e01cfa147f10f7b7b16b75ae76d29aa566,CHAIN
1762876718,3541693,1998763ab6a696e52f15e2d501e116e679d1b18526247e373f6377ad1b04a7d5,CHAIN
1762876384,3541690,63b9e59fb21f8aff18f6c5900846076db5ee557ffd33d3e0730a92377b30007f,CHAIN
1762870633,3541650,72a3dc6a7657cf4ae565f4c6d460906c04a5872b41e4d0c45a7d8c8fcfba8ee0,CHAIN
1762869661,3541641,53b7776b08bb4a4e8be3210eb957ae7f02a733cd6f1de70caad679541ad0ce1e,CHAIN
1762869651,3541640,82d0f4e6d1b4eb6cde6a447ae2480c4c8ddefcbc4219e5302b084c9b232b6cfe,CHAIN
1762869364,3541637,9d35ea96d58b414bc9226349578a8d9d111a65cda0fd8b4bfe75c2dfe9cf922c,CHAIN
1762868006,3541626,e4d8420cd77af99660c0914264f4a504e212cf29a6e686484104bdc64e8fba79,CHAIN
1762860664,3541580,acc478ad0e21c3480884f4c45bf42f81fbe5f3fcd01a439ec332b6198772306f,CHAIN
1762860137,3541576,e05d352600c5d61a6a7600ae73d8a8017ecfcf7651bb784c7acc9397d755d2d2,CHAIN
1762859997,3541575,546376c51b829427e26fa9bc5fa2b562001f2d60e98a0cc036ce2628ee753a9e,CHAIN
1762858846,3541567,ae54ef66d9fc373ad74fe084a7f371fa36c53b7f4e987ce8ac8b59b57fe52e3e,CHAIN
1762855886,3541539,917783e4ab028b2ee4ac3910673bfc9a16f682104bc73cb8219e79cdfdb30923,CHAIN
1762852991,3541512,5c4482938401cf1fd0b4b415458cdfcbb1791a621c807c4389109b3089d20bd6,CHAIN
1762851981,3541508,247ceca13c3881b6446120e31bd056b93119627a02214cf1f65c5727cff69f04,CHAIN
1762851645,3541506,d9a8737fe7a8c5d8868c38ee09808a3a079640002595df77b9e54bde5c4de882,CHAIN
1762851328,3541504,1f58bcde3a68d8567663a42b2b51604f444909ee895e924f2c7377cb434b1663,CHAIN
1762851143,3541501,7c8bc4702b77885ff6b2b4d5639921a57f4ceaed5015e9c80daa8fad7c2bd87c,CHAIN
1762850272,3541495,7a88946ae0fa7638c8c7b74e0c91dbefd94bc709c3a3f124bf742cd76b02d055,CHAIN
1762850014,3541493,0f88342790c70be43fbc1ed7a6e7287c61a1e8468a93a8fa83c2921b01b00e9d,CHAIN
1762849813,3541490,c5080645426d4466eb34c2a96fe5a8d1c981d7873448f873252eb87696a0492e,CHAIN
1762849731,3541489,19317ebe41346f4ceecfa9e7682b15c63dc13d20059796b04f814fb1b2f0cc75,CHAIN
1762849461,3541485,a7759a4bfdaf0398a888a6cc0eb80c6d860e688d1c0cae7eb389ab97e48b42c2,CHAIN
1762849287,3541482,6912356d400f4f7b36ed77c87b7f21e1b45d95de7fd4c46cf168c8663e3c2e6c,CHAIN
1762847315,3541467,4d71395659e724679d1091e3aacf3830144f5141fb160c1a9751cb99dd291f70,CHAIN
1762846238,3541460,004cab80a6058047f45e6bae79fc84cfdda9f90a592abafe5e27f0920098baa0,CHAIN
1762845907,3541457,a2bb2778fa3ab0ea8adcedc467be1b17190337d14d95e5468babf301a91f0fe9,CHAIN
1762845452,3541454,99487cccf61c7c0182426719f4c4f3a7581a1f920c306a4f40d2e866e1441165,CHAIN
1762845022,3541452,0a230ef15e409c4bc150b9504f863d2c1088c3bc1fd416057a4be12a25798a8f,CHAIN
1762844158,3541442,c05b3c4793052f9548c70ccc6db3f405ce51b4f4ab4971abaffbf83fc64fd738,CHAIN
1762842580,3541430,28c118020a732feb0be4b797d98faf2bb92f1ffb1367964bd255d373255046bf,CHAIN
1762840803,3541412,3b612eebc7e472aed0c7148612b59cf45715d08939e615fbd491592f10822499,CHAIN
1762840424,3541407,faf3ac4d0a1f258d8d1a26f7fee5d90ab32090e821ac4d96f40271bf429fd081,CHAIN
1762839868,3541406,78f8002a3002a1e9f98fb2bea37718e14f99705887c7044184bb7c00a79c5124,CHAIN
1762839356,3541399,20a82977838c183c11df75d3c203ba5bd3524b6c930aa5cd5a0f248b9f269b42,CHAIN
1762839154,3541398,826f014e8bc00870d977c92a47c79ac391513c607d1006640cfcd82f56945bfb,CHAIN
1762838700,3541393,2831a63b57cdac71f29ac6e6765d05494923ee6af2d48e7effdbfda6acc88fd8,CHAIN
1762837424,3541387,6f241e411809d680b28dd30d23d0376c92e59d862c4b85521607a9263913b679,CHAIN
1762836259,3541378,86f117a7c7855c0a74974769d27ad16e86349f4c4c888cc9739732463181e012,CHAIN
1762834830,3541365,a79782afdd8b5dc9f493199727271da7afb64b229b8116db1b878585eb561067,CHAIN
1762833353,3541358,02ed821082aa7ee8d1574c3bb0379ab11c5bfdd7709841bd1afb347f9a997434,CHAIN
1762832676,3541349,fc77f4f9d21d5a139159cc0f1a2bd15713ceb5f87e3fbf8b57008a774867dfa8,CHAIN
1762832220,3541345,5d2c20eb7a5ed7485b8e849c9431a754acc94c2d3bdf4f5caea775c427412716,CHAIN
1762831455,3541340,c7ae1a9769c66390a2a0e6c62bdcb0734232ab3a36cac1cc7fa7b540be4c45b6,CHAIN
1762831241,3541338,fdef5575f257c56c98652ce6f23d54d7d9435d4bdcef1283ec056924f3220504,CHAIN
1762829832,3541330,7fe1580a57174d51f0af36b5d7444bd9d65f3c28c43d061546836fbf6d32a0ae,CHAIN
1762829099,3541323,6bce8e1533fe62cb47972acbd8dfb942895fe5306a96a737cbbe583d36b4dff3,CHAIN
1762828714,3541321,7301c2e5b967308104ca97b7d90d9bb10f425383e0ae890a1b4d5e3b4d3df46c,CHAIN
1762828162,3541316,07151f4c3d33f150abbd72ce2105c608620aa5a99a8154a32265dad402602d3e,CHAIN
1762824547,3541289,55226e006de643713c7b90c0846f81020429ab8974baa4d0cc7e342b1f870ae5,CHAIN
1762824386,3541288,5f973895194166f281717679421dd3703da5858714f16c4d208cf6ace7d2d39a,CHAIN
1762824256,3541286,48df68f8bae649aca2b9daa9f3638f46a77ff638896d85359e1c745c446cffb0,CHAIN
1762823716,3541277,746d3ecbf1fd439f5e48a985c8b9e8a9099c04658add28ab60799060d3b291d5,CHAIN
1762823452,3541273,522fe4573b7295316d209447acc7867e38fdd6bbc0c56bd6902faa33f0056bed,CHAIN
1762823445,3541272,aba8ceae074021d7197c03c636081f21c048ad5c0654ad4d93adba04f89579b2,CHAIN
1762823047,3541270,32f5fb49f38f0db731111127ce34d46873df9f0f106ce91dbfd13b7911ca1512,CHAIN
1762822447,3541263,f737574f677217b68713501f2fd558c0db927eeb2a78ca9ece4672959f62e45b,CHAIN
1762822189,3541260,9b8c272b11a48e157cdb64da01dc836237e3bd85ce17394914ac8e429d5362d3,CHAIN
1762820962,3541247,2af933885d3328575a159209a19b2bbfe03dcea3ab6e883b6f2e4453dd65459f,CHAIN
1762820734,3541246,816d5008a1837036c1fbdeac27c9b918daef05206ef74bd1e18b4503b7a8611c,CHAIN
1762819804,3541239,ed2487e88904dba7a5532fc92c71e3b742d5f530dad340db4a67bc771e827924,CHAIN
1762819438,3541235,afda78249302713ce915213f530bcaedfa071f4913792ed61fa8fea7bcd65916,CHAIN
1762818796,3541226,44f148bea7f0e7a817d3ff6e954cb09da8e7cbcbdece4c47b5bca277db172788,CHAIN
1762818751,3541224,81eb36276a575a5215ec6702232f372f04e4dd59853f904b5db939a978042336,CHAIN
1762817425,3541216,7cb609ffe7ab522144a3f3f34407f17bbbc3f2259ee3c3948c537720555fb663,CHAIN
1762817210,3541214,ab9d450795e5865400c67dd9c68297d0fd22f977dbb73d4a1afdf35e9180c262,CHAIN
1762817143,3541213,4d8c787da48a9b272dca3e1ff2aa120bcf451471c675c20c04fd1260bb34d96f,CHAIN
1762814632,3541188,a7aaacae3a25dbfe8a5613d38d4e3766afebebff61bd6c9c7f070fd8146ca20f,CHAIN
1762813048,3541183,29e200c2d5fb7d4d01b96897c090fde95accb385cbc5d46e2d3b7ee944734bdb,CHAIN
1762812836,3541182,fc73e31562980a5925346237d90fb7b88384e726e6843a31d5f1be49c6ac1a9a,CHAIN
1762812465,3541178,6b6c40b2c179d2a10f66ce45ee674e62304e75919e456692e1215f0225bc42c0,CHAIN
1762812450,3541177,339f7ebc9a76828cbcf85d643dffd31cffc9dc2c5e45e6b7879d1516a9e526f4,CHAIN
1762812133,3541171,d58a389e013a34d54566d5ee1bb157a2987a0fbec71694b62e9e44b137befcf9,CHAIN
1762812032,3541170,cdcd8c7680d74f60fe6d5910fe40764aaf961990a26c9603070e6596f8067dbd,CHAIN
1762811991,3541169,6d9b3571de3f2146212930b76a815d8a57c4bc8c3fc348fdbcb0c2b9e62ffd42,CHAIN
1762811847,3541168,ed20cc0c812324ff84bb17ad9bd0e5f9d3142db37f68b1fb4e1deeb7a7db3f70,CHAIN
1762811688,3541167,364a1dec63b987740ad9c5d7005725395c5162f32108c0af4330508585244741,CHAIN
1762811237,3541163,27241d1a8cdd625b9ad54ac7e792a9f0dddd37415545ac9e31e34677294ec936,CHAIN
1762810848,3541159,57b697f0459ea5d2e24b8e640d925ef18e38c48b2bf002e13ac3069c943035ea,CHAIN
1762810020,3541154,1c4e73daf2b7d95ca90ad99073fd76f9be90c13b7fd1eb01b2472d04fbf3048d,CHAIN
1762809283,3541150,55b98428f1e1c0e58e9f4768d58a1040c436eeff3fe6aadc76d2da952afdd220,CHAIN
1762808382,3541145,06eb03e50f02d2af801d065fbf38335d1d9869651862b1e7fe419c56b843d224,CHAIN
1762808096,3541143,15eb67b09909281cfaf03393bde1dde7c784b5258211b94f0d5058b448825881,CHAIN
1762806721,3541135,4faba4f0a6e1f2b0a8ca9e7da6cdadd85a86c30dd44db2455e449ad9c0f8de5a,CHAIN
1762805731,3541120,01b41496704e37cf95325e265d7a8b1a916722e0a88db38d60606fca72d07f84,CHAIN
1762804883,3541112,67dd6e2ea62db6087e159a807280b613dddfe5d0618aba138f5f6d4abacbbdc1,CHAIN
1762803984,3541109,8330f6c2eff76a5ac743566053e6481ae30daf8dbf809fa157e4419770099b7b,CHAIN
1762803901,3541108,dee745d6b221a74924ffb7922b57a32e7fa5597c53d96ebb25c810d1da9ebdd1,CHAIN
1762803405,3541102,e328fe32c3e867de80cca9aac6ec7e85849fc25398d3b523898f9bb98e3786cf,CHAIN
1762801903,3541085,f0abbcbbc60b72e5250da6c8b949b6bc1cdd6edaf4035e8ce72e3aab6ccad20d,CHAIN
1762801565,3541080,d80f072462c79ddafcf8b683cd2d644e0240d7c5a38cbc461f9dc00512ce2e74,CHAIN
1762800400,3541067,e31ba5befc73dbd58fc51c12a49747d31368c572562c4c79aafacdae3a7103f2,CHAIN
1762800275,3541066,35b38d5c820386489d874509e44887ec030eae18e3cd743417f25e7f695fd0aa,CHAIN
1762800106,3541063,ae9767fef277987c15dde89e837f991b9cb4ed7527a6e5cb2d47e1d1af9181d3,CHAIN
1762798300,3541049,87b54b020fac10fb01ed514b9b73ad59a8d529a795e0451c9ed0904006d3c540,CHAIN
1762794618,3541019,2bade701f3564a6eaf7d60fc20e9e9fc6dc61df197e8758ee01df5aa3a1bc775,CHAIN
1762793591,3541008,fa3b1e8a8d2039a3a9f458e72ff7f5d20b5210990ba60445b93136ee6e632b3f,CHAIN
1762792391,3540997,d190b6539ddb9e9048ae38674c22f5ae05fe071794bd332c1d8bf4442757ae0e,CHAIN
1762791872,3540993,c062ee3676c876708f161ac81ab5c3bacdc350e9ee07dbe014d694f14469fe8c,CHAIN
1762790974,3540984,01e1fedd9704d4a3475d1cb1aa86649e794873039d877de5a6159e9e287344d2,CHAIN
1762790269,3540978,b1a371abcbb9e9be33782b0462dc9e9c0af24cb1c887631de7ae3af23816ec09,CHAIN
1762789527,3540969,faa10e706bbaa6983a5461bc84dac6b0fe7d7ef0f8a22755c429cea675b146a1,CHAIN
1762789199,3540966,1b68053573c2a7e046e0484a029095fff7f49467ce9d6bc88d2ee5a03733e3bd,CHAIN
1762789001,3540962,c98f436971373f7ddc6cddecde2f36835ae74e831c30e10425ee88455931ce46,CHAIN
1762787926,3540950,d92598d79768ad9f3fa05e6df2209cace3f0ff1ba6b2977e37cffc4dc84b2115,CHAIN
1762787879,3540949,b05c860037ffeb7d5927e76feb01a457aec06d803fad3622a8460cb00b256173,CHAIN
1762787076,3540941,cb7d9fb6d7204ccb862fa65286a1e62d02d5c8a3597aead9f3f99f760dafd66e,CHAIN
1762783718,3540913,0038c49296bf9438eb888640c5b1255b676ab2822f017678898c14df8a509f87,CHAIN
1762783094,3540908,3fa6c2ecbf92d5f385a1b4c5c33c5837b676ba5b9cd2685b33180e5dd84ae635,CHAIN
1762781978,3540902,7a190dc50a151795808eaeeb8e9d4e4327c18ace8b97b844b9113cce06b84ccf,CHAIN
1762781947,3540900,41c095d4c5f77797b07779b623e9b6d71e6174b72c88f2c2e40b1b899dbd1267,CHAIN
1762781371,3540896,0d951b1333deb1ccc4fdae79bd51dbbee3a5c00a3262cf516d02c0a841b74e34,CHAIN
1762781192,3540891,085457e573186d40f1601bc6541205cb407476e880341e167bc2951e76df6cd0,CHAIN
1762781004,3540888,b519e4141cd3f96a2c1a73d87fb8f62f320138686efcdcffb5501fe738da27f7,CHAIN
1762779547,3540872,e0aad322df5bf1e72dadf7c39070289123cdb7b7790a591acf7fcf15a6eab807,CHAIN
1762777759,3540853,103776bf368b15e50944f2e5d9732c46cc7537c37c33771c37d0c5d64bb8e447,CHAIN
1762777594,3540852,5ad61a4c9a04810fdc5e5e03b08b2738673e0b14e16af221cfd4ca08f487b4f1,CHAIN
1762777264,3540849,be8e6db3189bc7f5e82da3698f7a7d1fb61d3137bd5b531a5b9d0bb3262ab294,CHAIN
1762771698,3540809,272cce5e24ad81ffb7470ad393545323efcb5952d7bf94918543803838059bc4,CHAIN
1762770318,3540790,46b6ea7b42cc88a52b3950fd0fd3791503fcc318fc278ac3582c96c4c7199f77,CHAIN
1762767625,3540762,c328243d26ec5826a4c07afffcdfa78c9b4484f024c23a8d801f20901118714f,CHAIN
1762766493,3540753,d05b415a245807ff3935279ddbcf1cb6022e8d8fa43824109b7f944d2c769929,CHAIN
1762766191,3540747,ea81683bf662411b5f7c53541ff938a29e15710580b5d3b1d5ae247443f9d3b0,CHAIN
1762764872,3540731,f96299c2749f9ed67fbcd5b278b728c3e6452c13a4eb2856737c9ccd4ca447a1,CHAIN
1762763723,3540720,71e9bc8bb0de05eb58ed61a91a71ec17e878b7dfeee32d4badeee6e51af2f8b7,CHAIN
1762761923,3540703,53c78b7b789ee346c822e979b2e1d92cdf0146cc71c4f9716fd0b5cab4352081,CHAIN
1762753354,3540637,6bfb64d9942c568163bc6f6eeb33e35852cd42c8c42dc99ce8bfe40bee8a2970,CHAIN
1762752208,3540628,b447302d91ad6e32db949f62b22236f5a8dba8798f2657a072a6259d2d125445,CHAIN
1762739300,3540532,d043d7f444d06f84a31338732e2c688eac3ff746b16f29bdb6fa1444a41aae5a,CHAIN
1762739068,3540528,d2ddba0b65b57c89ef99a7a7172ef0f6eaf3b47b43162bde5b980faf53b4225f,CHAIN
1762737727,3540520,bee5efa26da546b7078b01a1cc12f6dab25b16067d364e341541c2eacbe3889a,CHAIN
1762734611,3540492,c479d3e9af5d2daac55a29b91fb231d4986b146b34acf616123861c4f3f0f77e,CHAIN
1762725812,3540419,7c91edb189acffe2ef6e1fe629fe98d87f545888e37d868a521bf1cecc64bdda,CHAIN
1762725803,3540418,3285b0d5cedfdc185ca27f034de739c531a658425409aa0251053740dd4be195,CHAIN
1762725646,3540416,de50ee6fa609ab34e87c3aab1364101c24d87288223cb0cb6fd9f8bcc62387d4,CHAIN
1762724498,3540405,5d3452e5def8b13db55d4f38a721fcf0bb74ef0decae795d178979ddf6279c67,CHAIN
1762719589,3540372,7041bb75fea76e61142fa0ebd013d14ace7b1d20d87b5030465b063f9ca47801,CHAIN
1762719400,3540370,239cbf4b2e35511c4e20d092f84cc0bb6c2f0c70f4a703be46b329cd50ca900c,CHAIN
1762715020,3540340,040da25d3c1bbb699b3819ccfa58626df5452d9d08b8931648d94e4c1213e935,CHAIN
1762714785,3540338,f5a37fc282cb4a0f40734c876e5eb8dfc08c92132fa87336bf71ac134ec6d26f,CHAIN
1762713366,3540327,4f1dab9e6560227b4934fc559315db28e9871b657450b2efb70226ff6e6e966c,CHAIN
1762711887,3540319,da65f0e42866c523e75e74295239cd3b624f5b9672875af64e8aa2880a29096b,CHAIN
1762704115,3540263,fbcace3e1066aae0e15f01790a7c6d146c2d8408be966126bee5417f31e10bfd,CHAIN
1762702970,3540255,155bf87812c0557aef78375072cf8697386bb8b1b052fe87f3ea88cbb51bc4b5,CHAIN
1762699863,3540237,7d55ffa6eb6ec5c0ddfd07b35f313b25c5dc024198e5636b737b0f69e716cbfd,CHAIN
1762699838,3540236,3da72320752b39ecbedcd9f0b82825172eeef3fda63f0d71cdc10833bbab1cad,CHAIN
1762696665,3540214,d71488708a1427cee9219da5cd9d8a40d5eb5246702860ff55a66f394d2beb45,CHAIN
1762695480,3540193,a75ecc3c893c8cdcc2bc185f298bc1d93074675c99e8c50fafbd41dc57b0419f,CHAIN
1762689119,3540144,3d506333500fb09cf77a38a7387f0d01f2d0866cc92bc8a11e2c561cf9633561,CHAIN
1762687232,3540133,585a0b583caa02ef6e50d1aecb0a9738238781ff8c6ee50b37b4b76bc57a3057,CHAIN
1762685758,3540119,24e27ae166731b2b7fedc791a883dd9fe7824a561ebda2397c79dae17bcee1e9,CHAIN
1762682395,3540092,d4af01d0883845347d39f185564cdfa2b7f53af4bdf34d3521f62cf500408610,CHAIN
1762681227,3540078,c287e33c7cfb656abcd62087e96df16b1f74e9adf84d5c80ab193d3115acca8b,CHAIN
1762679943,3540064,32dcd453614a20bf2cb6d7ce70f5867092fc4d9d3000803e75fe81232cc70566,CHAIN
1762679645,3540059,35238d7c2265d38781e09c683e4e3e514ede1ed17dcf6fdb8a19e5ed6b6ddb76,CHAIN
1762678229,3540044,76685629abb18be9c884aad8a3080aff4024bb211639eb95b27ee435bcd64287,CHAIN
1762678166,3540043,d2733d5a1d85d89bcb11fcf1a08a507d181a279e04b96722cf1e99309e6f91a3,CHAIN
1762677080,3540036,110461e46b4b1c113110eefb1c4fa061807ed3b267d986d8c2cf704982008888,CHAIN
1762676664,3540031,4ecec98f87c20f554fd912a8190e81795ed5a1a38dba827558cd277469f4c17d,CHAIN
1762675416,3540024,07f6c0e4cce73a30654c0977885711bef7cb152a6dbab9727c2a80d35f3da620,CHAIN
1762675121,3540021,ba371c35a91314a777bb5b25ba88edac67aa277a6ff7ae04aec57e2da0b3c13b,CHAIN
1762673285,3540005,780584ce63bc8cef00626e8c6d8015c7752b962db8ecf285c63da54c537e9e1b,CHAIN
1762672537,3539998,5c041a003c0d5b41eaadb85cb819dc84e3f2ab8ef7dadecd651ca3d97832832e,CHAIN
1762671505,3539990,7786b92fa71f6c36bf71ae09ebf61af54a1cd0e2c39700a44604f637e84ecedc,CHAIN
1762670817,3539988,eea26992268ea19e0740fb0fac91573a93c00b6860620cadf7008090c40ba67c,CHAIN
1762670290,3539985,5fb3051fbcba1a23f667e2c1c1aea324e152901f5816b0eadb595d0e3364a1ae,CHAIN
1762669569,3539976,5741ccee0b7bdd84bc1626941136903eaf051769eb1e31363eac3be9133bd085,CHAIN
1762667304,3539961,048c85f6005c413b327d863ade2a58db541547d2e8287ac51d4e57a38ae2822a,CHAIN
1762666628,3539954,37db1c3542c9278b472be5c71efc244c94066b5a015e11cebd67be1b1c446a04,CHAIN
1762666199,3539950,5a0e162b3870c9c2923126699ed273114e0640490411ab657d3ddd815b9f7368,CHAIN
1762665804,3539943,af3628bd60b16bbe9be1e640f32b9f56a551c443a02fc98a6d041f62acd977b2,CHAIN
1762665285,3539939,58f9944aaf85db6f92d90111f5f245f63e5c56d62dfcefdaded9ae100b11dd03,CHAIN
1762664286,3539927,43c12515d79baf6246fff01763bff3b46fb50a9e099ceb3994355922431e641e,CHAIN
1762664268,3539926,f83d90696d6f9df41a5b0906794cabfadc3de49b8abf78ceed5d9cadb58935dc,CHAIN
1762664162,3539924,1679ce46600cc4375eb4537647ff83f48cf0d782264dfc5fe2315f650c1607be,CHAIN
1762663696,3539919,afae8da61eb588f33874d2f7811968420353ce4c1ac9b792d9651b946d83b90a,CHAIN
1762662203,3539910,228aa0e96444ec58c3a30fa3cbfa74b57e2f1df541070a81d927a4963e401df7,CHAIN
1762660787,3539898,3029a9169aadc7d1f73c460fa85572d259d262ca312761c752c691e5af90474f,CHAIN
1762660738,3539896,42a12b3cdf937ade18c89cf08a3ec9bd6c2ca0d573a1aaacd79e662fc1f40412,CHAIN
1762659068,3539875,d103130eacef358553c459b58643d2c1078c2525ee0d68fd21dbd4fc1bbd697d,CHAIN
1762658947,3539874,7c30e40312104baf89e624ebdb106bb05a5eb95e56c157733d61f5afd195bea7,CHAIN
1762657952,3539864,cd671b8f89a112f7a86febcac86eb56c3f8109d5dae280ed2c35d4543565326f,CHAIN
1762657682,3539861,c64e14b91b99a46e0af793b83c40854bf9c9c9b247071f41e6bcbcb314c13f3f,CHAIN
1762656044,3539848,db72d77e5e47b4e5c2fd252e2f7741510849db2e76773dbb731042525784734c,CHAIN
1762655142,3539839,4c6418e71f5eb366336644171fdf39a24cf12c77487cf77e6bb428d1ca4c6666,CHAIN
1762653875,3539829,0805301bf439dc899467dbb667a5392243b70fedc141457620505c587fdb401f,CHAIN
1762651346,3539816,c332c5b8729cdb255194a80a08148220d54670d6e3772d907eecb8181bf86405,CHAIN
1762649680,3539803,3f9d7d4dcb1db4a4ad27ef3aca436000dee2df9006f30003e1a8f6b9c5717f1b,CHAIN
1762649341,3539801,388d307aa0e4c67c9e8279e2b4465dfa9043eb205bf7e235def1685aa5e0536c,CHAIN
1762649014,3539797,58458978fb84595f7436720391ef840cec65d8c729eb5661b7cf7c27434239a0,CHAIN
1762648119,3539789,8f116cd483db1160b070a96546dcea99b74abf9159609b2e902a6f15bb1c4664,CHAIN
1762647320,3539785,be4f21f8d5c98bbfa701ab650576c1b2740649df273f5c5cc97423ba707e5f6d,CHAIN
1762647089,3539784,65ce7f7a9ea9df5bdca7ab4a78461fc1efbe5175622f74d420ec845581c2eee4,CHAIN
1762646007,3539776,250a25bc7bc631fde48e909f88984b95086615fa324544166e8789b5e50a3932,CHAIN
1762644938,3539771,d6b279e99de22a599569eec87036951f111a91b68b129ee94a98464527167f9a,CHAIN
1762644056,3539765,872eb2f5ced78d6c971418c1dcc714cfc6299f9fa3638f6e09ce760e343d9080,CHAIN
1762642177,3539751,fda7814371e0f5b444a5d56bd2bfdab014d91a892b9222e40231319239ccf7f9,CHAIN
1762641943,3539749,807198d15fb7e72a81dbc135beaf03c9cb7cd71af9eb122e894b565b3dc67181,CHAIN
1762640964,3539738,e6a397cd6f283361b9387b678a39f0995654b6cfaf03e4be1c5fa696d0705004,CHAIN
1762640923,3539737,d0ac1487dc1a0f0c440885b833c26d4895d495d8bee94806c1ab347a2359053c,CHAIN
1762640108,3539730,cbeaad12dd8b3c74c28855b61d04364c18f5263ceb067af94f313b51f4b2317b,CHAIN
1762637291,3539705,abd59c7336d62a544bd3dad6e334e6d13566edeea1a7a14a5545734a69fa452c,CHAIN
1762636924,3539701,7f0f7be3a908cb314398b993e7de4a71b3dc1e01bad4b93e65b67a6154ab4962,CHAIN
1762635902,3539693,c26d00dac0453407e7bef10cdb19c08827dc402be59ffb346df916a84901015d,CHAIN
1762633914,3539675,b3bee2e2e66d57c247c1240640b27c511976e53e1b02ac8bcf1e6fec2032d454,CHAIN
1762633295,3539670,ca1ae78cb60f82fa134ca36f2f9a8261bd166437dbb828580343180268c1bb1f,CHAIN
1762630306,3539641,33be08acdafe3c00baff188cef8925f1c6e530d54919a036320143932658e624,CHAIN
1762627188,3539620,ce1c9145c13f6cdeb7992fafee1202f8b0b1c23581abad4d831ac8c371ee175c,CHAIN
1762623216,3539597,db82e3ae2c7df14eba13d5d8ff04d629dd138af4b0535db506f8a071f9d95d6a,CHAIN
1762621504,3539580,7b476d2129bc4b684e911c06196216ff94cb08f7e7b2cf75abbbcda29cf80a9e,CHAIN
1762620027,3539568,ddc2df0d16d47b2fc8d06c883b7b185459e45c26f00413c3716fd6715ed10d81,CHAIN
1762619515,3539562,b28859719b69961229eea22d1f628aab27382b048707f74cbe22ebebf7d37859,CHAIN
1762618556,3539552,5c03b85b8802979d0e9043b47e30a5d52ce2f9046dea64198461ab5f0e3abd4a,CHAIN
1762618533,3539551,445d36390d7b7fb351984883fedf49650092cc29413d38a07f7e9ecfb9189c67,CHAIN
1762616293,3539528,2569370437ffb30bb34aab7326b774f466ccae59dfe0b65356e8e1f57d965b86,CHAIN
1762615851,3539520,1e99a0bcc2fe8e9d545d2d13dc4c97efbd52b299fec73467edaa19b5e08a8626,CHAIN
1762615824,3539519,26e3c492075e7818f41bdb676584cb6008f068b02049056b2e8f1c037c0a441d,CHAIN
1762615084,3539510,490b6d4894295d7aab5d6f0e3f92a3bb34ed27011633d7ed13d49f1fa0b210bf,CHAIN
1762614808,3539505,1c2540c5a29f7f932b4dcb9c9b28de4621daf04702de495aecc5101048868237,CHAIN
1762613355,3539497,cab17da2fc16926fd5a7a2eea8f64330895c54d6b153f75682de674461bb79d7,CHAIN
1762612972,3539493,0935c0a5e1ead963dc80fc77b92549a8640b5a7152a52c3148921749112f5d62,CHAIN
1762612087,3539485,50e9a4330ca303d43e01c01524441c39eb44d32ddfb43ba5319315e94e605deb,CHAIN
1762611828,3539480,f2568d9a3bfb90c130c56ef82116d0c087ca1d7592912cf9247ac3137b6fe81d,CHAIN
1762610281,3539463,6a983bf7c5ef8932c801557224626839743093c2b8caf40b79af61bc613e996f,CHAIN
1762609609,3539458,1069e6b24dc68bdd09386e9bb0d7afe7fe281f22193e916e8f7358e2a1b9dfdd,CHAIN
1762609607,3539457,79c823005e524129f7d3d627b9848c9d29639abe9fe53bbb3f49aaa7b3697b4e,CHAIN
1762609315,3539453,404430cda67d11f899d640c7dda5d88968d39bd8d217ec9b9838a4d54d1f9bec,CHAIN
1762608169,3539442,d1483c6df92fac63614d316323e4875966b3ab991f416206b9259b5873e5599c,CHAIN
1762606143,3539430,b729fbd4060295c4ad99a29b3daefa4a402224592199ed0fb54cef0ed1944a33,CHAIN
1762605372,3539426,d9c69c9a087dd4f6d72e001d403b60d09b1192316463a4d44454142a47445ac6,CHAIN
1762604810,3539423,b504898b0921c8c4ddc653f7265ab0fd36fbf53c2ce9107442ae0ed54118fd89,CHAIN
1762604595,3539421,3055e3a274d98bd7ff07e235ed6fcfd8923cc39c81e99ab6cfa7ae305e9da6f8,CHAIN
1762604571,3539420,d4dc84ac3e395e2dfa7ac1c9787b644f2ecb66b584bd812998a57bc511f29054,CHAIN
1762604408,3539417,58978d4d46213e2c6b374c5a2d23dabe91176d4936df03495dd33d4aba2784dc,CHAIN
1762604164,3539414,b77b1a58e13c6b108709b56bafe7ad9cfbf1cad6d0b274b247c2a475e872afcd,CHAIN
1762603919,3539409,a5e62b09c3d751f1ba4d7331d49e8c0f05e784a1fa6020417b33c97d44f2cb52,CHAIN
1762603645,3539403,cb335c908e3aefbc4c87ba02bf26b0331e73b3dfd55a454c65e58429a14b0b3a,CHAIN
1762603430,3539402,468d7b80b01989001510af66252d2db2a769c3e91760bbdaed41ae4500f03a84,CHAIN
1762599335,3539376,ea7955b2f216157a785ccc2481f37b37baff6e4ea273ab750a6b369fcf2c9d4e,CHAIN
1762597546,3539365,224f94456c8348070ea52216c20c97595528b71d01c38fa2da692d8119363ec6,CHAIN
1762586907,3539261,cb25941947a7604118464ff42306a5d7555b32bcda48cb52845f6bebdf3827b3,CHAIN
1762584715,3539241,cf93bffe9e15528d20aa3585d5bd073d30dddaa5ed6cbcd7cc39ba7d1584e87d,CHAIN
1762581863,3539211,4160cbd026fa6114348e8ba795a1c1144ca9771cd40618eab4349fb25491993d,CHAIN
1762580569,3539199,6337b6ecd216616beea4b8bd1827bf5aa2c812cb82ca2f576b95dea43873a104,CHAIN
1762580518,3539198,a48fcbe550fc8dd0b8003d6351d86f9cdf6d8a64d04b3b9a1ac2a1d79bbb83d7,CHAIN
1762575979,3539160,695a7493dcc97d0a99aac217fc69e174349454c2949f041a42614caa4f76ef5b,CHAIN
1762534416,3538820,0a27156f658a09127e9947000e6ac05dcf831358aa8ac269718357c42ba9e383,CHAIN
1762530959,3538788,8eb3d24fd8745d9628907702bd1c798f9ddfb5d6f3ba89bf21f2839b732e3124,CHAIN
1762529907,3538785,074d6c6cee885f0311f702ed3fbf1f16065c8bfa8cb150547dcc5ff506a65b3d,CHAIN
1762529779,3538783,e475cf0c71c4a0fa07a3f81d3a0da01af516279832129a6efa248243d7451ccc,CHAIN
1762529637,3538781,e0a5b3f65b3d54fa2d8ab2e1b56595f8818bd2711b1e9062f667b8d6415b3cb2,CHAIN
1762529554,3538779,6079096e0213be4d02008fe9ab6c1aa8aaa90f3de2076e0a2515eaa361f670bb,CHAIN
1762529542,3538778,c704e68243aef53a9c5907b6bfe5cb83e10848b753a927aaa666442963cb8c63,CHAIN
1762529505,3538776,8f32d8cafc3e089c7f201f495d5c67a083a31e7eb4ad49c2c4c20e94f63f0784,CHAIN
1762525538,3538737,ef7fe41df55a852d54558702c8f48acb5bb02a7d64db97ddb80787121e17b8c2,CHAIN
1762522276,3538709,c26f36e4603f27b52d97fb12e5390c9e3f1e0398e20cfc984a96f4482e51b437,CHAIN
1762519597,3538685,0af084ec75de943781d9691a54be07e4065128a7dff39cf140b33a94793d4052,CHAIN
1762519047,3538680,9aa55e3eead010496f75a6134555f21ae945aecdbf54b152974c2cbc2a70dd3a,CHAIN
1762518887,3538677,82bfef55331020c3b33bcda11d3ee521c411e27fec3d335780e21c6e644890a5,CHAIN
1762517960,3538668,c4a8ce03a38c7b4406c2451c13d852b6917f59e570f3fcb0024df3763c279a7c,CHAIN
1762515163,3538642,4d5a3a24617bbd233ad2330181b80ed5d79ce8584a4ffb0f56c56cc396afc034,CHAIN
1762514044,3538633,89a22ef19bcd867dbc25d62fabda8abdba9fc86e99aaad5b1d5927328c23ec75,CHAIN
1762513612,3538629,d4975d902b6e18043cdbee8f40d2aca286983b7748c44b31446818bd892b969a,CHAIN
1762513607,3538628,4a93ea37b2ad41a21e209d674a328ab88ff22c6090ac004f735b212fa7f82eb9,CHAIN
1762510177,3538601,657871fb6e655ee87e11fb71bc0a90c6e611e97ab2a5a1afc04c0d10596a1980,CHAIN
1762510162,3538600,b87493e2876e83ff14d56d5fa0d1fec77ab3a008dfb14b61167c10c2155501fa,CHAIN
1762506877,3538563,af925a1cdb0416c860120cefc28f1d8e689f94f8b0824ca54175b51f4137c98b,CHAIN
1762505493,3538557,f8e3bbb65f8479cb8945a7168ff88c6aa5359cda370f80e4a4b1bc7a0b2d4d0a,CHAIN
1762505443,3538556,3e5990bce24d31b16a50459d9da97a8b536ab483fd7b68ac9b01eb590314af4b,CHAIN
1762505268,3538554,e213d845507854554a7a56d94bad6743a6fc8c76720bbe5dbcee1cb28ea3232b,CHAIN
1762503999,3538545,7dd7bc2a987330b7311572080e7274bab9ac989ff6cd2882bfc65428808a6bd8,CHAIN
1762502165,3538527,ef46e4f2999f3bfea1f092fc816e3a585de984527095d0a0a63e1a17c5fba7e5,CHAIN
1762500837,3538518,037b47ef56636102cb39901d1e962a19d5a87ca92b32883f5f0995abfc2b67ee,CHAIN
1762498027,3538487,d596fb31ded5a23031ebae3312bd77083ecbeefc1727b90a623329d6d16aa211,CHAIN
1762497939,3538486,f38ee599dd8f1e96b91c0fd22b6708242d2a1b4f6d74e91a664bb3f977ca5451,CHAIN
1762497894,3538485,2345ec20b6c4eecc05375fc7cc2ef8301873da397c4a26a3be26217d0e08ca74,CHAIN
1762497886,3538484,f133eef9be7b6e1f38fbd6d44dd2932804aef25cdb5f0b82e87e5740e43665fa,CHAIN
1762497121,3538477,7e455d84a64a98af1cc0d16d9021550ed6c025ad7670bf6caeea40d916228b9b,CHAIN
1762496041,3538469,779e22137be8859f8f74ddf85fe6473ec3f745afdd751b512eacc3906aa019d6,CHAIN
1762494584,3538460,93fae611f8b1ee525c7265e8864bb1f7b87cd465e4cc2fb4f34fb0581df47a1d,CHAIN
1762494524,3538458,d13b5d265f3e291c94d24fbb85e7db27a55b0c77c1874c1c4ced4c7015afecad,CHAIN
1762494484,3538457,44c4ca5c0655818f8d4d6f4ca68a17c91f6e1b1ce30c056eb100b222dc0bceea,CHAIN
1762493776,3538449,f2b3b40bd7c960485bc5fa9dcb64e07fbdff75a574105a56bcd0b9ba442ea82a,CHAIN
1762492360,3538437,306645e1cfc49a153065205ae69c3b380ae3bcbee2449bdc8a070797dd8f1ae4,CHAIN
1762492339,3538435,245cc84387a7da052cf20f8ba50a50236c2c085195097142ba00b21dc253883a,CHAIN
1762492293,3538434,849971930d25e0734ae33f4cc5380f0fc731a677199e5ce5761db68ee43acf9e,CHAIN
1762491314,3538427,1749ed10f8e716ed019f779d4985c59c20d8fe6256a5f8fc5ffde57ba50a7c26,CHAIN
1762490884,3538423,488db801ce81e4cfa3d328cd1509225a138258ee62c2aa82ca1d7a7aae1b99c7,CHAIN
1762490132,3538420,2c4903ab3564e589828055a026945dd4482dd2e7b15e238f5ecea2f87caf7c24,CHAIN
1762490116,3538419,4a38bf58f72d087612e2701545f40c60951af0ac11e8b2142878d440c80c676b,CHAIN
1762489865,3538417,8911ff655ed8ab9c93ac80b85aac9291aa64545dd04dcdd290e07314cd7f3a29,CHAIN
1762489680,3538414,ec3becc570d2a311f5c11a411946edda9375bb70a66044b3d02fa1544290df4c,CHAIN
1762488680,3538409,09149111b83da09728e4872455fe339b9ddf7cb2dc20b1b1e0081310da1f3bb1,CHAIN
1762487613,3538402,5a53323fe2ffd2dea586cd31b450b8266d9fc30530cd8b8328d1a7ea3daae57d,CHAIN
1762486747,3538393,bdf26fd8f3921dc2b2831411e832493d973d57c1d05b1274d06b734c6ed0007a,CHAIN
1762485491,3538381,54935ee055593f932dfb70a7a89ba61e6289e5a44409c1df39fc64939fa9d803,CHAIN
1762484524,3538374,b09e9aa78bcf37d9b36bcde592b19e4552b4605f3a8bcb82d0d09898992f440e,CHAIN
1762482873,3538358,7c005f6cab97b7e10dd8d8856342f330eaf0874e1aae8b65a1d80fd1b7f2e875,CHAIN
1762482393,3538354,e1858b915145468efbd3ec4ee87296f1299de7abe98d008928e4ebec8bc4fced,CHAIN
1762481980,3538349,ba23bb0edc1e658dbcd0143907f046333cb91be49268e4123879ed9b0b7d10f4,CHAIN
1762480236,3538341,b801f77bf280da5744ce04752e786c0552eccd539228cf399c102b0561521a92,CHAIN
1762478859,3538335,adf6de4043755d8be500ed712a8b1dd4d97925df69bfee0079714ddc1e0ddc84,CHAIN
1762477597,3538330,9483ce8f5562c863f9ac4910571d11cb5c9e6905263aa19f83b891742365f4ec,CHAIN
1762477542,3538329,4e705794ac9cd0c5817834a94607c372471860e6d0dcda5b8deec1278d254b6e,CHAIN
1762476987,3538322,e6a36c5072bd715aa47b109704d069518ed72ee6eaf9a5e2b7c9392c5da969de,CHAIN
1762476580,3538317,c8d0c56c11bb80d52df7e1727135b9d38a12497ba43975f4c7810ffe9c468e37,CHAIN
1762476154,3538315,5d8246a7662f79398f0c0f7a62e2f7fe6c7edc02faaa4c94cbf070ee319efe56,CHAIN
1762476088,3538313,73404e3e2b9735ba30810dfb4b7494c8a06c1ef9914cc2d1f8c0fcbcd3625430,CHAIN
1762475698,3538309,10a13010e76ef7b456874955e93f3753f78027ed475a036e25aee52654dff236,CHAIN
1762474660,3538302,a0c1cb7a5a337a4b7f7faa7e265455e31e15c76fb705b8e2a822175919067fa1,CHAIN
1762474653,3538301,3c83afff43c394ab3f9bfecfdd0873ee42812a2564739d04d4ecb25b002ec9b4,CHAIN
1762474030,3538298,cdf6cc59f68ffb99c35854e66f2a2494152835f4f584f7bf49de37081bb310be,CHAIN
1762471500,3538282,d0010068d3686ee313c134dcc511cbef50d78706fcde0f37d1738536ca39c3a6,CHAIN
1762469873,3538271,75dddf19c04e151b733d9c81264eb330b77fdb2db3737bda77aed9e3e853c8ab,CHAIN
1762469174,3538262,4441c8b36466894ce1a8df756c20546c4126e4a174871a0258a464345987795c,CHAIN
1762468357,3538254,2e496d85f4bc14276f089941bdd810dc1498c464cb8e4f5b10d9d50379996540,CHAIN
1762467876,3538248,f58010b975c421de6b03c3590e05c4e9b0318eb4c47736cc2b192ecd81474293,CHAIN
1762466124,3538236,cf204300992407f61f5cb87cd803ce20ce5f6bce2941b7c69b221353694169c1,CHAIN
1762466003,3538234,fcb8610af54467a78c2c9e0c8abd84e798b8ab34a6dc48e977d85775e705663a,CHAIN
1762464826,3538220,32e9c06d170e635d2c286b920bd8cf129a9d897a9aa1587ed183c1ca5a2fcdbe,CHAIN
1762464266,3538216,07d8673f4fa63ca69e70b585c68c8e5345cc190d1b8f88043b3184aad5a68bfd,CHAIN
1762461912,3538196,f217b79063ad513797410a5cca3aaefa277f3c8ab584bca68231f12d3defce43,CHAIN
1762461589,3538194,8725e6a5fbe9f6d294a7dbe9708d5585a9b29a17777106b1bb8efce63d866f55,CHAIN
1762461217,3538191,43a88beb7bf4f44356bdd505ec3a4c3974487877143aca45032b6b17266ce849,CHAIN
1762460954,3538189,17d8dac391b796e428e21846b3580037d75846f386012db9cccf0e6f8115d44f,CHAIN
1762460942,3538188,9881b1c19369d64b05ca790889967bc50c692152d3ac223a5930d52106bdb8f9,CHAIN
1762459965,3538177,c4b1d1c5f9032b5ac2d75d28903bd5043c0c6b84d2164b21536fbadbdc370b7e,CHAIN
1762459163,3538170,3e913a0907b4bd2d32a400134e743e9cd59bfe3d9e36321bfd9bfc47bcd224dc,CHAIN
1762459049,3538169,f24394792914887fb27c4c4ed680c3c8db1e8136694a7e79b517d415a62419f1,CHAIN
1762458417,3538163,997a21929de6d19ad088427c6ed785c11a7b52a4634ca7ede0a1f9f0f81e92b8,CHAIN
1762457372,3538154,2f93cddaca9e00f7bb6907ba320e47d0a8ebf84f58fdfd67b05fd8a9cad967d2,CHAIN
1762457156,3538151,aec44a38918e9ffc507ca757951932e32aabac3b04ec286162f81a1f8a29022d,CHAIN
1762456816,3538149,61e8841cffa9e99b04167a01e1e681278c987f3013fc83559491b888b909df80,CHAIN
1762456663,3538147,8617dd5a91bc21721a7178764f81fbb0f27aec36b1518e0a268e56a5fd7d1263,CHAIN
1762455188,3538135,d928cb0e64773a10808202512f40b467ae1e6113796c587e2db64155e3d39653,CHAIN
1762455014,3538134,97d6d02832c28a66882953e3e62cdebf21c7294b6154eded9e72db6184a7afa8,CHAIN
1762445835,3538064,b100ffdb0d6cdc7e55770305f7a5fe1775d39d482e1a7eb8a06ce862f4e8a782,CHAIN
1762444475,3538055,2351683d2f53de25c6c42322d7b6e798d99409595a400d4954b0d643755ae75a,CHAIN
1762443091,3538043,fd4f7d8dd303fce15295b88ffd710f1f72a3213907bd46e31f2047a25c2dba2e,CHAIN
1762443079,3538042,ae0b5906b9fc9fdf221aa09d1b92ce5e5a1eb97166e2df823d00b6142aef993e,CHAIN
1762439995,3538020,eaa295f65a19ab4eb2c80234e594b0f1789a4c6fd3ed3a18dc9c5ea29a7a3849,CHAIN
1762439733,3538019,94761d2cf03a1f75a29c758e3f2f4267d3f57f3a7e690de8396127cc98c89d54,CHAIN
1762435612,3537992,0786820b1460422f3660e9b5f8ca4c1fd424b4c23ddbc0d81a4d6d51fe04b5ee,CHAIN
1762434909,3537986,d87ee53f446e9030a87f35e2e8eda00220cd3fddf5f50056d4925d608426dbe4,CHAIN
1762433456,3537973,3390c0ff1fbca95deaa51c19bb664b4d7adc01708142efaded5a1b72328b02d6,CHAIN
1762433295,3537971,9ee60babd7e39f06c2e9656ccadc93e10858fa43d2e8b84dd8e8363179b60f9c,CHAIN
1762432783,3537967,2d84eb083a6745ed46502e2e36251dd9ea79c65b19a72211cfeb0eae236a0c45,CHAIN
1762429579,3537931,2a91652369d147f8846267cb5c7dbe9ebed1f97e68cae043c9bb3b168d8d2919,CHAIN
1762428374,3537917,407271864464038cad17d199946cd36d061303d6dfdfeef391bfadbd4c15ae9d,CHAIN
1762425502,3537894,0cdf471741e2ce4160f1ae1d0a0795c8aa76a400494500b1ac73c464628835ae,CHAIN
1762425067,3537888,c97a2b9ad8c7e14cb2c3f624f8c2a09761cbc4ef0669b06b2b6576e9ad905137,CHAIN
1762412782,3537768,e0740c53222699f3e83ee36b477177f14b9b6ec41123134647e093f75af485c5,CHAIN
1762411526,3537758,bb077895a52863fe6e6c64f6b3e38f9cba62ef25e410632a1566155b698d70e6,CHAIN
1762410913,3537753,99dbdf2bb38d8d1a83c1d110253b90e226ea5c90a7ecd244b69b1562ffb2761c,CHAIN
1762408397,3537731,0f30f88d1e8b979125f714d97dc70046bba6a77000d233509af5d6e0d6167447,CHAIN
1762408233,3537730,27be18aae371f902c6bc1c67b71e7eed069b16d96ced4271aa25cce2ae4dc848,CHAIN
1762405063,3537709,60b90080def70d22cd95e82a85015b6263050adbeee06fbfa7b4ada7be934e6e,CHAIN
1762403846,3537698,bd5f6b148882ece87f9ee330b97d85b0f6f8f6f64ea9981c6e4668bca0a3cfe5,CHAIN
1762395102,3537624,11082d55ca3fa427f4a120bb65725aec57b6addc4c65c0fd027189cece8577a2,CHAIN
1762395082,3537623,801b7c8f6ba934d53ed16a482c72db465d5ea0dc66e98e1d0c82b650a1729058,CHAIN
1762393257,3537607,65d84862cdb8b5b43f9cb0c53e1c0456b8148dd6cc95b69cdd7e7573967f6020,CHAIN
1762392799,3537603,5ace168cb3e3a38ee53b277e03ec72f6d12163c11ba15fc3eeeb498dc422f156,CHAIN
1762392735,3537601,3220ff9c1fdfd3b1862ba4c77b39d06572e4de185d429ea8603ffc1709279411,CHAIN
1762382699,3537530,223d3e8bea85bbae8f9a14803cf33a24e41d02dfb89e1a8a3b637cdef0b5120a,CHAIN
1762382127,3537525,74e2ca682bceeedbc39a1de01b1ba7068511d495b5a53a3256faf9de9535d92f,CHAIN
1762379214,3537513,e57822fff73fe8f8362dc79eb2fae653a667de369b60138f00e36fa064549be5,CHAIN
1762376578,3537501,66ac02e01ce10e901db37f4b1a525f75d0027811202ead987c6550c3577aced0,CHAIN
1762373560,3537470,f3309b116c83732227a498188d6d8575c65b66d1992181cec99d458286df0975,CHAIN
1762369643,3537434,5a8132d8c9d7230a82799782e0de1d4da18244ff5104d9a08ee8ed99e2682d21,CHAIN
1762368536,3537424,9244e85cf37a45066a3aa128551e766a786fa60ca441ac40f4b640596bd9b2f2,CHAIN
1762368516,3537423,2899a886671be7f602342f9981ce730f4c5379e197ec27ef24fb2427a1b5a0d9,CHAIN
1762368459,3537420,073372f8d5f88117412f8c7d1fa2d25a5cd7d4559139beb3260bcf64ed81b997,CHAIN
1762366485,3537409,673126e7df36b4465f2e33acacfbe3ea03d108ad2ab7214fdb03faea17970917,CHAIN
1762363804,3537390,f271483b5b98ad72924b5df7fa86c8afbe4581fc105c1521ca00c6f7a3a057d4,CHAIN
1762361729,3537372,c5b974d6226376ad90d9f2dfa6c7f7d2a958d3fcd80a366c54973dfcdc9f4302,CHAIN
1762359161,3537357,af5b2dd25994a4a24ebbfa5b21422cffafe20b1468b2290fe371b9ac86ac2aef,CHAIN
1762357944,3537349,6c1839fac762742e5277710c4b03f30b1c4b4754f1ef851c7e14deef06ef0f65,CHAIN
1762357531,3537343,6ed0a9785c168b734472462082a7e4e24bee27acd9ec75c3bf0ffc4bef3b8460,CHAIN
1762353675,3537311,9de56e072160c77540b91a811702e1e967acace0da1348a183806ff6c9788152,CHAIN
1762352148,3537302,c1f181b9d828e0283a0c8e37193c48f3cfa51a0df36dc8b3545bcfdffb75bd25,CHAIN
1762348973,3537276,d1e3809287c91a9af9f3a6e78b0ad5aed2482649365a4290c8f0f78f7c7e5b40,CHAIN
1762346120,3537249,58101c91496aa7d8a40415158d6b7d34646cb624026de0cdc033b63aa5ea1a24,CHAIN
1762346025,3537248,66c5a392d027495c4784b094ab96ef4b2cff35782dbedc7a9a46f5f5e8e6a9ab,CHAIN
1762341988,3537214,2f5137017ab0731a336d40f79ceb625486335c6c669c10fc1a8356ba3d909749,CHAIN
1762341772,3537211,1c451cfa2a4fd775886f9a54a33647c4621b66da8d94b028bc1e6bad56499a60,CHAIN
1762331330,3537109,46500a03b4845eb2858d957b47dfa7882069c05be22217205689019cccb75dae,CHAIN
1762326918,3537072,795201c439498c9ee98b68feb2ba58b2520575a13f255fc32417c77f46d11994,CHAIN
1762325484,3537057,c4f56bff39fe64c4e24a6d7cd1dd0caa033e99a5b48b1a90fbdf75ff183da273,CHAIN
1762321201,3537024,bdf14a451833c3f880e32e0bedc41dd6d2df66c7277bbc5c9520702c722227c6,CHAIN
1762319343,3537006,e366892683a0a089a89c8bf1eb39e99a1956225979e23b704b69ebd02daf3158,CHAIN
1762318426,3537000,dbeae50c24c1bc00107259771324ee249000b9413b6b39f268b53211d32c2abd,CHAIN
1762316937,3536984,2bd8b6e4a41007389bd2aa0bae6f6a5d177c27cb75858c882391201214ae4fa1,CHAIN
1762316511,3536980,f1dc39120ff64b184553c929056cd39032ee03ea05c7c17b2296cfc463980a29,CHAIN
1762316395,3536978,f023f5a12588722d0f09c12fe7a6909f20236b49c6b76e576595e61d5f2bd6ae,CHAIN
1762315173,3536968,8b637a2e5a79e82f428d8af0001d18415203f6856d97a98ddc117e433d93d919,CHAIN
1762312325,3536944,29d82169060c7f007d877c65e4eb79424feac1456412a56011b07b54de48626d,CHAIN
1762308817,3536921,f328d1c16db0844da05346dcb821b665b5e7a2db7de624c7c22a267911ebc339,CHAIN
1762308634,3536920,ab18eb9e35e2c5d08bf2ee2659d9824dc3f11d5899de3e865db0d8d53982d96c,CHAIN
1762304203,3536885,7239f8c60cdbaea4965bf4300b959b9fddbb4aab7e64273bd61affd6b2ef32e4,CHAIN
1762302451,3536875,ede3bb6cc9946b67d8d7e1029aa0e001fd986d81a34b4886d987a3a59d16ef3e,CHAIN
1762300829,3536862,0b21c9249c4279fdaa3a7625582e167e8fbc42a8b8d76114f19061f2248ad30c,CHAIN
1762299412,3536852,05c23fca20e424647e683a1e84cd39b59543f80a8ec677e529d6d2032ab4dcd8,CHAIN
1762298995,3536848,0fcfa35aff029d96aab4bfb6a337d75d870352b57bf2c52a88483e0d518d7fb9,CHAIN
1762296245,3536825,0ea179fe2c9d693efd333177c92f35b537f1d8842e57270dc80898d017a64d4f,CHAIN
1762293285,3536809,0df1e268f8e2de37d3e46df6bc69da615dd6b12025c37cbb778b1660da531779,CHAIN
1762291682,3536796,178e6a758a26a18b4712566727e70dd2f8d903cb9c01810c39e5f1d7e63bc591,CHAIN
1762290089,3536786,e3043dad607a6e89d4058c45dbf8547f7524aa58c79c3fcb5d33e0761dafb518,CHAIN
1762284167,3536755,5b6741ae12758270d9621374c564136761ec74340ae9dda241a1ba550cb05ce8,CHAIN
1762282594,3536739,5438f64d14e1f3bf56222f200d461cb82752e8fbeeb4fb1a30cf69a520b03614,CHAIN
1762282488,3536738,d2d528d683b50e0952c3c6eccb9185e6be6ee78048be92bba6104870a9a693bf,CHAIN
1762282468,3536737,40e6633e16a3d1883d7e5d809954e1ee73b8baabe4b61ffa929b1c588b27e6f2,CHAIN
1762279493,3536715,630764cd656d2bd3b03f49a5ae6cf48838b17e2ca6307ffc09e3f2be7b28a4ec,CHAIN
1762278038,3536702,014de31b24ed0b373ff2633460a95ec5a9db7a25e31415f158c7603411a15279,CHAIN
1762277765,3536699,516a5e7feb217edbf7d964fb322525c5e265658157a097888c01cf10ba5ceca9,CHAIN
1762276719,3536692,d1b78905fb428f6b41592ff6ea9d15c0fee7f3b2b602b9c576974dd58a27d8e8,CHAIN
1762273027,3536661,3091e52d826177702d6e0be02d419df6de1a5c4852575b23415a0347e5112418,CHAIN
1762270015,3536636,7a24796532f3fade2f680702a1c84406b2bbd24a0a6cad7d1ccc1e3dd82e15c4,CHAIN
1762268915,3536627,bd1c1c1d07b32067e157bc27838db897cd7628c2360c49473b449591d18d6fcb,CHAIN
1762267514,3536618,ff02adb4935f75f4a3250115370723a4fd2e9f30c90ad7d185386d4ca9141951,CHAIN
1762264025,3536588,d0ccc2f39dc139c4c55c3c1728896291a5f6c04c2876365f8fe8fb1f820271a8,CHAIN
1762262753,3536580,96d196d3ad677dc793dc6fa4f5c7d0d98761f5e33cdcdf50edd0191238df3a99,CHAIN
1762260102,3536561,17a8210c1dde493e5a82132b0390dbe045a39e9101646468a6ea29aa0369fe20,CHAIN
1762259939,3536559,c4785f829476b528272248b46178f5730bc3e5b6a7923b2e55807cd32df122ec,CHAIN
1762259899,3536558,dd02dc617eab2f9b93a0a11dfb19dfebc123a76b52f6939aff20bfe1e692c25b,CHAIN
1762256574,3536533,9dc96e766f475df53539d8a523238142e5163bd07293bcdc1061261e5578521d,CHAIN
1762256432,3536532,cda7e5e8fdf555ab031a36b6268c7a32fa94ca83308c1ae982b3462d8304cd1d,CHAIN
1762254755,3536521,a625e350da054903cc5dd54e84f20b74bd90ce84f7efc48e249ef74be09c04f7,CHAIN
1762254564,3536519,4e15cfdc8510b8d919a6def14ac610c79921e9dae3c41ac1495bc9aeed4fb0c4,CHAIN
1762252609,3536504,ca0fee4b62adaac1c53b5cc9097316b678f6b233c85275a023c8f8063a9d6aa2,CHAIN
1762252376,3536502,56676f5255f79df6b8d3f06df1ce2b2beec4365f5bea1f679893fbef2ddaac63,CHAIN
1762251536,3536499,e9c1fbebd1f2b173667784dcdcf14b6f080f7cef3961d58ae97d69a622956dae,CHAIN
1762250766,3536492,b0d77a4ede139f6bb90aefc97b7511943ae2cd1b505b244919cf64845fb11e13,CHAIN
1762250280,3536489,cc03e373a50ae349682600ea7b1fb26a5b7f6604e171bbab4b9a8b935bbb929d,CHAIN
1762249707,3536486,c13c615b14893a29c621b22c228cce91e924e139654b563a1ac383952790b41a,CHAIN
1762249503,3536484,70403c1b35df0c13fea1d3423c9dc8ef13062b198fd4319a2e532328f630fedd,CHAIN
1762248963,3536479,51162d0e78e77fb6b4134cd6742345a32815755a9ea62ec5826f3174a386c4a3,CHAIN
1762248198,3536470,8c6475e51661f36b87d2d94b81badef7fe53a063b94a21dccc27ef9e4c59a2d1,CHAIN
1762248014,3536468,1562bc3634f605c9c75689f1e8d9c5f294245f196439f9cbd0da92422d1fd12a,CHAIN
1762247879,3536467,24555b8362e6649036ba44d0521726854b311ec46311b8619b2b97b6f5093099,CHAIN
1762247768,3536466,ba621e486a209327d27bbc8819072bc367fa8d277d12dbd1446fbb6ae1300fb6,CHAIN
1762247583,3536463,564f473413c6208236f4560de3241823b727b64287f78e2558a13263a8817f51,CHAIN
1762246887,3536457,38773d00c89719a3d2f1feb79832c7889f10c08c44ab88f5d93a13ae638f9976,CHAIN
1762246173,3536452,e4e9de8fb6ef27ceb4a9af054a80571eedf5dd21851dd669a6fa648aec8af613,CHAIN
1762245029,3536443,d63946b4bc60e40d0e2f0d11357ed2e0fa5ed8443e9aa7de01f5b153b841225e,CHAIN
1762244855,3536442,579fba09d16c314e8bbed1c41b431dad51067148b221b9ddf6cd2da97cb1675a,CHAIN
1762244818,3536441,92d0dd06335f127d59d91844e643d5c0cc6f1f007f8028b0c47d93cae7ef5e01,CHAIN
1762243418,3536434,182ae6c96be6946d0ca3dcb934945c180bb4bc4939023ecc4c076b476c214579,CHAIN
1762242627,3536429,67563e0c6e2be85778cfb725c5d503ba733eedbb5003cc45d3d1ca3a553a7517,CHAIN
1762241651,3536423,9ee28adbe75bb452742a9b7fcacfd1ecdbdac6129619e6d96003fdfd378330bb,CHAIN
1762241625,3536422,299b0198a2090e94c86c0a7706514f7f9f4d60df1bd9e8bf9604f6da8886c106,CHAIN
1762240709,3536409,b1a5265d01b306469e58e6b1cb34be185812ea8104cc5aeaac3cfa690957436d,CHAIN
1762240243,3536405,8d74853a3b641fc045eb4a103a76c4a471935a100dbed72b2bd9b4a9d49fbbd7,CHAIN
1762239739,3536402,a01f5b634366f13bb02aba4d292d3806078bf3730cf6980559bc8b29585c2291,CHAIN
1762239044,3536394,16140cbf73d443d14a6b06e40d51dda1e43b83f69caa2e5ff79dd2aefc43540b,CHAIN
1762238502,3536389,2fbca6484f9d121c3ca69243d9fe6775493a541caa690bb20b7c507256ecefdd,CHAIN
1762234522,3536360,f3212331c1232f6d47033ee6a8d03c60203c4f352a99f8c3d863effcfa44d9e7,CHAIN
1762233072,3536347,eec4b2ddd13608af2272feceb6962963a2c4f3b5c7b15732917bebe18df7601d,CHAIN
1762230494,3536331,120f40b9d93e044694982adb3e128fada9d9cc11b790ff9261b0b4014e2c3442,CHAIN
1762230187,3536326,b831792ba377147c159abb62e277579492ec0c13b1807fd36229196d0ce0cfef,CHAIN
1762229321,3536321,3797f54a24b639a26fb4ad0cf7112476f758eb4061d576eb29064768f4ac3e2b,CHAIN
1762229125,3536316,7cbf01441129d51234e2bcd488654a3830c36d437682f91d1ae11b222627085e,CHAIN
1762228524,3536312,fae52570ba62fbfdaf1b86af31280956997481b18b25614b510407162bfb5041,CHAIN
1762228282,3536309,ca6a877a767cea49c1f932b08c01f2015b6f074314f2e9eca08752de1a52ad9a,CHAIN
1762228216,3536308,c7863708af92fbbc00884438955801e4fa663c37ccea03e00ddef1cc63eaabdd,CHAIN
1762227839,3536306,603f81f427e8c53d31cfd41c82fd799dee21ec1ac9dbd8b1ddb178e71ac34a78,CHAIN
1762226820,3536299,7d41a2e3ecdcc620e9be907fba0d2a2fbcd83602fef124c87d41f91fc633e693,CHAIN
1762226334,3536295,4a93c5df3f5983085867dac7de6377cff6fcc3dc8c9fec880c05c9148ab29742,CHAIN
1762224448,3536287,9db9fc1763baf30bc56e62d75daf87dd587712714f864d6245d0dedc0b9c6f0f,CHAIN
1762224189,3536284,f661f8c6ab3793e22d437674cc33ee574650727f28fb047a637b82ab45cf7aba,CHAIN
1762223578,3536276,fc48e8d29d874f13e8440db96e8e17a0d63c20bbf422b540b5c24faecc06e431,CHAIN
1762223065,3536271,98991a5d6c1584d77fd6f41596652b2b8cb2bf71d07a4925bb5f45a6316c53ab,CHAIN
1762221905,3536258,12c45ef818e546a434381229ec2ae2d986ea5c23ba68448b24c39438a89e8666,CHAIN
1762221605,3536255,6b8ebb6a3b9ae4033d6021552ab507459436019ed8a35e1c032d73fe4dbfb882,CHAIN
1762221402,3536253,0132e32d4c7f24f05e9b61f7e938d5ec9b1f557def17cb8e36f49b3671a025e9,CHAIN
1762219992,3536243,0046ee94ff6ce8adf00a54a6ae1df4b53d03f628a3547f92e785d28f9e7eff12,CHAIN
1762219232,3536233,bccebf3dad80942ead5fc197671a70eefb3dee1e97817fd2e846621a3877ac5f,CHAIN
1762216392,3536208,63fc66caa8b25473055321775904a8a5aed5ff96f55fbde889482374fe126cb1,CHAIN
1762216154,3536207,840a0def0d6f3952a8b8e38eb89e8dfb59dd8818a2a74dff4bf7d964844c3670,CHAIN
1762215763,3536204,cb488c72bd42fbee7483aa7fcd21aadf3bd39c9fdc1321e121b794920fc561c0,CHAIN
1762215424,3536203,47b5e0dae0cafb2ce72ef251b2df54b6b7ad107103c80c840f67da4045ed0f63,CHAIN
1762214888,3536201,8ad595abdf2bc1a31c6c09a9779af512e5e5d8765ac4fe77ac6b3f53dc30d913,CHAIN
1762214402,3536197,bf4773ffa9955d75dd52afbe2b154729de4c96873d1be8be68e02c0a48c489b3,CHAIN
1762212470,3536184,93cc13d639d7a8558e437595c411cf50b7355cd7f29dd380ea9e619022a8a4c5,CHAIN
1762212259,3536180,8aed3ea65c4d916c5a94bec5a252eb0965ed95625df2a01f06169afeda12c782,CHAIN
1762211267,3536172,b09e0a8a76833348a7a5038c27460a123685df56e930e4a9acafc52b3cc9df47,CHAIN
1762210477,3536168,ecf05203bf78ee134249051a88716748d9805761d3064df0c52a2b5815fac8cf,CHAIN
1762209627,3536161,45ffcb22a5deab2f018cb4c23bac92bf53418fa3a4bd71a51b72a66e1ac6d433,CHAIN
1762208865,3536157,5d7fe994fe45428a9d69288ad3958462a2fa7eb4c55f2e0e85ee1a4d741592cd,CHAIN
1762208757,3536155,5c5af32914b2378d764455d643014422c15763ba1387fb1ef5361a1909774254,CHAIN
1762208666,3536153,ffbfc264427d6ad406e6c48e18a9dd967f116d564b85186d3159378e1d005279,CHAIN
1762207708,3536148,114cc2a739a63522f5e1325e2bc3d0ba6b93a5dc8683c4ea24e7bf4f4cd84314,CHAIN
1762207623,3536147,d386fdf9ec1051a0f5d8ae3823a2817294651075a2d02be9baa9ea4b772e4fef,CHAIN
1762205867,3536131,507102e8ea240a135034b7cb16a4815b90a7027d7b0934526bc356e6ce30a1fe,CHAIN
1762205179,3536124,4beeaf6220ae5ab2d8af9f77b6bcc6853fa543e3d1d4d2efd2f831ad4a8c9f08,CHAIN
1762205107,3536123,427b62859099333697174b10b5530935c26445087935e5abe35509afbab71151,CHAIN
1762204220,3536119,3f9a6aa80eb416919030ee71846d5d59767a61894686ede10cad027ccfd19e60,CHAIN
1762203746,3536115,65c0e6f5bd941c226ae28a7b995c645ebf92f304c4828da21c430d0c27036514,CHAIN
1762203323,3536111,5f9bd52001b0fcd3bc220b98f04faa2dcfddd030808fb4381044552e890c9ea8,CHAIN
1762203011,3536107,654beb383011017e777bc3887cde0883c6f5619ec81961a56c8aad66eec4eb8f,CHAIN
1762202824,3536102,b6f0bf2e03bf2088aec2cd67719e71e5261ce0e8898c6d6428e9e3bff2977a96,CHAIN
1762202698,3536101,95ab247a9c6a288cf29555f34968ea38512d22a6873d4aa28a6f8ca9b0d88d57,CHAIN
1762202320,3536092,f10e55c184ef88f8087e9d926e9a89f5cbb72ce2cfcc2f5bec6e90cfa1dc320e,CHAIN
1762202041,3536089,72a7910e1feeb44a53ce886747201a431214639db78e1d3bba46110d728db30b,CHAIN
1762201977,3536087,4cecf338ea131c3f6bc1c2fc767e19ee3fd30a4be835df729aa97d1b0843aa68,CHAIN
1762201209,3536077,98dff8246e8b06a7915a54a2c5b861736b62ab2f935c9bf5145cb1c3d26e636e,CHAIN
1762201189,3536076,ff0720ca131f2ef54fc14e94a4068703db381d59f28478fc3fbfb1e32e406128,CHAIN
1762200774,3536074,6ee92ec42688a28c081c7c220c926609977adb1aabfa4e23c049e4d9afdd22c9,CHAIN
1762199583,3536060,a8d1bb1a224d6e4e32a2a2d22b027829147156f6550793700bb6f5ce54452ffe,CHAIN
1762199442,3536058,2b7d8a701d3c75f968a6511e991981248e7935d88770012d657ce141231e5ed6,CHAIN
1762199037,3536051,67d07be8c4720b44e437aa86fd047e541e8f99e7c0a367f5dbee0241f2320aad,CHAIN
1762198536,3536046,6d8f7a6d882c27ba6b919c0b5be28ed16b388b918a27bc861e5ceb7ece461724,CHAIN
1762197782,3536041,d41551b32533fce34060b8f0e8d69c2542ee5c346c1d0c41a5075459a5d92782,CHAIN
1762197723,3536040,dc47543895f0074890b91dfa6c392d61f5e082d5e21ce843551802c5034c0585,CHAIN
1762196775,3536031,b56a3e40baa1723db926f8dc16cdffa11811ff12cf20fa017d35d4c126fc31ce,CHAIN
1762196238,3536022,c9386f3686928484859a0e6e4804cc2a30c2653955b21993d3e1cafbaef5e637,CHAIN
1762195907,3536019,af035d8cb8ebeefad82d40503c338440acbcbdba93485cd749376854edbe7d2e,CHAIN
1762194746,3536008,5eaf4a18cef27a39932ee2ed8427b60996b904ed3f312d6fbb559830aeaaba49,CHAIN
1762194711,3536007,4fee29f465f654f4e91a5b5e3a6c7dde06785db67948dda9dccf03d036455629,CHAIN
1762194415,3536002,29c3d613715f5c1f65064f30221b6d19e09e2d94c7f7680d5d464c2f090f3b3a,CHAIN
1762194194,3536000,c0ec1c00c50b60b2d1214a4b849d33e29dd9d8ebdf6b5871024f8357e84a8c98,CHAIN
1762194192,3535999,cbb1526b57334339d97406c189ee3bb132fc44621cff1cc05724b39892cbba9c,CHAIN
1762191562,3535979,b3e0c6965ade819069d7d0a83ade4b7e894596ef2a6ab07fa2630901b955bfac,CHAIN
1762190380,3535971,e0dddae28c666a49a0e0f7789352f122acd4850166fb9d9869b702bd9a5ae475,CHAIN
1762190062,3535963,7d900b72116fac9efcbd5df8b81875ed25c24a47496413b583c2af364cbd1d37,CHAIN
1762190016,3535962,505954667a4aa6722271e8dc9bf085265ce0ef384cd869dc23e66f4fe1cc28e2,CHAIN
1762189687,3535955,bbca60d1cf034336ec5477cd128508c8b457936193c6cb2652109e25a5feebb5,CHAIN
1762187554,3535936,7000da852010859c8878b31825017f8ba57e54cdf5ae385382b8313041813589,CHAIN
1762186640,3535931,6c99efbde63a6de07deef18d3175a28702f95acfe6152dbeb998d313e3c902ec,CHAIN
1762186023,3535923,3020a228a04f9b0159d221cb26a5b916ce8ffccea4774d3448185452db019d75,CHAIN
1762185564,3535917,e7af1c6ed78c4da220be303f26fb566cf300b6b58a3a968a3eb822fe33759572,CHAIN
1762185143,3535916,3f286157e515165fff022dafb572ef3607d42b181b8e34143c59be5ea4597b69,CHAIN
1762185087,3535915,db939a4fd3b0310c755bc41e8f26eb1b6e30a3f1b5abf365086aa0f9f9e58510,CHAIN
1762184852,3535911,6bc03920bce555f984f3836d83cf99e691b54247b8c15c1f9dd5a8e3606f4f76,CHAIN
1762184728,3535910,7a8fe79ba50e0b98721790be4d93575337211aca4ad36c3307c9359f209253b4,CHAIN
1762184419,3535904,8fe26b1e61b63742c4f2874b3f7bb15aff8f64c7981d8b25ba86eb08a47817c8,CHAIN
1762183150,3535893,39004f12ad571e23e492b27b10a1f5e3c288fbc4c4cf8714b6225037679ac4fd,CHAIN
1762183047,3535892,1da5b052335d391b7fd25c7beba3464cda0c88cd6807f87ed5d6509254160fd0,CHAIN
1762181320,3535879,d7a8dd8ba4269ccc09ff12d3372c64e0fa3e8df8b814462458c8cb23ac47fc94,CHAIN
1762180770,3535876,ea0513c335b18e03e8335155e699b06f0b82041da629db1ffdd26ad23954ea45,CHAIN
1762180518,3535872,036541d8810565087268bf5ab0895fd6ed2bef3364ee9c7d10a8667909b5c1bd,CHAIN
1762180453,3535871,c1da23c115f6f0d1555e5e19a431b2a144a07acccd8d669a06029db8ea42d895,CHAIN
1762179865,3535867,72a4169bec8610ebdec514a9a815295ac163b40e488b4336384893763064bbf9,CHAIN
1762179480,3535864,cd76323ce0f5699e06e1296046b7bca735d54489bef5dac2b4669592413fd273,CHAIN
1762178948,3535861,35f3fdad033cfae4ee92339c2f47978e6f7dabcfceb5df9b0d80886a5807d1c0,CHAIN
1762178902,3535859,db73c8d2287d25e08ba4673d1cb5931446506b5e03761931d6e2e1fbe039a4f7,CHAIN
1762178302,3535853,5f26234e813601694581fa08987aeac1473c16d9054bf0337d2315beed26a6eb,CHAIN
1762177998,3535847,822697aa1ff5d6d4bb213a4a03d033c3f62f4c21696a323d07aed0e4fab43f65,CHAIN
1762176459,3535830,3e6f988661c5f8472c2704ec028a99185f89d7df1c81fa1803ff354832a5279c,CHAIN
1762174727,3535810,5f950614e011e6b680984a1db6d9d12593e7ed767c91b3e7361172c79ca7b06c,CHAIN
1762174151,3535799,a75e07430fc959bc90192ceb57d8f3c6b9d0161bd75c253d6b3328a941e644dd,CHAIN
1762173437,3535796,9e1895131683b7eb5f67721c481086e727a4c6c49d3532dcffd19b7e0d468e0d,CHAIN
1762173391,3535793,912ff1c328b469d7cb0f300c7128871f94e66ad58dc91ecf8946983fe4643285,CHAIN
1762172630,3535788,2c01029da1eabd9f3047558ffe7cf0f67ce415f9ea6aaf9f396a9bebc1e6e376,CHAIN
1762171881,3535784,a16e8decfb2180692e9d466847353422f793fc34197591975748c9bb76fdf73f,CHAIN
1762171846,3535781,c6ad19d3a5394cdd36a61d2470c8cbedf597ceb1f397cbbeb964d8f4488718e0,CHAIN
1762169365,3535762,4ca540115dfb6fcce0acf0a9e11d5720c76ea9510287c561f40e0e57cc5fff5e,CHAIN
1762167848,3535750,c0fe1dd2ff9e235135ef4f2000ca3d9f54d2bcf56fd8fbd8a8f62fe1c3b013a1,CHAIN
1762166473,3535730,cb41326b6daa61f03b4deb53747ce668783b19b7388ea60035886e388c8082aa,CHAIN
1762166351,3535728,7cbcedfb59169e9a5239040419158b124c1ac55b1a95f0861dfe6b1a9cc8a00f,CHAIN
1762165171,3535717,1fc6397bae379f12127da48303ae420696a4d871088f91e66486c0452bfeaf38,CHAIN
1762164880,3535712,1560b4fed38ff9cd56fd0523d0d9a499fd7133ede459f8a77437a2d28bf1770f,CHAIN
1762163428,3535698,2c6f3add47b9faa2a4ebd32539563204ba875d8f57a46e2b8ee768cd5cf4d2df,CHAIN
1762162032,3535687,f7d3a277797c96efbc6e619ce3bc967640e839f2272fa5fd814acdbb104f7620,CHAIN
1762160538,3535671,f82f4da9d49fa0f7e517493cc523be750d329b11f233aa8fd911da921ac60400,CHAIN
1762156997,3535640,89f6bd74eeb717a2ea528bc9042e9c1c85cab3f842c4c3e3a31b66f77f59da48,CHAIN
1762156867,3535639,4a17167367333c0d618b7e55bb846612fccc57e89eb42258fdb1bad65ef9dbe1,CHAIN
1762156763,3535638,03ac091949c11153b4e41f22591e9f9c462c3cd00c4163f33f341d5e7adf0442,CHAIN
1762156493,3535635,5dde300b71c7c44f082ec1fb319c92aa639d6fe145169ba323e5099be8541d1a,CHAIN
1762155514,3535622,36993b5f30827e6a5575d12cc289411105fd340a4e6ee396d07f6f8a822ee69e,CHAIN
1762154106,3535613,ccff4897a6fafe8db08027e14fbd87339eaa229d276c883cb690a0457238a0b0,CHAIN
1762153586,3535608,6fcf153c1cfcc7e32a3ccf5261546c8d0e6a4152df28035751310f4d10a4295a,CHAIN
1762152474,3535599,826c3d6a8344f712278683a5a37b031a8cc14c1937fe9923c03a45fb5c2eba84,CHAIN
1762151481,3535592,bdbb9b086dbd50ac11d1a7fd91ad9d9b6fcfe72ce4919a8f99d579f60889e70f,CHAIN
1762149501,3535579,707c3022372990669739ae7d8b0df27cada9a2e2a04e466dcfebebda3a5e4ac9,CHAIN
1762148084,3535567,acaa1eef37b77a700e81b5559f758e5c197aba452b7c8ed51395195be6a1df22,CHAIN
1762145775,3535546,387fe058a22a877ea61df0c71976d0a680a87995472a7398b9d9d51437270135,CHAIN
1762144442,3535541,8b2a5ddf6ba59be0e503671dd223d4da782cdd60022e20121acbfc9023dbb684,CHAIN
1762138343,3535507,1e70f06516dbf75c9bae6111e009200ea03959771d8e198e5af4d4600dcf59ff,CHAIN
1762137075,3535492,735a62b4406355d7a744d6184af186522d39fd0e4ca89fdf2159b18eef67a80f,CHAIN
1762135973,3535487,0611f5466a06a3bb45d3dbca6592390661d11ecb2e95c462d874d7e8588b9fb1,CHAIN
1762134353,3535477,16933a777b9c189dda1edf73ed48015997c2ff98f77615c6f9056ee1f27abea8,CHAIN
1762133194,3535471,8e00fefa0f6ab541aab80e9419d0b5714ca501ea83a631a88a56e953d9fe20cb,CHAIN
1762131810,3535466,08e7d6220609bab68827e98634433cc68ad59a7ef5ea062b077a3aec79fd39d5,CHAIN
1762131506,3535465,eb59a901c98eaa7336430b88f62747b1e025058cb0171038157cf743ebdf9332,CHAIN
1762130434,3535459,aedc864350b0772c45f8de8bbea5784078ebb2ebe03e02a7b26fc6f0621ee974,CHAIN
1762128258,3535440,bb4341722ce346bbbdbb884f31bd08b473b7698614b4570687416c128501b7bf,CHAIN
1762119997,3535378,fe81c69060a89bb443404aeb6698281894b021478bc70ff091563eba680ac1f9,CHAIN
1762119932,3535375,e3286a7f9fbbc72364d57fdcba1708ce6c8358e92ccc687e2a86c07cda1ca822,CHAIN
1762117163,3535361,bc67fce31bf8e9f3b2a01e01a4908fdddc40dcd56ade48f6bc54e508c2184db5,CHAIN
1762115507,3535350,115adacb2dfe3c968a9e7641f8a527252ceb2fabb45014fe79944841c9e911b6,CHAIN
1762114511,3535348,92c56234a6d217d3cfc0899eff707ba0a41fa0b9501d893a01f78d65a4688ba6,CHAIN
1762114217,3535346,bab73c2f82adcb783af35d32ec4f64759288c130df56853b7dab2c514ce1f891,CHAIN
1762112705,3535338,db76e02cb3bc9f671b47601b14cf1abe0cce0745eaaae331e509ef594bfd556b,CHAIN
1762111632,3535331,2e5ca853f01e5442ee4a6c078692438215494ba3aacc8411ece079c6005400eb,CHAIN
1762108665,3535303,646ecc260ce0b7a48f4f48ce8e1bc6ac1768cb54e8daccbaf40bfd95924f13b2,CHAIN
1762108545,3535302,3dfcfc743cf16e38104c1e0b08c0b97d269603cc410ee9f8b2ac47ce87d96800,CHAIN
1762107597,3535297,1de046e3db83dc148b3f31747914f705cf89ee6f931a617da4d3ca9c9010e202,CHAIN
1762107134,3535293,e317396b6ac8cabf246b6a207144402f301f94dbce25060f1c0ed227e84675a2,CHAIN
1762105923,3535284,46d98534a3da4ceb6e4e0b7bed6e50d6117ab19d5e5dd58681641e586806ae7a,CHAIN
1762103116,3535269,127305eab9c23a92cc66f78b3f79e16a16eea604dac879193a420286c36d2510,CHAIN
1762102877,3535266,f9a0de4a928ea7442b3b3ce2874367f204b37414cb8a1bbfc13533b2c90cf097,CHAIN
1762101876,3535261,dc12b9608f98c7990a10b1b14a54cdbb1189957297508d8e915bf175183a2f61,CHAIN
1762101731,3535259,08d986773aae8356c6c1805b7374c496fd1392bd29549e31b0f102b2ee8d7528,CHAIN
1762101498,3535256,c9db12c82578113c6425b9bd1b7748a4ba82b03d4343402901eef4e9d41a784c,CHAIN
1762101453,3535255,a04ed906113aae9d8c8cf7053c397ab19b060e14521e7df6160af1e7fe794e08,CHAIN
1762100196,3535247,8295e95a3bfe3309861e55e333334ed5203ca74a07f60ba76a850aca459df65c,CHAIN
1762098726,3535237,35bab1aca88f7784601653387f507881fb20f012dfb69669c4a91234dbb41620,CHAIN
1762097698,3535233,21b73442a75e328698e6f4c9470f9087060620843c102f50b24dd9db1c09e6d2,CHAIN
1762097694,3535232,dff516d1f62aafb7056158bd6ac2b426f61f16d0a209d2465d65e5914698ea03,CHAIN
1762096416,3535222,8f6e79abf82c09e2c3b5bb7e1e301a9ab461391a7cb7309eb0333aa9161fae51,CHAIN
1762096392,3535220,751553d128b527b3c48017d10df32a7878d6e570277c450366db0dcb1c1271d5,CHAIN
1762096294,3535219,4df0e5ced29abfa0b4f83c6631b14118811a37bfbd3ee5485d3d22fd8146c769,CHAIN
1762096118,3535215,7e491927dd4cc6f9e40259687b5bd85e7dcc6f130b5f52c82a1f188806e4135d,CHAIN
1762094926,3535209,870a24660e16f1dc6d7c0c7d667375ed1a4daf4b0ab0ae147809f9ccf9816849,CHAIN
1762094735,3535208,6cbf6cebb7adcff226ba269e5396d12c4ad72488320291f286a6fde30852c5ee,CHAIN
1762092065,3535172,d04d27cc608f4b85c082e4fb979b2fffe49ba7b485e01b06d74e45f1221b5496,ORPHAN
1762092063,3535171,b34c63da70fdf567d5ead92d331f0bccbb920322b87e70d5988cd377687500e5,CHAIN
1762090635,3535160,1f89f59b800c9e27f33684f2759e8da1804ef8ed9a0f1c435c48f55173e66d36,CHAIN
1762090513,3535158,07dc32335c5b75b9de67a3bd40977334bc07a8df33ee5d5e6e1e000f270f2937,CHAIN
1762089675,3535152,6132cbf568f3a8ea3f88877c6c983a3d162948681cd8da3636cf1fc7872f50b8,CHAIN
1762087895,3535137,363148aa8adb1628ede84eb09d9992ce5a208a5bbf9ac037121ad3c01ecafb2a,CHAIN
1762085580,3535113,8db7b8146c627dd45ebb0b6c0f1b1540f161fad879d405babf6c3db46d7c6896,CHAIN
1762085478,3535111,44531c9057605adc7afff1230c41a89e39aece7680420076f7940d2036fbcbff,CHAIN
1762085070,3535109,76022d58fe13e61e8921006a466780345b8a728e83149543b59bf0c2ed43e90a,CHAIN
1762084271,3535101,a2ac3becf65fa8d03376615c9cbf5c1dc29d45ce564b9d7470effaf8c93ad37e,CHAIN
1762083363,3535093,33f97962f0d632cd2454e53f9f9340a8b939b93f3f87dd27badcb221806d1a0c,CHAIN
1762083148,3535089,eca0be0cba20e9dab76df9fb3f5d93a4a021ccd8919085defed1158eb2e3a4a6,CHAIN
1762082691,3535081,5ea80f2933b0a33c844fd00cc445dd873dc21985c1c9d355bd0891139596fc01,CHAIN
1762081867,3535074,f7d14acb1662cbb5e84b5a7f4da896d1b93d48e46dd0d2121ce748dfcd366a41,CHAIN
1762081812,3535073,312f00ab3fc56f00a2e3654ad6d7d05c827dd0f0ef369916045c4e34fbfb95bb,CHAIN
1762081469,3535068,d45b072c5377a96a9568fc0ff5944b5c526aa547bc74f0e9c758eed242c243d3,CHAIN
1762078550,3535047,2f7dd7b99789d76a576077c5c78ab957b2d66617e1ca7a7f146bc04b13a15ec2,CHAIN
1762078541,3535045,a1cd72418693a4a6b38b1bf64197e1cfd8391ef49c8a4a80c242f7b756be455a,CHAIN
1762078328,3535041,97b65b4552d53709f3094d211eb0f2ab7d553d3919ecd443d02d0c6d94dd7180,CHAIN
1762077852,3535040,da88f7f2dbd19eeb3abbd5b55fb8edc792188614ddc0ee7f143b678deb9b0361,CHAIN
1762077535,3535037,c48968d19ad01761efea689d3e98b812e6194eda6ecca4dbff6d6419fc19f0d2,CHAIN
1762077318,3535035,f779003e3773b5c1808ac6cd86327e9bd2af199e409fc4f7ce0ca4809a3959db,CHAIN
1762076731,3535034,320bfe25fd1a7a652e3448d40caf2c6c4e1f5fb1bdde538843f4a404610e64e3,CHAIN
1762076140,3535030,7f38f395809218409ac7a981b5bd4de541cb9d858fbc06c03cda61ecf6b280ae,CHAIN
1762073404,3535015,a10f2c8f38e96543c1b85eebc92e08fcc8bfa5e28e2aa3ee860ec50b5054f0c0,CHAIN
1762071132,3534997,13c366b53a5da1c6c40fa8ceadb2304e7866e3f0ee0ab9a92959441cca1e7290,CHAIN
1762070703,3534994,ef875dd7c25b466ff8af050291dd66fd704b555634175a80fb970aedaecd744a,CHAIN
1762070066,3534990,29ec4c73fa7a9ed9220cc88235f1dd27cdefa428ce7c4211fd60cf485d4ddf9d,CHAIN
1762069935,3534988,ba7c0f6769c49691a4a4c74a0a32f34cbbffb56eb845b78052bda8b55ab108a6,CHAIN
1762069189,3534986,9822ca77d6d0f8d92ccb8bb6effe0c930cf72a0fabf62592883b7ced767648d0,CHAIN
1762069104,3534985,8794bf1af3f6a7aea2daf3c7043db829eb834f8c7b51cb70b738701340105063,CHAIN
1762068297,3534977,0d96ebd428154b05d0df8c1e85aff5504eb254faa43e61bb99037e995a6db8d4,CHAIN
1762067639,3534970,b3c4bb47aaed5dc5c495622e1d314516579f4374fd8ff45e8a74de44adf1152e,CHAIN
1762067438,3534967,0945911ba70ccc6f325bf6b7b07e20944bff326cb149507726eec89420096b37,CHAIN
1762067273,3534965,09ffa40f7bff61faf234117fb34f39e3fbbce356824be77a033ed1a12f8f9fe3,CHAIN
1762067111,3534964,6fd066820f22ea3379e2a172baf0b24d200991d63dd6c8cef0579efba85afcc4,CHAIN
1762066974,3534962,f1cb04f3c363aff03a654e03ef090bdf888c4764d8cd1a7708056e4d025daac1,CHAIN
1762066850,3534959,02d850b40879f04e734eea5d21010e216418ef63cee32b300ee7821b6cbe8043,CHAIN
1762066441,3534954,b1b496790946daaf637e5349d8eb92a4736f56b0668eb345f0148e00284f2eae,CHAIN
1762065754,3534950,67f0dc44e9cd6ccbf6010c4e8f88cd5adc4076d1518b7a0f29ded47747cd429a,CHAIN
1762065591,3534948,e462cd9b30516ced0d2c789715317534f700889ce64cf773467543e1fb7549af,CHAIN
1762065086,3534939,eafec0bf5bd7444532c40e75df6df45e8e7748ab1cf997364d4844a6df01c666,CHAIN
1762065069,3534938,19234dd66428fcfbc676007e7d8a3f0c2e148ccc5d15aa3261b7a5d271b0e025,CHAIN
1762063493,3534927,ebae72ec5d8fde4b64260b5ffd17efffa7471cae3ec9d437cb9143b92d5616cd,CHAIN
1762063435,3534926,7379af343e1023d50c21f16b07ef354017eab3a85488cb87e4f283d9eeef5abe,CHAIN
1762062960,3534921,71455814e139a173bb738ae8cffc88bcf51d97afb359a8f35a431458ca9645b9,CHAIN
1762062756,3534918,d05cdea1ac7b2b706b530ffdf935163d777c4f995f2fdb532d92cc9607692f2c,CHAIN
1762062116,3534914,9d50d37e964ed99745be1f6ef08f6ae8de887473db9877605213291e0c55a69d,CHAIN
1762061774,3534911,496b0465f1d1771b11866db162f04f9b04d0a5087a76cb94805a60d4e51a5b9d,CHAIN
1762061620,3534909,d04524b18eefad1f92b43dae52a92e758451b8aa34f1e80d6fdc87fa30f73932,CHAIN
1762061594,3534907,1837f9397ae6a411ce52d81e04a6a44a8577afcce528c3ba994bb1ee8f867e64,CHAIN
1762061551,3534906,5bbc60d211f4903a55c85cd8108e89315280f149b8e5271eac0e64ae5b598663,CHAIN
1762060653,3534901,547bb31603e570f631299f0d949c53be38bfb622760abf2593fd2a440c6aef21,CHAIN
1762060498,3534900,f94b219a8a9cecf4a1c4f5a1074e651777e898a9f562532f060a4c0c6c625469,CHAIN
1762060352,3534898,1e6bdfe7ded4f64348ff28073ac64a58cc02070ed2fc552db8c0e06c5bfa4365,CHAIN
1762059930,3534893,7625b50c1aeefdb93ef0b25c6550d2786ad977ebbd1babe224c8f9f85693bd73,CHAIN
1762059848,3534891,ad3cd6c0e1b81cd2d91a4ad70b4c83dc063ca1eedeed0841269a191bd8ccb279,CHAIN
1762059627,3534889,c0f7695bc81be21e52942b0809648a60b8ac96ee0326adb2dc9a1c65fb5139df,CHAIN
1762059264,3534885,6a7c351de991cf624407d7fb13d473dd846a843655f90ed392173a004290890d,CHAIN
1762058555,3534877,4d4e825b91752d4886a37e843ce4e5727a26fa1310cabe70855712308b101d10,CHAIN
1762058501,3534875,839dbc7c58915aac5d08b8639eab8c50813d02c9c2dd0879154f9cae50239b91,CHAIN
1762058306,3534874,b206f26520783aad70df9a0f664bd4ef0568951d3dd8677eeef5cb6bbbc98544,CHAIN
1762058104,3534873,d5b1b088b7d8c28946a185255a3ec1d4f91bdf0f14ba31b5dd2d6a3eecf6ea50,CHAIN
1762058089,3534872,105dbe8d3fbef348bd135ec2754ee9d2b2c1f6d33eba1cd62187ec5bf5070b60,CHAIN
1762057355,3534868,fde4893a0757bb469f4937cd4cc5959c7a0813c1eb442c8af0b57bbe6437f7b3,CHAIN
1762055920,3534861,ec9010b7efc0607c0f1fb75945f6c31896a98c917ba2e57d5ed5824be137747e,CHAIN
1762055551,3534859,c3a556af6f0c27aca5603e94dd8c8a30cebcf83932307e73dccc7325336f4352,CHAIN
1762054838,3534852,aad3241ba2f4476c593b1080be6d5a6e1691618ab2076f3bd42f79d8303247d2,CHAIN
1762054566,3534851,cb8926d782a5893ea26bac6d332919247f2c2615ac5135daeec5a45c90096a71,CHAIN
1762054048,3534847,a854c985cd77fe0a80c8532d63a747e04e313d02c0bf4a1952e4694961292691,CHAIN
1762053804,3534844,b76775a6edfc37f270a74aef3b84a58095df807b4b765a209da7126e0d538b55,CHAIN
1762052639,3534835,d60fd3c80b18fb0af682c285a4a7b55236999d331b929d06bb36ab2b40398fc4,CHAIN
1762052513,3534832,b6fd5e0aa6fa492a55897270dc220c957128a9bd238ab739ee27f7d1d9dfa859,CHAIN
1762051863,3534828,55f20c642f3500eb489c95a42cd7c5cf913c67c37dd3f2c8d7d3820863704822,CHAIN
1762051074,3534821,41a5241d3e1470c2c05eb0ddd2d9de02065d9c8ebea2a86c27c600e0b011b23f,CHAIN
1762050882,3534820,ca0e1fa66d74a6794d6ed40174ba28a3b1ac35da00a728e84bfd235ad8564924,CHAIN
1762050729,3534818,572358b5636925b32e4255884762c1459bdad6f67f0759ab8b1f07f870f5efdd,CHAIN
1762050680,3534817,77dacd4e810c1e3e83d53c27f650ec05a9d4255e532b44425e090ac68209401c,CHAIN
1762050285,3534816,cc6aafaed8ef56a0f1ca9a771039e2c1840d721d8b1156232fa6a5a91a6a6791,CHAIN
1762050024,3534815,ab606d92efed212285e0ed4979863960de3ad2acac4388472273f1a115eaf3eb,CHAIN
1762049267,3534811,ef283e108cbe6d9bf3703e16f6a5ef1c9482485da91b1a953ddb9c9d15bcce54,CHAIN
1762049178,3534810,2ce84e858f31fb39a2886c3845862559606f48bc87c8fd869475993d3b08f121,CHAIN
1762049095,3534808,c42da8fb0d0ff6bfa20eba4610a46563cbf977f58c6863edb3cf3762205ca37c,CHAIN
1762047408,3534799,cd61788118b323d1ed7093a928d2290395d867048a6fa5d48367cf5a65e1b6ce,CHAIN
1762047236,3534796,429b19742dbd45062cd2267dc8118374aed208b8b64549db060aed963e2ee10f,CHAIN
1762047186,3534795,269666b83cb9a622ea924c73a32b474b4e60ebf99da69c4901e6d13573de4985,CHAIN
1762046802,3534794,191f38c60ae1fa38aef4fdf8ef55a256fadd719827c02050a6af46033dbcad38,CHAIN
1762046662,3534793,609e7c245de85767178344021c3476725973c24d45574a3de58b0781f1f2886b,CHAIN
1762046596,3534792,2801c13405d85b7d9a09eff80dc61b0b296319163f78a61798b40d559e964e88,CHAIN
1762046531,3534791,b2002cfacca0a86bd4341d5edf0cc6c1819bba2b30c88aae64d83640c24445f1,CHAIN
1762045495,3534784,47716e33a9cbabac3f24c4cd662735cbbc0c4e953aedda63437d2808619f1f8a,CHAIN
1762045426,3534783,8c49a172a77687521891ffd59e88254facaef83278906c37b4abd5f515524fbd,CHAIN
1762045195,3534780,31b1618745e35598840bfc17c0fe353de09b46b6e5a3cfc2b566016a1e16ad81,CHAIN
1762044828,3534772,d2b95159a069b60fe57b5882d4e12af430f7237f29cef7fa9abec3d519416f78,CHAIN
1762044747,3534770,9b82b6ead837b51424ab900c48cf4756f25b120f1f744891238d36c356fd34f8,CHAIN
1762044062,3534767,7a230031537995fe5dd371b29e0dd4e1349336546903cb61d4e0abdae4f72019,CHAIN
1762043960,3534766,5afdd34eb75cb77396f682dce8873cc853e2b61a48b3ef15a2893dbc7caf2a56,CHAIN
1762043557,3534762,e4cad9a205f0bf9e1e3ddfe942b65d545ef4b846e654e1565e872779dedadb3f,CHAIN
1762043196,3534759,b40d0f27f39ccc39f0308658deff6aa3a0e66be461554f06c69856b04851af81,CHAIN
1762042550,3534755,9fb2e2142a84d59590e036e8a46ec17533d9f30edd87bb18edc8e3a28c37b407,CHAIN
1762042325,3534754,857b694432e6fba28610991df74ac481401b71902c9f1184a2ca4d668ffc5320,CHAIN
1762041482,3534746,0140cdc63400e27b812f95a78710a4da992eb5672a3aa3e2817253397d8c5b09,CHAIN
1762041327,3534744,0fd66646387f404ff2b2912231d42e9f1613d8b5eaf402958956823de0964628,CHAIN
1762040832,3534738,7bb38bfb728d0b51b4934ac19b4c3b58de98d862095b4d79bfa79e7ffebde330,CHAIN
1762040284,3534733,e3f0db467e2494c919c1c579302f81d393921e6f244ea562c02bf28df8cde83d,CHAIN
1762039972,3534731,27acddeac9a0c6615795c19815a38c33b09ce42671ea0351f31e44cd98eef55c,CHAIN
1762039738,3534729,4ad4a42e3b60d193b6585cfdc24af469f07b94af816a51dabec6e502077c4745,CHAIN
1762038358,3534728,86d24a1b06f13129f72d6e4a2260dd5271a03672aea489e8950f5208d9b8f4f9,CHAIN
1762037840,3534721,faca3d91c97f2652b403acd2ab766cdb2a1d31cbd2d9efdea0248675e6c6d76d,CHAIN
1762037824,3534720,5f4b1404378affa56556132bf6f877e1793830d17dfa467f3b79e2ef3b49b873,CHAIN
1762036489,3534712,bbc5701a90ea326d0bde002c016c0cbe31336938a57f26619b146c6b1086d071,CHAIN
1762036057,3534709,61a34c89ace817987b08cf7d04675aec8766c847eee5f0636f90104c63174a2e,CHAIN
1762035034,3534701,a5717610abecb7ed45fe8fc02bcaba179558f38a5826f3570c0e33f0154786d2,CHAIN
1762032836,3534685,73278b2745f2a353ef95d0a57123072bedd8a7f9b027658fa855fd7ef390772b,CHAIN
1762032408,3534679,d57436339db7c2898505022185aed2e6796d42e04a8cc4b08d00d7edcb215b73,CHAIN
1762031892,3534676,09a2b982618525af2ac5864ec5e2cb2acc2d3929b64de7a441bca58f3a54574b,CHAIN
1762030204,3534661,26703a377c4902a23b46aec59779d159cda093012e53b0ea5f7300b94dc844a1,CHAIN
1762029957,3534658,e90a00c1099bbd6382d7b81a35bf977c708b87d836fd653ee480460f7f04cb31,CHAIN
1762028935,3534652,34c6a45ce257f70c4eda1aab0459495c40c9879714d7ac16202e41938b779720,CHAIN
1762028557,3534648,7e398f0c1a37b362b77ae707fd22bf72b6f27c4c604d1bad9ee460fa9a9e9087,CHAIN
1762027494,3534642,12e20e2396cb15214f20367a2995ee3cd5b9cb5ed491fdc988bdfbf6da3f77b6,CHAIN
1762026614,3534634,472d62b04e4c6f0620e4af40a54e446c88dbfab222fe4212bc6a2c85a8e61622,CHAIN
1762026257,3534629,017e798bc1b91e9b2559306024d2f1dc20e49a064713c61b703f28dbf6e53f76,CHAIN
1762026118,3534628,aa7dba72d317df9cfc7db5b41494fc614d8f29eb13103e4a4e9d90df6dd32a03,CHAIN
1762026056,3534626,edaeefd208353be432c5e0ef30fa3c4579455242d7fa589b9c6dfbe6dcf47286,CHAIN
1762025743,3534622,32675e436ff86d893d64ae42c65194c57fa8dbf994c86949f05f84c758d53860,CHAIN
1762025439,3534621,8b24bbcb989e6183c480add602805bbc843ad6b01f732bbd89d77ed902fe7b0d,CHAIN
1762025419,3534620,4cf83c688a7698aa6eb5c091daccbe9bbd8eeaa0ceff2c087f6e7854eb50a04e,CHAIN
1762025319,3534619,2becc1cddf9216330794fb1f9e9ef88cef8c50eae8f7b6689a39936b4fd354aa,CHAIN
1762024637,3534614,c0122e598de6fc63f5feecebc6cf19926ae41b77328fa8069e61dfd5c5d19f7e,CHAIN
1762024072,3534611,c2a94a55d84720f7041d4910722c750d9ccd6fa85eb5dbcf61d634ed2b26c17a,CHAIN
1762023812,3534606,99d1828578e4d1f8778f279f19fcc49e98ca39cecf5cdea4716ae1b1d6ca7526,CHAIN
1762023095,3534599,17a5a3f8960466b16ce046e34c7370c17a98c2e73b60a28eeaa1787ebdfc4435,CHAIN
1762022891,3534597,56b0ff740a4d2c66b1c4555eafe1fce8f96ccd02f647c39f9805ed97c0878d44,CHAIN
1762021761,3534589,fe2d61dded2a695a624bbd71e41ba38c2cde07fd03fb542d7243b4eea09bfdef,CHAIN
1762021557,3534585,81dc7c3ff550df19f9a8b21b82543c25f87fb92c3acc27b6fbcfe4553e44ab12,CHAIN
1762021508,3534584,e68d05c1794e24ece3f249d4db410389e6adda92758a34eb801fe65009824813,CHAIN
1762020530,3534574,f0e896fb8b63faa444516cc6e9aeb30c09d7f77ee2bc625df492ed76905a73fb,CHAIN
1762019367,3534564,748969c6be2896aeeb3560cb38c879a1a3fc7d2bbf8ee23a3ce2221562841a5f,CHAIN
1762018856,3534559,54cd825cf10f3dd52c9ce8a68ac5ee0e67d43532a49a705181d3e21b4a6cb104,CHAIN
1762018725,3534558,1b6a5de90361bca3d276dac8360d2a9f2f348d4d22e9cb6e8baccd40e486ff07,CHAIN
1762017362,3534548,7c1729013cf7323958aa21225a739889183d6488cc2f468c47043b1e3cd0fe94,CHAIN
1762017206,3534546,6201517626186c97d1a95cbc74531080ff57e2c2eeff0baaef467ad25c9994b5,CHAIN
1762016988,3534543,b6a690bfc57984666783f56b372a93ba1b44fab74efc981bd281b3781a1cc6a1,CHAIN
1762016683,3534538,26dbf6e0b88d7f2ff41f44632dfb721e50d360b2453c27d030e6850da439c10d,CHAIN
1762016011,3534535,923c9b622a09d98423c04e223626263ce3f36b144b260a9fa24e47302457123b,CHAIN
1762015888,3534534,5084d17d7235af16fc7c3ea913e68daec6ee532eba2fa4aac225c1b82754050b,CHAIN
1762015844,3534533,65948a58582b98ab28facea2e0c3fc80c90e16e1561a340796aca8c330fae09f,CHAIN
1762015704,3534532,f03a033d0ec00677e1b76beeebcabea13e02c31fc3f158fa07afc62c3579c4bf,CHAIN
1762014385,3534520,47e15dd84cb1133cb322d46ed7fcd75e4fe062686bd53fdec1f27922e20aafc4,CHAIN
1762014258,3534519,60fd06b1f751ea60fb21ff622c8cd16373fe72f9aa315f46cd902ae65e15ec7c,CHAIN
1762014002,3534515,0bda9ed3298e3d41e72ff98fa0992be091448809a2924f27dc55cf12192a905a,CHAIN
1762013530,3534509,de2a47ffd85a4d6ac89927d2d05eeee6cef5bf22b3da83f550a75da82f9cada4,CHAIN
1762013000,3534500,aad5331b2ebc0d3689df4bd7c679a913bd08300fda25314c5af902c483a385ad,CHAIN
1762012168,3534493,06d005b0eb4b7f2dc5610e026fa80d7763827ee3e0433f71a7565ea2c63b44d9,CHAIN
1762012056,3534491,93212c314c9f5b1af65fe3559d45a60b1dd9c215a04d60ec40744462ac541e4a,CHAIN
1762012001,3534489,1b9ca02f4687e7f4e1517938f526b3cf256714fb5fb7c2951af775f8e156ff05,CHAIN
1762011235,3534483,3aa11a64dd9626272b5c3707492776e2725c06fb01577c43217227f7816c64a7,CHAIN
1762011120,3534482,b9458fecb29b10830cfadc869d5ee36b0232cb6e31a48961fa38bc75a46fd13d,CHAIN
1762011073,3534480,e1eb7cad6392e71079f0bc3dc3f19775ea3f03995ef586b86ecbbd90ff94bfe3,CHAIN
1762010428,3534475,d5e74394b1c7063289a50b0bae70c7442eb99df8c121bb4520cf28bc1f84ba9f,CHAIN
1762010170,3534470,481f50d3ae64a9e7207c0c7754c4489c5f7a184b58beb25f8c612424d511989e,CHAIN
1762009859,3534468,852c4215d363b32b6f11251c20011041976a0d593760cb30217607e2e02b07b0,CHAIN
1762009782,3534467,cf28ca3663660052173492fa162efc5158d5f8b74276dee9afe49e5084a143a3,CHAIN
1762009455,3534463,d23314c70829d56cf481985bdde553366791ec0a4f6fa35726cfe98152d58fc6,CHAIN
1762008624,3534453,ce82a8331b8550fceef5107a520432ad02ea14ca67808b1469e73e081879292f,CHAIN
1762007941,3534449,56520dd0dc3c974529f335aca83c8cf269a1fefa118390388c71b16c9dd0487e,CHAIN
1762007818,3534448,99dbd4205f73fd2a502aef7f1d197d11c20189761c5c5c563645934c726ef2fc,CHAIN
1762007434,3534444,1c81f597f1420f19f1bd23ebf9027ecfbea5205940fed6fe66ce3f80853c43f0,CHAIN
1762007109,3534441,8fa68801fad54102a7673e51e3ecf14aeb93e7f4d6e483e24e8d1d6f13329dfe,CHAIN
1762006553,3534438,a2045a3c7516e7f115eddfeb321ae5e79de940f46dc351f37fbd0d1ba49bf135,CHAIN
1762005660,3534432,5fddd710f93da67959d0d9b87a60ffb6a28208e304142c2e5026b8855a8cbca6,CHAIN
1762005300,3534426,c03acd833e636510694edc6e559e00d1fd2bd6061a544cf7809d0f8d1c8b7315,CHAIN
1762005175,3534424,220fc7aa81ec6fb04404f7db74ee035c937ee490554d5fa742fe4131a7449321,CHAIN
1762005172,3534423,3c3602d4218eeadc376ac773ceb38951712179b9ba002fd2e8a461ee6e1ca406,CHAIN
1762005150,3534422,eac60cde9b84c7dc4470866089dc04f5a028ddcd3dec5193c0972bfb8a7e3335,CHAIN
1762005065,3534421,91a3da150207ff36b7d0b666c7ac33e5c205ffba81514019db0088a4e914c7ef,CHAIN
1762004649,3534416,903f0f369273473465d97f3dbb670d1c671f3a239e40cc7453668755b13ca3ef,CHAIN
1762004277,3534414,b32acadcf7abca7b13fcbffd255c0c11b44f162898c0114c6bc1ee7b3eec5afc,CHAIN
1762003660,3534407,d06fa62de694be5fcd588de1d9f7fa33351b53acc8c22c7d228b7922d008a6d4,CHAIN
1762003631,3534406,fa79be8e961533a788f042873c93a16b5f92c21fe453311d4a7ad6a5ceb29ecb,CHAIN
1762003573,3534405,d40f51991fae0badf673f6589e9e65674fac9244a42bde9449f9f4f208283658,CHAIN
1762003495,3534404,a54e128c62a4b57ff8bd62ec2cdb2301b1db6762ed1678609db2ee3f61d2ae4a,CHAIN
1762002864,3534399,30f26eeecf2bb45f628a5ad24c77a130754a877525977ecb57c275049b90a900,CHAIN
1762002590,3534394,88dc5ff149fee8dcf2511259a34d1bf44b190e46fb6071d126e117a0c719461d,CHAIN
1762000753,3534376,22a090871e95bc14f9054508fd742672073e462750fa567c6cb8db3b6dfe1110,CHAIN
1762000470,3534375,cf8da00693c49af6acef6093746fc8417a0c9aaeb6a7f270dda28d22fc9c964a,CHAIN
1762000400,3534374,5317ff92561a88c88eaa2027c5f961952a30b7c5f0d13ad91ca67e81d21179d2,CHAIN
1761999951,3534371,3ada3cdf4e781623a2c34f21fcbfcd09d543403608be6bacf92b806c8cec1651,CHAIN
1761999002,3534360,52179daf6f38159f9db0877337c5cccd3d707d351608593269ed89dbce72ef77,CHAIN
1761998886,3534356,8e804950ae0147426059bf6cbb01ca39a0acc32f15a63719f968d0f0369e2891,CHAIN
1761998813,3534355,8cc4e3cc187a619f833539e1ac6731d2ffb5a718c598f8a53c298e375cf3bf35,CHAIN
1761998580,3534353,b3c8812c97d450fd835fa1360b52e8c98674d2df4ce754a55d77fd2cef701860,CHAIN
1761998536,3534352,e39185e52270716f0394e481765d976873a323d9cd64600e245ac8e40bc73489,CHAIN
1761998096,3534349,d01c89695c1eab68932110b4a9795ded6d4ab8a40a12d37cbb6b8934b6995de9,CHAIN
1761997914,3534347,edcfb482079d71ba4e48ee5cd17f590654c2590babe722f390edd9f20e20180b,CHAIN
1761996592,3534331,a0d9e196dee0777f23420427e8558e6de3a4d8bbcc5dd2333527788a01ff1034,CHAIN
1761994881,3534320,35b7c6ff2fd8ef50eabff9e3507fb8d01c7ab62886835514ff7d52cf29d538c8,CHAIN
1761993828,3534311,d1df4637271512a83141aeba513db8e71c979545c816924bedb4b185b8edc2ae,CHAIN
1761993792,3534310,2ed4e75ca56891477026af3e2ff53670fa5d20ae2b314e18b2b41be1348b3c98,CHAIN
1761993649,3534308,41293db7190692051de6f7ce95dd6b24fb20a3ced58e2af48d70df366a9b39ab,CHAIN
1761993290,3534306,530d609b3bd6555c7f2bd4973f089ca0ef1f2635b9e8b49c7a97f109ef04d7d3,CHAIN
1761990775,3534282,d6bf62f82beeb127092d926dba287cfe20f713d49ee9812f44db00d436a2330b,CHAIN
1761990327,3534278,2f4b12cde2e9e82f24b60ec42eabc784e887ffd663ff8b36f421a8a55f8ebe11,CHAIN
1761990312,3534277,cbed94fa2d54b876c00a5e45322fbfa597117845398729efc8f1af08c9d5684b,CHAIN
1761989056,3534266,4ebffa81fa2c4572e1748d0c7e41d4a4defccc8386809fb15c5b02cd65ab5e3c,CHAIN
1761988874,3534262,e95eeba9e87e24edafd6ba3f785617c7170920a475235ee2f40c7bf6bfb135bb,CHAIN
1761987854,3534256,92a05605297723948da85fab68249242488c758163f6d4d35152b7e6392ec18b,CHAIN
1761986337,3534249,5bb3272d10d454271cbead0de87f6a5b4d2636a7cecd37ce8b6cfed8f4d78962,CHAIN
1761986303,3534248,f021e664ac53314e14cd945c9d7659c385fa220d9bf1a15c5f40c4eb7c7baf05,CHAIN
1761985899,3534243,9dd9244a8b3bba4c8e4d052019be377d13307210e04795ac004ba42c01640374,CHAIN
1761985040,3534237,59c73c7895e133784eee843ccc701bd38f53e3c896e9adee4470763bf40b440a,CHAIN
1761984978,3534235,96ebbc73fcb6263427aa728f9f3c3aa10a038298568f6c1b37fee037afd10203,CHAIN
1761983085,3534218,a4e44467ad86b38f82af3acf0df6af481d2e729ae7e779ef1faeb3d520b16916,CHAIN
1761981936,3534201,162fd8fce30a1b09d828798105499a367e571cd1cb93ae5b108777f5d55f0a82,CHAIN
1761981740,3534199,08cd02a93937bb227146f30c694186f2ec620cdc5229494d40d022fe65e26a2f,CHAIN
1761980643,3534192,0422a42ac91146a83eef7e7ab89a46af6492f62b4d5dbc232ad305c9587a7236,CHAIN
1761980498,3534191,55ca6e10b0fbb781041f020c2a87cd1310290b08e4ef2e63255852a72e5cc59b,CHAIN
1761980074,3534187,312b60c1d80769fd28c7120e7c4ad1d31848d8a3a29a8033516c6a11af303a05,CHAIN
1761979245,3534177,26d2ae0e9e44a8b181c8e79145f9dc169ee9447df847e8d1c06146cfce5b0eca,CHAIN
1761979177,3534175,ab79e0a221fc87d26c471a9a4717d046a661632932fc4fc5c429fdf055222efd,CHAIN
1761978882,3534172,04cca930760c16bdde4ee087ee316cf8205cd7e77faedac823432e24f766f83b,CHAIN
1761976348,3534150,e7c35592f971f881776e4de917d4e1b4bece3074e946d5133f3852d3a3ffa69f,CHAIN
1761976177,3534148,a7daa8d9a57fa8703c4b7358d74d8d62cf634d7899032c04d42941f95deae2a3,CHAIN
1761974912,3534139,da62de72894fb9b007b6cf42b059471912d0a526642ff78cf53dc8d3bfb21fab,CHAIN
1761974882,3534137,b2eef19dc41cb616a94e837656b16df37a7051e732de89f45d487bddc83b12b6,CHAIN
1761971569,3534119,e791e591e3b00402ac75a152c431b41aa1a1a32ad8e806f6198b077cd715ef26,CHAIN
1761971381,3534117,dc7f139ad5615efb74a3c9483a4a9e40f95cb6bed374264c91c6a8d08d809070,CHAIN
1761971232,3534115,b3cdad2fccd989d833fa1ebff6d8d947cd7ecc249794d8e75bb844df7a5f659f,CHAIN
1761970134,3534104,157da43890d28ee4dbad6ed040909797c4f691e25340d070518926f4656847f8,CHAIN
1761965516,3534061,00ce11e5225ed5f06e73bcacae01d3081e325855d75f83970fc86e962e143dc0,CHAIN
1761964077,3534051,09c6798c4a78114b4829b0811ec4d59efd6bc7683fc568ea54bd4f7d2b4af298,CHAIN
1761963956,3534050,b0b043ca464889573446d3a7ada8ce099859ba7c38934fd3f168525c31b23d0d,CHAIN
1761963869,3534049,2b530d0e134561ff9863d05cd26a1b77f51a8620e7d74366a3f25c25239b0394,CHAIN
1761962522,3534041,744d56e7a11e22273f77c94f1dc2638760b7ae216fc924e71d6872e4dfdcbbc5,CHAIN
1761962212,3534039,48aac3a1cbeffef3948b435b4980aac80c7cd319695b3d7c92cbf40ccf386985,CHAIN
1761961294,3534033,837a802a1db479370b0e600fd2441f7a8ece254a020374f4fa95d717003b50d3,CHAIN
1761961178,3534031,f02e6b343cf64385455ef44d8203814d97d40534f7efc13a4dbabecfbb855c25,CHAIN
1761961103,3534030,2dd67a5a564d278ad907a5dba9b5ce132e02a644a86b2f2e24020496ba9561f6,CHAIN
1761959688,3534019,ebb4b8a56fa82683818cb74a136ba049a60eb3a4b896d42ae86fc4ab7b63159c,CHAIN
1761958240,3534006,42a395174a73f1c374e0dd735552337345fd200b0b7c31d536f8f8857d8410a9,CHAIN
1761958197,3534004,7d46454b2ba21e8bb4cc01c3993e2d4aa9481758d2de0285fc6adbb911580a49,CHAIN
1761957661,3534000,5ef7e166523d36217f0e7c965ba0c8e16e95917ae365d3670ea1b63fde0114ec,CHAIN
1761954762,3533981,b5becd6c4ba063595bc95a4aa7bf3d1dd66920537754a61d1bf8d45398bfb220,CHAIN
1761953404,3533969,1daa02f6c67dd06489d864349dc5f68764c8caddee8c841628372eb652667fb0,CHAIN
1761953119,3533967,20c811bef2f9b9ed764ac162c0310b2472be638fcb18161dee108128682a59e0,CHAIN
1761953095,3533966,09cd8a796ce7cc78f213379ca86130acf5ce99f426c4ca64d8648eda01845b5b,CHAIN
1761952117,3533961,6a1c20a138d0188c6b6ad56efcd50dbbb6e3943d932c61a37d662ff17db0dbb7,CHAIN
1761950180,3533942,7702edaaed2fedb326fb2f33bb1471e1e388d893105ceb5f3d27e16c7319e17a,CHAIN
1761949170,3533932,f53e89dfde8ad7813a4bfc6d75530a3ab5d4e2417ba3214ded3f15c98652e357,CHAIN
1761949099,3533931,3da62e323940b29ce95acc3931ddd7309c75d7d0840ecd0fd84378a5543e1113,CHAIN
1761948688,3533928,30bb2343df4f2fbdaf7e02925b08203cc3475bd043ee3185e3df2c89c0971f05,CHAIN
1761948620,3533927,e0b62b303aba53dd69c208416b3772889019c1801dc7d30b3147453caff0ae01,CHAIN
1761948612,3533926,037dbf3002d18850d7f5741395897d13affa713690e305d6ced70ae2eafd6ca1,CHAIN
1761948550,3533925,b67409d284d5f8d7fb4219c6b2343654c0c9dbf53ea28f947563632b6fdb550e,CHAIN
1761948096,3533922,f23ca1119bdeb550a5611826e2f638df986ef5fe8175cf7d9a46c5d8d267bc73,CHAIN
1761947956,3533919,1ed0b86394d909d552354ff392dbcd3baa8faf52b21bf93f5db1ca3d8f14c04f,CHAIN
1761947781,3533918,eabe40a0c0b74c408cee8f6a2d1ffdec4cfadf439c3e808c18e773c72b0ebf7a,CHAIN
1761946583,3533911,40874b5f06075146a63009f3cf41ea854adc54af3937834be3b342fab96252a9,CHAIN
1761946182,3533908,fdb1feca786fd5240a2a2ca98601df2b676cb032983b9d8c46c7ce4addbe99c7,CHAIN
1761944892,3533900,8802da55b93b579b1cc91d84eb0096c75389c84ad18408c375a145499b8e0061,CHAIN
1761944673,3533899,b5929b934e40ddf97be63f15f81671ee330f63ec8e260752a4c56c480be1501b,CHAIN
1761944484,3533896,7bd1832144545a96516b4dfbba840140dfa1dd116336f4fe8e33eb43dd8e8abd,CHAIN
1761943374,3533885,2112a6efe6bece90e8fff97b214982e5f68cc1b42eaa2091833c617697a99e8d,CHAIN
1761940610,3533867,5981d380260128946f51abd9b73ab2b9b6a07c64a9e533c6f60abde226f70247,CHAIN
1761939732,3533864,6162be9b3a2820047859f9bfd00e963cb66ec6319d2a267e77e55107ff8936b2,CHAIN
1761939545,3533862,cec08e7b4a386a77a94106e61aa8cfc027c5d198f6864c2dd8d6904748f009e7,CHAIN
1761939381,3533860,054454a446c93a2453be038d1594e5805845aea87752f4f18d9015bb0ef95999,CHAIN
1761939120,3533857,0fe3c432870f62598c489ffa1956cb4e9fc0f1f9fcacdde5b1765771506269bd,CHAIN
1761937594,3533846,a1515777a157e4c38d52aaaa8a75b38e1836101229f2186a4c7df31451391348,CHAIN
1761937384,3533844,bf1ac17ea26e77e93e658dff244fb7af39e004aae045ed5817fbc4ffc17e274a,CHAIN
1761936515,3533838,b96f1de802c1110b50a7643d3869e2b0a2b9470dfde10d403971825d165f5778,CHAIN
1761935862,3533832,4d27e832b4e435ffc1bec82647dfef4a55302b46a90c4e3026409aae503f7cbf,CHAIN
1761934258,3533821,961a5ba1c4099babab0bd53e61bbf3069dcf51e1e5e67da830b355e9ebe2e395,CHAIN
1761933511,3533819,7d568c3995399375c4baf4f5a91e45c3afbc1883ad19af02fb3424b4855a9d41,CHAIN
1761933380,3533818,ed411f80a918360f32b6e9a6b8d8013ff8ab550ce7ed76815141ccb206ee8009,CHAIN
1761932916,3533816,f81d9be9063620530a35af5e589c2b62ed92dacc50ad859f0bf6de64c138e598,CHAIN
1761931880,3533811,902434e8050b7f40aaab3804054d9f08d02c60d24e11099c088c9ee3448afcd4,CHAIN
1761931453,3533807,01d8000dbff632ee7dc0e555f9857b8513dbc4ba754f59e591e5bbca2f8bf621,CHAIN
1761930303,3533797,fe15b75e0ab9196cfb94ea7177537953481139c5da4a5a7a52be1c34448cdb1f,CHAIN
1761929984,3533795,d98ba68612fdd92a8199ef97791d9fd24004b978c333c1fde53f2ea8c3b520d9,CHAIN
1761928791,3533778,bbbc0cd713588709711106b8634b9c7d0cab939ba76ede5d26caef04f02b6ff7,CHAIN
1761927245,3533769,1d6d32f22ea6e2c9a7c8a8553f5f99dd871b820a10a1e0ee24a9fd0b5b46458a,CHAIN
1761925944,3533758,3366335a60a618d8fc30e5a7a8a7f303f0ee08cc269f3843f6437099789cb297,CHAIN
1761925693,3533757,90578ce59669eeb21fd52435733ba2ae22ab1d74c80a95253e44106956d2b8ba,CHAIN
1761925591,3533754,87d6d1e297686848e9c725221c3882869709e02375e9e61e98acd7ebab991b64,CHAIN
1761924714,3533747,f3d8ffdb52313986025805aa97ed21fbd9780fb5f8a5527af70d112ea42ac679,CHAIN
1761924542,3533744,64eed7ea64114573784952befe0d9316e5fc076ef05f87cdf516c749253028c1,CHAIN
1761923069,3533735,a0cbfa095fb4a5d7e7e82cee3540ffde05d43123731c0657ab808b92d03f3c7f,CHAIN
1761923041,3533734,21bb9c551626b5ee86b84af7c0bd84ddbcf1c35b4215dd37c368392624c0bf9e,CHAIN
1761921612,3533727,d08633437b1fe6e1d47ab98d50dc016be9f4135a9c1eb9f22f9ceed803e5b2eb,CHAIN
1761919794,3533715,f45a7cb78e99526475d65bbe75e8b8cb93a73b89fbe456c6ffa5705b7d4d3ac1,CHAIN
1761918496,3533701,4916b713396ad6568f8ab1c4367764fb5b9db8e805038e95a1f23b46ef7c5d3d,CHAIN
1761917226,3533692,e436f97620b5c2ebc08da1e9271cf256f25539bee7d424f2fe9988cc6ccdedbe,CHAIN
1761917115,3533691,dcb23de72f17755ed44c41cf384b166881148dc5b9d649cc10d66ee67ab123f3,CHAIN
1761916006,3533682,95b528e9c66e8c688a63ecdbf30bfca88785752a4bb3ec6ec2e7e1ed98184522,CHAIN
1761914536,3533669,a44163de12c752c4466c6014bde3d25a21d1024ee9c2bc01cb6d57da34358415,CHAIN
1761914438,3533668,9092b8fdb3e3caa7e71902a98622e80a04e27b529b149a6e79745c426bd2f614,CHAIN
1761914403,3533667,f08439cca1da93c7ec6586f12e10b5d5408cfa369789d02e72b27a3d85891522,CHAIN
1761912978,3533657,00007d5be9068e60361cc44c2f279bfb73f3b9b0a72446bba61eadb4dd785a17,CHAIN
1761912716,3533655,9e72370b3b3ff11a54f46098779ced6dcaf465eb8caa7c224cdf9e5c05cb8bfe,CHAIN
1761912688,3533654,af3cdd6bd40c291219b8cb3e31dfff43c94d1f25da8e75cb826872831bddde0c,CHAIN
1761911968,3533652,70a007c8610a28e4f302c22e20889be7d597b0a0e66f68c4e4ca79605ffc691f,CHAIN
1761911917,3533650,e0bb0855cd07ad487e9cfdff92f3cfd482df6475a53cff570e2429de1852070d,CHAIN
1761911832,3533649,ec784f2d3a82299363de343679f21ad58dbb98aed557e304a56d13d328150402,CHAIN
1761911014,3533642,d3cecf19539426196921b239e91c65e4f99768b07c7c4c5f41c0282fe5a99173,CHAIN
1761909628,3533630,51b083e5cdba2de9de0bd04cc21fa54783423169adba12b3f57a9e6bda4f2387,CHAIN
1761909486,3533628,ad4dd204ee670e62588295774c2543f0404f8b8f7fc85e9b62f6e6c8b91a0b43,CHAIN
1761908561,3533621,5ec44ba829f7ba6d52bb9d5f9ab6802ddab86f87d68c4c3f225bca6f006e38d4,CHAIN
1761908488,3533619,6e8da87723741ecb15adf57fa856ee4b4bc67720061a1d45eadb9b80ceecee7a,CHAIN
1761906021,3533596,2a8eb1bac8089d47b6734ab8153949f82f608db8f15312fa15662674f623eccb,CHAIN
1761904583,3533584,518636369d400de6c534142d84ae6417f2a36348225acadbd924e16b96a00e79,CHAIN
1761904509,3533583,6ee79178b7be3637c78458b7f6777bbfd28679d2e9f17d4623edfd2301fcb73d,CHAIN
1761904435,3533581,d1b9f71f26c411ea4f6f2583a2551163927d83e2fc28d6179e8651b1d6312800,CHAIN
1761904212,3533578,7f7b41f52abb22eb13883dee4acf53f8cd8eee43b7999a56c54a218180f481e1,CHAIN
1761904209,3533577,3ec925f6c31de1ce942fa8a1c7f6634574e7d94bdaae3ef2bd573f5778a3033a,CHAIN
1761903906,3533576,6f29988893d53aec94ca03faf214e5297ec25e8ad0642875d32b3f24312ea177,CHAIN
1761903306,3533568,b182c907d193038ccfc5ee7ae6a55f655a19d24c2cef939d8ba92bb0b3f6c3f3,CHAIN
1761903257,3533566,896b0c834a8471180d734a281f28f4833a2d71c210d2574f9d04740ad5814d32,CHAIN
1761903109,3533564,ffe305456adb956f01f94daccf2ba176b355d0a4df10a6b6f3dd5c1450261a10,CHAIN
1761902364,3533559,78c66bd0ed832a33f98d02de90f030ed26a82b75d8a072828f5409069f06d785,CHAIN
1761902218,3533555,c0ed37c2600e705713870553068ec71a83f64e4cde52e64eabfaf22060629ef1,CHAIN
1761901826,3533551,b15f30de06481154580a87a9f94aa2123c195217be5b2d9c27180e1a4bdadbe9,CHAIN
1761901623,3533548,d1f0487c4ab4bb0316ea248c1d4f1cb248f47521a67549d75ee7ff1f9b66ef2a,CHAIN
1761900970,3533544,7cff9590e3115ce98dbf658da13e0400822387aa70b0ca3afe25370e219dd226,CHAIN
1761900460,3533538,71da675e59444424c609d7b522a40f17d8852677e89e05b35d066cc85b70ebf5,CHAIN
1761900126,3533536,faae70a2530febf7f3d67d157cbdced0bc3ecdad9e6fe0e370f5228408fef278,CHAIN
1761900116,3533535,ae736a356635f11a88caa62358f7757a51c2c7141024c9600327c2421432d587,CHAIN
1761899907,3533532,0a5e5f215f9c918545a679d9877f68b44a00012f4ca56b29a4577593c723b0b0,CHAIN
1761899510,3533531,dd67aca32ffe8b239cc557d69fad680cb1de018a57e8ad7c59b8389b72d3447c,CHAIN
1761899319,3533529,43eb7854a16e8e90c8a7cd48a4a8ad83eff9ad0f107d95874c1d13a1e010fcce,CHAIN
1761898720,3533523,ad6eb5461d378252a8d2dfda3863bc41fda17be8c4269e0d084b257daa976aae,CHAIN
1761898368,3533518,b89c6936c871c04b72b9f4d3af1bdef5e794c7a7c8fff92226be56e6422d92fc,CHAIN
1761897870,3533511,c9cbd6d3c259b4075cc8bbbba498e864556b96a35d97c318f7c7ea9dfc51cc57,CHAIN
1761896294,3533500,253d04e652f74a9c0619182f64ebd99491e528975eefc023d8b7736afee44c9e,CHAIN
1761896160,3533499,4e8529ec26e0a1198e3ce793fd81d9b94f9f23eb2985dfd0fc617c363b19d972,CHAIN
1761895968,3533498,feb04e9fe602e94fd8cf35b17be915945b6d9392ba290eb1283e668128d1392a,CHAIN
1761895954,3533497,d707c977c344d48fcb00987c5fa05db0ab2dee47c854634ca74a4ed85194f77d,CHAIN
1761895918,3533496,3b0b6110a4af4e0de849300402d4c087af8b84eaa238771d28b63525a01d44f0,CHAIN
1761895444,3533493,f11832389a3d0a71992d05d379d02e58be4c49c85a14abf4ab3aebbe35243ab8,CHAIN
1761895371,3533492,b9dea56fc8027b9045118a0a9cc63d34d1491df46cab579c5c30d40d74a15abd,CHAIN
1761894953,3533490,4a52c9f516c8454e4477c745db8d56109591bf21d365d80e2fefd2f3a375e9f9,CHAIN
1761894914,3533489,5a3f4ced467a7966b7e0ea6e4b16e8604924550ec37f535f91b26f47f6e10c0b,CHAIN
1761893851,3533478,4626ae3a6d1ea2463d09826de1472a929bf6f45c8c12e4cd0e95a5529671385d,CHAIN
1761893848,3533477,f975f5770fdd4d197075c79f532050e54abba3096d3b42d785655dc02e7698a8,CHAIN
1761893557,3533473,2d630967c7d4ac61d0dc1c3c33b79697538c5033a0ebbd8a4988ca70b690c0a4,CHAIN
1761893428,3533472,e7b36d159c97c218bf4aa2d5342a75ebd441d13a495f33521a00049e2085a84a,CHAIN
1761892590,3533463,aaa2d1e40afe9ab56235f16e0b2ccd89b874e1e7761f0396d8c2db0bd2c88e17,CHAIN
1761891591,3533453,ffbe500843c6d9dbb4edb23313b31e667fffa211fd8877954fbb5914950b515d,CHAIN
1761890882,3533446,3c9f0a7f0e7e9482e5f7975a03ffa753cbe249e22383d690df86427fb6d9e5d1,CHAIN
1761890667,3533443,bf117d94dcd85538061375a257fef9c458a2a9bacecf50ede84b60ce2d953868,CHAIN
1761890249,3533438,91f0e7b44c77964a4b568e838ce9554ef96a030ea82e12433e919f1b982e1eb4,CHAIN
1761889933,3533436,abfa2af78bee2222d52390bdfc057d90adbd6865d905f0f675d8a0f05a916c69,CHAIN
1761889873,3533435,1b40476cfb431c822b9715313743325b19207e27f52059531b9256fd8cd25c61,CHAIN
1761889526,3533433,8d3fa15bf107b4bb4553d25851457c65fc8a426330f4c75fe8fdf636d31c4b91,CHAIN
1761889417,3533431,088ab5a6eee3dd4386e1185428fe63bfe53442bdace79f98d47e908cee3bfdd6,CHAIN
1761889116,3533428,ea683819afdcba8ad5153e2ad0450a33af2409046cc279d927563c2a919d0c4b,CHAIN
1761889050,3533427,a553c0e4d8e7c7667f330b4b1c4d48aa22ef226b52c803f9f0d90a376e65db3f,CHAIN
1761888956,3533426,cc4aab08d920a8193bcc126641ec14223723d74843ab4dee52487018ec11fd3d,CHAIN
1761888032,3533420,7005aa59732a3b21ed08940ffa45abecc3d6f1a0860109d0454b07008e13b879,CHAIN
1761887582,3533416,126debd0937ebd9908790b7c8f3b9f1f7dd46db6271a459e331ddd49b28cb19c,CHAIN
1761887365,3533414,8c2911dfc933aca169604afe477064724db64fea66b316aa24fdaa79f69cf4a7,CHAIN
1761887252,3533413,2144e26509297d56467da722bf161f9951e4714d052b4683b41929a75ac615e8,CHAIN
1761886983,3533410,1aa2f73e966da95bd45f6a30e26b70ed4f3f1299c652a7ee170233dffde8fc6f,CHAIN
1761886856,3533406,74ea793b50cea1a94c75cc5cb8280d870a133a203b4e8b5f94e4b421233ba8c5,CHAIN
1761886552,3533401,020f1f7e031ff908839467f7a931aa81ca5844b6b13b4c63e83a73fef52e9784,CHAIN
1761886453,3533398,2913f9da52f80970ffaadbc307be5e150864cd29e982a6dab73168af0224ed4b,CHAIN
1761886161,3533395,632b7a999a55e5f206a9fe5c0bac73ecb12f126de7f922a3266515d4f86c96e0,CHAIN
1761885180,3533386,f5f805fd87b2be80c78c48437608d2c5091b14a33ceabd7e611419b4c1c1c914,CHAIN
1761884992,3533385,a999e9b39c3f394b50d2f6ffac8d35ee8a256636d3112599d3e7413c71029abe,CHAIN
1761883864,3533375,8e5c3ed7597ea5ccf8677a69c72bbc04db0c930428c1c17ddfcdf4fd76b89aad,CHAIN
1761883775,3533373,83a972e7eff22fd0431880a9000422660371458688593c019840afd190998076,CHAIN
1761882611,3533363,0a5503bd82fa4505623d922e08830e14716642ed27716840e959dfde1edb34ba,CHAIN
1761882314,3533361,edc005e65ebe900ca1a6a4d426601ac6de5cb7cdd74213e109c971dac8448dd9,CHAIN
1761881223,3533350,9e0b340f316f41bcc3a77e1176ebd4e49d531fe5f184f579ae8ca1a869ab2b03,CHAIN
1761880647,3533344,29e85fd599e188bc7a5452901c45e7833a054b18d4e8d8fc50bb6406c212cd0e,CHAIN
1761880562,3533341,895e675fc84c6ec8d32a8ef313c030f4adbbdf893d7b561739bd7b8467fcc488,CHAIN
1761880542,3533339,8a52349ba6d143e55c18f3b6a5bd1c026bc480210d407661073515928b083f3e,CHAIN
1761880023,3533334,d8c188ab4586ca6bf8dfb0772ac3fde146c3ab6743c7e639c944af6cb3c576e5,CHAIN
1761879980,3533333,f1923f5a11e13d793c866d39df0f7000f7059cd8312bea47a44567d6c42d8a00,CHAIN
1761879645,3533328,ead3f62e7ea5f2d5246d123e0ac19add02a764dbc6aa3127e2ae451d08b0471a,CHAIN
1761879311,3533327,d3078a688f401114eaa178f55b07ab1e56f81fb4121087188d4f3a60fd4ad0d8,CHAIN
1761878665,3533323,28b180cf334d59021fb06c2f37818212a23d64876e7d162e46b387b7627ace86,CHAIN
1761878568,3533320,5d13a97f152e9cf6479eb039832fdead8e4bb0a461cbc93a932452255337aac6,CHAIN
1761878186,3533316,3bcc7aabdd0d3568361a4b55dcecf1d93d8ab4cd615f539cc0de2e413cf77b6b,CHAIN
1761878010,3533315,d581d835201e7ebc53df842c3b4df5e2e32f40dd3d7be155138f1f19f9373622,CHAIN
1761877706,3533313,c0380671c9670c5e7bd9744867d7206f1c63033528544051e4cc6bed7a860787,CHAIN
1761876749,3533309,8bc45607a97447dd96d57412f62712d2f7afada65caca5ad081cc056b6811475,CHAIN
1761876362,3533304,4068faa7e320b4f46213fcefc9959d956429f71f13f95eed5d75bc83b5c52de5,CHAIN
1761876053,3533302,bab09bd790659861b5e923b695df2297068f4edf25c156d50a1449f5bd679a81,CHAIN
1761875984,3533301,797b6cec519634621035b71e6d63140e9c65a20035e9c075b0871ef8a6a1b73e,CHAIN
1761874556,3533293,ff847ee785b5e41f0374257b8e508d85bcbea1ffcb7d9b1edbd14d9b095fe846,CHAIN
1761874068,3533291,141576c9e0973b1b1c698620d29d32c6ffdc5411a02f4ac206c50c720a47f7c8,CHAIN
1761871931,3533276,c8f0edac69df206048aadeb79f5ed393a10a590b6c5d54bf95ac0acc94687e71,CHAIN
1761870714,3533265,39548734b970ba8296ac02cdba543c166e8aa38146115ac8218f5a422a903d04,CHAIN
1761870285,3533262,8266a70431854d9fe525cefaaeb87b9b83e1da6636ab2dcaba1ca8de29511e91,CHAIN
1761870187,3533261,9c4d6c751dd8cb1b3a05920088e2e3580d45d07ff91761888eceb46d34b416e6,CHAIN
1761870141,3533260,d6cdd1cb791aecfad22f48cdbd98defb9ae0852ed64db492cc305805a3b42f71,CHAIN
1761869772,3533258,68865c249f388f07667de3685bf7004942b89f6e7d357a81870d3d8c1d9477a3,CHAIN
1761869312,3533255,69c2a47f1a44cede7973d6d34d13c9de8109a7367c96ef02a0227b4b230649e2,CHAIN
1761868685,3533247,52a07f11df864fa5155f626dbcd38b4abfeaae31b89b6274fc4d02f4d0949814,CHAIN
1761867712,3533243,cb5a01e90576e0ec175a1015b15300e17fdddee1d05e9ec68f7901c8979e125d,CHAIN
1761867555,3533240,1812fbee5bc422cd75e7bd89f98b6bf179a44525b77e3f96057302107506a07d,CHAIN
1761867497,3533238,ab95a25a953b135682a2db999671728b600c70ccea736a17f8066170a18bfd54,CHAIN
1761866690,3533233,dfaa817dbe2628f8f6c6e15af5a11efb77f5ebd6359df9131cc0c5a7cda26013,CHAIN
1761866344,3533229,b73553c15b2ed7c0c33648d0166f8c8dd12a017202085758b886bb528473ad92,CHAIN
1761865306,3533224,4d83eec8a14d97a6662697ab69c35e5abb56c94010f213aa8dfbf672157313cd,CHAIN
1761865035,3533222,7568613b57531a8a85fa192675a2fac691b8c680c57e904234c4cc780b105b49,CHAIN
1761864638,3533221,65a5446a9e2bb3e1bdd100bad2a92629785ea0f3cc2a93b428c2d558e9dcf3f1,CHAIN
1761864146,3533217,6bde7346e88ae2a4655e141060543300bec43e404576a4538002395fc0b05635,CHAIN
1761863962,3533215,a2e03ca413c387003d37027829869463af94fba686b71d025e3add717929e679,CHAIN
1761863321,3533212,7a442a4a3413c9d1e29879fdc3c8ca1ebfa4332aaeaea77b23c50865911d605d,CHAIN
1761863210,3533210,185302bb727c3358b71825df2cc372adf4abd981fde0eab485539dc418856a78,CHAIN
1761862891,3533208,a49181978f332d5a43c535eabd943c10222ebdfd4528000623f6be53dd8f6266,CHAIN
1761862346,3533202,713f7b94e4018f13c2f0b3e26184208f0239e4f67eab4a93b294a9d3ef7932ce,CHAIN
1761861985,3533198,d6ac9c37e553dfb4110ffe5a6d14a13e3fe4b78a4e580f5b55dd0b88824cf8bb,CHAIN
1761860590,3533188,a0691ce378734ec656d343307191b58822c802ddeefc7516be4ae2ee9a6522a3,CHAIN
1761859534,3533179,ce620256c16e59d34cfed2634f08226e3cbd8e2937eae4e0de08aa90a4c1fdae,CHAIN
1761858798,3533173,e880012945d36e1f140f944df4648602263df119e300bffa04848a2575cda8ea,CHAIN
1761858578,3533170,17405b6c9d08136c37e1ed81f3205fa96410564ae7ac32880e596c78a7a0e825,CHAIN
1761857708,3533166,c8c57231ede7f8ce4b4c7af8fc8c9fd5912455527ecbb3dbeb6aec3d9a65b9e3,CHAIN
1761857664,3533164,57c2bf719feb8cbcdbcb54dce0d35331a83fcd2afb6ec45c217c7d0fc4d1d105,CHAIN
1761857600,3533163,d02b0839d7e8733e6fcfe3ba331db1210987cbaf591065627b3edde839109617,CHAIN
1761857475,3533162,6b39959168e09a2cba1bb7553fd6efce605b6c34804bb6fa25ec671e88bfa181,CHAIN
1761856481,3533156,91a20bc0c92521a7d86209d5e8252334fb023c65402ec8503ec402f23ed5f73a,CHAIN
1761855801,3533152,83667820586dfaacfc9bf39e4be248f2f8eb6b1bda282cf67b3c770ff67448da,CHAIN
1761855558,3533147,5c37a251e3f243a8a10de376568b448093f8cf7b528c1755c013a79bbde13ef3,CHAIN
1761855311,3533146,a483333c0e9f45d2845e7098048993602932a5738c0397ddc0d7c62ef6654e47,CHAIN
1761854658,3533139,8f4a9225abfd939544f009b778afe89bb53b1c352479fca1e8f3d76db00b5e46,CHAIN
1761854525,3533138,52d23642a12275e5c824c53223e3122e8fe4d1b3dedff007edd919d11d123636,CHAIN
1761852993,3533126,4008c106fb93ee2330bc394cb83b5834ad335deec6734328db91c84db44df04f,CHAIN
1761851984,3533120,7d424cfafc858653bca8e5f0fcfdc234a638d7dd3b2f07d5ec722f12b51e9bbf,CHAIN
1761851964,3533119,d852650d44ef5eee136fef3557cd3cffd069cec1ece5ed65ad8ed11a8fd010db,CHAIN
1761850304,3533111,b12d6f62a21b00dd0036fc9450b34e2c5df9f4c4488e3456f5a97650d2ec106d,CHAIN
1761849931,3533105,041d3f46c58157f5b6f6e12f57d1d1ebf5fc64c674b7b827468db21be65978fd,CHAIN
1761849712,3533102,9ead4c6c62337800e7c62b631781e50aab7c8e7fc700669e0f9db3cfac0cd9e3,CHAIN
1761849660,3533101,1d8640b546020bb3b4ae7bf801744d905c52914d0208caf4801148bfc683a35e,CHAIN
1761849610,3533100,be68257914b8413cb57d25637f6862733d423eaf732bf5e2f82182c398c0ba9c,CHAIN
1761849474,3533099,d300734a03316cbca3aa424b7f0366cd205a496bd9d6aab87f1011c30fdb7a0d,CHAIN
1761848989,3533098,fc8d24ce8844271422f0d2ab92937e5229b2efca0a795bf397f3c93ae3c01eec,CHAIN
1761848785,3533097,9b86d643413f9b8860715dfaeedf41ee1363aa4c5577f845f4b62bea5067cfa7,CHAIN
1761847917,3533091,f340d8310473d5599665608a5e8c136649e82054b7fd3a68ad5407f23449d2fa,CHAIN
1761845429,3533068,f9c7541da7294f59ee5f572e8fa767114c40d83845b7008ef61806126a2d8b01,CHAIN
1761844842,3533065,0a81a42918f1eaecc8c44df6142215c712b6652143903140b8c02617d831e9d3,CHAIN
1761844598,3533064,8ead71f1fc9a3a12b3c1181765f215dd1414849e1b6a83317d8617d47c98b1c2,CHAIN
1761844559,3533062,7576f1f67312175aaddca54e69ebfb10abfc1e88e3c7da4987f9ea10deffa6ce,CHAIN
1761844203,3533059,83c5a04b828ece36258d528e8c790ceffe6cc26fd6f56b84856318f251d09bdd,CHAIN
1761843720,3533057,c4969931e1e6dcb999be45e9e192968fda6d6d29f94a8f37038e32d888a2e6d4,CHAIN
1761842970,3533053,28f934d9b827965b307efd464889f123d79960794c657b8823ad24a03bc5adfb,CHAIN
1761842531,3533051,591dffecc7e154c78e8fe3726c653cede7f8b8467bc7024a299f257118614ee1,CHAIN
1761842161,3533048,f98b2e1c014cfb5d5b38416253068a844d5187e8a17c07ac22fb34c7ddfb67b8,CHAIN
1761841323,3533043,7856dd343b3207795fa683617bfa35013a2c9e5bc09ceca9ace7793f699bcec6,CHAIN
1761840843,3533035,56be7623eaaecd8bd40af69be7ccb37d2a7fcea2ff0802c96c086bb41168dd1d,CHAIN
1761839895,3533025,2aef713a23899f17f5f99508ac935286a84c76b0a7e97e8d4b728731052ac593,CHAIN
1761839691,3533022,bbad3c7d5f32ed351a3118f135fac892b91cd3411c4e1dd907723efc9e8d6150,CHAIN
1761839438,3533018,3b23bcd579920fac3e008ee7adbe2892abd282cbda9dc1e5cdd98002ab4ea00a,CHAIN
1761839106,3533016,74f3bfa7203eba792ff030c8c3b236d3a1829b54ede20bc6fea4b9eba5dbf827,CHAIN
1761838712,3533011,d5a875c61b9739efc5485e142ea146cee08dfd8555323b40493473e8ba3fbad1,CHAIN
1761838633,3533009,7fecfc32b1f2af53c4406bb6771e618db8ea0a95cfea4fbb3ff2d70369f8973a,CHAIN
1761838549,3533008,59d9776742894739d137e8ccd3757e82012c395b2ea14f88eb8093077484ed1c,CHAIN
1761838541,3533007,e79f03cc479d908006aeb3e54189c2ade94ff06d8c10863c8058ad5edb17d2a5,CHAIN
1761837925,3533005,cdc0dd3f4eb71aa58ab776f7519c53748a815377b5670370c71fa6448888918a,CHAIN
1761837853,3533004,6e2f19c59c1a7d925d1be515fc8d8ef8cf88deba035d54b1a72c7eea3ac0375f,CHAIN
1761837685,3533003,21a452b287193e8175cbb3e8fa8a197867ce25bbf28189df3b71a90c033ea59d,CHAIN
1761837147,3532998,7ed5a73165d030ba7258df5837c6610eb85c983430f8a6ea20c5bb9fdbd9e435,CHAIN
1761836877,3532995,978973dc9287d6451c5ada35822130c8acfb35f310b1f59b9ed2c22b36a14a8c,CHAIN
1761836751,3532992,333aa29ae6a0fb480f013d469280a16a0803f02fbaf1d1e36548f4ffd1c25f40,CHAIN
1761835070,3532984,cbe86f0149b0f2b4be321f47fdedbb9747a5815ccd80d8838bb1ba98facc614c,CHAIN
1761834432,3532980,3042358ce8d4f3c11b30a708638e94c94b5e146f04fb93f8f93d4e8a23db16b9,CHAIN
1761833499,3532974,6f81e39ded171defe00af089c753e8d9d769a631f0ba44169d052d13f7bf9dfc,CHAIN
1761832387,3532967,633f599cb154b35c8b35fb3694c9a116cdc0b7ca709656a9c675a581b83f0d93,CHAIN
1761832191,3532963,8a1b63d55142ba61f2bb47a97f75bb10db27617ab10df10c577622c067867097,CHAIN
1761832007,3532962,a532e3abfc00446d3196bd4efe61340f53ce77e3c9c7b68bef6b1cabf8254a54,CHAIN
1761831876,3532959,e2f363f127d40d2fd2efc8fac0712d88dad04d084da0fb4bd01398847c08789c,CHAIN
1761831180,3532952,19e095c2ad29e05edacaa6902e68f48f2f8876085742f71c04329ca2e8865026,CHAIN
1761830297,3532946,26f44e6fb7f8cc9ec9d06349a647d27059fa58b802706fea7a23935e7f7b11f2,CHAIN
1761829978,3532945,18297b1a970cca0136d02bdd9a77e8ed6d31eec2738ddf800051aa257f8a8061,CHAIN
1761829808,3532944,f4aeb7cf5405895a0fb440edf06828b6945de1c4c5ec4799dd9ad41a315796e2,CHAIN
1761829700,3532942,74bd86059e18d682c1a707c0d4a4c4da1bb87de5415176ac114a2621635bdd21,CHAIN
1761828678,3532932,06a53caba294ff7cc61d0200c4452d04814e61453b47b64aa5eb554eea5dd054,CHAIN
1761828657,3532931,8d071796d491e712e1ef7af234f1676fc57a97aae16f36550a5023cd42242d1f,CHAIN
1761827445,3532923,3885380892a550790f64fe69fae37ac296af947ef5cf4af981e2bec8cab44b50,CHAIN
1761826943,3532921,5d0d832777e1137008bd2bb272bc31f4cd8220728246fbef276f8c0435b84bbc,CHAIN
1761826844,3532920,cd92dc2d8e1bcbdbfa998c433a2852a8677bf804592cba1b7798da25f926bc74,CHAIN
1761826308,3532915,6a69eecf67daf6996330ec43c22e4aa9103e43a5b3594d8590ab49cc594128d6,CHAIN
1761825756,3532910,d9251672fb7daadcf98664036013ec42a8ac6d0f27bf635567e9e57757f416b3,CHAIN
1761825081,3532906,168af039352df86271eef8beac8c17f39fd6fd7d5420000678a00b94e9113fd4,CHAIN
1761822099,3532884,9142e9ed92b4cf4bd7059b49cf99dbad02c678ef3aaddd1b3cb90aedbd203346,CHAIN
1761820530,3532868,25c1828464f9132c80bacb327365019f57c447a5825c8e2e8a61b681403cc97b,CHAIN
1761820147,3532866,0a1ea4f593d008d5e02eecc187f91346ef657b9d341c009e97f609eabe5be7b6,CHAIN
1761816409,3532838,ed4634336f22a3cdc72d4051c537e702c9f206abcdcc912cacb05fcc8a7da6e7,CHAIN
1761813806,3532823,f971e32bed0a9a22762f312a8d40df2e4001aabf8578f7079dbcef843632dc49,CHAIN
1761812100,3532818,da48ba1bd29ce92cf01d598046022c96109dc747b59bfb34709235b897054da0,CHAIN
1761812041,3532817,801b0f1b6c78ab3c89875df7800231865afd1883214949b5b572975124ea7f68,CHAIN
1761811796,3532812,7282f69bc1a6fc91e2198df0c4febc63346776ae5278c6f27a78728be63957bc,CHAIN
1761811601,3532810,f83f97a903e14a0e0c3133d02d3e710fc103a18cdfe5349d8c1d298f6100108d,CHAIN
1761805291,3532762,4ddacd4cc084f52751e299fbfd55106ef8a268481815f01a556d48a7cb48c546,CHAIN
1761805250,3532761,43ea3436cd011a0ba2fbca880c65c61bbae1539d10e462f8a9d87c63b2fdbea3,CHAIN
1761805006,3532760,36904ba0924cfc35eacb332650f150d173b2f984df99eae77f74268d72bb27b7,CHAIN
1761804876,3532757,fba4ca65c111d78e483ee838d1d4f02ba3835313fcbd22432ca5ac751fc04a79,CHAIN
1761804519,3532754,8d9001e34bbc06473d693895a83c4d6e9b923de471286ce05d6e82ffc7a1dc22,CHAIN
1761803357,3532742,dcc553f64a60bdb615bc7b5fa080a75f019b9af1ab62d8897ef1a2c025875b39,CHAIN
1761801739,3532728,edd1730ef888476988d2b0d4b43add303aaf721c0dc33e2f9491762c0d274dc9,CHAIN
1761801713,3532727,01e747ed5d0d2e99f3f7d61ac5b79dccfa5b7cac0b04b69501b2de471ceeb63a,CHAIN
1761801612,3532726,6e527bdc3608765624ea0a56860183214be60f0c81416b9c71841f8e28fa8e7c,CHAIN
1761801342,3532721,37d5b284d3b942cb0b166b58673503612d4e5831aa7dba6fb39519c47a6a0960,CHAIN
1761801272,3532720,5c6de3252d9269ee09f8373d3ba97bedb37340de857e2312b4b0d719f85b7097,CHAIN
1761799828,3532708,a1fa6b04587385026ac05a078e3c536eae2317bd9b985c3aee84179410a2a9f4,CHAIN
1761799768,3532706,95454b92bcf480faedd1d73b5b851f6441a472a4eb35557484dc9da64dd0c15d,CHAIN
1761799482,3532704,2724d3937dad7c01ed3d341dd687c72f425b505435ed69070186ee6783581fc9,CHAIN
1761797923,3532685,22425a2f0c8254e1068e2c59337fcd655089bcda92de7c0f30371604f8558196,CHAIN
1761796745,3532675,5e9d30b6e2067e3541e18f70a00a3d456dd2c5630adcac70487d359b9179e263,CHAIN
1761796347,3532673,a0523bbf6fd5fd29a17a9af7e759a261efb64d4b5affd32549d830971eee2846,CHAIN
1761796154,3532672,c326b59c66667b0c4ebc30a41cb62a26491a2db8e45eb0f6b069fc7bf3a41806,CHAIN
1761793038,3532648,d6277d87e2ffb5e1f60dc5e54cf9575d295799c0307daea8bcf12a6b75f7db46,CHAIN
1761792772,3532645,4643be0a24ce193efcd1bd7048c9b58e0f1c1cbfac5f672c73c52318939332bc,CHAIN
1761792637,3532644,4362bf48eb31bf14dcbcc9fac172ccc61181413624f0a40d4875415010da8d44,CHAIN
1761791760,3532642,5982540f627d71a5b9b8d9d83c9c531fc4e3c193bc04244bfcc797bb98c2409e,CHAIN
1761791634,3532641,dcf9b6420b4018f602fc98cfbc3d10f51a190170540a702e7984c085cb7d7c19,CHAIN
1761791469,3532638,4b8cfe27b00e799f9ab627c9b2143f72f70c0a3b3373af1fbd0ee5223fa1c5cd,CHAIN
1761791286,3532636,da911c670e4a7ac62feabe893b29e0cb704a61f429bb1075fb929a9de0dff913,CHAIN
1761791130,3532632,d6e3754889a7eb0489a0d17f34ff636d97d0dd670829cbc74923870b6f399943,CHAIN
1761789423,3532620,a87e3b039afcbc17b78f7210f13b44c616718c96eac7ed2ecd434e1e1b9c1847,CHAIN
1761787485,3532610,6b700f6f51d49682378043ff4d4874bc15bb35b2609acc2bc62ab79dc1f09906,CHAIN
1761786194,3532597,d37f0a16be9b86a32f3fd856b2bbfdb21f27eba35b3f9b3a9f35441cf947251d,CHAIN
1761786112,3532594,329f0db517e134f6eeb2f88fd0dcefdc0c1bd695dfc2ad59f7ecb0379e9dbc15,CHAIN
1761784452,3532582,074cf16616082967eeb2077af3158e6fe0da5e4fbd53744f49b301efc442bd9d,CHAIN
1761784323,3532581,82ae931e866b2e98b6b35017982840d37bfbc93d9e9197960da568b2392482aa,CHAIN
1761784101,3532579,58b16ac2366610832531efaf036dbbe647231a66390bb54073fd51c95fff2932,CHAIN
1761784052,3532578,95e2ce7e541f5da18a1ddf937ff76e404fc89c298152a0db80cd5b63fbe9083c,CHAIN
1761783805,3532576,623b17592b3d6e0061d4ea5f65694e0a7aa96cf5ca9fe8989fbf227dae4f567c,CHAIN
1761783685,3532574,bbaeedf0b4d79800261a4f52fbf8fc6e5514b0283f480233be114b9ceaad24db,CHAIN
1761778976,3532540,09c176002852d908e08aa44655f6533b55f9fa03ad7426b053012b7c3aad9a5c,CHAIN
1761778886,3532539,70cc1ff9075a0ad878bd79f8be6071e85fd8ee6cf21a932e6d2f2f1000ff2331,CHAIN
1761778686,3532535,2cc03365159544d6758cc0083cf315e9506c845c55a19a822edab183b6735bd4,CHAIN
1761778536,3532534,6caaf6c5daaecc1c2a35d062d82873d043243f57ce71df7d2689fa8275ba5e63,CHAIN
1761777396,3532525,b4519421542c08465d4262cdd58dd3452e819a1b2048f75b798534a5da0400ae,CHAIN
1761776751,3532516,24342cbfccf71716658598811af812485c68de502747414c347f021243ea3620,CHAIN
1761775586,3532502,5cbfc897b3614c1ab633bf7d8d13e99de1c26e1e07cd732a59f1374e04ee938f,CHAIN
1761775341,3532499,5e814b90c1ab65f41da2c1c638d9847c8789767210023ac4785d7a59988bf778,CHAIN
1761773571,3532489,4da89e7063721ff6cf0324f2763abb111b0b54e198fe688ce71364d05a57d1a2,CHAIN
1761773109,3532485,70bdc467ba26104102d466319c00b59d8a356f28cbed7eadf61313cff027e18b,CHAIN
1761773027,3532484,a0bc2dd3bbfce46a499d8843da8a9b22ab6ffce762126e0ca72882d23c7493d4,CHAIN
1761771777,3532476,723bc9e6b023e57a450d628bd48dd83313439962bc04b4d6bc973f240e9fbfff,CHAIN
1761771617,3532474,2d89a8c74ebd18591ffe056c3b7b7ece195ec5a5b4ef27198e7db4577a164d3e,CHAIN
1761771510,3532473,e0eb56e85a1b166c8a7bd5cd340913bdcbf82fe9d6474f4b593e38f326a4ccd8,CHAIN
1761769954,3532460,8658383371c009d306b4f5ed3c672a37e3c4b8f0bb7ca129fe5df99ccec7ea6b,CHAIN
1761768974,3532453,713028f3f45e6a7d8c30a23f648db6466b6fd2d669e53954318e8bfa828740e2,CHAIN
1761767908,3532445,585f4f8d1cf994245f090b7e8bb540ebbbc35e2a6c0490652a299b6ef18ad4dd,CHAIN
1761767817,3532443,4ac9d2cdf41ce8b7181dff34e15e2526bfeff4cdf27c6bd5b4ec086788fe0ad9,CHAIN
1761767754,3532441,1c2efffb9174bcf34fc1915ac02a7c2a9a7bbd2350be8895ee0a7355ef5fe983,CHAIN
1761767636,3532440,2a96268e6a2023c0a041f2ccdb29a673707ccdecb2d8ced1b5c3a23e94583606,CHAIN
1761767483,3532439,07de8cd809de67fed67ced8ece84a13647a2ae633c92b1475675520175e43bb6,CHAIN
1761767370,3532438,c33642f63b996a70a24070d25a329159c633a9376916aebe10a67a1f25644ae8,CHAIN
1761767117,3532437,bb2ca5b0237edd062bc570a78a44b3b4e9101a709bd60e334237c2972459d6aa,CHAIN
1761764317,3532418,b32f1a31541e3c5dbca405e4dc9c38ac1f9077a025bd0e9138700f978de41e56,CHAIN
1761762907,3532405,dc3841972e9f4c44a93f3b7e87d1ee879325ca5ae6c7e44daeb473c9686b78d8,CHAIN
1761762849,3532403,f5dd1ef4a68bac4dca247124ff0f240bd4bcdef9f5fdbd84ebbeb7a5336da32a,CHAIN
1761762650,3532402,2b5130e8d63f3ed13db808c02eb1dba56f612165b97818be1f3ef3dc534ee604,CHAIN
1761761586,3532395,773c11056c50b7e0a806b33a17cfb188ec41e2d3bc002314ec61d2f47b6af81d,CHAIN
1761761438,3532393,0706fab82f868e34fbb907fe7cefab6593878d387bc05925e2a98342a02ec72b,CHAIN
1761761186,3532389,2ba10df50b8e6ebd0cb709383269c15ac01b7d46910de19efb0b31675951c209,CHAIN
1761761154,3532388,6b9b47a9d3398858a734a443b2a539a4214b509a7d42825b636aed5e21d1fd61,CHAIN
1761760021,3532379,0fbb55988aa1e6862a5c5179105505006ffc2959211ddcc26064eb5361119f33,CHAIN
1761759849,3532376,084f3e279ede2841c48e348027dd98e3650a816b3f00f071c3b8c0f2e1b89209,CHAIN
1761759565,3532372,d24b35b3cc287623f9ce6950385cdfe9a194edc9f3119af710477d764cfc3017,CHAIN
1761759540,3532371,9e0d11d81dea9a0df0c379c0359076112ea2acb3d619589274dc8f8ac2ef2302,CHAIN
1761758755,3532364,3fe96543b4b3e158f43e30b78075aaac4146c3ac55561e6c59e234507e7270f3,CHAIN
1761758502,3532361,03429f44aa0e9e24c0ca45b0aa3828df13c68226b25a3d6f99590792335d0efe,CHAIN
1761758410,3532360,6ce6958544f4de1bb8d4a4fed1dd1c936c5eef315fd76b05c161a6d40a6c2148,CHAIN
1761758265,3532358,0cdeb6bedb9c30333ca5b3b8ebea34888d065a0bfc03aa304bae1aaa54b93f93,CHAIN
1761757226,3532350,10f13a9232a680f7c912c998791847d00c2dc439bddec1c7a0c8725345f66cca,CHAIN
1761757060,3532349,248c044f3d1dfd905ad68bdcb96fc5daea434f4dc999e2962f9a73e7e99f9045,CHAIN
1761756509,3532339,e3cd04841ba698e3d920b06da0776c03a2c01ceaacc45e6962a936f84ab9cf38,CHAIN
1761756346,3532338,ed3cc7ec0e435f37d9817e8b419cbd12596aa6a43d319bda08f9bee4fc29736c,CHAIN
1761754888,3532329,f654bce008060123a404c11854b4b41f93b8078da416715b075f46c86fa18db4,CHAIN
1761754434,3532325,db003e09c185c4d157d51f1935ff874563d753882996f0cca35f06511baa4922,CHAIN
1761752922,3532308,be71d3af6d627a292e5aea8303a8c94b4b41649096c6c4b281c163049b1ba31a,CHAIN
1761751933,3532299,f79730dfb8ad7fc75bfae1562d7a0730e31a7f229ee474693a2f228a9588d0be,CHAIN
1761750312,3532290,d61f6a91b47c080c17f622ad007529ae45b844e1c85a3e8d3206d0927a51a98f,CHAIN
1761750122,3532289,c71787b0af3612c4776886c18509adf5ba236cb71e5c8d89feb332c1286ff6da,CHAIN
1761748651,3532281,e7575d263a335cf1007614523415a5a67c4688d20489c5c8e286523649aa403f,CHAIN
1761747041,3532266,6b6c7ea66ba2929f9d43a2df1bb83cd9c757ecc6c197644a202d4f2757948650,CHAIN
1761743465,3532233,b3016f22aa2454517e0aae519a5d24178d49c42af45a180b3830ac11505b9dfa,CHAIN
1761743137,3532231,2610e05b13e9e9056808d25ab83f3c455c58efe8b1f82ff70d94c8f6b05c5ce4,CHAIN
1761742517,3532225,3288c815e6fd7730127b29816538a24e3c3873125512b6feebf4b37e76865d2d,CHAIN
1761741687,3532217,82f312bdb37fe99799d5a7aeb7773b1b14be8c18dd025a6f6756ee2244113937,CHAIN
1761741457,3532215,18c668223b6812c4693db58bb4acb4d986f9e8f9e740f4fdcc9389778c1852d2,CHAIN
1761741299,3532213,56bc20b557ca46cca9726f5c5907d2abb10be09670a7fc977e9b9ac0ec996132,CHAIN
1761740653,3532203,bfed5a7c325bb7241dd8f2aed7d4d0d9c2ab8892fe79634eb831718da7913f57,CHAIN
1761740371,3532200,05bf6b8b555c968aefae2c8367ebe5c066a6cf84a4df5ea257c99f21eed17c68,CHAIN
1761740266,3532197,aaecd022421f0d64ee13446de4a13743996a19da007a6ae4a1ca3155e3fef856,CHAIN
1761739983,3532194,754358a6803745c227432d2e9395e8eb60cf94f4d134c301b4e618c6379fcdf3,CHAIN
1761739942,3532192,8da386cfe2c5b49a6bdbed6f82036033c39c06ae074a83ddea6c875a9129505b,CHAIN
1761737859,3532175,5d47a1235fd047b119821fe5fd15d4414c347356c36b59a794bb05aa387a036b,CHAIN
1761737746,3532173,69b8f4fdaf98cb95018bc5caea559d67b78d83218982906b7707c2527d77273b,CHAIN
1761737627,3532169,db4310d9e17d88f63350848a5e4dec705c50060fc8432f4b29ad2f4bf0b111fc,CHAIN
1761736484,3532154,5817ad6a0f57581bbeec2f8e3f30de45c9ed8f149dba7282c1fc6762287db34f,CHAIN
1761736449,3532153,643c033f7ca44be31cd10649df8c43b01e0113fc07a6c4f0c427b3471a4fd727,CHAIN
1761735932,3532149,ff49fa83860e2733332f9fa164ea4f42d49a21c2662d071019b7df3fd8cd4cdc,CHAIN
1761735882,3532148,e1a8948fceabdd1e056ce5a39897191c00930e317f12bdcf21551856702a92dd,CHAIN
1761735853,3532146,33d3b5326840f4115f47453a4290ba3eeb6bf92900b435f90136656be6044671,CHAIN
1761735802,3532145,7f499ac2f7d4030922147b02577ea07caa5e026e94dadbfbfea3a7515402badc,CHAIN
1761735796,3532143,9b421f5f3c47d222bcb246704df03a12567fdaf61de16e112aae659129091fdb,CHAIN
1761735769,3532142,d0f5689e999ca595feaf676d0b22885a8a9b9602e315f6a9414da1cc7266cfe0,CHAIN
1761734834,3532133,3c5bd43cd417a6fa18acd0997979df095a2805d898cef7ec585524aa21adc35c,CHAIN
1761734596,3532131,7e99faa295accfd5b9682ee760215ccae8878deb95d51cd59f54f82381cad8a4,CHAIN
1761734593,3532130,641e7c3652b53ac2320298fa203ba67aaafc36e4dbb15b4fca9d853dec2798a1,CHAIN
1761734541,3532128,599323687ac8da60021b57f46b4cb575912b514e117d4ba5ea9287da7156e3ed,CHAIN
1761733009,3532114,86fee1a6133c006e266ac0226899dca387d7fe38ed7123223aa8c22c0e3aff54,CHAIN
1761731965,3532103,f9909c9957cb437d056d540a31408800092da9e535b5c541b1ffa6e0df9fe96d,CHAIN
1761731418,3532096,02b2e0e35dc155bce4f6b163128e07e176acca13dad11559a697d836a44e4a31,CHAIN
1761730162,3532088,e2b4b90fc7fad1d096054d9807a460cf161946d341a99dd5b8e8dabb1e06d30b,CHAIN
1761729046,3532084,e5901ee8ebbed59252d9964bc9a90d1d2982c2f59fee14c41992e86614169adc,CHAIN
1761726796,3532065,e3eeda09a7c70d2589cab15f66b4f4c95eb15315670b8f825dd338baa04675ae,CHAIN
1761725287,3532052,a5eef596a49286631ec95e08d95bdfee70b81faa4847b8e02c3c45fef41607b1,CHAIN
1761725245,3532051,fe0ad2e4692d45c12e193b7acc2330d4c01bf352a4f5e6f4e3589c2aaac72358,CHAIN
1761723978,3532041,58d178e790d3103551cc4d301ac693c300119d6013cf17a389033901a0ebefa6,CHAIN
1761723647,3532038,8dae91211e2615702c597c6d08a7dd698c6aad216773b514556ab0f2060e1715,CHAIN
1761720660,3532009,65b788443e7bd8cb61f6d80aa1baa5a6c5aa7cfbac84cd74a6cecefbcaf3fdbe,CHAIN
1761719182,3531996,c631026a98814bb9d93fc2e41a83f66f68387e3df3d6d2b4ff9a604872c80434,CHAIN
1761719124,3531994,73d6fdc9371fce89b6bef5ac5eba1e481381a6c5de949f4690fb4d1da5476600,CHAIN
1761719119,3531993,615ae5d8ad460427631de41faffac24cb0cfe750637d5693b4aa2c4b863ed82d,CHAIN
1761718780,3531991,069efd34456170ff494790e362d0bed20da42ac813f31b6709eca05d151f89b4,CHAIN
1761717552,3531979,0db3bc884e689a55efa869c6bd2403b456cbb591f9c0ce24b16a4322b8d8555a,CHAIN
1761714709,3531956,2f487345350ffff7a3e6e69bb4320bbb909931559753ccc09dcd5f4adbf653ee,CHAIN
1761714509,3531955,ca08774680a64da31eb9aa19415fd4f36e882116658a8eb251d4be24ba339424,CHAIN
1761713072,3531940,5e1b9c9ef7bf480216d952cab737b72861460b8fe9f36445bf71b1dd2b397726,CHAIN
1761713007,3531938,371b1ecb99e0d8ac965527fd6937102636537e11aa6a54ac58dd9d4795c8aecd,CHAIN
1761711681,3531931,ab46598f0fc9c86540b88bb8c6f42c7cd51a4e3397cd958399736ad76b54e3c1,CHAIN
1761711542,3531927,daf397354c3eda2de40edd6ebf35e6f5d65a04738677e2ba6d3d54ae2422b30b,CHAIN
1761708927,3531914,bce64c86b256f74b40d2d993d71d7b6ae57cbe45dce79fb0333b911e6db54b1c,CHAIN
1761708552,3531908,c0b29f46e0ca473989d74b2dcf0ea3ffe9977bd9c01a4dd2681710dcf9d8fa89,CHAIN
1761708449,3531906,c33f6e52f7f3e4a6beb6e4b64e1ff110e599aa56547e9d1b8c4bdbfc22129e5c,CHAIN
1761707269,3531896,fa1ca17851c612fab8ecac6efb9a8e7acd685a52923f29c2fe4715c6375166c5,CHAIN
1761705851,3531887,6d0a6faf4d40db417d3ed5906ac6e7bcdaaeacfb63671ea0c9f51558e26722a0,CHAIN
1761705828,3531886,f0e9677813d686bd066fda53524bbacb3bcead3da03307c3dfbe0119c1db6c25,CHAIN
1761704285,3531874,018aa9377ab2f55accaa9ea9314c1db106f2e885c07b8bebbdbe690a70607c8d,CHAIN
1761702951,3531858,19b7ad6714f5457a0c8ecfacb3f266716730e4abd403c1a51607704f43d54cf7,CHAIN
1761702813,3531856,c908bac8d4f8b5adcafa27880532824556f0cca0df03fba3bef94c2f63014a74,CHAIN
1761702766,3531855,0b1fe19978ba79cfe243d35373393eea08a318bb75780da033b12fd4aedc6f88,CHAIN
1761700819,3531837,14cfacd979dcad1b7cbc94cafc1915195a10395f15fb5e003dbf61e3a6444bbf,CHAIN
1761699854,3531830,5be787bbec11d3a2a2be092c2fa8a9f06c1c82545ce9db644a4f4bac050f9862,CHAIN
1761699428,3531828,0d6a9ab33d0c11eeb32a43f19ee05e10ae6c48e2b6a202a45195424f97aac5dc,CHAIN
1761699323,3531827,524c567d347a93c12c549d056b9255faf87b7daeca7dff1c9885ce565a9ed347,CHAIN
1761698107,3531819,9cba1a8409e3435f69061cbab9bff8100364c08ee96f64df074b928648ff11e0,CHAIN
1761698101,3531818,86df6bb6f849c1ccacdfa18c0c5f72dc73bcaa8583f67f2cae24e0bfdcea1cd9,CHAIN
1761696710,3531805,9ac8515438045e56482d7c033af6da02eb95342d66a33ac1642bfa9a4434c56f,CHAIN
1761696510,3531803,757cd64b25935863d1799612fe9a99721b6b427b703077dee817cb24416b3b2b,CHAIN
1761696394,3531801,6b6b1a47021dce55cd6ea940ca8bfd932403165697e3613dbfdc6d1765e63687,CHAIN
1761696163,3531800,1a59fe11bb61aaa9d12c6cedfef4c83c4c168e04f00dadccbfe953e423b1a474,CHAIN
1761695180,3531793,c41c5ad29eab3932c92aab4744760b37f280e9d2c336832ad9bbc5decdd37bcb,CHAIN
1761694663,3531792,4a89f37b2a1f8d72c3c04a004d92c6f875291b60c2e1dba989b79ae0a30a7533,CHAIN
1761694622,3531790,d3a0f4e4bb1eedc2085f3cb8bdd226fbccf5ab547653a63140cb7b6c36049f01,CHAIN
1761690182,3531758,346ec94389a0288c64696ebba86373be8a1437d792e2e3b545f0f29e32868e34,CHAIN
1761688682,3531747,2ad83dc7ace162baf5ba9825b7493a54d84b51bfbd6bbda971e13b2ef27fc844,CHAIN
1761688660,3531746,c21666a0b9f662708475f28c5a5136cd8ee1c9e5f4386d515e80e423d2a0023f,CHAIN
1761688269,3531742,d7b502fc2cf8d585bb235366f170cb48bc4df2da0da9722ca99d15a93d400907,CHAIN
1761686866,3531734,45babdfaa46a1a36671e966e3e427bf15dfe50004573d88e01910e975b298fae,CHAIN
1761685396,3531728,70b37b9c31674eccb97f21affb9d9ecc685d697505bd8b7b74ce40a351fd3664,CHAIN
1761683972,3531718,2659f6f3f74971db66d10c9197e29440741f65c5076ccc7ebdac558c9c4956d5,CHAIN
1761683964,3531717,4097ef47f3e4558f52b15957de195b8f670ee346265268ab102257973261055f,CHAIN
1761681106,3531705,0c72e594049e1f7d5c31107bd0aefabae60b2360837a412c03e90975a2ecc4bf,CHAIN
1761680993,3531703,cc2f7e3997c9ffbb96357143dab8c846b89893818f6998d313355220dbdedc0f,CHAIN
1761680597,3531698,74bdd498006d21dc52c810e4d944a3b445052693760e9fd40fb8cdac896b5091,CHAIN
1761680581,3531696,22aa8225d283b4986781a6356d4de422333aa9f406914fa188246c74c62fbbc9,CHAIN
1761679477,3531688,c23cd92aca331b80e904a351f2afd80456a5e2b570623821bf68d35e84ea816a,CHAIN
1761679365,3531686,75473dab8e021b3b9340113c756eefd41a470b6e0372102f8543c7fca55cf5dc,CHAIN
1761678861,3531683,89d65d96308e0b502b36a0f9c2111d7b9d19a6be47bb77d4a86a9fe4efa09b5a,CHAIN
1761678855,3531682,3622b532ee595b79868b946f5a0b418be3991e3c93d1cab8940342eabb88f587,CHAIN
1761677796,3531675,e0ac31ebec2e88ae1a8d18959a3a2ebbc13634915f18aedbd5dc0f0fbf5a2a56,CHAIN
1761677611,3531674,4ee4168a5fc4ff471c77ea2a7f00830cc42e3be24b6dd944613dbebf68843f38,CHAIN
1761672892,3531648,ed5ed25e37f8eb15654c589b1c3d35856e45edca1f8993dda42e397581ab0530,CHAIN
1761672733,3531647,d1f27f39b78e2089d8f765fac300a2d8cf9cd02bd5fb1589f6a71325339952e9,CHAIN
1761672528,3531645,86b587f2f0cf659755bfe8ac1164957bb53d52217489fe56622f8badc23be763,CHAIN
1761668223,3531619,031b7c15db3c06d2bb1d9e95b8fdec28b419edcf77002f5d173d252f67dcbf1c,CHAIN
1761667951,3531617,8e0c71dd32c26d84e7c13b79bc0d12bb03b2330e990306c6c92f6dc144b5e68f,CHAIN
1761666854,3531612,a2443a7ae781a507bb031d6f3b07720a2a081a34cef4b4662e6e1e1c671613a3,CHAIN
1761666709,3531611,4a4304278c808d89653f21968d3e5aac472c5cdbf1fa0c1901d444317d75ec57,CHAIN
1761665248,3531599,96bfe02a9f609ca1a5f8ee674a1bcf7c588024919cbf426f3d265aab79c89a43,CHAIN
1761664854,3531596,68ad1b17af99f197cdd692bffeeb7eef9e8f378603650d417a4bb3a3b364dd57,CHAIN
1761662234,3531573,77dac344130cf43f64c598da0c902c37b5ab033965839b0bc5d5f5feef0f9d58,CHAIN
1761661872,3531567,76d9b224a38708c5f00d6d2c5f8fce18f8b9e2660cbc0f5297bed80b6dda41a0,CHAIN
1761661834,3531566,b11adb3125befa676d8ee214d418e4057cdecf1a3fd2ab09f42005a08699f8f3,CHAIN
1761660768,3531559,9597f4edb6686714df1bf13221330651e7a69a00164e69a5d199409cb341c426,CHAIN
1761660467,3531556,d2fb458a8901664b420ae80ecea6717070e313cdd6687c277abd6551dcd66180,CHAIN
1761660195,3531552,2175a77e1d09941e03ac6cf26102eeea4ca1ebe28092c6e57b7c156e3916830a,CHAIN
1761657566,3531535,efc04d247de313ee76f2e5acbafba945a5cae4a5d3292b307674ad37e6872eb2,CHAIN
1761657127,3531533,07caebf737ea1fcb79606431c1d7ff8fcdc10d9113089a65ed54757470b11832,CHAIN
1761655570,3531514,052544e535110b3d02f4d6df66f4171b1b011e3d9ce46edfd031aa881f7a9271,CHAIN
1761653181,3531499,461034b9c6b1a750fe556af6d287039b64b7b6b9b660754a59e12353fe45555e,CHAIN
1761652530,3531496,bcf8bdbf472a0df9e24c271e49874c25918b40acc6b3c37c47c5577467aabdd5,CHAIN
1761652499,3531493,41f1ec9283f263ef9699d1532bdb184549ce03e3822e3018522279cc7667de59,CHAIN
1761651912,3531490,5290824248db7cebdba08557bf0775ba7288b65f44870e6e13fd87807b1cc0e4,CHAIN
1761651359,3531485,9ac2bea4bd54ed258cc2efe0203eb1333ed4a722d0b78824a898fc3970945639,CHAIN
1761651207,3531484,58ad074f1a7639a49e90b7a7bba6f1a0088387b193454bdfc677b8202aa8d485,CHAIN
1761651191,3531483,826596ea62f5038547caf47ce12cd0ced63e051b3f226722738d99a78ef13680,CHAIN
1761648983,3531460,6b808707fa1335cf773d988f6cf3464dbf0df53f4d719f3aeb37308fbb8e7927,CHAIN
1761648454,3531457,30e20ed7fa01cd67846de7efca89387c34ab9cb1bf898a5dec85d099a06c85fd,CHAIN
1761648260,3531456,13edf5e777bebea313b083805b0e6be0c16e277fe6fc60250024161289fcb9ba,CHAIN
1761648202,3531455,e27179274418053b9f95f958e5a5e7846f7497a5a210a29a0ef42cc3fbae35e2,CHAIN
1761647594,3531449,883340eeca5b38a76b8a2bc57debbc5fa901f1d287b111a7bf0edc3bb883aebf,CHAIN
1761647002,3531447,492bc0fd50b4222be94a137b6d3ae82065aabe532788ab84c8d3073c1c79eb82,CHAIN
1761646448,3531442,d595f4d02f72e847404b49be4a35f64c33ca7aa4347b95038895960916e0c4ce,CHAIN
1761645642,3531439,591d219f9288e3a5a941f1fa8ba497a9dde996b529832fd82e23e928a98ac7e9,CHAIN
1761645095,3531434,def32f35645b8595d1e554be4f5598b9d400d0d4d071e6bad82c83a6b3e0309e,CHAIN
1761644490,3531430,8c6e562a93260910e70fdb68e20baed93a82eae911fef5ba45b48b83dcb968e1,CHAIN
1761643885,3531423,d2a234666c27270f32a3de4b1bb62fe360e4a3b2ffd66dc6e1c7f2ad8793138d,CHAIN
1761643636,3531421,eb369ff73291b8b534efe5f60910642b06c097b3b24d1fc773fa8c7a93843665,CHAIN
1761643495,3531419,751c8b37a36a1d44ab602a1a178354308fa793da6921303f1da1a32159e604ad,CHAIN
1761643176,3531417,708eea128267941f7a6c09eec405ac3a799af774dc85b505bcefefad3010abf1,CHAIN
1761642685,3531414,f2b01b06572af7a02e497542ba5805da8d1839b7bad8bf99fad3f602b1420cec,CHAIN
1761642455,3531410,31871370370462b3e9088185e241c589dba35e6ccb71460902543fbb635772f6,CHAIN
1761641965,3531404,15c2b9acec561ce0c27bdab0978d1042b930fb6e78035c6edca804eeb4c8e2a4,CHAIN
1761641937,3531402,fd21d5272d89ea1a3ebfd6a06ad0b4fe3a2e314a5ad37d8963546f1e2571c79f,CHAIN
1761641918,3531401,f679e11984dc066f8fb4931d2d67e25ffc2dad36562c2c818d392d5b8932e047,CHAIN
1761640735,3531396,62bafac10d54079d2bdff179c9adffad9d42f9722194d6632ac347bd90f23ce5,CHAIN
1761639890,3531388,6d3834f2ceeed19526c279f8faa12e95ac99480b5e3f73d04a5ae6f389e87efd,CHAIN
1761639667,3531385,42d74e44715a15eb31e4693b5abc0342051101a8be0dad94535dd4c969471c72,CHAIN
1761639256,3531381,5690a9eaee9dc1d58c6dcfc75141bceb24a1af2249ed48319df6d2a3e39c8459,CHAIN
1761638663,3531377,fa07996ec4ec1116ce7daf6fc62dd82add3bcf3e7d396dcef761daf41289e937,CHAIN
1761638262,3531373,1cc82d8193f6ab9d1d4b2a37586b48dfac60ae483985c39268774ce66616a883,CHAIN
1761637712,3531369,f6b07d7ea7c2cc562bb6cbfafabbee6a608525bb0289eb3e0ea93cd6314b89af,CHAIN
1761637488,3531367,ac8b285fc5cde0752298445fc9bbe6b4e6b5433cb22f6b95e86dbefc9ebab731,CHAIN
1761637407,3531365,f24ca5e614c3f92e9c9375e1391b7ba3845898babc5a1b5159e20fef7a74a3cb,CHAIN
1761636830,3531360,15f06632b26ecfdd26392c5260523e348e9b13389ed75b57b870c8b44560fd30,CHAIN
1761636596,3531358,15ae93a75035d129720ad271d1b3ce2412cd085e59dc1b9b8b112c067813f70c,CHAIN
1761635004,3531344,a1d9a899d60460214a37ac46fc5aba795bc2c7380c43ad65542b7bde8f5e96c1,CHAIN
1761634179,3531334,b258006de5f131d52fd026375f50894774f0bb64219020489473ebf0809c8cbf,CHAIN
1761633947,3531331,a37469b26c1ff1eca4e6d9532027b30cc234aaf6f88b60e3923cfc2b59ddd87e,CHAIN
1761633678,3531327,3d43763f44135e3876d5447c48e628f3dae9f36d94e599d051e07aa9cdd9e2e7,CHAIN
1761632292,3531318,dba8f90d5b213ce1c1b798e691412e453f83f0a433e019be9cba35ef2dd1fec9,CHAIN
1761630345,3531305,fe3e9cd5c988c1394defd57dfabf115fcbc3e3c8c0ea13c39763a2f08fdaf0ab,CHAIN
1761629743,3531297,8394fe8056c5ed5d5c7b0509adfca7fd7805e10ee7be37f8594fb4181cb2a5c1,CHAIN
1761629245,3531291,f643fa784b9ed42cc99191dcf4c8342b11ae5aa024d9fc3e544cbe6daf83907d,CHAIN
1761628854,3531288,e77ecd78341758a666b05153ad6f16e37c9bf0d5ae315789b24073afb2cf46d0,CHAIN
1761628387,3531281,ce655f1ece010c8ec56851952911f749622519cfa6fae33e025270e90f522c7d,CHAIN
1761628366,3531280,06e24ec7df6fe7e9cf68c4209deca08e4ed677c315ac7aeaff89aa85f3e590e1,CHAIN
1761627956,3531276,59e93a4f292c24896ef2a1f0725c90711afec704ae544e7e36b0d8265d575f61,CHAIN
1761627618,3531273,d20b57ae75bcae574f77ecb3c987515fb387f1ba16302e020b0620f7a9db7def,CHAIN
1761627309,3531270,831986958885e834bfdd3e9214e93a06b67f586a0a458b97b202782194c1e27e,CHAIN
1761626529,3531265,b6ef3e63b988b6cc8867a5ca1f328dfdb44084567667d496934b7440c5817b8d,CHAIN
1761626442,3531264,3a1ad53fa5419f5a769e01b8e7191ba2b4f2783bcdf1824dd0ecb87ac94d1111,CHAIN
1761626077,3531262,63be33356525753a8e79674e4db53583f3fa1d54b1b73b296eb0770d248f520d,CHAIN
1761625936,3531258,e95e7db84b9264fafaca4bd0612a60ec8800d08718848fe256a0e8c7d467c865,CHAIN
1761625656,3531255,a49a88705b564cb57f55cc32765701a6a28d20c92ee203f9dd5aa38514094e1e,CHAIN
1761623934,3531247,732f94ea5afe9ef2a39e60f950094c90f37accc6516bbfe4e93a903f043b00fb,CHAIN
1761623249,3531244,4eec1992a5f70c04742eef5e292887bd26b6ca5f5a263258d8465e1ac671c9eb,CHAIN
1761622346,3531239,40d93782b381c310bec88c705eaa92d5cc43c95729e4b6a14d7dd3acc8a77fd1,CHAIN
1761620511,3531229,480b9ee1b0fdab5d9bb9a0d10868c8dfed8fd02a05a3c6a81eb8477b9042873b,CHAIN
1761620466,3531228,769978045513b111f8d219c25b380fc6314bbc1c0a23ea229c388f2d9cd46ff2,CHAIN
1761620125,3531224,c6e3fa03eeca767fe4e0fa1c08421dcdd950eee36fb8851e28611a22bf040abc,CHAIN
1761619868,3531222,6134273b01993ca5318a9f1002da99df9747a3446cd65fde0643b87debddf8d5,CHAIN
1761619551,3531218,901f482557bc85aab8f4a1967b244bc51e71ce859b494a57db8d06662f452a7e,CHAIN
1761619393,3531217,a5fd5b77b7e81649cb99ab7f8a684a346c7cb74675a3af1d13b51bc441e2c989,CHAIN
1761618416,3531215,442d9c6ae6189424ac1d7447b682cf3be58f20c62dec21f7f8cef38c8f799d98,CHAIN
1761617880,3531211,7b1db1368fb02b126aacdcfe407291d8356e66c4ba29fae11cd094018e68e7f4,CHAIN
1761617857,3531210,add1522fe292c6af9207c6cfdf60f5c361f0718e3e09e82409c7d8627d214d87,CHAIN
1761617215,3531202,073aab3dc72f5bc13a7da24431b9e3df571a8b62b8f90c59e01b3d123a1af537,CHAIN
1761617137,3531201,51a2715bdc893cb4e130e7b6f0a92b34dd742859e53817b52a126f427a504ec8,CHAIN
1761616511,3531197,bd378001971d1de875ccd544a71fd536c8e0bbd3b610e3969d7fd3b8d3e5b4e6,CHAIN
1761615342,3531191,a2c9e1019c1c007d0af4512d52e3699fb9517eb6950a2d2a00ad0613d8a9180a,CHAIN
1761615267,3531190,c8a9d10361f461bcea2136c0d0ea6c2eb2dfc7ddc1432254dae6869674dcccaf,CHAIN
1761614972,3531188,2440bcf0333f42719e264c28e81376ed38bd95be21b498eb67a8372bf7841247,CHAIN
1761614324,3531185,28df5fa7ed483539746b638d62c81d2894bca4e40b45e04064ecc0251967b0c4,CHAIN
1761613730,3531180,cccf39168f4415a51443eb122357d57083aa5b4fab0eb2f54614154cfb65fe37,CHAIN
1761612566,3531167,ccf6272070fa84ff436bedf85c670505a4f1a54cf477b5d0cb136e644d0cf693,CHAIN
1761611737,3531162,d788a8ca845b56a8d66477fb754b9e6aec291357eee2df5bcba1e010a8c79837,CHAIN
1761611556,3531160,92c1fc6cf6df542eadb9aa785cdb83cbdd51acde14e3c91e9dd47cb47c0ede57,CHAIN
1761610444,3531157,98543f80425e36647c79c387352e6d83476162d34fab28604bb8d283f909c5b2,CHAIN
1761610275,3531155,78c2943bc992f696e3c103857d8a8a0b2bd4cd8f5c471be998f8df6236226cd6,CHAIN
1761609240,3531151,f64f5e858923d7030bfa34c0c9686991c6f2a5cf97f316f33722fcc3e8ee21b9,CHAIN
1761608120,3531145,fbd2253c6404c57797d1625b22b7b0977444acd66212b474f7bb68aa7eb8b28a,CHAIN
1761608072,3531144,ea80f8c9e65c96637944864295392308a2607b63f51c4dff22881d7565ade849,CHAIN
1761607691,3531141,8c0a3c64f8ef6b291b8505b1a5b5c3477742b0e9536a2ef8ad40315fe2b31e33,CHAIN
1761607618,3531140,9b1ac4ff971b7f7b8f9d637176ac66598c24d8e6f111b3f285335f780d010a3c,CHAIN
1761607578,3531138,7d435cb1746af2a587beab94eaa0087f34d42fc47b73df883043b3bbaa47465a,CHAIN
1761607428,3531136,1f7de6a2c22580370ad40d41fbe939c46afcc1fa4f705d905f1821e79f8b4944,CHAIN
1761607233,3531135,060b0b72eb5e9cb92874f283e70c0f3e1fb579358e88cfea052436309b5a7d40,CHAIN
1761606882,3531130,135848f6dcb2bfc35310d205ba73c2ebae549c2b08a7241589fc393747647365,CHAIN
1761606791,3531128,316ff9264cf62f0706e63c729927a5be8e2b58fd31fda755108ff39a86e0fd63,CHAIN
1761606437,3531125,d4d3545fba211b6de296e7ceeca2a347ffd35a8cdbafb07f898d27712b1d2c8e,CHAIN
1761606030,3531119,ec5dd0496337e7b221628ac1efe872b887db8e5397f4c3135b668bf8e0c8cbf1,CHAIN
1761605979,3531117,3cdb84af8c3941ca20b6f66d38d2a17a7e049c82aa585529fbf2365df5c87c83,CHAIN
1761605955,3531116,05283973689806fe1b140fafcfb3fb5fe60017ddebadf4c2c7fecef7f0517966,CHAIN
1761604867,3531103,82b6b69e6ff1d13411f0e4660b21de2ec0cc85597bc164b7cc99897fdb2e4867,CHAIN
1761604793,3531102,3eebb18c6d99277489895327617386b1101f93c44e069230d64a7c520af9835d,CHAIN
1761604784,3531101,6f33722193c1d7f8d2d7ba702006f94fcf34b024e3d48da7bffcb23ee7aa3c35,CHAIN
1761603926,3531093,a0861052d49b55f49043a54847c760eddddceb7f9ab5b414711ecfa98030bd1f,CHAIN
1761603866,3531092,5aca7d79c71c7fff92c68c60177e0dbe5151c1fe80b3b8fa0dbb6e55600b6f38,CHAIN
1761602358,3531078,0c2d4797742ad1aab25cfae952b31b750fc3140da3907547417c73c9284b496d,CHAIN
1761601391,3531072,28603730baa63d9366aef33b7150ae630180e5e26fc8ee39b7aad21be1a43ffc,CHAIN
1761601191,3531070,696e81ca9cfeb31ab4aba2d18c05e7b7ec64df1cf87fc52fca9d57f0b830937f,CHAIN
1761600917,3531068,c82a343990d13110b2bc315cf1a4e77caf736d7fd4a49571b7c3ddd91588a99d,CHAIN
1761600858,3531067,c2befeb8ebb069d0b4c77e79ebf36c0fd5d2b33c53a32076f3df8fb04630e1e9,CHAIN
1761600234,3531061,2bfd30cb796780ee23dcd641a976f84025396b11036dadfad05aaf9727223ac4,CHAIN
1761599656,3531058,9894f94c1c1f25b4f1fe0e933742c0b1aae07342acfdb81cfc6b29cd1aa1ed0b,CHAIN
1761599044,3531053,00c2d38d56e1fb6fcd34b2986c952f573c243d3a9d0baa738a68389e73b8e63a,CHAIN
1761598943,3531051,82ab0f264b8708c5406dc05b6719b477b9752d063321320508f542d04285abcb,CHAIN
1761597537,3531038,e444ece55388b2972a990bb5cbb19be0fa103934f025f57113463f3013ae4c6f,CHAIN
1761597155,3531034,52ac1a823cfed93e9d231f387875d32adfcdfab0c7e5e315c188b154b7c14d5c,CHAIN
1761596769,3531033,907a6f311cb1c0e49a1493c35698628c51d6565fb7adfa8d770cb23d200898d5,CHAIN
1761596505,3531028,bc435e6ad965afe4e25e64e194d21c0e52d919a04ceffa005f88f32d82d86a25,CHAIN
1761594160,3531005,42b23552fb05de7b6a4bef5f5b80c47a0086bad59ccc65b506dd0d90d639b89a,CHAIN
1761593951,3531001,0c64e49c6ba98b61d3de1e71a0195d5979c0743ca2ad7f7fccab6e84a453d12d,CHAIN
1761593924,3531000,c23b687f88eb2b529e77761b6b57435796179c1ef378a95897d4ff50e6912d75,CHAIN
1761593060,3530991,81c668870538705af50caedbd3edf7ea3466f21f8e222bf1377b2bc468e5b600,CHAIN
1761592771,3530987,e23e56e25e2a34789cdbb1fb93978b7b186df787b6a9693d0b2bc1d49015d0e5,CHAIN
1761592612,3530986,1985584e4bb56dc97d2d6dd3aaf0611a5ee9d823aa666ab24f0fb67522b21898,CHAIN
1761592465,3530982,3b87b8644669753850117deb73d242fee84f59e98de5a2e8b309ad777703a75b,CHAIN
1761592093,3530980,46a25831e814a83ad3b003db08b8795dd74e7b5a73efbd0f444670721d58c3a3,CHAIN
1761591941,3530979,cbffda009f67ae66201e28ba40c0b385563987c2531b280543b1560dd5b9c2e9,CHAIN
1761591695,3530976,5c36b57228cd0a3e3e1ef8dc518fc1a0062c08ee5cc95ccc97e220a21ec83582,CHAIN
1761590039,3530958,4e479b9437c57a906566f0ee1bf23d979e521e120a8db4790003f9a4332cf9ca,CHAIN
1761589920,3530957,96f07a8031cefd29cef1a05c3cb4bdf953d6a4dcb06d51c349b0fcf14664a3cd,CHAIN
1761589902,3530956,1e168687ba7aeeddf3bb5d10af9dc5a95120cfedd1255dfbf2444a29ee6a9f14,CHAIN
1761589681,3530953,119d41e5b28a522b8a315c46ec171312971a992dcf4b9fbbcc0f584ceae12ecb,CHAIN
1761589334,3530949,f822b42773a54412d4eabf3dbec2752aa08328e16a620f083f128e56e8a6ca4e,CHAIN
1761588773,3530945,4af6f5b27188dfe07d1507f048d413acae6be3997d58ec632cd7bbbe72cf3bb2,CHAIN
1761588051,3530941,97d2d60a6891525c3fe868c1877bffd711314dec705fa150398626b9d847a2d5,CHAIN
1761586615,3530930,6fe00ae2ec3eb8478c332b15245d64d4abe8cd100703ebcdfbaa675681a0941c,CHAIN
1761586113,3530927,63a56dd481ab88728a7dfffd488af00d4c066200da9630c4a08e0bcea35b836a,CHAIN
1761585896,3530925,712c01f24db731cd61f7fa83b80d6766e887f25e7b2c6c706893f08247291d8b,CHAIN
1761585812,3530923,3bf0b269da34fb5928724882198d9b334f5db6a422c4c69e8f3fa63eaf5ffc80,CHAIN
1761585747,3530922,7b7635f719d70242f06a343c034028fcf5102477d61ef4c2af7b73a2b3524ab3,CHAIN
1761585507,3530918,3a97a26ff4af80bad837a331861b8ad65366b4126a474d89e5ab5517c13cbd67,CHAIN
1761585351,3530916,9e5de4d3088f7110fc5b4afef19f9af91e302091d5f348c50ecccdef47cceed5,CHAIN
1761585311,3530913,7698dc9f843db924ae86f82a649acfdeb5c6a3db19e089b4d574de8a6cd3a554,CHAIN
1761584973,3530911,0c06a35f86d4e780aa746019f05d1c526f72b06b8d07808a04b603a144935c6d,CHAIN
1761584468,3530905,4781383732e760851be1046eb1e219149f02e8494fa880456b76044ad1370a40,CHAIN
1761584019,3530902,c748c46d0146ad57a803e2d9ba3afceb01f0e05b761d715598cb57be4a762caf,CHAIN
1761583733,3530900,0d45c507b311d4e79c31e21108e5a02c5554397885e6568fc082c7c92596a227,CHAIN
1761583439,3530896,0b595a257821fb6e98f994e205a4646745255a5188e7d00e0a3b4191726942c8,CHAIN
1761583267,3530895,ace761bf36b926639091f5fcb511d21a070312bd8bbd571005c9ce8d8c0090d1,CHAIN
1761583206,3530894,edeacbfb56d2b708bc4b873cc6f8412a081492adbee0548655076942221c8909,CHAIN
1761583191,3530893,5360ce5fc9cd3f12c4bb84ea946567b10c838a0cd2ebe42e3fb52abc95c967f2,CHAIN
1761582702,3530891,32df288c16c9a33150f423a15ce832a5fcc130f4d286d25e99a2d6601ffce75c,CHAIN
1761582267,3530886,987015deb6dba6ea5c51f9f30e9bdeb82cea486999abf645a7a2973f150cf436,CHAIN
1761582187,3530884,10f3a6ce4368bb008b9724bc784c315b6247f1c0b78c83dd42d453746a3bb6b3,CHAIN
1761581308,3530880,27d475b72ff1e4ab6777ea37c7c734098a30355fd53bb7f6f3510071a2416a4a,CHAIN
1761580965,3530873,c9cd8e8d9120e84c6982b6a6150d941a00c60d5866af46e007efa7fa5a3f2d38,CHAIN
1761580468,3530867,29a0737d3283cae04dc9b0f17ea63e26757074608aa95237ea47bfb02a7c915b,CHAIN
1761580071,3530865,3d56c154592d00dedb2048e864ae67be52ce8cc9405e53d221b641db74f319a7,CHAIN
1761579798,3530857,b83433b445869a429a3252ada0b869e62383352e7fee52f51d9291031e062dde,CHAIN
1761579665,3530854,c4ae3503931127031bfdcfae6c929f54708a52c066b0ce1b32e73d6133fc68b4,CHAIN
1761579400,3530851,2c0ec052076339ff31281915536909c4447f38b5b3642e15688140a946394487,CHAIN
1761579134,3530849,a7557f5ef5f92a12993918a3ea07fa0fa9a995fd4cfa5d44115c81b453bdae82,CHAIN
1761578905,3530846,80354dbdbc7d3ed8be48f3b8103aef55ca13e672c3c02ddfd2881380494a43d5,CHAIN
1761577703,3530839,59b0ee6388c28b29dfe40300d0c0f7ce3a94eb22b735b78b843c131d9be08c75,CHAIN
1761577496,3530838,7e3746bc7580483cbf14f096a5c95f46414b5154b6ae84b070f4b1a6c89cd58a,CHAIN
1761577080,3530833,b96fafb3ecd905069342f8c0e740353d9c44e60fb3779453dd23d546ad3fb666,CHAIN
1761576643,3530828,a14526f2375065242a2963b2bad9c5e355c5e156af8bfbc99c94864bb63a2f90,CHAIN
1761576385,3530825,93b89757920fcf29b370b6b828bf7d4c7ab6cb08d583d252f4e1658b8bc5abcc,CHAIN
1761576375,3530824,cf8a1e2f4f9c77994833112ce39f374cf519fbcc2d0582beaa0ce42cc48cda87,CHAIN
1761576261,3530823,e5f1c48685ba4f3ccebf60e440677bafe995675c76a98bcc4ac2e633f769096a,CHAIN
1761575975,3530819,5cf541694b6916d2225cb59ac2febb138b0587fa3b3f7a3f0ce1f3f1704ea006,CHAIN
1761575135,3530813,370de983d3686e0edb3320a1d888cf9a2a54d0e66c01f8216017e1c806d827db,CHAIN
1761574760,3530810,3f8178cf448e6efb1aa14ebb8363756a1b0ca08335c823c6fe33f8ff928044a1,CHAIN
1761574595,3530807,e5ec441823ca59094917db672bd20a0cd3eb1eba5edff03a01256700ac21b7b2,CHAIN
1761574318,3530802,ae390989caaa8d65d2920d7ed7b2e009d4e1249e7a11efaca0d5a5b0c174923f,CHAIN
1761573796,3530796,60456789751e895922aefaf59d6d47dea9dc74d56137e4736e9b77d87474c620,CHAIN
1761573479,3530792,8d9a0b402ba3a51e5f3f6a317c605f6870d007c79aa293b271eacaed439e2e55,CHAIN
1761573470,3530791,35d085aeb76724dded1b2aef1eec8fcff7090ef575dbe5cdfb5470b71638b9d0,CHAIN
1761573217,3530787,5188785403868c01eae7a08f2b4e54c967456ce325e54a4c6b878318c49d3476,CHAIN
1761573055,3530783,c7d8dc1868c50dd93228e30f8174bb49e056116faa0f78b62e52f12e7882c1ef,CHAIN
1761572845,3530779,b6f9149a5d2bfd208a4522ecb802879c2d532dbe2a678dc1a39d2076542709b9,CHAIN
1761571444,3530765,c4138c3e6c48952396ccb9dbef541437a81098ff22fc9853edc03955bf2b83bb,CHAIN
1761570538,3530755,3052587a5db4e34088ef36d605648ab3caecc02e58e5cf5c4d7204d19d94e727,CHAIN
1761570316,3530750,19590d57eaea68aa3b126a333558bc75ce1bc500e8f2557e7b7624b355b48c97,CHAIN
1761570175,3530747,3833e1069d1c3f5b64f2c777379604a45cb5ba1ebcfe6e9b85bbcf5b75edfe38,CHAIN
1761569782,3530742,ccb9934661f67b55d4efd57ea7f91a6ac99ce67db25aa06c46b0ea8198f5967d,CHAIN
1761569237,3530731,4205b31bec1239f27f58e5c696ae87388822f7696890b704138f0e2caea45be4,CHAIN
1761569059,3530729,21990ad108a65d15f4e26ab9c9f6a61863016c585c0023abf93bc42605cb884f,CHAIN
1761568960,3530727,4aa4b054e847364b7dc8edc7e597fbd13b6eae11d943f06c3d912a2499917578,CHAIN
1761568869,3530723,f1515acd181f8916686dc38dd9b648a49bf9eb2a237bf0b290f6dc4ef35173b7,CHAIN
1761568773,3530721,9dba7c1174f2643175e3f72f84ed3d1d124255268fe9b858e42a03a39e217112,CHAIN
1761568411,3530715,0f08237342a3c9fbfb48bdfd75eb3f6388fa05e8ac830d73b13115dde0b7088d,CHAIN
1761568197,3530713,ac85990732a9e751f2ab78a687197b183fda3d07a638a152f98039ca0bc85e86,CHAIN
1761567391,3530702,482c3d0492e819a0dff3fc1627a886b25db6b479b5f86a6065aff8dea86bbd00,CHAIN
1761566991,3530695,86a1ab23b0a8fd2110d8de91964a00c0df0b7355d493bdaa6f979b35cd576b6a,CHAIN
1761566947,3530694,d18f84dc3060dfb444af46340631644e029b8cd49e21273fdbd0033864b60830,CHAIN
1761566921,3530692,b328bce24d7a5c4a401e4f1d25f1d6cd95a5cafd1b4751a486eb0fcba9c44549,CHAIN
1761566863,3530690,bb85dc71a944ac6e97202ecb01b8b10d4811156011be2706be9203fa2292c1b7,CHAIN
1761565564,3530680,6a2543a27817d7d5b9787fd659100e3a50e26bbc7859fc2df7736ea96166b6df,CHAIN
1761565303,3530678,432e308d70ed268be23ac953ce22fd3098a0f51add8e201e881e53c297b352f2,CHAIN
1761562330,3530645,1493021b8c5b8325a637c06041de50c8135ec6abacc13c3319e1ca882c51faf8,CHAIN
1761562233,3530643,b6cc43bd3ce5016429f063ecca569523bb177d139c5262417a8a23978d41b5e6,CHAIN
1761561037,3530632,5288b2cbe730afa40c381f356f979be125a48a314a5bc6776aad55dac34eb2d0,CHAIN
1761559648,3530622,1cf9b968d87e033d91aef863a473bce3130343bd8447203ec093acc822ef7218,CHAIN
1761559521,3530620,bccad08f878ee2909d70696dd8f40ad019a093a337a074a9429113d74dcd1dd7,CHAIN
1761556743,3530601,ede7d8da69dd03c771d85426ccde988cd43666e7430ddc4960d261394fe82eeb,CHAIN
1761556422,3530597,38e16f8ef4ac7132997af2f3e20a720d6668fc8e8363a023fa77c63f50baa28b,CHAIN
1761556345,3530595,d498c259f77f5baae21847983b0df552f7e143658b18ac50e8746e1730a6e401,CHAIN
1761556191,3530594,e6b1fd992e74a7fde0bf7a977aac5aa4d7e8a05106d31cb1669e6b8c3579f27b,CHAIN
1761553092,3530567,00f918a674751a890efef5302f2488fe7e4b8780d20f304c64210ac2f97fa7f3,CHAIN
1761551247,3530553,bc7f64e9a97f50c57a1f522dc930395ab6ed7a38cbda7e1d5236a5521e77b24a,CHAIN
1761549472,3530541,9fb3056a9fd984547aa2fd8a5bfc3f9057cc3508a0d851d7a09284a5da906599,CHAIN
1761548480,3530532,39f92d36814de754e404190730f49e0c7b90ae445c234477cc7ebf38410cd721,CHAIN
1761546999,3530521,49d0ca0f7a46221492dd4d3da6e3e585de65a77adb4e83be9069bf145357b783,CHAIN
1761543363,3530502,a1ad4dadeb707fe72a2e4df22775583c3169f4eff2a1c2e968395aa3472fbe23,CHAIN
1761543358,3530501,7264908127956379cdf3645c3a2175cd7063c4402db2493516750dbaf8a87cf3,CHAIN
1761542558,3530495,90a73d606d94b55fd3e9f119706f4a66f6924d02798a5f7260ea53ee39b901fa,CHAIN
1761542236,3530494,0d18610ae8e8f926638dbec48f1ad0dbe2d703fc6d2afbad7c59c8e5cf44a877,CHAIN
1761541992,3530490,4891b774c9af672d1e06e93e9e25911e1f69e809c5a0be12fabbbdf5353cfa91,CHAIN
1761540683,3530483,454c412d8f32efeaaddd96d4289e3a8e5c4689afbe9595c4db0ee02dc70819c3,CHAIN
1761539597,3530476,932d351c82cc3e7af9f26763948e0060cc18caf9443463a87fde330a4b19dc01,CHAIN
1761539477,3530474,0fef6b06aa0eb663e92c7d2dff921a787e33f1c9321f4a70dff1b3a6fc8bde2d,CHAIN
1761536491,3530451,37ad1669c54717eaccc7b6a626422a2f0f89660667ca0feaabfe65c5965d04d4,CHAIN
1761536441,3530450,a54a8a917cf4bdafa5d3b031b75accf586a0132f8bf4776ef89c77f0a44fc3d1,CHAIN
1761533534,3530437,a9836030fa3eded3a0cd8f4731c4d1fc871080da07d412d7104a2c61ff60b24e,CHAIN
1761533429,3530434,483e9850ac82845b1729f46f27c6ad8ce94e014f1fe2b1088479af9a483be7c0,CHAIN
1761533154,3530429,da9ba4b19fb78f53fc02ee7bf07fdaa73556495873bd774613d922c6d47a29d9,CHAIN
1761533055,3530427,dc79e34614f31b314f95bbc0876b3c7a2d06e2a19b1448bd18cdaef3d9fe87a8,CHAIN
1761532105,3530415,218eebabb69b0dc9a26fa5a8f18a85deb779437aab9ac0d097276d9aec985c81,CHAIN
1761529141,3530391,3e424be612b660d91343e4936c3bc64372adef2030d4f198e2be0e9629db6c59,CHAIN
1761527628,3530373,812ef066f6e7137f77cfd6a63cf06306b52516435036c658ca409478683424dc,CHAIN
1761527161,3530372,87c58d2989e3f55181c65a825e7378f8c7e029b0babdf86756a86552195991b7,CHAIN
1761526271,3530365,a1d7b9a4c4ca6709a88f2630e96becaae6f3bd2bb66ae29f1ee8722a6e3a0aff,CHAIN
1761525576,3530360,580c627c51280a4d08aa5e1a3f70a2b0eb96c4e852b0ef8e4f2624f8c295126a,CHAIN
1761524501,3530354,ce7fd9d19701e2a6ed89bfc9ca0a5e50df994f0129b99d3067210ca7ac4baf67,CHAIN
1761522996,3530343,39085d770366dee5b542166fd8845c19ac5c72ccfd88ac091083c0e4db6786b2,CHAIN
1761522975,3530342,f74924e64bfa37cf044160b8e61be0ee5458ec5f50e3b5c7fad25e9c17a8bcdc,CHAIN
1761522668,3530340,01ba26cdff679fada20fb261c09f6ff8078e953bd004ba83c88afa48641fc4b9,CHAIN
1761522614,3530339,f13206bdc9d814cfa7c992a238449ff515da80fa8fb91fcfe291110c1eddf37a,CHAIN
1761521430,3530331,e57b461b1d8ec07f2468d887fa872cda2b5ef96ea0c853a26f98e73067d0fea9,CHAIN
1761521113,3530329,d85e46036bc6ecd1de2e5d42b24ee18e7d3aa591bf3703669ad04686dbc3df10,CHAIN
1761520013,3530319,cfc63bf420dd345410f63a98c6974615c36c59759127382f77d47a8cdeb45e3b,CHAIN
1761516928,3530300,801310ca17867f530633b1ea6bb405f76a110a39e61175b281232fd42cfbe41a,CHAIN
1761516672,3530297,e7fbdc778566e9116b5f7d300a369142a0724caf9eb8bc2453e549ebaa5a3f01,CHAIN
1761515609,3530286,2d53296bb52b67a74b760c1691d40452ec77521e47948540bfca30b270c264c1,CHAIN
1761512168,3530249,52bf9b124be45ca430a388e79d1fa9762c8bfe5bce7f56f127a279ed5d1258b1,CHAIN
1761510298,3530238,dd542fca13a641c5be1e91c13bcf4338d18d62394e6f674e770477b7e5e2d9b3,CHAIN
1761509165,3530232,40934e6c8e127080b0189dbe88521deee4099dc06e8ef16954d8cd3920f8b3be,CHAIN
1761506352,3530219,8d2ef19a97cb587cba574c05e11452b934209056f77ead44bf72e83cb2eeaa61,CHAIN
1761504508,3530203,89314406a92ebf53d20746e1f61d50e9dd0c14e35ea1a65fb1f2f0c0bef928b2,CHAIN
1761504383,3530202,c0f9f22f2f64021102fd5d6ca8e26785a1871793342db7e5481ad55140687a8d,CHAIN
1761501764,3530183,2d8cdab6427108b5c9b35c746c16229c317e9f9fc220b9ef68e49e675b0b7c9a,CHAIN
1761499817,3530173,1be566a134746892ba231c4b778c6c1da8ef63ab89e3504d89deb476d796124e,CHAIN
1761498945,3530170,5899def02a5354f00db7988050ad3ea406233f288243ac7bac7f22124a40fb26,CHAIN
1761495764,3530150,45a62911bc4652fcde9b71cee64558c12aa839178746cb3fad2bb995292f633d,CHAIN
1761494073,3530138,30bbcc4f06418b93301fcda9aca3db4ddbec9f03a2c03a21a347e95d567e7d80,CHAIN
1761493078,3530128,2d16365959bab1cf0270983bc9e4cb1983c75c2263da790803ce9e1021e56531,CHAIN
1761492627,3530123,8a7fcccb78426c31681025fd5983b33f2ef0c8e440faa5b0c85057465f9c9fe5,CHAIN
1761492500,3530122,44977aade271835e126520b76e1156f383c5b8b3ddbcf4a1aabcbbb86d6e60ab,CHAIN
1761492480,3530121,e885fa8eee4dbe1a017eb1dfc12a74a8ac98b4bc92e2a2d4be9238f2fbef8b83,CHAIN
1761489985,3530101,a84a8d778ebf645dda6ecccf91107495b8f4a6b573d41c35bb73ba8a8ccf2ecd,CHAIN
1761489446,3530095,2d339cdfd0ba2d1ef94b9c2d9023116f9023c93831ebed4e7cf410f8350dfef5,CHAIN
1761488374,3530085,8ba839dac3bd05aa06575e62e5fa1e0f59d9b60fca7195328030c10d08a9eec7,CHAIN
1761488328,3530083,ba5ba95f56b5b0db17837eaebabb2429d4479382086cd21958b70b89e0cc37f9,CHAIN
1761486635,3530071,9c274fa0741a077b3e33f3427c57cc8661fddb847cf4e0d1ceebcd924c98f5c8,CHAIN
1761486412,3530069,8ea7ae15645da622f06b88d939c1bbb15d2269889defe5e99063c5d90e55999d,CHAIN
1761486171,3530067,1a866150a4a85276aa9b1fd4d8e6adc629176b0ed932223dac94afe03950e001,CHAIN
1761484969,3530055,c4b7dcc41a3b960859252059313c13ad828a15af044af5dbe9dbd83aaa206369,CHAIN
1761484759,3530050,fd37417536eba010d95bc84cbc4e76bd55f69181b9e23d4a4315ec601309ad6d,CHAIN
1761483202,3530045,11bd7156fef0ab5129c492777a5eb1024a707794414f970d6b1d7d3edbbc0b5e,CHAIN
1761481767,3530036,45a6d9c9003774a09345b164c3840d50525d61979e27d813736726c983978b3f,CHAIN
1761481600,3530034,4d2afd763a85e3bd10c9a300b2f6df1f6a437805519ae7bddc23269deb635783,CHAIN
1761480246,3530027,b1888870726d4b135465eea629820271c6829db8a8e07f534b266cde36db0dc3,ORPHAN
1761480213,3530026,dcf538117cedbf7d738cec72f66eecc79f148595a478448eddc209feb8111651,CHAIN
1761480112,3530024,b06420ef072cb37e063e140e2a0862003dc84892ba691af207bdf6bcb5f57058,CHAIN
1761479446,3530017,c2cc6785e59444f9b1cca1d33421a70caa43c1b16cee8a1bfd6dce448a4955c3,CHAIN
1761479311,3530016,a2f01fdb4c54dd846eb5ccfdd5d7cc70674b852189d5f64cb7ab0066cfefc20e,CHAIN
1761476806,3530000,3fc7e6ea1f51c3dd20a6421a3f6f0979cea755e09c52fff223040b74b0d288b3,CHAIN
1761475811,3529992,16ef24f2af3f4d5aa245e87bde52ca305f4f81bea831596fd13d2ff743a389da,CHAIN
1761475768,3529990,5d6370508c08251882a4984f45f352af090241d432fa510249b43559f8d0711b,CHAIN
1761475273,3529987,a7dd03643cad0975b921d08a6a38ce5bb94d6b18d99ca961d7531a8aea6af30c,CHAIN
1761473569,3529968,b9624fc57892d49a2e1c5d4e17ff77732069ca0ce3544ac1f6102fe6168836e2,CHAIN
1761473315,3529966,40fc41d40da29abb9a8283d61fe80d2b13c08c16ed9dbe1785212d6a1afd3240,CHAIN
1761472660,3529963,93c0992c494e06759c5361dc481dfb53fa5f081a50a21c0987a34f3106e48a55,CHAIN
1761471764,3529959,65e9d1b5ade2a5b77195f7510334abdf9b1e888f13b255437d47beaa25d4167f,CHAIN
1761471744,3529958,7cee051b89218feb46661c85345fb865218ef8ac9fc5944e7af20bd3bae2e174,CHAIN
1761471314,3529955,7e7f08abe7eefcf3059d0a830e8bbd9d3bf0b706d0432fc19cc4284d330ec903,CHAIN
1761470437,3529948,dba70c413d7e78fd7707cd001584a0d5348d34771f87bdf9dcde0fe32b174ad8,CHAIN
1761470106,3529941,3886d85acdbbf991a5ea2f8ec1a6b412eb3a71e1d2e380247bb17e67a5de2846,CHAIN
1761469796,3529940,3d6759ec37d12934463c54194e1293a7de8571844674dd58569f16912658a864,CHAIN
1761469716,3529939,ffd1dabf21f7d30c21e2feca761ebffdac86a3bb81bb31e2bb95518ec83142ed,CHAIN
1761469207,3529934,07901f945bd688c53f01ca91e330725794581a82d4104acfa0570b4cf4b3e437,CHAIN
1761469083,3529933,5b3de798ec2476449bba851fa52281936bf39ddd6f30a80bf892144c37373de3,CHAIN
1761469022,3529931,023370ad79876398c99d115cdfc5dd61e40bfc6039b2aef40de0aec1a6698901,CHAIN
1761467941,3529917,d92079157d3b960d2306c7e0f597b255d3367fcb192ca662d6a5c43392d904d8,CHAIN
1761467647,3529915,1c1188ca1feb637010196e9542f735167f98b7bc359094267dc415921ff84290,CHAIN
1761467495,3529914,1069a9c5d0a5fc349daee3023dae05fda69055bae1ff1ea7d6cb3e133380b55a,CHAIN
1761467430,3529913,1e44a6f65f6a79fae662395aa8d16fb637431db69b54590ef20651001e3639f3,CHAIN
1761465895,3529907,ff05c63e8cba85da7e06250f3f98a1bf7fc20045ed06fdce6fcf1907df0d79ab,CHAIN
1761465301,3529903,beb6f256b074644c5b96fce78febfd8cecb4474055fb1c2c23a77bbcdc0baf83,CHAIN
1761464904,3529899,ba82974e4ec69a63077f00d32f329b396ad0c0838b3846b9c53175470adbd17e,CHAIN
1761464902,3529898,7822b0675f3a73a0c0b3ac82dfabe67926cc1b053a7775dc9c82426ab6f89499,CHAIN
1761464856,3529897,d9a53844fd5076a548f802196b12601791ba0e954a9465b21af5eb1629efe2e1,CHAIN
1761464613,3529893,17eb2207bd60c33e02f6d51bce409793c2b3ff7c580d667de026465391d0eecd,CHAIN
1761464123,3529886,6dd7fabf533d01fd6f585487809f23aa0d53ee536ef53229461c3682fcdc6de3,CHAIN
1761463583,3529883,f702b5a6b7fb5627ef27f3d88f2b11b78b335e2ec31e2c78bca6aaac410a1e30,CHAIN
1761463170,3529881,2eb38af93a8dd584ffaa227f07270bdbc237b122ca8df307eba6d1eb600d61a7,CHAIN
1761462859,3529878,bb3407d7308f52954e667a3f58e4f957ee7ed749ccfc839373df934159a0393d,CHAIN
1761462667,3529874,ef1b2a5adb1a670d072e6d49ed3279149034140a2e0495296983f2c389272024,CHAIN
1761462015,3529868,0e4a88e6af1e3c00afb39c63fcd6e0c1f12fb0666b582f712e66e0a6072c63cc,CHAIN
1761461871,3529866,7f9386d16c6e8e884c948ce19120eb697f7d6a12798bdaad2a2ae65b5c63b8f5,CHAIN
1761461775,3529865,20b0b21f49987c752d35e190d7485929cf290cbfc1e39b098fef691e1e28607c,CHAIN
1761461503,3529862,b73090500a1002d66ef422cb146a6fbd5e07a31e0728269c1d5162b28dcc5875,CHAIN
1761461080,3529858,922a7e81670f593729007249b041492847b776e5df53a11172c7c15542f26eba,CHAIN
1761459748,3529847,afd38ea7148584a7877f2b203bde0f7ed1b519eb19f94416b202fb26abf4a0f0,CHAIN
1761459735,3529846,c3e7c9ec8b29c1d2057555632fa8f616d5c1062e9ab7086614109aae319a944a,CHAIN
1761459125,3529839,43f382fef13f68f471507db3123c9593d2d34332c5b0faeb5c386f4383ec50a9,CHAIN
1761458358,3529828,17e7bd29dbc401187f7f83f16041568bf6639e464c56621d52024f041c1a4c45,CHAIN
1761457641,3529823,43d335d7d3029c186f9c84e95c5bbed3c3e76f7f1b92295a55177540bc67fb19,CHAIN
1761457157,3529820,0b5d4bf3c0c663003edf1ea98c223493ae6be0b010b512a49595ba93f7a8e748,CHAIN
1761457012,3529818,ed312130252a554e42c90ec5f1b616e2be9099b8199c5a25b59c0518854a8b9e,CHAIN
1761456931,3529817,92a8b9181cc706fd155d9aeaf6aa42af83ccd266c4e99d7e7d8619b9868ed432,CHAIN
1761456892,3529816,d3e31b8572cb1669c12ca1363669d8c9d9f95282e32958a1e5023298a48c6fb1,CHAIN
1761455996,3529812,7b82fc5070c2d407af402ae48880330f577606ad42f2d9f62ed14cf979c6c029,CHAIN
1761455951,3529811,9c107e4f77d210dccdbebdf7e95b2a66e5d61a5d854ed601712984d30942456e,CHAIN
1761455062,3529804,e4a0600df927709ac781519c16247df57fee08d4c491c343cc2202d794e0e501,CHAIN
1761454256,3529802,b7549ec124fec5b7ece3deec7fdd22854523780a9b293508b066d910be1d5ad0,CHAIN
1761454155,3529801,cd5676fb042e5264a2b5cf23a6d98313b2062d8f1308a0aec5f9becab7cbdb98,CHAIN
1761453662,3529798,4e86008bdb149696e8936cd6c6f2286b9b3fa9899c88f34ac8c9c53d51562e3a,CHAIN
1761453530,3529797,d5075b26ad6d45a68522e24ee344c309a61e98895722f82475e08fbf57ec4416,CHAIN
1761453481,3529796,76ece5673c5cf7da8b416427d7949d7962dfdb83a79f7b54f34142d55043212b,CHAIN
1761453413,3529795,fd87d9f2088269c52f24f0c6fc5bd7867746dc47eb8dc10f119f23396060e3db,CHAIN
1761453279,3529794,10ce946fa6522a43c0573e1c14b74947be04f3662bd8a76f5fbd3e8fe4fdcb67,CHAIN
1761452310,3529788,9bc90fdb8210b968ba8ee940449be8e622a910860d1af753d7fc576817da4a5d,CHAIN
1761451741,3529783,2ee9e30353511e36e0dd15d760a0c0c632066618198649afb2a883b5d6d4a0c3,CHAIN
1761451693,3529782,1c1393761c102851b76a1f631fbecd46a4d623c3fc9be75b905ecd79d6072d5c,CHAIN
1761451082,3529781,8ecb42212b1455f3d09636adb752448dd962dd8f12f55d9bdcee2fbcfd2b91f2,CHAIN
1761451016,3529779,8fa2e52a6b2f558b0d61100ab643b7bcc51fb551f046f8c9b7424e55e781643a,CHAIN
1761450640,3529775,8e2202d9469c233c402eab315710900ae399a6722c912a62d46bc6d6fdd8d508,CHAIN
1761450312,3529772,176f5ff560b87a074ebd0f1362cb009602de9b2a0573459302af5a5da41ecfc1,CHAIN
1761450063,3529769,e12e779b05be03b5b927364479be435b42b567f82456dda2acb1857326f888fa,CHAIN
1761449428,3529766,2b3ddaca9664fcdc6f0575d1fbc104b61f4af32d7107f192f353d0aa5a8c630f,CHAIN
1761448965,3529760,9c5d1275bb426a504a3f9f4c85fdbe39f058729459e83f7bbfa87745cb2b7772,CHAIN
1761448057,3529752,ade90f9136d7e8447e873dde0b651ef1004f92b3a306de441c21a7853ac7974f,CHAIN
1761446311,3529737,e84e5ab77a83ff519ffe97d3b5afceed18205dfeb1f19e2dc78abd57437ec10a,CHAIN
1761445661,3529733,78ba097db0254b0659181f0d74f80a6d1b25f16e94e07975ae2979f83574b066,CHAIN
1761445577,3529732,ed90102517b074966b220dff68d00ef64a0dfc62f3cdf00f07d63153c76c04d1,CHAIN
1761445015,3529728,d1167d129bf313e15c1a9e0adc77b9e7306110381495bc9e24e62f583b396a6f,CHAIN
1761444951,3529727,c1b7adf419d0ebf247043aedd86ddeaffbb72fe90b190b42c42c3a774e3cb1b8,CHAIN
1761444533,3529725,39cedaae2a7c1d119714cbeeb78c66ac4b7e6787bc053dc31ef5e112fe15ce78,CHAIN
1761444058,3529723,2dcb6b666dcadea31046d8b18d36b5a325d9c4bc4e53351a8685c00c8af01ee7,CHAIN
1761443524,3529719,bab194723c95ca3cb677ce1194d6d6bbd5139207b532d745acf775b657c07e00,CHAIN
1761443066,3529714,cda0ad802d4e1c60953e93614c81b3f0a6dafcbcd6e6834d3f3dda6951cdcd11,CHAIN
1761442805,3529712,31e7e07a76fcfffbda42fa7d1fcb1d0fc51291ec4989806f6c21b3716067a908,CHAIN
1761442003,3529709,b745bdebc1d71bd344c5a82bb82f096c98a346186af92a1a2f433737c587bc8b,CHAIN
1761441795,3529706,bf52d75123c7af0be1bb689cc7742e3d0c4dc13c50a2f7c49544ff0483845389,CHAIN
1761441637,3529705,6ab1575d3df3f2134a6cc9863c66b413d080b5b80ad97b10f3ece9c30455c1d3,CHAIN
1761441284,3529702,4f32d737d49c25556dd86496b346cb332a4753eaed88a655fe962b1a33de1498,CHAIN
1761440484,3529698,2ecf002eaacf445b5a9e1bfb3a123a665b86649567abf84ce1538ad8bf7e4eff,CHAIN
1761439995,3529693,d6f64659949c6442c13e2570dc7bfa865faf86824157012ab6a43434109d821b,CHAIN
1761439654,3529692,c0263fd6aea277048d7d54f36b1abd459611ffb4febb0ad1462d03d98ed2412d,CHAIN
1761439250,3529687,cf42f66382ac1cb2848efb21fd47c2b6543573b71a0e0fc06eea843c7b4286b3,CHAIN
1761438041,3529681,6834fc14525ac3e02674c5515c9e3e5ca8906ce101230ef6e49b0ef4e0548393,CHAIN
1761437558,3529677,711767cd950ab54c1bf168f8d1abc4ed6e0a2578ee977b026b26f835c2bde435,CHAIN
1761437496,3529676,f5b27a567718e4f8a55a77a4ead7c4104b988d133c788f348db8dd9ee1880830,CHAIN
1761437316,3529674,dffbce2f87c936a084ab5ca432da8559f4ae636b9936c24e174aa660ed1e7bcb,CHAIN
1761437034,3529672,08ead9d2d4ba9ad17d06458cb4140fc81c353ed6bb277f8ee233be7aab9786b5,CHAIN
1761436460,3529667,87c4f7586883b54ee27a71266bd9f23b2fc5103f379e96dfca36329b2dea7102,CHAIN
1761436210,3529664,2b7680d834c1a55027782816c3e5cf7a5f2daa8d44297e38270f7876c548f394,CHAIN
1761435926,3529662,99985f5facabac6ef9a59e00ccde89682c85056530eba9c812cee1c0569346dd,CHAIN
1761435439,3529655,aa4c77ee9e7fbc2db260ae9323cc20c17f247e4f207d37cdb6e5f68ae93e5f4a,CHAIN
1761434781,3529650,b4c43f42c899d72f81345d9e1cb9d9eb255562a2ea2b6c1ccb148885e3e34155,CHAIN
1761434621,3529648,0e21ac0eb89d3cb1d0b6c910ce5eafee3faa9861a3202594687b3f7116cdcefd,CHAIN
1761434319,3529646,23d52fa2769ed0766d42a3ca7c57b37eb84a5b549b690568f11a517bdb3fff7d,CHAIN
1761434063,3529645,4216420a5b15c19693c3ff2ba27a890171140d701895798a519dbb0b9bd275d2,CHAIN
1761433616,3529642,3e7b21999f035b40ee6b20245d89d71701e7ce2992d6e3fa7c1fc6de45d376ff,CHAIN
1761433394,3529638,efb39b1e589153117c5a72a784d3f16dd5efd0810346732b88eca466395e9aed,CHAIN
1761430030,3529606,78a72f8b8a8109c7b4586568216e20858cef34366c447fae2373393dcfcb1a43,CHAIN
1761429231,3529601,fe68e53349f0280a352958ab5b5a88aa61ec97ac51e10b2314e2df954b9d8d63,CHAIN
1761428013,3529595,360aabd06835d741afee0129fc52493d7c142cdcbf4f6e2a767a36ce388229c9,CHAIN
1761426728,3529585,4d85cd21b0442a7959fa5e95eb22e0a61861ca97a45bdd8ea4855b9e3fd99f0d,CHAIN
1761426435,3529584,487e84576fb93c16144b765475b2c70cc3a3b08423c6ff63a1403922eb5bee8b,CHAIN
1761426079,3529580,f7ba24913c978cdbd18413ddc1d83b130c578e26e7018daa767f9358eac6dfe3,CHAIN
1761425803,3529574,b02ae0dfe8a7369fd25e7f3be03b6471d7443c55721cc702f1988e897dcc249a,CHAIN
1761425627,3529573,a0bcfaea936c4c9c057cf85ae6a68253f17174689e6bb228079b6f971e648972,CHAIN
1761425117,3529570,a35d347447c51ca7be80e00fde8ffb7e3e4693cc35956707f8ff11c90b798bfa,CHAIN
1761424759,3529567,4ea2a5db355eb453f32f3f85c338568dad271d85389e8c768409fe42be00514c,CHAIN
1761424699,3529566,f95a3875588a91abe4ed2c5081362720011f6b0b4c20c6f75daae91eea6d3593,CHAIN
1761423964,3529560,d01c27395ab02f8916c37d42f7426d8b9cb1f6f37d629f36c55a35c8a125588a,CHAIN
1761423603,3529556,fc2d7602d281af01a03ab4cffa98e275f8437f33115c5835aa82c290bfba3a26,CHAIN
1761422953,3529550,6efcd6fd43faed5f1aefd85c0bb6ed85c75b874711da62f306e177b4f9fc7ed1,CHAIN
1761422829,3529549,74b66af60d62af6e4e8c41b4718dcb7870571b5846b8d064221e7c9e88f80697,CHAIN
1761422754,3529548,a0d912df8a4d05af0a1bc889824f384b4be7bdc45bfadc3c0194361eec4fef44,CHAIN
1761422539,3529544,bfa584a8f486f4136efe565528cbb67beb8907832fbd4ab8d9bff2dffebed8bf,CHAIN
1761422493,3529543,6fc680c1560c33fc91401982e6002d908b4c694b4d55fb3aebc51dcc36e6d543,CHAIN
1761421985,3529538,ba6639abfe6baf7105ad33cafd419b37ea04c77b2099b741bb89b58e3764c683,CHAIN
1761421684,3529534,8082b951a772fd12699c583e109bbc4aa7a45b5dd50db9a7892d38c465508eca,CHAIN
1761420262,3529526,8247aadaf4654be26c345edfd524eef9e30d8517b1f1c9564a5e43153005e775,CHAIN
1761420200,3529525,6ad2090440c3b3b001c3db007a93100dc2c6c5a9dfd87bcef731c295b5ab2996,CHAIN
1761419866,3529521,cb6af416ef333498a95ad225fa4ab8ac01d6bd791d5a67c26a3354e8e1594c26,CHAIN
1761418962,3529511,b61733094bbca86270d004d27736a034a68904b8dfdf28ad99c8efba2ed337ca,CHAIN
1761418893,3529510,f4a38f9263bb25c9bac741967d606e8bad84b9b373d2a4a88c857f7bab8c99da,CHAIN
1761418800,3529508,716d23b1f7a64093d6b8262fe5a76ae47486a98458617e52c37d169ce63a38f0,CHAIN
1761418307,3529504,cb71741c2a9e4a136542101a221b4da0bae7432ddae2fe72a6c4aee105f5ab9d,CHAIN
1761417553,3529490,144a5b9618b863480d54084f7f22bc49f7486ae891cf3e4b7c6638534bff2673,CHAIN
1761417529,3529489,9342810bbe83374fa881a68452a7cae3d3bfd7c9946e3552931e8d04fe7d64d8,CHAIN
1761417500,3529487,21bd2258feaec14fb7d7206b5b2cbd168590aa1f4430f084190d79d71b17ce96,CHAIN
1761417497,3529486,535c317054ecf7e5ec0cf32c7573669241ccd73d8b5a76e5e47c0aeaf52d791e,CHAIN
1761416757,3529479,d1bcd5520e1732a9d39d948289f06a4254bf1f7b39d8f2a48d8a4b8b6715062c,CHAIN
1761415515,3529472,2f7474e4caa3f671dba97d6d58932f32f3829c2d0730378463d83e633eefc854,CHAIN
1761415364,3529471,946387e04eca4f7004ab8c082744b235de9771c641d493fd5f448ca28f12f5a7,CHAIN
1761414677,3529466,79919878ec916c3f8c28f41423a0134fa8b301905d3ec345d2e8108a77b35f1d,CHAIN
1761414557,3529463,f3ff0267cf1d52e7b8f4fa8530f38b78937fba81720e96eb925934a7a4136132,CHAIN
1761414043,3529459,4ce2e8b1fa9a67e5a84910de94e2588f721af468e366d28cce8f7a4e8bca2398,CHAIN
1761413895,3529456,39459ecafcdcc834981bb014f78b5ae4f652e4b4b56307506e12ad56075f4627,CHAIN
1761413571,3529453,ee023659d5451cf1eaf40460f9fc9f83f2d9e222d00bf86c3c044d931a97103a,CHAIN
1761413368,3529448,0089a4e62e5b34a61740cba7b864421cb3f1aba315e47ee518ae2cb379b0b06d,CHAIN
1761412655,3529443,ccf07633e15d8fff8dd290a9b22149e5d6c70e1084020e6377b24216aefe463d,CHAIN
1761411665,3529434,119b9b337ea59c5c0fbc190e2ac8d26e38dee2e2b3ee017a96bbdb6b52d07d40,CHAIN
1761411158,3529430,3b85941b49e3a97af3394fa95c29af92e7afb622cec86a4d6ff7c2f9b5077812,CHAIN
1761410811,3529426,16e84486f16a1f53088e68ef185484e126fa4e29a3956727487e9a9b966e8b94,CHAIN
1761410586,3529423,7dc363703870d9028d1826e2d3595faae0cebf6266f97a3c7c87bcd2c04ad8dd,CHAIN
1761410556,3529422,9ab06a5a01078e12afc077f22446dc4b88fa67e401e2da369305f16b9a2c10c5,CHAIN
1761410491,3529421,0a560ea9f5b89e3d17b9a20d921ceba51f9c52b0f810ff7b7f9793ddac2e9b70,CHAIN
1761410028,3529418,a0e1dccf556e064dd67859706cbcf089643d3c2acdc8fac4ef6141a2976d2408,CHAIN
1761409965,3529417,6ccc16d270c8b1f83b885b8241ebc420c17b16b99726b24c3aedf3eb4a8751f2,CHAIN
1761409524,3529413,dd53decb978005ebcfcb27c07452ae6b05e5728def4eb8660b6a3486edee5b7b,CHAIN
1761409300,3529411,d064a6e32d19081e26aed2035c4522acb1539ebc1b1dd30728fab3e5a22a9751,CHAIN
1761409084,3529409,bbea4c7b96a0205b562b656d9418f85cdca0f14d8d8f3a3168f8bcaff98c2fd2,CHAIN
1761408879,3529408,e7f4dad289b5cd3b663e7c65fa0867d468dfa462395bf4eefbb4536750870897,CHAIN
1761408523,3529405,106597cac728fa81013f0fd482421ebcd0c98cea684fad44e7b6b3b8a900aa6d,CHAIN
1761406870,3529395,84c85fc4f7cf88749a7db5ed4d72f48db6df609b7a39a9918a1d0f4c129cd63a,CHAIN
1761406308,3529388,1f4a4f5b931738bf966d5ca814256564f33bebec1f58aa85ffe138ae0d072c93,CHAIN
1761405730,3529381,12b64a460b9130ebb021c18f3a82069146a294cfdd40f1af5ba6c751acc2e822,CHAIN
1761405312,3529378,711f97840cfdc303ef00e6486b80711abc57dedd163c2c29a69da8ba082b1c47,CHAIN
1761404072,3529362,b6f13dfd45a9fad22c1a3367f9226915f336bd0733835a43424870d8d9a77fc3,CHAIN
1761403520,3529354,46582571dbcde5e405851cdd6faa93176d59eae0ee5ff2fccc6e55a70a2c74d1,CHAIN
1761402819,3529350,ee540513d90b02b79d639c79bf52a3a08a09b125626c9a4e27eee93ba8be9aa8,CHAIN
1761402173,3529345,3b04591ce0cecd58d2b740e87bac54a20f7ea56203bc91a3e55f389fea15b9ec,CHAIN
1761401198,3529339,564ab986656ad83a53edd459eea072dfad1a71615e755323a450badfcde1bef2,CHAIN
1761401193,3529338,d9458e2768a04db4defeeaf36057ce5b1a06d9c9655392389d553ea582f63a95,CHAIN
1761400851,3529335,0ae18944c05a1fa23a02ca267b95269309cdd7be32813124b871afb4edce43ce,CHAIN
1761400702,3529334,e1baa41bec92e4037e24c75c39fbb7730eac62576b227ca76574c21c3ba3a0f1,CHAIN
1761400339,3529329,ec7ad5fc1dbf37a7dde1e591cc1a9b31e6b881a291c63390c241007b5e091c78,CHAIN
1761399935,3529324,a1abfcceac9a64419ccf1c6368d1714f4a20439a4ae65d2d769860dc36940ca8,CHAIN
1761399597,3529320,26d7c9a71d374c93837a09654e7b7c215a3b1156716b24cbdee74f725fccae1a,CHAIN
1761399504,3529318,eb62fd701bf5f0d6fde6fe026c39179759a6048becf49db9b45a3f943f5e9031,CHAIN
1761399070,3529315,5017f75b05c37a7e0bccc7f097e918c2036c7a933c6fe4b53933acdbd23a2da1,CHAIN
1761398943,3529314,fc000fe750fc95f0a69521dfe697cf59bce4f9bfe5cfd4da410a7aee16706f2f,CHAIN
1761398837,3529312,1f936b1a67d378e72619cbfc40aaf1b761cfa23682565d2a08ea935eb8e0a3f4,CHAIN
1761398263,3529306,96b0989dcaca5dc1aaa1e8e4fff291cbf60d5836870258a3100199683432a53f,CHAIN
1761396786,3529296,561b0587a0ebce4d5eff70dcbfc0ba91879ebb0d34d658b20a3fc80eacbd555e,CHAIN
1761396591,3529295,120ad5a8ebfb1c07856d23c4de76d287feb9a276f0481272a3dffde7d9609792,CHAIN
1761396309,3529292,88abad70c27d6f23c6d8b0b42b53ead241824e8e1f5e889dc518d426bc36ef05,CHAIN
1761395744,3529288,cb51cfd140ccb91b16680dbbbec6dfdb01d092e619ca0abf895df66472fd4104,CHAIN
1761395540,3529287,d1ef047a5db92b447b17a975ab03f74ea8895b9e8302ad6e9553a5fb278fe814,CHAIN
1761395410,3529284,89f684c0fea42a816b3af36ad385263d902c81a4f59bf69a8427412de1e93ffc,CHAIN
1761395011,3529277,afa81149a549b9aa407f4ab6233342de9c51698e0c2b20e3c30007ae4739f8d0,CHAIN
1761394354,3529270,83da50bcddf2814e4565151bc9d07565bc58a76dd9238de3ee0f1d39ff72942c,CHAIN
1761394056,3529266,f0bec5b134a89d3d7632e7a444138404887fa4ae84f01e48d0a9cd7e948764bb,CHAIN
1761393065,3529258,f3b24dc4af1c01187d50226fb33a2d9deda3db2fba953ec32b1977f8230cabef,CHAIN
1761388785,3529228,ba4d0df7691e87511fcd02d986a62388528e7e71b3a87ad389839b03db5ad7ec,CHAIN
1761387854,3529218,77282267a4625071def001321cb0785c12636be655fed9c0aef497dacfc46a07,CHAIN
1761386318,3529206,542b1e4850847fff397947d27342c51f1404289525a6b2c3e2ad994a6ca4fe4a,CHAIN
1761385770,3529198,60a416d2fe3dbec70c25605f5d3838da3a109cd309b54c9b1537584dbf67f6b4,CHAIN
1761384389,3529190,20d8243cb0a61585e6154a69f3be70acd13dddf60483da065be0a09cfe77a260,CHAIN
1761384089,3529189,1549a4ce12ef6bbcc00a5e05a2ea842f821af82396bb85b41f3de0ae23cecc2c,CHAIN
1761379732,3529149,cb8da52cba638b304997ad171c0034d176b9a6d3f8391c770ae9accf1f67ffbf,CHAIN
1761379655,3529147,7a36b123e08f5288518c9e4d10b618f1a6d2f7d9bd13819e540e7c4cb8022fca,CHAIN
1761379404,3529145,30bd51d19427964c846234f86dc14c4240fbaec36ade9459c9dc4f69ba85d0fb,CHAIN
1761379250,3529143,5031223278c29c17bf687835548c3f2db9030a33432af0189fb03acdf8eead77,CHAIN
1761378387,3529136,a3a17d9bf521a0bb5914d846c52e5b407950029477b5a45239db2fc83922527c,CHAIN
1761376820,3529123,831b709c02f778494a171b2b8cc8b480b4572c9588aa4130fcf7dbef9ff5565f,CHAIN
1761375080,3529114,81a9a2f2ce865d621291a87fe64a3a4bf03dfceca8b7a7b33a97401bfa5f0328,CHAIN
1761375052,3529113,180bb848629092819bc2ef9535a1a3f3dd8e76913db45916fe2d54fa7f7425ce,CHAIN
1761374668,3529109,a36a7118496e7befe579d2bdc3b82990ddbae0208268be8e6f05530e4db32330,CHAIN
1761373653,3529099,6b8a89532f4591170396fc5f59a4124b741da777e0901a8a42d583ff8e652a20,CHAIN
1761373518,3529095,6a0332dc3721d408da1e1a0dc752d6cd33792fb5de871aca7af005d593d2b860,CHAIN
1761373480,3529094,396f16943feb1594703606b480a6737ea569ad85ca2134bad89d5b7b60c93fe5,CHAIN
1761373328,3529093,1f0455f90865a8425b603f3bd3ffeb070f15716cc0fe6a1fa621c459d4b9710f,CHAIN
1761373194,3529092,2b622522b4624a9b6298ff793d478eab2cc34498f3d27028f2dd7fd0b14eafb3,CHAIN
1761370588,3529081,4a0174fc26cf419e5652c27e8357c10692f96da69b4a3c823f5eb35df886be31,CHAIN
1761370514,3529080,7b01cf721098ae8cb5fc531d0e51c8b386d8252eccaa61b69fb1aaa9bfcdb344,CHAIN
1761370302,3529077,34ebbe2687c1483b3c2c6baf9e8b245e154163b7228712244d31720ab9deeb4e,CHAIN
1761368882,3529067,c3f81b4aa3214278fbb51e62ec2540ab4ed8c9aa1dab9c5d64d62884c7d65354,CHAIN
1761367457,3529062,0bea24f4a20bd3abf9e293803e0824f334a553180739ca12aed645d0aada4291,CHAIN
1761367453,3529061,797c7c2a8fa471a61f8c51c0a1d771b480ef091f1ab892caba7785310397e0b9,CHAIN
1761367360,3529059,fc1b4b52a42f73d8bb7b424506d3dc07e7f1aba70e899f584d122f0b99591504,CHAIN
1761365543,3529043,26f0c430de893dbfc25e2975c831349400340439bc6106582a764e54ed562212,CHAIN
1761365459,3529042,daf459413c5da49a2112a315484299cd56abe0c279447e7c80ca9016c19752dc,CHAIN
1761364460,3529034,edea3d15419c19391ef89c6809296f6c36cdaf9c91005c283d630d09fb40d23f,CHAIN
1761363860,3529026,04d0fb41957b697788f950b4b17b13d064c97d82ee7492f004d9535185082443,CHAIN
1761362555,3529011,9e5f2ee71e8cff8c4b2e4652c1757ab671f0a73ef6c5271d0160024f69e74110,CHAIN
1761359502,3528985,c36373180db93ef7953a29cefda292b26b65316d8ad04f359b49da6070c13f6b,CHAIN
1761358339,3528974,3af2f2feb1b382cede07fc07cb584e61d87231579ff021c61f7ac60ae1b1100a,CHAIN
1761357944,3528973,8d6afd4d32edd0aa2dbef475c5e99889d2d068b97cda8833088a49fc0fcda65d,CHAIN
1761355152,3528954,33326f29d8a9e69a2b42baa9675875ac2b769b0a35879e063a3faee2ddfe8da9,CHAIN
1761352025,3528930,8d7965a377c92b922e1da8939df0daec83351f515837ffd34bfec461c4dcfed7,CHAIN
1761351773,3528928,c1454756388aa232ec998e952fbe40851b0e0d62e2140452ee9ca5955b7c93c4,CHAIN
1761350393,3528919,d7110d90d2b4448c86a77749db96f2368f1debe46269bfaf44c6b6e070fe448d,CHAIN
1761350312,3528918,a71b6a46697aebd2b2351e403994a42724242c99f0c58613b6fa961fbade8404,CHAIN
1761350138,3528917,49698f13426fbafc63f7f282c631ac572af253996ab43f8f761ab308292f2293,CHAIN
1761347545,3528903,cd2271ec55ed5f4ea67e022ef8dea95000d60b29ff6f83363167e915592d1af0,CHAIN
1761342955,3528869,05ff8d7af34586b5521772385c6c135d43160535592cfec36e08c2a53b4e86cd,CHAIN
1761341766,3528861,25cad5f9edb2bc48850b3e4fdf02fc3e54276dcabb14c047c9cde17733aa0b17,CHAIN
1761341734,3528860,b52291501b3bb399f33987c28a20f290d3bf62344a858b41111c4450be090081,CHAIN
1761340231,3528843,4a87d421ccc8d1af7240798dd96af9fcca073d8084dd0a1acd5f4ec83e7760de,CHAIN
1761339920,3528840,dbe48315eb1f2a362739462df514278b4c98dedb05e4b891f38a70f073b6c6b5,CHAIN
1761339918,3528839,2d84dcebc38a116dd675f3257c733a468fa65e47568648eba436f731b386672d,CHAIN
1761339767,3528837,d71be190d4c1f90278381bab4c4b35883f20a8533e3348879b8a66e968b58f35,CHAIN
1761338318,3528823,ed5c2264a46102dbb4fd018166d5ead08ca7a2f6ce0c5822e7038740c10faf65,CHAIN
1761338208,3528822,e85a9c4edb4b1b88bb52ffd9f515dce87579302e961e7c0213343f34aff46716,CHAIN
1761338096,3528821,6afaa3d3a8c1c1a92432a2b40a9106c7f2620fe68e2225a04ef88cf89e788ad7,CHAIN
1761335513,3528803,42f2cb5aed66c717f57e8b92f73286c860f51ea5d23044cd24c2c48ebe5510b5,CHAIN
1761334091,3528794,59308b06eb90f7ed4473aac6fb41639036791e46e3a65b618b93b1a2a98f3732,CHAIN
1761334041,3528793,39ac2c67b5a04a020ec7706f3122e689aec98c0ab77a1f9385529a95aa9ea292,CHAIN
1761333997,3528792,d578fda5c4529cf302e4e14499268a2247edbfc8c6c0cd274458d0917edfe095,CHAIN
1761333709,3528789,e49358ff927592ce2c17f793fad9f77ee6c0eca8107c18ee78f14e5e3b75680d,CHAIN
1761333562,3528788,d2bec1a8c4b16094b31ff640fab1c77383ae5a7d39d71e5585cf5bdabaf7f096,CHAIN
1761333404,3528784,28e07fb780752828b1ca28f86eab1c9234513aca00223cf1a0cbdd169e485aa7,CHAIN
1761330313,3528757,bf85e568f01f76dbccad59fdd2014c8021a26ff64019fb0b58013992dfd0d396,CHAIN
1761329955,3528754,49ceae370774e44dce5bd2bfee34ea095904adc06a736e3963d19833fec6b97f,CHAIN
1761329909,3528752,04bc09b77e0de12efc96f04eb890b20df842daafddefd0534c9e434df6ce9c88,CHAIN
1761325727,3528726,3c9bdb78de9396934207e264deb7f55aa4b43f5b7c9383f3bd128ff078121f89,CHAIN
1761325583,3528725,a2398d787d7bc8c01e9d997e591ce94bf8bc45a52eee751139f1aed5242f4e00,CHAIN
1761325343,3528720,11c3eb4edc849eb4c88890362dddb0cb4df00f8b62fd6174d05daa52c6b2f5c4,CHAIN
1761322761,3528705,89c62c9993839bb2d4b10997f86c703be27dd164d5f804b169fe456e4d547a12,CHAIN
1761321090,3528700,3783940a0ab5abf524b0661f7b9139c59b7d20506e9be183c432f5bc53a9de9d,CHAIN
1761316129,3528672,c56184baec301f9aeac7c77b86fbf7011dabb96b361e47b6eecc8b6a2487b110,CHAIN
1761315970,3528671,830082530b97ae90d90eb8354afd48cf977be4e586f50b6bd1fd15d0f203cb40,CHAIN
1761314358,3528656,07cd9ac655cae8a0edad8998794aad120e19fb73e09a0d72c7890475b94c9e36,CHAIN
1761313128,3528645,5a0617f2e611ab4dea24e97e6ae356a1ec67a73836ca1c774d4de536c1a80d31,CHAIN
1761311659,3528634,d595995db255ad0e77d3263205fa8c189634d8992126c381071dd36a288bbc63,CHAIN
1761310031,3528625,4d83e228d0b17ac141159f05e9ceed3e00d0502c549f7ad3f847845fed063630,CHAIN
1761309978,3528623,044d01b51c2d46f9434b3d14184443dbc54681863cca09219e5f3a1f11c25653,CHAIN
1761308703,3528610,7336c32c159778d6889a32ec4c7740348fad473266ed757d9007998d46726a17,CHAIN
1761308159,3528607,4d3f2f066f6705527a6f097f38edd8ff98265c493c5cbaa674e7daa0c42e6bc6,CHAIN
1761306813,3528597,e343c22f7a7f5e4a3f0b717194668db95fc5e51f8b5faf61b9eaead147287978,CHAIN
1761306752,3528595,abd92c67f7d3caefccc95a99e05c733059e380445843520804c925df600c5843,CHAIN
1761306358,3528592,f8203c6bf540fe80baba8e4131afe4a7875c0766f9eae8afaa9a6789b4bc31fc,CHAIN
1761306207,3528589,be3de8eb479f662906c18085a40c2ac0fc672bdf4e16a4405e8e33de5130ef9c,CHAIN
1761305772,3528587,a273d63c663279f67337b64ef78fcb1133aed2e88736cd198dbe64c26099cdcf,CHAIN
1761305664,3528585,2db2db080a995417ab25a4b9b6070c4ceecb20c70e148e2a27f1971236fe581c,CHAIN
1761305506,3528582,28a752c651e1c271c7f6edc5d44ead3128e29002bcacd297f3361bc87b22a840,CHAIN
1761305207,3528579,72f434405a1808cb1248a69c4289de93f11bd2fd4a6b94dd66ccb3df6b67eed5,CHAIN
1761305120,3528578,ddb7baacc7b140b6dba25be8225c90b6531d6a56bae07c92fd64eecb18c62576,CHAIN
1761304605,3528574,351ebec0c5466053df6cf9d8e1b47f8a0336cb03cef49620584c36cfd0f37875,CHAIN
1761304325,3528572,ce45ad66fa2aae1bbb79ad5a6acd9871ef02dfda4cd199f30a322d9672e126d5,CHAIN
1761304271,3528570,c172098d9dbc798347f5f81eb5f5b1cd0b3337971bbed3c0e342bfb2334de84a,CHAIN
1761304223,3528569,3d8040c3824bf779ab4b021f6e7436645d2a3e50dd2a264c1e08198a3937a675,CHAIN
1761304079,3528568,9439c77e051c680d823e189a9936cc6c475a8aec27bb4fa05e2ef972f51c9017,CHAIN
1761303587,3528565,12a91059707669558d2874d35131e2a53d3cabff8ad5020e72d40cec6e3504a8,CHAIN
1761303540,3528563,24e890d68c7843e6736cd40a034c74db454fa805f607cd741266c9a659053be5,CHAIN
1761302249,3528550,cdf25605e2b75cc7186df89d15a7b122803b534edd5cb54906acc261aa73ac27,CHAIN
1761301558,3528543,b861aa6b0d8acdeeb3c1ef42387927e577647b67878e48b7dac4bbd42496007c,CHAIN
1761300945,3528536,2085ef8c455c093583889ba4d1398b7303ba0d93dd067ac472d3dec91cc854ce,CHAIN
1761300927,3528535,71cce45d5db091221201fad017327159ba37d9936984cf5def0ac61e90b27356,CHAIN
1761300883,3528534,ed56e85332e9fece1f34508d508337a348ffa69745f6972658bff1315caed1ce,CHAIN
1761300647,3528532,2a272aecd1b080c327dd4570a9072a79cdf7bc9e62201348897bc6583235a8cb,CHAIN
1761300399,3528529,f6340609a89e21d3b2a2ce536b8b07e1770a28adde87530d2e51d594c5827dc0,CHAIN
1761300279,3528527,7327923d946339bd0200ce792d84f0170ed019ec2b774b0e7797cfcc6700df60,CHAIN
1761300070,3528523,3f0d38161be39f0b0c17e2ae5633acc9bb57e7d0b4536ae3991f1419534a0586,CHAIN
1761299956,3528521,c68da12f76e63e4c7b8d2315dfa57c9391bdeb4d6aec87cd5bc370163ab9cc73,CHAIN
1761299650,3528515,e9e45209136973ef8496b9262cfa6f7b93da8e1b81d14e4d902dad57e03dd2ce,CHAIN
1761299472,3528511,25ff0366323a59627f7d5d13205af131b7fbf6906fdd7ecfe0580f48476cb4f4,CHAIN
1761297600,3528500,fe0bd37d31bb0eaef74816c980575e642ac7b02057f6838bfebe6d154a1ec06b,CHAIN
1761297544,3528498,e04b5ac3e082abf488f4066331222a4b5fd7f558886e2e0668a5e76c80c85de2,CHAIN
1761295797,3528478,dedcc9f1c00d8faf6b1c0815a0488b6c928717d67c9aad397e702951e56db82b,CHAIN
1761295721,3528477,9bd2f10331dbededc0cec163ca9a42e166472d1f1846bd6792280b226b70b2e8,CHAIN
1761295495,3528476,04d2135f1b56e440ce87da0c0404e0110c6e54eb16b7305c76103f29955ed14c,CHAIN
1761295102,3528472,3e86da3e2b123ae965bcd17c912f1ab10c310b07f82402aa3563cd949a996c2e,CHAIN
1761294922,3528470,aed152d5f973eec387bf985914e1a0e665e2767912283c2e1adb820b889b40bf,CHAIN
1761294785,3528468,01a98b92289b4e32f48e1f702c691c8e7ee56e0a1550822953b5e80fd21e69b3,CHAIN
1761294267,3528462,dc2b82220d91dde8edcb95967e24ee98941a305d57ae59efa1a9b49f8a08ae23,CHAIN
1761294223,3528461,0499b4a71149c56eb6a3897f43ee925890c1559bc4b65278c47c47d6f00e81c0,CHAIN
1761292741,3528452,230112083ec21a97b8aa0bb6ee4793e6285a8e7e4cb2384cedcd9dafb63df3e9,CHAIN
1761292371,3528449,c41a1581ff2f4d87410ea24e9f159526779edd4c40139711e93db400b895526f,CHAIN
1761291118,3528440,77a674ae00c9ad9257c8189d2408fbf0fbfc098baa1f9e87fb4a55fdb4137578,CHAIN
1761291113,3528439,45ade051ee89640e747cba3bc328b462c9b731ac987ec458f923e5e4b63824b8,CHAIN
1761290688,3528431,1626093db14ae501ab5d8fe02292205faedf852e4ab50184c5724c16fdba1f92,CHAIN
1761290100,3528419,d4c658a017cb062f1c15b6445e0a1981e860659d604172f83d9a34d176bc54ee,CHAIN
1761290015,3528417,1469716b8913e2c99c8474fa2363b331b6d3f8a30c926612d0e9f3247efb5da6,CHAIN
1761288850,3528407,cbb0133d517e03e5dfaa70555dfaacb99c20e54504055de53f0189616a4c84f3,CHAIN
1761288037,3528401,6dd64c15c1a06dc799cf3679bdd55a7b4ffa02d51a73f251a1e874339a2c68ae,CHAIN
1761287970,3528399,36967251c72e962f711e6d5e8b72007b757db0aecf136f108c60dfaf59c9ee56,CHAIN
1761287941,3528398,b55a6c819f58d8f86e3b3fb40d343223bbc5e480589b4d9286731a5d4fb747a2,CHAIN
1761284420,3528360,22f54a809f37d6291e6a1901fe43284ed02116d64d2138faa95cf4f05fb4f92c,CHAIN
1761283092,3528346,118f9cdae88068f9a7d88f2c2186f7fe950df2538b465488a7b747e6f0a133fa,CHAIN
1761282914,3528344,611c9fe9eef3bd2b9cc6369a5e9436594950f773d5b395fae49d8206e7e7cdc3,CHAIN
1761282631,3528339,d4b27fc7a8a0f6a7600aff8f125ed3cae7311a1d8ebceb557588307d48bca07f,CHAIN
1761281173,3528328,825bab0c1af98e0d24a11df91b2480909a5fc942b4f7cf2c57d681b2025abcbd,CHAIN
1761281085,3528326,663dc599ab0b761878892edfa21bae32eebc337abe7ae0cceda1e83e985d3742,CHAIN
1761280720,3528322,fc0ccad02b59e03c8d6c4894f20440b23b4da8c6bd373e7e57f25b57d80994b2,CHAIN
1761280611,3528318,b0467820ae76ef94f68a6efdf0fbd747fe80d45e9b3d94b730f739570be99369,CHAIN
1761280276,3528316,c4026471ec96ce96460eb972f2974d9808c636bfd4a0fb2b6d8fc05e4f5277b6,CHAIN
1761280210,3528314,ef02b0481ef993e3c6f6875eee6900ad862a616d6efe280f35150723ae44eecb,CHAIN
1761280006,3528312,4519638830043b84510fe3d24a6cbb384b503c2f340488bcd407c19e328f8aea,CHAIN
1761279644,3528309,84489b655082d3d7d38a8637a5da630145b2ce99525dd2f9cba3bef2da2525b8,CHAIN
1761279202,3528303,4087688967f00ecb5fcfc1fde96677c1730c7e5e2cb171f021d66165a056d391,CHAIN
1761278141,3528299,2ee6d96c7dc8a684998d1a5e159c5da121f2b9d31bb54fa39b0fccaa03aa6bc0,CHAIN
1761277665,3528296,838145f0b467f84c6a8bbdc9dfe28d6dc33638135099aa34a8a48373b4b0ed27,CHAIN
1761277543,3528294,e3abbddf9b7e8477b965150f8ac83771677f2ee5cabada2e8244338cfdc2206d,CHAIN
1761277245,3528289,375b5cead191e325e9de83cef06c6732f4f74d5e07b7fa445e540457848582a7,CHAIN
1761276235,3528282,b966cbd11e1c40c4211883bce30179c548aa7892663c228a09484b43280876fc,CHAIN
1761274209,3528271,23733395f037587fd701db74416f0685e24d93e7f1c4625e14b15bef28c0c98b,CHAIN
1761273802,3528266,96067891e7ae9c967509c1e9f382bb68148a5a226f9ac9b16c236484cbc7ad4b,CHAIN
1761273258,3528262,d4f773cbd897902c5cec4819dfa07ffbc0734a8b68902ae57e44a90bf93f7bc6,CHAIN
1761273004,3528260,00700fe993bc296b9e837fd2bdd36324671d7231631882bdd05108665e9229f7,CHAIN
1761272855,3528259,7638ab89e6ac7857d213fe39b392365112d82b766779b5119c740af25d8cfe2f,CHAIN
1761272605,3528258,bf0a8f492698347adaa2f81b9397af1c443f04133e3d5a205b286f6b59bcb00c,CHAIN
1761271011,3528242,7aa4a784ea4c32331dac52db28fbaf1282aad80ea79bb7e5906a2138798104e2,CHAIN
1761270497,3528236,f2099fc51dbf9743cacdec98526b1110d9cbececfd6766a088d8f64389b531ef,CHAIN
1761270422,3528234,43912310e7f6b3a82367735962dc62d82079dd6c4568a83863a5cd9aa416157a,CHAIN
1761269532,3528227,d1c2124e0084d61b046a6d00e1b6a170b46319995c1a4b6e9c503946f5dc0e96,CHAIN
1761268896,3528222,8f4d01d2e39339447a2d9da7d689d81bdd0aa7a97ee4ba86f8681344139f4e13,CHAIN
1761268720,3528221,eea1f02c51ab7ad00b776d5ac56c93f3b732160227174200b84d977fdc0e8654,CHAIN
1761268673,3528220,85cec01b232d5bb7b466c3232bca35231e60692a4496ac9460c74c27e7336a2d,CHAIN
1761268600,3528219,a1cbfa3fb9213af19387337dffc17207ed4d96f75ca2137cded18511aaf005eb,CHAIN
1761268524,3528218,4066b5a9c8b22bbc3bde564d498607a85800f4e85fb8d120cb509ac601e389b1,CHAIN
1761268191,3528217,ceae45558949e2cb0040ce1b4f4d247af218f3caeb93dc32bd07c782631f4aec,CHAIN
1761267869,3528214,f6762edaf7ab6d2ee1842053ce45f316b10b65de495947bb04e87f11934a3e60,CHAIN
1761267774,3528213,4cd9f625f85368dbcdbfcfde3ad05cfb73d449263fb7f018a589711a31523bb7,CHAIN
1761267592,3528212,8855d73ed443943000dde9618e2f327244c843ffd48fa8e5de93c5fafee499df,CHAIN
1761267157,3528208,399e2671253f36a6e4cc23b524cada2647c68117e8b42023471becf424fccb6a,CHAIN
1761266374,3528203,260fd2e7c17e4c00e14dbb3042233ab5121d11b7c3d956b7f3ee50b21613b993,CHAIN
1761265444,3528194,fa154eef3ce6de1dca22a56888cc1dcb59c0ff4208041852ecd5d4dc066c80a9,CHAIN
1761265394,3528193,4d17c53b5df19badee32204e26e9eec002607176d08eefddf05ef85e29324532,CHAIN
1761265096,3528190,898064d51a119c87d976ae5c7dd0084eed4167e238eb3e3a92b99539a2bea0e9,CHAIN
1761264930,3528189,44c516bfeeb6dff398ec49320d18b44b5ceefb2725b585ef783180b5c1d24001,CHAIN
1761264917,3528188,cb1f8b6cf27a996d63535b8c87a7111dfb4415be4ef43e3f3e0dca5650e73520,CHAIN
1761262827,3528172,19b51b7bfab279c6014743f60d26d7edf83a87d6577a06c247ff637dfc225422,CHAIN
1761262459,3528171,89fe6abeaf84cab1314da9790e1d78ecd7c11b1e7848abc8f4f9d66daced3a6a,CHAIN
1761261456,3528165,be01f733b32190d4e3a962bf2eca61651d9f65143155e639e77aa708292c1b22,CHAIN
1761261003,3528163,aebddd4fe672bf28878652d77b6e81048768c7a77b9a3d60cd10683167e69c2d,CHAIN
1761260795,3528160,737f38bdea9e1ed690190ef6f051e553420226b0903cef5ec88ac1bf534138b5,CHAIN
1761260502,3528159,4aaeb9c7df645be009cd6b8c2a5afaa302f4b03eced3e61075a483f0c9e56259,CHAIN
1761260363,3528158,a717c6ee081a693156442ce13a5832d607d2e7ed9152041845b8a802a8f62331,CHAIN
1761260168,3528156,4dbbc6abc6cdacbe1cfcd48f1c15e1c8a88a2c54a4f6d83e8ac450f441e670ea,CHAIN
1761259722,3528152,5fc53dc8236fa9828f9c77b600a7704b790c284fadff307b016744b3904dedd0,CHAIN
1761259311,3528149,89c86ed9cc1db1708abe07dc6f14688c9d52956e59b68c37f5c9f8e5a2d7cb6d,CHAIN
1761259159,3528148,9ad16cba2e5361c58044be61531460f5dfc783b861ff019312e0134475255323,CHAIN
1761258496,3528146,53faad7c4d2a6c1ebc272f5147a67cf1c80bf3f3e00a0500696156c7e8f508c3,CHAIN
1761258396,3528145,673a5c065e40ccfc4178bb2936da3ef3f1b970f4e10066d93300848bee5a4d83,CHAIN
1761257954,3528141,68a71928c871fa186cfbcc8e57ae74465918fbdf570d12323316f04681ac661f,CHAIN
1761257873,3528140,4e7b8c37b40ce14bbd3d2032bdf88f58c7ddb51126c36a9049b4b308e0a7d5e0,CHAIN
1761257839,3528139,b19617bdd61114508b119b75b23af3ffb06a34c88f2f1a60be55925ea91ab38e,CHAIN
1761257402,3528137,2b0c66372740f40dd8df39a349d8111f1b42cb72e1a0f1ee4ea6831b71e6d7f4,CHAIN
1761256633,3528134,9d11c561c990ba2f7b68ab38ebb8f3d85acef2b7b39058b88645c6e448fba250,CHAIN
1761255640,3528124,846da5389f6658c18e3f11ffe75bc829de08d106d326b71348594a58c9cab3f9,CHAIN
1761255587,3528123,5245ce2d2311871420ce81a9fad91c563644b207ad00053e58d9c37ad3303da7,CHAIN
1761255486,3528121,af8a3ed4a9dbc8723e070d39868ef95d87783b398f31f8b396741e974c3855b6,CHAIN
1761255008,3528114,af62432072a7d7e8d4ed65fc70808d70b5dc8486a9daa86f234292da2bc7f154,CHAIN
1761254524,3528111,1caadac888a14adc001b458da6f21cdf62139ed474bd464d1eb611d681be6c3f,CHAIN
1761253553,3528103,9f24995f70c4b2bb3e68c491fa59f714c30a83ed1d342a683bf78f16a750147f,CHAIN
1761253447,3528101,df464d6b3ab8692345429c6a960eb47eb7c07d0b54c5f809a67ad8e23955d668,CHAIN
1761252359,3528093,d0b075330c25f3d773cb98ff054428ca7ffaedd454cbe767922faab6662b6092,CHAIN
1761252348,3528092,7e9146bd22dbcbcc13daafe8fad41321725b43a039fcf5c4bd4c12f62b20df77,CHAIN
1761252107,3528089,c8d8d3108701ae4990cbac0a8cf969dba72b5c1cf116cb111e82d0240302c9bb,CHAIN
1761251995,3528088,f4232216c2f255a8011048cbccd5a58b2dce4344081ab1e977d2417ce761c2f0,CHAIN
1761251708,3528084,5ebfc7da9858e7d1946c4287aafd6a1765d7b1bdeac4207f201e1fe985181e24,CHAIN
1761250885,3528077,8294b8eeb530b13c02af33e8efda6c3bb18ca7ea5d2df491f60b6fa007d77ea1,CHAIN
1761250786,3528075,cb5c837b3f3568081e41611549b9a00118aa052dd3d57128f18b993df175f9e0,CHAIN
1761250557,3528072,1739a00c174fc4b69c2dd2976dbec676c3d5feb970d349fb0c40a07385c6e105,CHAIN
1761250545,3528071,d56ce7b684d9673210dba71a7f99cc5d97911d09f2758b4643a4d779db5a7abf,CHAIN
1761250507,3528070,c0be9c389fda0d9127d00eb4a21d2662d67d91c5123eb1a30b647bd117294349,CHAIN
1761249999,3528067,9f5b64207e8dc104a6d345e72f1fa11de25a3c73b201993e72e581404135940c,CHAIN
1761249129,3528062,1b408162eeabaf05d2249a74644b8fc76313097456074155d08b3e13370d412b,CHAIN
1761249047,3528060,8d74720bdcae527d169e6472a0d7bb6feeada88d5d574aadfb52b5b675030e3d,CHAIN
1761248593,3528054,29dd25bf2a82985cad455670dfae0546d0e160817efaada6511de8ba75b43f7e,CHAIN
1761248564,3528053,fb517b13ee74d2566322ee08760b367c50b5c793dd06f97c3d10ed6bd6c6d216,CHAIN
1761248215,3528052,659cbaf67c87642f973341ebe708075c6c0a9498cc78a23f040d4d3b52373511,CHAIN
1761247599,3528050,73ab7f20a06ef7a160862eefad1f2bec4b351e67708c9cc446de1bf648f6f243,CHAIN
1761247481,3528048,91118b4fe1e000c1b207cfb952275d74e8f68cddaf072159d2e29b201c6affe4,CHAIN
1761247342,3528047,be007d2edae95fc71d784d4eaaa8ccb1b8caabd5f7a7494b0255b24c233077c8,CHAIN
1761246881,3528043,04b97a4e2994b0355140f95e7ce3f52a9b5e60c6679a2af693cc6f53d3922640,CHAIN
1761246763,3528042,8d929faae3bb2d76e320d038af3f82ee34999cf4388cc43083e6d59f1dadb282,CHAIN
1761246682,3528041,d6e40c2b1b1ab7db0c21bd084ec33c031e86e9f05585ab916109628a909d6bac,CHAIN
1761246316,3528035,cba7b0ed0f635c2151f1f968fac3598ac1f0fcf3863ce9e429851cdf1ef9a17f,CHAIN
1761246292,3528034,a13e27754325f33e44163fa3ac1b52ebc8389faaba2fa55a0f24db057f1fd48d,CHAIN
1761246141,3528031,8bb5545d75bda0894284073f2dda0807fafaf6e3ee63d3eae5bdfbadfcaf248b,CHAIN
1761245200,3528023,e0b4b0448dff24c6e502616f9d06a54d7f394925e444564ee2c9c83395579244,CHAIN
1761244726,3528022,103ae188074a3e8141508e2cb450d2d7dd14e4e7e797bde08262c395577a077e,CHAIN
1761244601,3528020,6461f0985358e99b9b483cab1b4c5ee724a161fd075e9039c209892d33b3e22f,CHAIN
1761244523,3528018,3803218bc5c9bef4d04d914a51cc1b0fdaa8be877b125d604db797126780de15,CHAIN
1761243680,3528009,0dd92bb4eb9068e4a884e26f1c6a8980f12e02c8f91ce7a3c7aaecb8386e6812,CHAIN
1761242621,3528000,d650d298dd691e4e07df2f946cf4bca68e474127e437be47c290008d9f1bd787,CHAIN
1761240385,3527977,2150eeff018652f7c526e5f68f2385cb49a2e6cc746a612bcbb5147181032efa,CHAIN
1761239729,3527970,067be1c30a4f74be92115cf5182025f1c1d00cf2fab2dca29cb2d0b73cd73a68,CHAIN
1761239299,3527966,6488cf9cb3d8319c0c76db25daafe5aeacb85bd43ef7da64253aa18998d0bb5c,CHAIN
1761239056,3527965,1b1586147a576aa49c234f3bf3f5946aa8ffcd046d0b388e1600996220a8ae34,CHAIN
1761237231,3527956,ecf64b7fc412928a4e8b1f9942324b9d7b11fd8faf62cbc330d2ef65d5318c1a,CHAIN
1761236581,3527952,3404211b43578af429492604423401d787e9708d42ba113b509991c00c65a62a,CHAIN
1761235210,3527939,da6a3ce71769864de11d650c3336717c58c30a73aa52461d33e226a7bbc581ac,CHAIN
1761234893,3527938,55ec52ff813732a9ca1532c51bc772bfdcf8d81a3c57fc4088edf409298509e6,CHAIN
1761234847,3527937,bacc6d59c949c66033f237b5c02f9acfdf988ebfb7201b240bd669bf21be9362,CHAIN
1761234198,3527933,2360c7e68223fb48b165626e9b4d1506562b231dd9b61fa51d6ef9802b10faa1,CHAIN
1761234177,3527932,4ca07fd6e0782c2a698c25c9cf8842659f3613d444ea90d0b3f4a817bd13e364,CHAIN
1761234034,3527931,c77021b72bc5aa4fbbf699ad6c581a1b54384035b26a8a1a43f72ca97096b945,CHAIN
1761233201,3527928,b82f290b70557b9b3cc8924fe74535eade16787d54c295ccb60753fa6c754534,CHAIN
1761233049,3527926,a0d301087feaf584bcc0a0306d804391ed7a8f22c335668fe42f6ff25776f3d1,CHAIN
1761233035,3527925,c467e7ab6750da54dd42aee824799086b07c13ee5c50b34b1417e81731ce94b4,CHAIN
1761232912,3527924,f52cb0bc265f593296b656da1cf68e2d200385680302499b370fb96c3ef9c886,CHAIN
1761232750,3527922,cb5fbc63b58d77e4ef806390f6aedc4004d799bc78d0eb1a126999e34f039e3d,CHAIN
1761232114,3527918,7e64a2275ad9a8ad01a1f86dc3108f4ed2d784879c7cac34e152087ac7b88f9f,CHAIN
1761230990,3527908,5cb2fb673bf0fc9efbe51821cb0f34a6a4f8fb656cd12018f753dd7524a4a925,CHAIN
1761230028,3527900,badb8beda0ad95b58f5c786e91badb1afa2785ca89ca5bd79e9ddc46426143d5,CHAIN
1761229495,3527894,7baa9e4e3cd70cfbd2f963543a5b9ca0a9610f5c27af53251d17c77257d0f4d4,CHAIN
1761229037,3527889,c091d24d332d59ed05dd974cbe35c31fabfad5e89dbeab38cd23a27b2b0088c5,CHAIN
1761229027,3527888,0ee779e80d4ef4f6744b9303b455d1b6e4abe42e3f38e176f69b7a5c6d8a7950,CHAIN
1761228794,3527886,f4f0fe808d0d06daaf645005c29381245de84d7b0df5c9a225235fb8828919d7,CHAIN
1761228701,3527885,17f1321a44b10fddb03f698124bf362f338fc8fda787147cd0f70a26c2cb23dc,CHAIN
1761228115,3527880,08d74aab6d24b90ec205b50529922d1d841683b2a293d91afd13e3c544ce3a25,CHAIN
1761227534,3527873,c56ecfb82a342995e6b849a4023bd6d8446e1d12f480f777f2c02ac9fa42c680,CHAIN
1761227120,3527870,a0679072cc430f25b2c0ac2f0fcfee00335a700697e68e9cb7eedda14be71b80,CHAIN
1761227104,3527869,e95c52c3273cc9cfcfa3a3d50beb8e4e49832968af109bb38db810130589c0cb,CHAIN
1761225887,3527851,69fd699be41ae3109f20e170004416a204b9c84dfb4123bc6712089a86bf80c7,CHAIN
1761225836,3527850,a3809c78457a80db38120f74eed428471b12bfff1389e3bb487db2ecd71aed3c,CHAIN
1761225739,3527849,f9ab12d045004f71ed0691a2686aba392641cc91928432b1ca62194e34e4db02,CHAIN
1761224507,3527839,e45a14db4fed40b1a10cbd24b73ff485ab1ff578bd6d824b67a93b15bc99d249,CHAIN
1761224302,3527836,b6c1f0aa36bbcabe5b03511206bcc2369a55f37dc311599433395e1ec766b825,CHAIN
1761224143,3527834,9cca3f0a0df5509a8c1eca15f14ad62c259fe49ffcaf1be5f57ce2a2ae3981b2,CHAIN
1761224080,3527833,e44347bfb9440bf42f665782ebd14331bf804a68e5c73083108a8571229e8ced,CHAIN
1761222623,3527823,a56cba37e5c6bc3400c2c70eb57e9aaa1b01625efa0d9ed6e092f4bf9b82dbd7,CHAIN
1761221943,3527816,a52bccf873db50591684f5ff99fb3afa0fe16e041296dbb087265ff227362394,CHAIN
1761220994,3527809,4a639f0fed185ecdd2a96f4c6638cd2fbbe7b9a26fda00b57b3657d6fecf5902,CHAIN
1761220865,3527805,2bacef29441ae2777beedc7a9e5b43cce1d18c371849016ec1e8b0bd39a6c208,CHAIN
1761220008,3527799,1d8e483d35dd311784a09e99963b44efca6f650fdbf4055e159042638c2ea2da,CHAIN
1761218799,3527788,a6534488fe8aed2d5a6daeecc6dd94ff0efb3027e911628e093e39f6ce29b2a2,CHAIN
1761218307,3527783,b4b2e81d098a70177adaec47e9541a022f42225740fbcc544d69f65568e35e14,CHAIN
1761213827,3527761,cc3b96fa903f8d01c55e580e353d0c25bc5bbf8aaa404d7fe6d0abd6eb361599,CHAIN
1761212552,3527750,7b74231aa9eadf58a1b7107ed01665f4e4c53b3be57786b7efb6fed8ec154531,CHAIN
1761212137,3527745,fb4b1cdbc326833dc33e1385e32bd83c93561cccc377c3d5cd3ee66095d4aa99,CHAIN
1761210625,3527733,90eb114454f75b0a07b3c25b7c65ffd488413eeaf23508dc66785fa4c8315e05,CHAIN
1761206831,3527703,584b412a8389871a32e473f8039f5c35772ca81a7b0e57b077a2c1e3e161b4f8,CHAIN
1761206197,3527701,26302f0671e8b0a97de8fe4fea9ef6a88e3eff3c92a59933d0bd45f8ecb32f26,CHAIN
1761205184,3527694,4a5c2b7f7a030e2b9fb7bf062e6c96b1dda8ce1c6cc6436f447e959ec4d70044,CHAIN
1761205140,3527693,c163fc088bdef6000515d9af185d51cffe0a145fae5e94b6b58e66112a12d459,CHAIN
1761204989,3527692,71fc5db8f15474dbb12dbdf540cce3c258d0101afc7ed24b508a5147b6a86678,CHAIN
1761204734,3527690,d5d8a335fb10812645c7b90353d9a505aec3d25f08c219cea81b41d75501888d,CHAIN
1761203693,3527674,84d1dd4fcf8aa60f4b851d5baf3ed757803488fb3a623acdc8455ae6341aa3a1,CHAIN
1761203289,3527669,e1b3bc8888bf86e2db1897303186e784967c55082a0633ec2adc31fe14ef08b9,CHAIN
1761202081,3527660,b5eb2ac0194fc7804b11dbbad9e949718bebea25a31a69085ccdf5e6ef42dbbf,CHAIN
1761200683,3527645,5b373df0d2f3ef0782d50dfc971885818e98f02c6841a50537c702807a3bbbf4,CHAIN
1761200390,3527642,5bcbfbb6447a3002c15e787f31306b5ff7a864fea99238227bb756be92a42ef2,CHAIN
1761200329,3527641,0153c0b82d41ebe901c06f17476cac218d0f3657cb03ec62857bee34c9f2965a,CHAIN
1761199501,3527633,94acca5eff4a2ef68703644756eb343af7924f569513feb46f2a66d92277b14d,CHAIN
1761199479,3527632,8604a2c14e80fdf28578ff2ba40fa125c319885ac2190721037074116505a8e4,CHAIN
1761199354,3527629,bb64d0d2b348ac17752aec4861bc537b662e829b90d7d7316426577427dcfd6d,CHAIN
1761199221,3527628,8001d2700dfa110fd9b74b93176c170993fe04cb457920f46c7400778e5517f9,CHAIN
1761197483,3527615,fb4df1f51f75c67c42c50bf8546437b7f01e1cb0ebfb13cd7ebc20fbb2206e21,CHAIN
1761196202,3527606,3875893c513c0caef3b083e30631bf9c6c66207732fbf7fd2c7bcffbbbe974d6,CHAIN
1761196039,3527604,fbf9a7dff241aca4f860793967b6af7218b5c19e43416fe729d5143255a39cda,CHAIN
1761191917,3527570,45732ce964da2e4251a52683ffbf3e98edcf943db1f492a83d1cd209e59988f1,CHAIN
1761191911,3527569,b26cab89148cb8a7e741b8fb80b41e50d8042f212ab8d2734eeabf1bb4972cf9,CHAIN
1761190110,3527559,acaab275cdf29b1ca8753fb24b4f2a4b2c2979cb12126bede6b56939483ad147,CHAIN
1761189890,3527556,0eede84cf6fe466bef21860713308b9a869b7f6334540493a76309b9ecd160c7,CHAIN
1761188288,3527547,db361ba7891a50f92a3b9422302a8e32eab63842eda7450bce098f8a9f549a66,CHAIN
1761187190,3527543,0fdd6bd7b6574de34180197e4a98ff457866c32476d75e7566646edbcf563da2,CHAIN
1761186792,3527541,0bf5585621544c7f34fb23c543cc13f1d3bf0ca95d0d09b12885831f38c5468a,CHAIN
1761183769,3527514,b28146261f434a998b29b1fe80e5cfc1a095aeb7cce19b68586344551546a380,CHAIN
1761183684,3527512,c786c6442a1103ba637915d41156143cb15a912e0536f9f87f6e4edf730fd327,CHAIN
1761180979,3527492,1684a7e910b131375f9f3d7c44ac0a582b13d836ef5154bd8687f4d0c72dcf7f,CHAIN
1761179610,3527478,ea1c0b9a1f7fb87fab39bdb809338bd9528cf37cb61028ab8e2b170d8d3568a4,CHAIN
1761178516,3527464,1559b62cd542b8c0c321ff27afeeab7192cba4391beacff6585da98d7035a01d,CHAIN
1761177853,3527457,1519d8f1ba6e6d37c38671e68b128e748565401e98862a152c11d822548f71cc,CHAIN
1761176751,3527451,115dbad448ee197b96150ec90ffdbcbc9dedd881e487298e55ca40620b0ef295,CHAIN
1761175602,3527447,3761290bc177d853744730fc1e01a7f6c5aa37c11167532e100c459bec8c9586,CHAIN
1761175145,3527441,d27e3a7c7ab824ea1245d4813a1a57c8d65705c51ab1bdc284af72f3dcc010d1,CHAIN
1761174243,3527436,92d9935dc06f27730808f59f5737ceaa0ef5f538f6da0f1b45c5e44328008548,CHAIN
1761172201,3527421,448d2d5f63bc612f312fc04c17c13f58249b53d0e652eccf8919d2fe0a66af26,CHAIN
1761171136,3527416,bf05af2dd36b251cb224e574677d51951d5eec3f11ad61d00d1c1fd7b8a11c39,CHAIN
1761168323,3527399,2781da4cae08526d2f323f9274063b3e0adcce9fc1d538f068aa9f92cb3e7b22,CHAIN
1761163799,3527367,e8b9ee284f9b4e1b4252db79777848da81b4af71371b1f893f5aee4872106d7e,CHAIN
1761163523,3527364,6fa7f24fda52658b1b0d0ee0c2fb590aa27646c52651be9b65fd241e10745e70,CHAIN
1761163344,3527359,e84a174d323695d3321e0d08295a3e7a045a6833dbc5147ed69d45ee02b9b274,CHAIN
1761160809,3527340,b3c33d56ab75b3dd22e76e0413e6f79896fb197e9b097ffc5f06f04a0e879e55,CHAIN
1761159375,3527326,e18c867846e8a6eed2a571260b580fae30282d3f370ca3d5fc68489ff0c2a4c2,CHAIN
1761157567,3527313,3ff15f9092d73dd8f1ffe60fa72490c4c8657d72f4314e9311ce7a37637f6540,CHAIN
1761156313,3527305,3ae77d61604bab0bbff470c55e532b9c5a8822a6508bcdd0304ff690fa3f6718,CHAIN
1761156160,3527303,2f8241c9d33e25cc19f2d91d78be32a2c1b7d7d7b11e4d88994324f35fc400b5,CHAIN
1761155852,3527298,66b2dff30f5f919fb3aae7ec5608290e4887e47f4eb2a2bf717c6d409f78d457,CHAIN
1761154940,3527285,ea538a3b3d803119de9aac8263b8b5458700836aaa7c831f08b892319d4aeda4,CHAIN
1761154584,3527284,a87ab4a361207ef4f8cd8e5c6d8a089d7c8d3e18ab20f8d63e13d44c99727822,CHAIN
1761154547,3527282,23657861d6b41bff8d42843a1edc4f178b794d127e2c0e1fba09469a103ddef3,CHAIN
1761154226,3527278,3d01f47bb2a02527500c3008973d2004e125526bf6229b5d003038876196fbee,CHAIN
1761151634,3527259,75ffce45136f240a9b9107cf24b0ff96e947354b776a393d3a417828d4036ac5,CHAIN
1761150050,3527246,cbb01eb1aa6de26afd33300da351e58ddfd9ca2d0a83c5970f44de511f5125a8,CHAIN
1761148702,3527234,c1534ff4ee1ee7ad7349e92b444ee91698f22bf79549461a77989faf280db771,CHAIN
1761148418,3527231,c1b9470c48a3383eee9bdc3f92751a674f3317e95b9f28cb82edb3c9b1091eb3,CHAIN
1761147396,3527216,45c042460da46286a5157bf7564ded95bb0350df2d360b472daf1e944e6ac4ff,CHAIN
1761147131,3527214,74bc961a61d1a192bb6c0126034692aca5647360800fc89a583407a7ffb1dce0,CHAIN
1761145866,3527201,5d6bd8b87e96c21574323f2e1750b170497ffd93d919908daff58aea4d12ec19,CHAIN
1761144229,3527187,8ebece36853df18251ad51f49ccf4b19186357f0bff1132411ce8e8736e4a3b2,CHAIN
1761144134,3527185,c0371c2cfbb149bd49e8c4eb5c7a35ed6b5d3911dd8b9c49be04e71ec2fe27fb,CHAIN
1761144048,3527182,25dfd25de0f61eb505cd99647c185558f6c94771a6d313a850cab4317e4ced1a,CHAIN
1761143139,3527168,716718d8fa5d5a2c7d26c9456211a7f748aa5cc802c2145141a3dafd22b7018f,CHAIN
1761143117,3527166,49e802f37cefdeb419dd8be15cf9c498a4f7ec5619ba15b89e46ef7413ff8bef,CHAIN
1761141494,3527155,225da4cfe7730456437b30acf1ea1006b0a44fcc4b20ee97073b44b70acf1209,CHAIN
1761141274,3527149,040ddf9b42d567d09320ef7d9302902562a9a0aece7cf2da3125180b29eb9bd6,CHAIN
1761137142,3527118,c66fd78e19ea6d11be259730ce35ca18869136390a4ba2ed77e2d5795ec505ae,CHAIN
1761135808,3527106,48aaffe97bfe3c98d881401c3112fa7fa79a1c2e965581a73fdadc011ff7d994,CHAIN
1761135806,3527105,abf8f4cb28b88b8bed9ed31d41aebba0c218b58524bd00a1e222b5a0ac8753b3,CHAIN
1761135251,3527101,15fe6a1a68ddfe2093c35c962439fabf729104b9b843c931a16c1485ac1a1c79,CHAIN
1761133598,3527094,c2343018aa5c7b2c73adc42b94edc0b0bdc1fb6c1fd923cfce551ed677d56610,CHAIN
1761131528,3527078,6d8caf3d4c8061d5df7392e3e116007a5cbbb06d12bc30dd014021059aac7445,CHAIN
1761130494,3527065,ea5b36ab183830b62e9df28432ff9e55f7c7b2fe756119fbea30212152bf555c,CHAIN
1761130393,3527064,eef4022346791c47283177067ca9993c0d7e6e9ecca01c8f765d7d3a9ebd1b3e,CHAIN
1761130354,3527062,407c632022806a887521c008c821b4bc99eefef5e5f0d723c15ecafc81770a5c,CHAIN
1761128952,3527048,7d779328a4950acc8efd1afcc4f3ca8032c223c0cbe83487b3719ae3f7b8ef8e,CHAIN
1761125804,3527024,f0410c7f4db4bb691e8a2ffabad39fbf763ee4b3d823d5de7d53e8197b0bb420,CHAIN
1761125551,3527022,b6de9a7ddc8e8f9cd76ce40e962bff4eb9de4f79cba8922655a2cd11cf2ef4cb,CHAIN
1761124165,3527015,8bc116cd6eb188459d17326d395bba0d25269b052d76f089b607cdefe0c8fd98,CHAIN
1761122669,3527007,0f7ac38d006f8da3f9b8b09bf3b53172fe14fd63ccc0383e3b4809ab546fb3b0,CHAIN
1761122658,3527006,16db24cc065dca88c1e05da0dee2a475fe395c7094070cc6b5e1cacf7374b52c,CHAIN
1761121636,3526997,98e85e113e9e93786a07230bc12f2992aebecf39357399b7155de3d5b956b95e,CHAIN
1761121603,3526996,eccaa5adda58336739bccedb374acdc92410eb1482506209e457afec0d47cb89,CHAIN
1761121601,3526995,99b6101fba84fcc6063fde69aa7674ea15f04d5f5145473cc0be7172c00276d6,CHAIN
1761120143,3526988,86c8f43ff650dd9a371777b6fad6995dea80fd76600ff72b593f194f59367350,CHAIN
1761119831,3526986,a6bfa088c91495c07cfb5e30032657b67dd62875e3ed0fe8ffcd146336404075,CHAIN
1761119662,3526985,325a0fdd0a8f366fc388be0cb245833192fee35a4c16b29b4413c7b150dcee6c,CHAIN
1761119519,3526984,a9df84ccfdc018ba16ebe001a0217fc1a9eb0a436db9926a332d9ef50458ad5c,CHAIN
1761118512,3526976,d3a9d5818810b91757c7446924145c505ef35c58fc99fd330eab4830ad64d649,CHAIN
1761118450,3526975,68784a910f125840218db2039d06cc68d52f8b884fbd805918cd68f99c567427,CHAIN
1761118272,3526971,eb9683439346da4d63fe3934cb9edfa3af09458291c4e8662f2203158eccfa81,CHAIN
1761118194,3526970,7b7af22e1f662ef736913ab66864daeacee3e572899cc00ee70759b6ddebb282,CHAIN
1761118175,3526968,c4b6f2f21db87ae826478608a8f9ffd31999092ec2b14dd3bd6d904a604f2fba,CHAIN
1761116736,3526951,9699c2575b5641cadbe7de94349c23fa643635e0f66e5e4034d74f80ce9268d7,CHAIN
1761116510,3526947,2e6e09f18a31c6ea89bbf485b51388cb4a8c5f70cb0ae470291d5c6f70ae4240,CHAIN
1761113782,3526931,35d24825d9f2d163ee3dc8870322cf09e046ab0c51ae3d381987d94f4f34b81f,CHAIN
1761113554,3526929,6009ce043b7d9c37f8d17f645e0675ff33bc76478fff5f5b973ce27f6c6c5221,CHAIN
1761112621,3526918,f8bca4914ede3eace4ad952763eedac5b5853785d670f766bf458a6cb091b25f,CHAIN
1761112566,3526917,6feda8c5453b80a034840209e30cb24de392b23e22ff6760dd945861debc1a5b,CHAIN
1761112010,3526914,1d9ce1b18d5b6a55ad9596542e2c8cdb3dc36ef4cd595f1baea24247f185599f,CHAIN
1761110825,3526911,8f1e17e3c49692e50ca04a61b6d37ff7695cdf0a5d8c8a779ba986e6df9379ff,CHAIN
1761109333,3526894,e0cec27ec02a3b8aa492fcad84dfab3b42280cff8ef307f3bcce27a3c86ecc6d,CHAIN
1761109227,3526892,0d51c0430bb33ddf2c7e07b55afe5690d8b3d7b28d506f25ecdc17a9f4ec0c33,CHAIN
1761109120,3526889,5fec9bb0b385e2fde081642b3dca820ea6b3fa359eed9cf4b8f114d4199bfcbe,CHAIN
1761107547,3526875,743030a13c7a32fe8b582e8691e5cf0795329f72f1052bc2e7ff5a2fdac760ce,CHAIN
1761106140,3526866,3f9fa0eb386816cd8fa52a9d9a4c30e6c64070d780ac6912d3dc0a239da61ce0,CHAIN
1761105050,3526857,8eb609d71ed1dce50e45e483d09f9ff73bc7edf7ea966d9bea1acceb07e7f162,CHAIN
1761104671,3526856,4cef0eaadcdf13bb47146b1c592422c617b2d529acda3ba21d4be0a46777584f,CHAIN
1761103386,3526846,13e17b6205a805c98a5c8a72a816c901778a2fdfeed0dc880c1f415e99c4ca2c,CHAIN
1761103079,3526842,49fd33fdda1209745128c4eacd86e831ee685b21e7441a9a52eb8f70073aba17,CHAIN
1761101624,3526834,657b3934e643f0b4b4f444429fdcf2bbf6da67d48b2eae5dcaf482c0e849c195,CHAIN
1761100745,3526829,e99b168582222bc23d295cde25a73b26b86430b9c7ce42dd93e4efceed272fb6,CHAIN
1761100461,3526827,f6aa35874f416b88c6fba84a0bd263720f417349929aa84fcb2a571260d994a0,CHAIN
1761100072,3526823,24d64e71225181bf159a34e6a76cd2983186869c275d5b932d8dae0b11dd1887,CHAIN
1761097567,3526796,4f9a23fd7be883b81844bbcec5b914abe6c26331719b0e2647ad1aea035da18e,CHAIN
1761097305,3526795,af35830bbb846a72d55698591579aa463d29b51a96046c75d388093e940963cc,CHAIN
1761094571,3526782,6532b1c67d2f52f7c9229ad5aff187456646282a137150a215fc66eea3feead1,CHAIN
1761091858,3526766,c24b5ce6ccb8b592644eec5bc6f133dfb4fb27b04b3f1d9c27059537371d4f81,CHAIN
1761087961,3526734,2ed114e228789cd38f44428c437932f8dc2717ec1c9a8b0f9b754e8a005fc98a,CHAIN
1761087936,3526733,18836468090ca853bd2ef8e12ff39278ec3978a5e8857191e569b828f6444fdd,CHAIN
1761087822,3526730,ca34f48352e0c0bd9bcd65925fe4f1451ecbaee6c86ca01ae20f6febde1c9485,CHAIN
1761085118,3526709,219db542352e3db9328935b391751e2f1a76ff4aa6833c9233f7d7b7ae4a88c8,CHAIN
1761084855,3526708,1d399f566560df396977bb462c5de60427faeb2a04945967fb8a69ed2440858a,CHAIN
1761084522,3526704,4f38d34c555ed79cf07ea69e79f4aec5faca448b29ab4b13d0f05c45682e9482,CHAIN
1761083322,3526695,1f3df75f9d5038cb87298d094d885f4f18bddb7dd4c88389570c47348c591073,CHAIN
1761080668,3526680,8362d7bc3a01f0728776d66dff665e6a69487ce65b398c77d086bdd47a0f2754,CHAIN
1761078674,3526665,df313869ad9b9398a58b300fd8bcea9051ad16e742334e9d0dcac20c73127924,CHAIN
1761078560,3526664,99b2a4b3b1595dbd72f9cf3071fd1733f0f9365546bd3d669c8200cf176e0d9b,CHAIN
1761077055,3526653,0ff7ba2ab403302fd41e5bbd004ab02f79b6ec784ed27e270095aa520feac289,CHAIN
1761075556,3526644,95d5f3f36d368bfb9bc520690050c1b956bd8b00d789a7db813dc82d2efe5aba,CHAIN
1761075443,3526642,b7899ad5f54b8f4ebfdbe44f64d36517b9b1f7994eaaede1aa40b41b6ef2f143,ORPHAN
1761074410,3526634,e7ab289e81dc416bc84fa28eefd31f15a5a87529fa40072af33b4b9a47657202,CHAIN
1761072954,3526627,49cf80cc31d8ea1da96aaf67fee1a3dba9977e9c997decbb8fc3ab95d94240e8,CHAIN
1761072363,3526622,1dcc9bdb8d07ca3bd21b54ac6be25993884fa18cbce26ac61fe2f319cabdc165,CHAIN
1761071322,3526612,192cec5a7eeda578c361f91b3196080454078aee1bbf03d7ecb1f682d7e15758,CHAIN
1761070856,3526607,158818d89d66b11720ef9c0acc560441e75425af3573b53af822258641fc2bc6,CHAIN
1761069666,3526601,84a15beb83f3dafb5695e369e499ec7abe0668ae306bd8ea4edd4d0ff865e1e0,CHAIN
1761068346,3526592,d5db653449967a3e32fd80f2dcdbdc2757e6b80371f233bfafb2f8895c6560d9,CHAIN
1761068309,3526591,b990c4de2ec54b2b3a6b5effb5cf73306c83afc810c8d9e50125014607de8786,CHAIN
1761065417,3526572,98ddbf8d04b9325d19dc1d62ed21c0a2ddd864cf13a77e26d0f4c638416e8ac2,CHAIN
1761065065,3526568,c1c70e8a09b4fdbb8d26e598148a2af2aac1548da8daad014f3f7e39a1b6ce54,CHAIN
1761063892,3526557,fdfe423c14765687d087ab4ccbca5fe76224ee08ac4540810db35051e0ec2c7b,CHAIN
1761063485,3526551,ec04580ec8b824977109cb85bd4c8fb4960a10a2a072a3d833845015f1e51df6,CHAIN
1761063429,3526550,ba29c9ebd64fb5efd2095c63e5605490a166bcfbe59982a2847544393cc0f4d2,CHAIN
1761062222,3526546,1a66e7d19afbf7fda20edf003b70e362ff927b03bc6fbe083a2007b6af10ee01,CHAIN
1761060760,3526534,e7e3e8eb36035dddf1e674925b6ea33293bb412f13467f6857acd2209895ce84,CHAIN
1761060605,3526532,6c82862d6e3fc95fae059c1bf6a0cc6e64890e3c1a2e787f978fc3c52d389cc8,CHAIN
1761059285,3526526,df1e02b2275ae5c453b4fac6845a5c00aff48e1558ff9c79ca98532956b8c1fd,CHAIN
1761057599,3526518,eafa5ce5576539fd54afc1cfab037f7f230fa09ab5675ccf2b2f257b014e4285,CHAIN
1761056121,3526500,0d992882783be446d547560a64374849b5612645c60ce9ccb7901b5547d9ed19,CHAIN
1761054726,3526490,6a4e852410764d8ee5097af341a2be2bbcd86ef9ba39660ce4ce2db4f3113c05,CHAIN
1761053382,3526485,02f68d0de30a5a307c793f38e0d5d1b427654152f02a5046e1f6322981a6598b,CHAIN
1761051624,3526478,83784ed532ee759ef2496fd404a03a11b25b574c5b5ef4d2328f2ad729c12db3,CHAIN
1761050272,3526472,c515038abc39dc2a5e664b02afec24398119a8a67d36b30d760316c61638c7e0,CHAIN
1761047962,3526460,6676db11d31ebbd8f871c05bcf3ead57a096402ae45d7f20d3cc4268e2bacfda,CHAIN
1761047555,3526458,62a27d85b558c3dbe3d39c8ac0a7df00d3645724f14a218864937562d81f4a0b,CHAIN
1761047387,3526455,6e02aa190aae45f5da60a811d31e9e73bdb0688989692a4c03e62f35a12d83d6,CHAIN
1761046248,3526444,885284ffbe18e0fbc07e50a1afed2b3e8c89ec18b559e9e64fcf741dcb03aaa4,CHAIN
1761046163,3526441,b1450363a5aa6c7ab55171c9750824beb7f46eb39269dd117ee8acaaa8bbad0a,CHAIN
1761045527,3526436,2a0ee672e1c00d81d9cb17ed06d01f7b91f8838abfe54ad10c6f11487eea9cc2,CHAIN
1761045477,3526435,70514dc14a44841ac009c1fb7ea84151e19887111adbf5b77619d269504ed948,CHAIN
1761045119,3526429,b824d3d4e2a0dc3f2647855e4dba484844292e89de1a7844009d529503a1ad7c,CHAIN
1761043671,3526413,6e9411d5665b27baf94c24b81999acd981aa89f815835045d674c894595b2814,CHAIN
1761043374,3526408,0c96f3959789a7b4d671007d7c1f9c2a11216fa6fbb10ebfedd00e81d86db1b3,CHAIN
1761042638,3526403,730317694586f5caa4b411cd1dbbf143f3e64eeaafa3ebcf2f3b337b1265386f,CHAIN
1761041858,3526397,15df583c2d242a8ec0c22a55e49762f1be58414f70654c9bcf45f721dd046c3b,CHAIN
1761041496,3526393,0a775670d5e360e18820a000f749c63a39e727d0150d07b2dbf8ed1465e6434e,CHAIN
1761040669,3526381,6bd18f5db45e62521e010499bf080c4eb14e1b641b0652622348aa1956fede7d,CHAIN
1761040475,3526378,fb04d85dd586f0e72358a12927b363844a9adbc2609e9387bc7342f6a1b5fa47,CHAIN
1761039942,3526374,a127a21eba3399cff437ac5a91bebf59fd7a4d23c756375ec1d5aaea4c558cc8,CHAIN
1761039854,3526372,b4ae312fb4083a569737f7afad92dd68dcd27c282fd30bc17f63eaa44745a690,CHAIN
1761039584,3526367,f89b9fee27ea7cb5290171ec48fe44230aa1636ecf68f78ba65379b6cb3aaaec,CHAIN
1761039365,3526364,599b6000e2c514921f62e1c79ab2112e5266949ca4cea5fd0e2a6a3e0404a62d,CHAIN
1761039182,3526362,7aa2833d355decb868c83dbb142b0046c83afe42c12fa29a20dcde2de1758ce4,CHAIN
1761038803,3526358,b78472b6a4c999ba15b56c8b2f2036b89d4d0f165aedc435b1a1f4fde02f19da,CHAIN
1761038759,3526357,601227ad07fa23e8e07d01dbeb4f24fc3dd938588195ab0b5e7d6ebe8e303e53,CHAIN
1761038478,3526356,e3a6bcf5dae641d80d366a832f4af098dfae472022476c41b08ca0deaca0cd7a,CHAIN
1761038381,3526353,55073f17637cbc947f68fe5f752ce1fb903ec0fbfab50f8de68a52b410113edc,CHAIN
1761038037,3526349,fcbb139fad542bec32937ec5e0fbc956cb22bb7075ad3ab8a9881da38f10b7a0,CHAIN
1761037635,3526343,e6b94aa87b4e9235a078f54a1ddb50463dd72306537a8f7939b14f8b2fb05c7a,CHAIN
1761036185,3526334,81a11e99373b0d077ebb345cbfd89bc108c22bd97dce1fd38491a174b2245c93,CHAIN
1761035971,3526332,c30360d3a3668d77293d32472d526c333b02357cbbecefb64e8da496f58e7501,CHAIN
1761035780,3526330,e08ddff5fc828f533bf99d57b0ae671acd471f5b0a1aa3cf3b80046326a155ab,CHAIN
1761035578,3526327,fa96e12bd0c4d7839de7ac48bd4425b746bfc02d006249a09d950f30d160bcea,CHAIN
1761035406,3526324,e91d47a0078c7a16fde4d0ce1bdbeeb13316d291a08908d8d56796c5b59673ab,CHAIN
1761034695,3526317,84cd7274ad1df6a781c8188b4489a16d7d3eef61550ed64b7416abfd74986400,CHAIN
1761034223,3526316,c2aa4c0e14f5b1af1a084156a1075032d288dffface0dbc20f1332893c4ae127,CHAIN
1761033816,3526313,d31cf26e4d53989003bc70d0ae9ad08db68b9682d7096a6e6cbb63df88537259,CHAIN
1761031864,3526299,dca4250a0c4fb701f7f80c96149edb9dc8620b284dc4512daf49dbf783296e32,CHAIN
1761029135,3526282,2478cc2f6f22853686bfc66a3a2ac28a783c24574910a21c22652b618e72fdac,CHAIN
1761029112,3526281,deee1b6aa1a01d8f52eed862244888db731bdb85f9ed8398f91a0ce572aef0df,CHAIN
1761029081,3526280,dec2db51fe55b2e36eee0f1763f1ce1cf454e13e25ca1d8282592a06484e978f,CHAIN
1761027886,3526274,70fb668e55f7914f3158592df58273730436b355adae0c3e799962676bcc505e,CHAIN
1761027658,3526272,ece12fd002ec459719cedb38e49d999e909bc469c61d7516be2dcaea4452fa17,CHAIN
1761026500,3526263,ebd14c5d4a16fac193cd5a3852cb5b54adb97cf1e94745446b8f82143dea6786,CHAIN
1761025111,3526250,fe462a93272f07d2ddade2aef60dcf8eeb06b5d082c172bc950db20d7ddd34f0,CHAIN
1761025028,3526248,4c07102f53566f7fba0b50a1992496f16c60b62c346a2196b48acc05780dc42c,CHAIN
1761024209,3526241,d607d2c0fade17f90f838fa81c52879add1be5bbf941ea9af5d857c24e2c2b1e,CHAIN
1761023935,3526237,f6aaafffbab77525c8ce37d7646d0cfe68e686eed38dc2775aec87904a1ddd3d,CHAIN
1761023563,3526231,b8173bf9bd163917fddacd40a701c8c8933618d58089a63e3901dd88c1372750,CHAIN
1761023414,3526228,128c95002dfc23455e0f0a044e265587ae081afbe3f3cd7fae225fa9b51457ed,CHAIN
1761022650,3526224,de59f3aa9ec140c28df71e6635fb9bb76e14a6703727a91513f678d5bfd2ce3e,CHAIN
1761021468,3526213,58387ead515e4e0e3299f83e0f17aaa41fe2583250c21f114af0823c8e45a66a,CHAIN
1761019634,3526204,38497dfa9cacac942e58cc509670a71369b9ae95ad01648c7f54a8095e0cf7a5,CHAIN
1761017097,3526189,8ee93c6cee088323bd1e0aa8d0f54b91e3a4c5bf4554415184b40cb8d8752ae7,CHAIN
1761016497,3526184,500233656cce6803d3c605f4087612751a33e9a1e03132b73357c030e4eff1c8,CHAIN
1761016240,3526181,a47882002daa5412015414c26e854eda6fe741466fb2609a14bdd86e75b81d60,CHAIN
1761016074,3526178,3a5bcdf2452e6fa052efa0f531405764b7e2ea2d0dab21438ac40fb282a49415,CHAIN
1761015893,3526177,87a79de5ba845e4aa88f52866d67c1c7e3aba81e2edbd30d922565b59adb10cb,CHAIN
1761014736,3526170,0397f20f6a4a2d642095218d7abfa3c57ec9ddab4ef4b8e571c45cfbf11d12c1,CHAIN
1761014138,3526163,7cad0e5e5b9359ffacdfd2e077c91526db7687babd3304731a90fc702477400c,CHAIN
1761014000,3526161,7cdd785ff19aa4c75b8a2010ba075873f434050c8298034bb8d220d495e0081b,CHAIN
1761013996,3526160,27a26147f8380b1b4b7f6ae387718f295b5054743a550e66ec52fbd338600cd6,CHAIN
1761013986,3526159,1ad9e1a516202edcad1e17dddb05a57e96266f230a0812a03a4468d5c4334a99,CHAIN
1761013154,3526153,cf8238f2a1b9dde7f34ccc3060e26acc2ea17c7b0d407f844ba1f87174e8aa33,CHAIN
1761011979,3526146,41c85758ce94e6abc1b589ce4ff9079c0e290988be8271b92ece12e03a58bdc0,CHAIN
1761011386,3526144,bd9d3b62b8fc1a118c43d7d651454514678b318e9dbd4a67b55addbe31dbffaf,CHAIN
1761011277,3526142,7235af83797dc18be70abb18fa1f6a0f31d200fd5333d418cf954be7c6d6e316,CHAIN
1761011029,3526139,ebcad9d6cad67b7096381fe915216439c6e4f8f88c8305c8a4a399f55e15dc4e,CHAIN
1761009642,3526133,75075281161cad72ac3ebd2c6ce3444bba3c201b0437777ad99d3e4df9d0a41d,CHAIN
1761009533,3526132,17cb427065edc70b7f686a6e9bcc82f26e0df5e5c0799f9748c438448681da84,CHAIN
1761009051,3526130,9662082417d75040cff1fd432b8ee25f1dd9e9148da856835099c3728711ea5a,CHAIN
1761008882,3526128,cfec5c443be8f7ca437bb37f037945d3a2765c4e479824347acf3fe0fbd9b82d,CHAIN
1761008678,3526126,a8ad522e1f8d813cbc87595c58d9db946e390ff79498d1d5da5d356e7fe3d701,CHAIN
1761008410,3526122,c23cf7d8ae7f1a22289c0dfc0bb0727714b560bd2914b1f972d8fffe54bf3737,CHAIN
1761007956,3526118,cdd0e98dbd08f7aaf946c9cde06a3553d0a76bb8838cf730071fe8d5f0026986,CHAIN
1761007693,3526116,14ceb54480a24aa1bcb70175dd47dc0ab34546e0e20f259aa15e2b275f451325,CHAIN
1761007103,3526110,0a6eba7c0cd02ba9d0062041ae1a14dc1c98990db2d12d03c4b66050eed5c8c3,CHAIN
1761006905,3526108,9bc5f9483add356a028ac5c9a8657abb9bcc284dfe64560dc8a79ee2d4158b70,CHAIN
1761006253,3526103,86c750c385c126a4fb1dc8fc38ac386f09472ad8a554c383cff75cfd0b8228c5,CHAIN
1761005948,3526099,e6b57eea292054856633bf7158791c4fb2960237a1712b99790ad1b29a4d25e5,CHAIN
1761005698,3526096,13978178ef18034bf6354f4e1df14a536fe06510b90fd496eb8845c9a3300a96,CHAIN
1761005613,3526095,a64a84116263e981b8256ab5099535c87961f6f8166c1487413d537310c041a2,CHAIN
1761005184,3526092,dd547de998763336ec2c9f1558293e25d2614df738ff9914e13ce99d540086ae,CHAIN
1761004150,3526080,766bde060df1af055d016e35f58004f81dfc97af9040c81b05232df8cb3cf074,CHAIN
1761003934,3526077,8ddb3dc95b312aa275205d9efd49fce50eb6844b4ffc788c5d2e503c399de7ad,CHAIN
1761003727,3526074,a369096f2e79f6cd0895c630c6f5fbbf6074843dd5c456594133a4d5f7e61ac7,CHAIN
1761003690,3526073,16dff23703b8cf3ea3f7c6c6446169b161e78198d958a7b3d9d1e25993c39bd5,CHAIN
1761003134,3526069,c1fe09d86534b36e9d931a64412672405f4115f61cfad1322e584d1492861d1b,CHAIN
1761002833,3526066,5d9e7ba79f91b839c88e846ff1a427a810e48c5ad66d7087cbb676ace33d0e66,CHAIN
1761002702,3526065,3b26f884f30d26d7db89668d3bfe7ca720e35d24e26f3195147fb7fa2ceb647b,CHAIN
1761000924,3526053,c15979841bb60daa329aaa69bee381eb6e1242526de1ffd4f5182e0a575df476,CHAIN
1761000818,3526052,116e04966845de06a9cad1be392af1f93d29c38659ab8be7cd8ccded98294689,CHAIN
1760999177,3526043,55bfe501a90fc1dc72a796024b9a4566c2c313b491f2c5fa648d14367e5f2c4f,CHAIN
1760999097,3526042,e32cb1bbf2f0ae05863783c0e7925750e8f473ecb53ea962a1e3b4882377a27e,CHAIN
1760998219,3526034,e14ff710592eca92d5c25c69497f0a2455f1488cc857f03fd0db3a29e7d230f7,CHAIN
1760997226,3526025,297a05491704547cded797abe300f591a09087df8c68497da0300809732827f3,CHAIN
1760996906,3526023,fc06d24899490840d997d4e2981c514982bd4d741d41b04197d602849689f844,CHAIN
1760995575,3526013,7890903e6b7526e30b8cbe73979c8777b8ab3d49d16df82d9933ace939c42645,CHAIN
1760995293,3526011,0fa6655491d9509f0f659b7ac497355930f45981cb65e92bcdde7f02ce58bdb1,CHAIN
1760995098,3526008,2ce65984f773c5198370d0b85eb907b8768dbdf85e366eb7503ff1dbc6c67de3,CHAIN
1760994444,3526001,1d3b9411a24780048906b900e954204c404ea08283266236eafd3ec316ce59d6,CHAIN
1760994137,3525999,580b7184380449e381a3f3731febb01bd4c41a783e8699c5b03ac64610b1ca2f,CHAIN
1760993950,3525995,d497de01ddeeeb49ea213a09a7bfb580a26653cb9d0dc286a7e6a1d380ac131e,CHAIN
1760993455,3525990,10ba97b06cc97a826895e45b6f8f983b6abf0ee36910d240df8549d6f5a80b21,CHAIN
1760993293,3525987,4fff29dc1b6aeb1649f9a5c8db8cf14d917966094f9d639bca46cc9e79da4214,CHAIN
1760993150,3525985,709991162ee7364e43ee0d8140d2c4c0dbea02c4a42bf75f10f1dad995f9b223,CHAIN
1760992915,3525984,62171eaea26de76c8fae86ba70423a61f982cc684a1e3183f878c2914253e049,CHAIN
1760992666,3525981,ccbacf9c68b3762a07c6ac29b9f57554e6e606e4c9828089e6aefaf8aa6dbdf3,CHAIN
1760992562,3525980,2e44e0325072c8e17129f6e1bd8247811e186228d88ee1aa2642f9d9540848b6,CHAIN
1760992140,3525978,bbeb30c2bb71fe3abc8bf5cd40d000e694f53a23210e3bf43b4aeb18147d6acb,CHAIN
1760992002,3525977,9b699eaaa64ff8a6cb6e6bae5ad413c531cc4b08adbf3892375d99b8af0c6ff1,CHAIN
1760991943,3525976,7c32f7e7fd6580740e8e0af4db22ad156f1bc66ecf7b797e25c869bbe4597dca,CHAIN
1760991594,3525971,6d1499a131551beb0c5a1642472cd7d6c51985a1f8cfd2de45d1c060b661ffdc,CHAIN
1760991512,3525969,2f6a21b21a1aa6b702b98507e2e8a1865097925faf89a72bc7f3a319d82d6a4f,CHAIN
1760990414,3525957,d17f409de67225584039373c207bccc01af3e8a54e34735b547b70bbf0e26fc8,CHAIN
1760990164,3525955,a8005213bad5ab602430e2e44a3b819555e63d96190ced46fa3a5e1a6f12e000,CHAIN
1760989717,3525951,0ec9ece375c3c6949a4a6c43d3acd9e6118ab4993a9725a111ffb3993a9c2cd3,CHAIN
1760989052,3525947,11df28c5a59a049c9402cb8c4d067d5b96667a526c407e7f38308992e80651a3,CHAIN
1760988477,3525940,a1aca1362b089f39a55d35727a37ed176197f750fed3193b97ca66e0700fc758,CHAIN
1760988401,3525939,106ecf5aced7a537fe4a4257d04918ca24215b4c21f610861d181f730e6122ad,CHAIN
1760988351,3525937,f6557c5cae9fae9130fb2bb10b2fe1ddb9c9c978ea28e028cf643891a55bb5e6,CHAIN
1760987930,3525930,f17c67d3495b16abf4fc18214966113a99683beaf74f23d9f7fc51ef9e3f8234,CHAIN
1760987589,3525927,222df2b8b80c30a53d3ec13997eb4050b07295847ad704d9647ad2a1a62e2a1d,CHAIN
1760987574,3525926,36b3bb55a2728a2e801a7cb176f44358c929f1b68171c68facf080bc9b035c50,CHAIN
1760985889,3525911,8a794679b4caa177a66175285a811b82e34926ddeae92f7c610d7ece10f5a0e1,CHAIN
1760984331,3525903,dbee3689f805b7579f53360723cf63a1922d68d94682829a8625a3fb8b088002,CHAIN
1760983407,3525896,8c8f29ceed7006e187bc90fe67176070933f141c3a0d4a91a4a19a0ef8660074,CHAIN
1760983182,3525890,88d793648598eccc375eb817abea9cfe11eee9c8dff9ce2b4c5abc2626f5bf8e,CHAIN
1760982694,3525888,86765c572a404873c91032426958f8b0adbb8ad500f8e741e895f70701dd48f3,CHAIN
1760982506,3525884,38ec9b217f8a658ab2d2ee4e34ceb716b7b8b053a34aca582287e2812b5c2316,CHAIN
1760982080,3525877,133549cafdf1c9f37b9707fc48ba7e06dbedbbf959b9726dffc51ec54e72f03f,CHAIN
1760981213,3525868,54b8b2caf9c5d7ab5bdda563ab20229e6a70f4bc6e89c3ad21ee9c44375312dc,CHAIN
1760980405,3525859,ae4af8bf8b8b623d5cf384997ba99e2fda11263ab17a86b1cac09ea78016d1d4,CHAIN
1760979992,3525852,70ad83ac6ac6539dd291213259a977b1cee1d826c5dae8c8a6b21008758dbc0a,CHAIN
1760979050,3525843,f0c5565e4e2b783c952b141f64d34f3ed69a1deedbb14698b57e48274f707ed6,CHAIN
1760978784,3525841,ee1dc685e345121197961d519a04d9c608381252f99ac017826c9fbed0b39536,CHAIN
1760975455,3525812,5ca73ceaf7cd7df519629b45d56092243e595448f5b239014c687b8d216ff762,CHAIN
1760975360,3525811,1086c422edfb2f7bfcbf0b59aef6056bf04077317d3908ca5df0b9973b3b3c83,CHAIN
1760975184,3525808,9db69fe21befb437d2ce32a57bfbd15d26d8d379499d9f273adb5ce9a71fd484,CHAIN
1760975093,3525806,9d6353b6f60bc8d6ef14725d7275b539eaa5523c50343b74f7cd664efc81bd6c,CHAIN
1760974922,3525802,625dd5dc83fd6db7dc76a10de8ab8ec696c4659307dc1bc2f118644894c1acef,CHAIN
1760973782,3525793,97204091d1b8b499b1dc3c06b30aa6757f3e4adf7fb69fe44f95a593fff9ba45,CHAIN
1760973225,3525786,e4d7cd65a139572ef48b6cfa2e262d8f8cea1705219d912002870efa82f84930,CHAIN
1760971226,3525768,c5799e9e04d5a42b1c7ebdfdca6040286c174b40694ca8dbd58759b136b2ab3f,CHAIN
1760971130,3525767,0a88c2e0dbce7149af4fec3ab601f8447f40bd6f6c539d098f445b0ed7677cd1,CHAIN
1760970494,3525764,d430fd4afe5ae660e551cdfb4aad6a24c121ea69d58e3d7d813a0a1e9ed4c8ae,CHAIN
1760969971,3525761,a18c20dff6e1f34a70837c7351ce383c382747137930b5ea2fcea4f7166bb68b,CHAIN
1760969762,3525758,bcd1bfaabfd4a3b5c54f3dcb9dd2ad49b66b2c7e01d5ceb94aa4f4591b525ffb,CHAIN
1760969201,3525755,4537cac90039c5ce5bb513f98800f06642cc08a4f08d1e43b76d98ffdb06dc7b,CHAIN
1760968634,3525751,bef33da754e1ec07eea084f2586f1051d4fcb7d6eb652aca42361dce2493955b,CHAIN
1760968087,3525745,afe7f155eec34ce20f11a968b3618aa8cb180f44f58401458ec235c97c1dc0ea,CHAIN
1760968018,3525742,469739e69e75413322f1b487bc557b1bc7a1d5a09e00685a110b7763ceb130f0,CHAIN
1760967038,3525730,bb6fc92bb561588df43e8baa0392096588c115f26b64adc4102bb5407ccc0598,CHAIN
1760966451,3525723,d99ed511b5051112d74de968f3574af9ea7cd4c340a749d54d353e9de3d32ec1,CHAIN
1760966051,3525720,5f137329302fc4d2ac8add332739e3e61090cb6d1e8304c14198a1cfb9ccb09b,CHAIN
1760965855,3525718,b4a88c3465ff65d5365944630fc8504f3d1c3ff8f03b2943f4e7a88a556f754a,CHAIN
1760965709,3525716,2121387bff2eba738fbd6a5f91e5e5fe1f870c24468aeab5a18ac27974702541,CHAIN
1760965280,3525711,ca7820ed0922491b57c9de48d7a024278aa21b14297f7461eb47b38212e1e621,CHAIN
1760965000,3525707,d65ea526803a77128017410a9eb2bbf8a2065e71f09599dd6c93a09552a3062b,CHAIN
1760964876,3525705,fa40257cb7d61495411472bc9e15eb7855fb654e9df3871f8cfa4ae87fb01d1c,CHAIN
1760964607,3525700,c3f7ba6c647eb31f865a7d7b9b00205d446f291bc5f5516d21ff7c744addba45,CHAIN
1760964373,3525697,11406c3b5ca75b64f45a02461660668ba3df90f6abc3f53da2576dc1357ee24a,CHAIN
1760964192,3525695,1aa26c6d4cbabd3376ca8519bba6649ad27ecda255dd63afc40a0e9b4cb66910,CHAIN
1760963571,3525690,c335636ff03344c7ab986f94fb5904713b96f746f925b8decc535142c9c36964,CHAIN
1760962701,3525682,873a6e04fb2939c58031ff926104ccfdf47058f8f9e9ee3b817212952686cfc4,CHAIN
1760962318,3525676,341cf8c46b1ce946b9c0ffbf26f5047fdd66faac81b8b909d9f8e86af593597f,CHAIN
1760962271,3525674,131461979e28712894358fb63f1dc7e726a0ceef7f6ef6781cd9d82444f6106a,CHAIN
1760962080,3525671,a506b558a9ded4702762838e1765a2221d479e74e982906370999d7af1d1ab7e,CHAIN
1760962043,3525670,372d263d5a81e06f3fea7590e718d60cc466472af59fed122894ad13c6ac53ff,CHAIN
1760960340,3525653,8f0495aa6f29f0a14458b99cc776cb57b1e8388fffd0b2caff7407aaf279a7e8,CHAIN
1760960022,3525651,173dedc1c18b3430ec5f36943da421bcb66e4cdd95ba5f54f3368388ed770216,CHAIN
1760958888,3525643,18cd35cca53b37656bb64b104b0436b9b430eb3f58fa4079c0c9a10cb9b0ec06,CHAIN
1760955519,3525618,f34d4d0317e8b5680f5c573d7c20231b8bf9bbaae21b18d977c07bafa7d3ab7e,CHAIN
1760954364,3525611,73427e7a3d9206ecd86dc06603552808b7ab601606fbd3faa7da6d7e64eccc98,CHAIN
1760954276,3525609,c7d612e58658625131987687f22f91c680ff1ef3f083bd9880b1caf6d5594ce1,CHAIN
1760954098,3525607,3c8c2a1f74fc3ca2c493cf0d6a7bb3f3afde575e3c4d5bdfe1d09c0e02fee045,CHAIN
1760954067,3525606,919427ea16fd2fbe3798245f2bb7e57f886e20030f6641683706e6dc7ef18741,CHAIN
1760952639,3525594,fb510b0fc028b7af47b7725892a383f074a8750da74d4547a78b9511841c574c,CHAIN
1760950885,3525580,0c7749a54a0e5ebe4c4c5edb02e8913730c4bcc5bbe1ea4361d25c198e146135,CHAIN
1760950717,3525578,ca59a80f9913d1f50aa8b7d2a2d38c5c625c986ff1276394c09f2403bb9c105d,CHAIN
1760950511,3525576,e65baca2544b7ea1d7eddf69134faaa3f1e91b16cf9c4b3b2b5319344b7fc777,CHAIN
1760947955,3525561,d32c333a15f00ae0a3f8df8568f9c588e6646f101d82c979d93da94b76a28137,CHAIN
1760946345,3525542,d63ba4523961fe505411f01740a8e5d8d254f2153c9fbf6997b8c8839ae43604,CHAIN
1760943366,3525516,480e64623a000849eaa978de8a8d39fac95b26f81fab4210900531059fe7d207,CHAIN
1760943204,3525513,07909d1c862fc814f952145f8fd2aa926e3c26150dec0ccbfb32119f1f8166ef,CHAIN
1760943039,3525511,845cc6d6951ffe2e9ad52e626b450a38394cafdfd7628e9d89da884fdc2207c9,CHAIN
1760941594,3525493,4cf94302b4b14fae95097e8b31c8d5c55d65e589df6badba18bcc04775b5af0b,CHAIN
1760941190,3525490,d227d523d92610ee95d91f024f6191beee6c578011aecb4304518c07bcee2338,CHAIN
1760941086,3525486,0b4835e157420dfe79dc6cae98e5cf95bb382f04281ac7841db34e498cfe6cca,CHAIN
1760937012,3525463,c09e514767d2f9133ccc8de0af3804f2b9bce07ae3fee91534413426c64a0a9b,CHAIN
1760936510,3525458,ef2dd8af888bb74685138e951f8e5ba30942522f65cfde2d2a46450238834e22,CHAIN
1760933828,3525440,60ad0afea14d4caeba687b786d63d53cdd1e2ee5256ba730e1298ee28e4ff54d,CHAIN
1760933700,3525436,56022203910d21068838b3d459f58e45cf28c53abae4afc9811960d0ffea8383,CHAIN
1760933419,3525433,85e556df6d4e5a4f42afb029a75e7f5111ff3d5c4ab46085c6c467c7e3d6f3e1,CHAIN
1760933410,3525432,411e981acc913498095e4cda8a07d4939b33671957d986bc1c899e6fd713b3bf,CHAIN
1760933242,3525429,fc656abae87169d407d43ba781b51b7fef6697e16593b5d463dd13df09e8be50,CHAIN
1760930245,3525409,a4cb32706540b3dac1d06369a1e71ef06b8b6b0da5edc95051b884ced58a2055,CHAIN
1760928213,3525396,1b452b1e871c6adb3265d89be71ef91b5a1ba61ffb7b7417a7bd70804bec92ba,CHAIN
1760926993,3525387,c52e2f914cb96a83771876c5004172765b2022480b164120f18923aa2dee7894,CHAIN
1760925592,3525378,10d464c567bd9c6f33220cea3dd8e04cf35cb5867ac2a304e2dbc82c3ac6bb28,CHAIN
1760925560,3525376,a4ea36f45aa8996f02593db2669585f781a477f2e4e72f0b8672184e38f0c91d,CHAIN
1760925077,3525373,f95939e148442ecd10d342637289baf5735da54e35357685eb6e4643af95306a,CHAIN
1760924926,3525371,7c3b34de39f04c078429ac56155fc55e049107afedeaa8fd2636d45e16ac4f3e,CHAIN
1760923980,3525363,4c443ad3270aae4579c2582220db8e54a169f307b82929c91413ca9c4b6a7f4a,CHAIN
1760922370,3525352,ae52446760b6784168ecc4788c114c4896372b8410ac838594b05d5b50a193f0,CHAIN
1760922339,3525351,23d2627616eda3ebf0ece49adfb8e732872e7d1c6785aeed54e7d0f8d9abd3a1,CHAIN
1760922135,3525350,ab3e1c965b37cf1caeddc7db302189300d5230008d45ea3164d5d81c253e41fe,CHAIN
1760922110,3525349,c2c5a00ee376243b95fe6e98e5bbb890ccf01e27a1b010b5c8cd692c9b1af405,CHAIN
1760922098,3525348,2f1d91cab486bbc1756a78f14d77aed4a0e6dc53b8c2feb5e8e5b0c192d6ad47,CHAIN
1760922022,3525346,382685db8bb3d76536d80f5ad3dd251b7567bc9bcb62b330d03f8bd8d4e63287,CHAIN
1760921805,3525345,764c85df5fee2fa125f37469c080bf01f500066fc3a8f8cff33dd9da67b88f9d,CHAIN
1760919130,3525325,f8092aa0bfb44d34463caf9779b74f61155fdf08d98b95eb3961b33043bce053,CHAIN
1760919028,3525324,cfeba022b82cd8a10db86d7ff03107accc0549f02db8feffe87e54340dad3b6f,CHAIN
1760914171,3525286,0690770fa5749cefbafb82f2834bba4e17476921bf9344ecc38badad33165d45,CHAIN
1760914130,3525285,f3184f03f51486f18b8a3953a70af20f86c5e4ebb39414983913a286da1ed2a2,CHAIN
1760914097,3525282,34ffcb041d60eff14c52fde86e3c9b03223c979d12598ae0ece942ebdc2bff71,CHAIN
1760914043,3525280,d294631ede9722365909c8006ecc3b63ead85e283a6c2b4ebcdc3fa675e77f19,CHAIN
1760909366,3525253,1e162f857ff7245c2c3ba901f0b289ad1fbb05430ddc8affd3f46782e7efe1b4,CHAIN
1760909179,3525251,677b021d6f8e0ce39016fc023515026c7247e6c1fea253ff5210620a826fa5c9,CHAIN
1760909124,3525250,e37b7bbb40a92b22a1ee5047a2f6a44df0a2a0758c4e00370738afbb02e01490,CHAIN
1760906305,3525238,abf76452decef50378a391043d56920c283a041ddcfdb1982c53269465dae5ab,CHAIN
1760904744,3525231,20f262bb184134044abc73ce015aa2d4a5db7b28ec365fc11d476a3e798dee9a,CHAIN
1760904271,3525228,abed01627f6e0641d66dc946298fa9aeb8988672b15bb77b90fffc7b48f74050,CHAIN
1760903064,3525219,47f00234c471e9fa6a89d876c27dfb55b1cc7cae5597e094501e561b7f81b8c3,CHAIN
1760901251,3525211,d1ac7ec51f830b1a2f4609676b28aac5f3a4fd31f232f014316d683230a033f5,CHAIN
1760900992,3525208,718897a832512be203b14c1eb17af785aea581a2abdb9931a6349a31e5a7aa79,CHAIN
1760896819,3525180,18a518beaa61b79aa340a3bf962f368adf1c7e0908642c03abc405b0c516438e,CHAIN
1760896816,3525179,787fdaee21b0e1e6d93b68288903a41ba385c37235414a042040bc0f77df281a,CHAIN
1760896144,3525175,4ec8584ce6bcd4294511eff9f842f80535e273f7cdc90058eb780efec4cf3bba,CHAIN
1760893402,3525150,2e45e1a7659e5454ab0ff4777885fcecbb18c524c4794ab5adc3a1c21b99ee4b,CHAIN
1760891840,3525141,c5f9ec86396c11dea572f6670b9aba17c0c7276c483247996267e782da765aae,CHAIN
1760891684,3525140,9caaa353ee2a24e100ebeba004ebb8f8d16d57ba9fdf08f21690d916b46235df,CHAIN
1760889766,3525128,a74de95b7550ce8fdc2847cf162591d1aaf6a6242902b03fb419a6934003729c,CHAIN
1760888648,3525120,cf6d316596aae8aea933b061f551f6f3baa721f3ae5bec87951f6e12aea0f9c4,CHAIN
1760887938,3525115,8c4fb42c1d3e46ce6d4627152b2bc8a9f5799913cc51500dc305365a540e0825,CHAIN
1760886632,3525106,575b224ea35ee658d9d94b2e73b5b50897c182380e0e95e5aab9516fa25d7237,CHAIN
1760885056,3525096,53277606b5957bf0d05f547e352172be237f186aeeeda1b6c29bb9f4a55b5b2f,CHAIN
1760885042,3525095,f0e7383f63d97589fdc66d7ef41d010b221d0e2aed7a594a0d716f69b84f10de,CHAIN
1760883798,3525086,a5e33aaef3834b90f5fc003f8de244ceecac8765f0cc4e00b48c171e7217657e,CHAIN
1760883628,3525082,8c206755f3398126aa11cf98174a1b3aee2e758fdecb11a0fa5f615afe0470fd,CHAIN
1760882015,3525066,1f6cf349c8517021e68e1f1d5b5adc3566c9ac14aaeb8a7b550d3169e35b51cf,CHAIN
1760880500,3525056,adc6f11b4d51f4ee19c1d44ff7b5c6efc26b40fac96c36e8d764e046e1abe6c4,CHAIN
1760880408,3525055,1ada345c9e509e8be81aede85546c6265bf9ab9e766fdefb972415c3dbcee395,CHAIN
1760880026,3525053,8648948aad0c2eef727a08cf26a2c6f82d28d90229b2737e1fdf6832c7a7423e,CHAIN
1760878426,3525041,4b95cebe29868824bd4d8e72e5de332d197ae1233b3dddd528f78acd7826adc7,CHAIN
1760877327,3525033,fc66976821cfde1f6d192e7aa26a31386f6a319eea382f131c537180c1de0a15,CHAIN
1760877217,3525029,4b457a90770882f557d30202945ad0826c8c8962dfdf008467ddffdca8cb189b,CHAIN
1760876914,3525025,34d6610b66930cab91c57b3e7e4b9d789d5fa7c5091e46c73983228b264fb48f,CHAIN
1760875164,3525009,a679e83d6e43ce685648e4ba1ae06f75b227ed87fe80be5d664df3d2bd31bc82,CHAIN
1760874936,3525008,7df9a92ddaaa0b6bc2f8e3ef6119d5caa5d115353fc5eb0fd1b31d2b5127ef53,CHAIN
1760874660,3525006,c0b667231ce68cfeba23b530b1fb53bda8d379d440c78c26be3aa85d5f75bee4,CHAIN
1760874063,3525003,602c8b324425f01cc8ce80727f7784c512a984110f6591d562c5056f0606aeae,CHAIN
1760873353,3524997,44f24dd6cc32f4f985a575abb5b5f91b10f79a55a8fdbf8a570e7109bfc16ea3,CHAIN
1760873017,3524993,f20ef8efb6e149b1019d8c04cdd2ea51a3cd0727f89e3fed5b4c45a872b71173,CHAIN
1760872583,3524988,d2896d570a34a44604ec8419145c15a92603602b1fa3df77ceeb2f49217d4dac,CHAIN
1760871573,3524977,0016923be4f4aa1dd2c8b161b2aecad162aa6cc17bde91ba76e45484bbdd8fd6,CHAIN
1760871165,3524974,ffc9acc21fb51c7528a5ce104e32526c46ac618bdd15d94a29295770322a4458,CHAIN
1760870019,3524967,b3da71445b28f063e7985421fd4349e66f058e3ecd41a0e1a6272d2f63a2107b,CHAIN
1760870016,3524966,36f55777a8fca6c2852ca471b7487df17aa7ea5c58162c1d763cb4330db125fb,CHAIN
1760869985,3524965,e308beac8f8d4f6eba95ecb27c604c0625b25cf78f5a5d62d7d894e188a88def,CHAIN
1760869794,3524962,486d8f8d6fc8e5da0d35b97e38a56cebca45355a215b928c6d3491176f425e82,CHAIN
1760869727,3524961,2274b07a8f0175acaae2ef009ab1d508c4ceb8ee8144e12d2b2bab801546f32c,CHAIN
1760869351,3524956,a98dd2206b5575e123e470ed0f26be0b79130ffc9fe11c71a6c80f129a733f28,CHAIN
1760869061,3524951,ecbda3a8e94a99656e657a2de4a5400e717367da7ee0be6d16711bd1056558d0,CHAIN
1760868147,3524946,c1e1e0363ed4b3b6cf1d24425de1a16300229d099b96187b6a308b1adc94dbcb,CHAIN
1760866738,3524932,3b95a381ad00b11b535617402cd2bb82892af9c50ed2f2f425ce6eda736f0e5a,CHAIN
1760866141,3524928,7ce8532ab7147ad232d941f5061b228d5bb74fdd6ee1fc63ceab04c1beeffd2a,CHAIN
1760865837,3524924,b20d17e27958f9f986bcce4b442f1435c5471b789cb7d70c638c200e63009047,CHAIN
1760865517,3524920,fa6a2dd208f046ca0eb8f4b96f7b7660286d2f41b4537ca41537bb6d0664d5e9,CHAIN
1760865351,3524919,69e38b5632d44d0d1b8f5f9e8cc342524830c3b83042feb0465c2c3339761f9e,CHAIN
1760865205,3524918,8ec0ed7f012b7af5fe43b04d746cc1cb3961d42e72365d23114efc9eca49dd10,CHAIN
1760864116,3524908,2842c161b207e4b44cf024b8f90b6d6ad21a8d6b20d4b1e3238624ffb06cccbe,CHAIN
1760863223,3524905,eb807c097615e6c9303add6c20de67a074b8d21ccc9778ef893c6578898b3957,CHAIN
1760863220,3524904,259aab228169b0d0406f50103aa04ed393dc8f0c612554383c06c58249a63541,CHAIN
1760862318,3524898,232b4f71f7bbcb60a5d26180a5f487a5a5b42b6442e2154b0e694e4538c9615a,CHAIN
1760861887,3524896,c0d9eac4d2ad25d3147e367e6719888e42d72e3d69244f7f3023ac7bb4bf4add,CHAIN
1760861803,3524895,8cabda8d506bf6cfa913248d95d3c81375f0b49f3526e9db3e7760bc4d14b9b2,CHAIN
1760861436,3524893,66bb91b607eb3a2d82a8283158ba2a49f737d1ea0433c63e0ca4b7323e8991f2,CHAIN
1760861427,3524892,5c01ae1e22cbb8461fe55f54b251a0078c4505858687ea559bc7b083cec7591a,CHAIN
1760860963,3524890,fa46c4025795938da670978389cbe8012296ba2fad47cf1292b939d35ab16e12,CHAIN
1760860396,3524883,eeac5e9dcc6a708e6e000bd2c10e4d6473b867915e3599a9a79782f5c3c943ef,CHAIN
1760860202,3524881,3573759c5ef8dd0af09f75c911b2f2790037c0a2425d249db2a6ee378b575146,CHAIN
1760860106,3524878,0b88039ddb0f668f06d285a72c031d3bdadc9604301c0d16abfef95d82486fe8,CHAIN
1760859880,3524875,dc630ff3131d8b98b5f489ba06a6e394468b58901fb2019dee41e0f4e5442e74,CHAIN
1760859190,3524868,468a0e2923bf1b35e456ed235dbd34640778c4b5fc1035b8d686c9af2d84cdce,CHAIN
1760857653,3524861,840851db8cc1b80d62652a6769a745e29d7d725a4880fc25f06092237209d38e,CHAIN
1760857638,3524860,4d293a264d06adf8ee18dc0d8ba0b8da038703e9cb2338b5654b2a6e94cf0349,CHAIN
1760857405,3524856,1570f8ebc120ad09080f3b43b05befdb29a12cfc4e3787a048a8c7199f17af72,CHAIN
1760857367,3524855,3b78c9a5fa160a0faeae2e553f813f4b788cc17554137c4ae6e57f0d861f5d7c,CHAIN
1760857293,3524854,aebdde72dbb121b47b26174f44339d778e77c622e6c285aed1b32d1445f83b22,CHAIN
1760857171,3524853,5f2233447ff7aedd7740f86d5b1f7abde00759ce6c498666f0abc98b5b349503,CHAIN
1760855434,3524844,53c2715e9b47826724cdd837da4b0d8d85b8a3f1236d7ec3fe2e2233b0d12c44,CHAIN
1760854954,3524839,d353d21fbd7d04a358a3250c30119e8a9128c53822462b3e5075453f498e8701,CHAIN
1760854708,3524837,008f3653bb5a0645d0cda80e3c010c726909f171153e4f827a6f96822c73df32,CHAIN
1760854575,3524836,efd7162c81952356bd70ae85326a4b13f0a31ca27b757a94b7cb4b52f99f7846,CHAIN
1760854380,3524833,15dd81079a71a40c0b3979d8ed4107309c9e0cd8d571b3431af5f84f26063979,CHAIN
1760853560,3524826,8aa1a15482d52c497f39076cebd450fbd93fe7d86996f6a924993a1bd0f8e697,CHAIN
1760852810,3524821,96c95dc57b778439ca77cc6e7a1336e32c29bcdb111f3bcc026bf5a9127efe6c,CHAIN
1760852007,3524817,de026ce12ecab4282d5dcbd90990ac8a7849b5543fc60276e67ae1993c9c1dc2,CHAIN
1760851948,3524816,8ff1851086c2e5d5d989df1f263dc37050fada8c50b8e0369267175db2be97d6,CHAIN
1760851449,3524813,b5ff9711cd444e8e4be3a5168334bc0cf270af5c634b40db64ad9bec89203419,CHAIN
1760850378,3524808,617a35956f026d32ea985d9b7dd9ec765b6df745b8ba8dcb9d708dff13ebe0ba,CHAIN
1760850156,3524803,d005a5310fd5757ef6d4a6b048f06e2eeb80b31ac6e845e4ac544844139225d7,CHAIN
1760850071,3524802,e555274f08726ebc1b7224731c6a523b6e6b1d2b8b32c54bdde7449e42d2b82f,CHAIN
1760849559,3524798,0ccaa7d4edf1e7b5c3c9c065615c3aaa552d1bec32791f886072b85d2f5bcd86,CHAIN
1760849282,3524796,65a2cf68bddf84a1876359646960c2035c710803dd8ef300d22f2d326b4d1ccd,CHAIN
1760848899,3524793,e0bfbd3104c3eccbdf802473e31dcb78ee0f9e888f9e3656d470bbb23b5fadc9,CHAIN
1760847713,3524783,83b7f462f45bf11d24b14d57799454571fdda4434cb9192bbaf824078924a2fa,CHAIN
1760847040,3524777,7390e6f122b6ab832643b123b795b8dd265021d30ae41c8fbac588b2bed18220,CHAIN
1760847032,3524776,ce5930306c8bd9d94da33031f80ceb39b32a8bf446bde9829c7d941d44c87e56,CHAIN
1760846251,3524771,59356cc664da1c3776d33e291db05e94622656e3f6e7fb4138f374e5e4b1bae9,CHAIN
1760845095,3524764,ab02ba37e34e66e1d604f8236880573f0d9c0d39a05c32e268cf854fd075a065,CHAIN
1760844588,3524759,b229c016b62495a5b3bbc13c8ff0aeafb7314e42bf27b8b46779f035a2153f69,CHAIN
1760844425,3524758,e05ee915986579873a0b3b9d684a18a239c3fe714a6dbbf36f135fb6b7bc6b08,CHAIN
1760843964,3524752,85f6b750678f6be9f2d4e890f9e87f67caf03c6c6b7bf49fc3a82d75cfe131ce,CHAIN
1760843149,3524748,a43fe92b7681ebe5b1c8165df25726b7b52403945c46e9c936560a1a598c12cd,CHAIN
1760842912,3524747,2f7001f8d8c9dcce930b183e27926ac6985c6fb1f26633e86c9f733e25b8a837,CHAIN
1760842666,3524744,c4bfad6658ffc4169677a0bbe99450e9837e52b550fa8d4216599e4bfe611792,CHAIN
1760842221,3524741,955ec313a6f3552e788bee2f24bf8733e7b1f5c31b7e5b7ac0d8618e75372909,CHAIN
1760842174,3524740,07ebf6b0bd7208f8ea1ab897cf38431858474551a01545005401db9fc812af58,CHAIN
1760841209,3524730,bc7290e73a45e750a3740eb3d536dd0b63cbe12d649a32de068f06cbd3ec108e,CHAIN
1760841112,3524729,be1320756c8f5439970b3cf7fdb84177431fb09c88112f24e98263a9e33c4b3a,CHAIN
1760839964,3524723,13e9b25f2df818a00f87afa58f298e3a8a4e8806425fbb92cc04a8c6dab156d0,CHAIN
1760839497,3524720,47cb920b891b3a0e161a61c8ac4794b20f207cc504a7f9104fbb4cca5cedd662,CHAIN
1760838491,3524714,9a07039a48a5fd8f65928316f2af985f7020925718b88c818ae363601496541d,CHAIN
1760837279,3524703,37b3b5e187dd7c1d9492c89673ba7e7fd2cd8a854a4551677ddfd7fa9487a9ec,CHAIN
1760836722,3524698,51e33b251f3b71dbcbf1663eca6bc30d0725d5673cbfcb9767b7f037ea926348,CHAIN
1760834898,3524682,ed966ee56973ebf0fe0ee3b9cfa6177807c20973573299e8e7b6f2a9d8675205,CHAIN
1760834533,3524676,fddf449e38a05e6898e842f8dd6487342d562bc1e6726ec87843075a990e35bc,CHAIN
1760833974,3524673,02a6bdfd60750940a636caf5f080b1c0d03610068db7f31a9ddf022055792991,CHAIN
1760833444,3524667,915681965b8aa038f7c65aae93a34f8c8d018eae39817b948542c39fc179610d,CHAIN
1760832968,3524666,b866721009c598875d92a06f9bb790bcc5a0704442687b0bc11d6c9c9c218130,CHAIN
1760832138,3524658,7465628011724627d33d18049c1980588ba4dde4d2c11075b94ed8939e80f12f,CHAIN
1760831590,3524653,c3d43acc97aa4235c30d4320de407baad4ccfcaefbc57776a6e428774d55de33,CHAIN
1760831317,3524649,0edcf38f7801aa859491a927cf1f99180e1ad3e93faad7948bd12de128852f1a,CHAIN
1760830842,3524642,332355dae5f4956aaf143f046269ce34e0dfb33a51ee129a8f1806752d5d3d54,CHAIN
1760830803,3524641,f329ca1c16c999d6ac6ca18e9021cd1ce6aff9bff79a3f1c3656105b244ca163,CHAIN
1760830567,3524637,5c47e17e5a8433d6cd6c8c11826cf4671beedf6d1963ef18f3bbae5865402a22,CHAIN
1760830506,3524636,664a1032833a30aff9e2d9dcbb970e1dae8eff82df4ca11657e0ebb314d6c88e,CHAIN
1760830331,3524633,b2ccd51e9b02e249f886ec086d071db1b2f5aa89233282ac835e3a87f0479652,CHAIN
1760830132,3524631,8e2d3903c570795030984c2b074bd48320548db0beae4ffa409269f1ac96eac3,CHAIN
1760829936,3524629,1bca859ef9737cee09f4e1ae3106c95c3cfce8dc2e17873067626bb7152a2daf,CHAIN
1760829619,3524626,0aed4618c4538d1c945ba72d544b224e9b9a512024316bf227e17b997264eb2c,CHAIN
1760829290,3524621,684f8fc59575b57d834670178d12fb78bd6590f336f45a2ffb04b24b1e25d3ab,CHAIN
1760829204,3524620,9a006387833414668a9729c4090ce9127b5530a99988ee5249e44081b1d515d0,CHAIN
1760828910,3524618,984f56eff672c87499ebda8474253c7d3ca70b50f32427f7a72000cd96616e0e,CHAIN
1760828760,3524617,8923f74549f2a47625dd48921c2f4d1293f07cc0675e222d5852f66922235a96,CHAIN
1760828004,3524610,f37c518e898a02a31e932422e1079bed98aa1b0889b2e3189b91b42bc3f2a3a3,CHAIN
1760827308,3524602,249af3221c99ce5e82f77e37570cb8e4cd74daccdef6152fb88ab1e54cb34f6b,CHAIN
1760826967,3524599,9e99bc70c6c6d97ab03c6dba7e3679d76f09b2865f25febeb268bdde2a881b91,CHAIN
1760825990,3524587,407894538efbc13b795a8f289aaab94bcd95d4a3288c5125d300a3772302d935,CHAIN
1760825819,3524584,de89ca4b905e941b8bc15040512fa323e39f30e534c5ca591945e3934aba83a6,CHAIN
1760825658,3524580,812e15022d4f7ead17c90b422906155dfbd6d803429d9aa2ca9b5b746a7f53f4,CHAIN
1760825458,3524579,c938b495c472c7857867704e72c9a98f8e4bc0db0d6d4d9c9f3f2db2f981df5a,CHAIN
1760825231,3524578,3d8cfe64aa461daeff58e09b8d5e8d22e2caf9bb0707f4e6fdafa0637305d079,CHAIN
1760824634,3524570,fc0c3fd940bc067e075bf9fcd9a3b4b0218ebd94046a7714c6673b7bcc6358e0,CHAIN
1760824029,3524565,4060736af10ab2d11b5d273b06784eb65f51f5095fda26789dccb33ae59b2603,CHAIN
1760823518,3524561,c5108eb3159612db7d992d1264fcf6e255d1413d71add7222ee9ae99597e696c,CHAIN
1760823481,3524560,dbe9cea342914a3db33fc578b2ca3a1b40d449e022f216f33034f59afa8e654c,CHAIN
1760823306,3524558,47b997cc6390e29aa0b49d05561643bfe513fbc739b5de4917fbef4b71839c68,CHAIN
1760823165,3524556,0a6e904ae98b22189b6bd8c89ff26067ecaccb3fe4e2ef21293df0b91781d2c7,CHAIN
1760823151,3524555,bb34270b80a6ef375b0a3ae49e89b7899a2c7ae9bec176d397aa1d629ff03270,CHAIN
1760821866,3524551,00ce04c11a109c67f6f01a6e8fced7936beb0ffb2456c72d97e640a623152c34,CHAIN
1760821706,3524549,739da3ee6b722ac7caa6f7173e61546f09490edf20db67b7d179d025a78c4c27,CHAIN
1760821513,3524546,f9ac1c00ab485aa95aadfc197c063192d780de64dd712846fb4727276a8cf53b,CHAIN
1760820820,3524541,ef7ea5e583bf9ebb7304a6687bf934f4cbfacf89ededea687fe059af0f5021f3,CHAIN
1760820423,3524538,6285bc3931651982ee46d0950701a85aeaa7818a20aae8d49abad0d48e71bceb,CHAIN
1760820228,3524536,8c58ca05ea17266bc014acae03d9cd12bf5f7a512552b874310d084542e0e9a5,CHAIN
1760818780,3524525,8ffad96b53171e34dbd5972a22a2a8dd86e3d7db76212b4a0aae32f9745d4aa8,CHAIN
1760818111,3524519,f67648b2255a54ce048b8c4f17446f481b6a05bff80b6e2645b407dad2777a4f,CHAIN
1760817754,3524515,8a1acb6a436a6ab5f8d61a9cf9b449a17d6ad7168d52fd1bc6ad0173956c0181,CHAIN
1760817606,3524514,1a8f2f421db01fbf11f5782429207d159217f35ee7c40f7fb785058a6128c07a,CHAIN
1760817447,3524512,cfe33ed6b9eff0d305a008a7eae48948f8afaae9006dd1f886e7ae964bd45805,CHAIN
1760815806,3524497,05b458585d34d865478c2db31f89892463cd78f7e93ddda076ff81ff445c5fd8,CHAIN
1760814994,3524486,a0a67cb708b8465be3b8f84e832dbad547bb742b62c4d08a66e807104f4dc331,CHAIN
1760814764,3524482,ee867d95e365fa69be93ab45f71af22e8a52fdb6787ea01df47f48d4a990bea0,CHAIN
1760814659,3524478,5fde8b78ee28a240b73f5673a7b5c6d77ea576ceb08bf25325d41d71e296eac6,CHAIN
1760814629,3524477,92e156c9c2c4da90ea86cb200da5881bb986660c7256351a6be7eeff5a12d600,CHAIN
1760814449,3524475,c9b0012f7a581399249021a783d2b1382badf7cd69f2c4636c3bbb607e062350,CHAIN
1760814145,3524469,fdff0f4124d5fab38e697235372dcd443868c58aa2980c08dfce84d63d42ab9e,CHAIN
1760813709,3524464,2ddf91e09fdd20c1a98821bb86f867c9d54bc6c36a0aec6e00bf94b77ab1a12e,CHAIN
1760813375,3524463,4ffb074dd734e7f2403edcd829e775e157fd854782bbca246ed4b88861eb87cc,CHAIN
1760812424,3524454,c2c2eb3265f9511b5cd8ddf718d8cc3da0aa0fe9501865820aa20ed8a9dd0fcf,CHAIN
1760811955,3524446,b13ed03a2d6b817d1703b89e8d99de13228961bb8a0b8591141c652a244e9eaf,CHAIN
1760811383,3524439,8f01abc4cd100556d1a34491c7d7d9d1a09ace6af09e3fe3406fd29ae1094866,CHAIN
1760811341,3524438,60a6aa2b8f92a05258fda3617b0b2b71cb4a00af825249d67f589fa8aad40956,CHAIN
1760811151,3524437,6b0a0ab4d2e40773edb302f25a11043b0e99fb3ccc51ec76f7177c457c543dc9,CHAIN
1760810819,3524432,1975e8cdf37592ab0baa0262c303711a0fbe336223f431d865148f92f2e150b0,CHAIN
1760810291,3524427,ef6018ecff7e4b2d3d3c6371180f44194b322f0ed0c7e6d7cc2d725f35b1c0a8,CHAIN
1760810120,3524426,abf8b4ae61c36da0c1cf420cd5c10e4a3e9d8984077192d78b2f0bd36a216eb9,CHAIN
1760808822,3524419,cdc1c5654b3a28d0c4d3d0768d58f6cd93afff902c1a723282b08e7cff8be6f4,CHAIN
1760808422,3524417,cf70827ac04b5dc1445e68e7b27714333dca03aa9702db730b6e4f4ef4665cbc,CHAIN
1760808401,3524416,15b5563b99d1597d9d78f643ab02b2e249f9149463f0704309ad0f2e9234faa3,CHAIN
1760807080,3524401,92fc904c4d740e59ff10e13340c18292f70038abadc4f1987dff6f822819c2d1,CHAIN
1760807051,3524400,0650d35d50b8477b2463b11b9c457f5977f4ae9dba7e3591ed53aeb78d33b11f,CHAIN
1760807002,3524399,4f28e1a14cd7d28eaf32f18d4c3643861f34d1dbdd0224e477a9e401eefb8d57,CHAIN
1760806719,3524396,e33187aa896bb003ebd55536506c4e60bf4ec8816f1b161cda665e0fc4c1574d,CHAIN
1760806611,3524395,c6fe98387ff6c63b622477ed49cba0b612825fbab93444ad1af36aa96a7e750b,CHAIN
1760806378,3524393,6e9cdfa0300e8111edb9ced50e6afe31ceeaceaf6d3dce188a129c3ca5d14714,CHAIN
1760806004,3524392,4b7ca8f5c7ed6bc77719c1f7fdddc46331f6714fdb56bb36d2efa29cff20d4b3,CHAIN
1760805250,3524383,91d13e683a3eaf0e9ff1398acfb068243e1bb6394d8e58ad1b6648dd3d1145e4,CHAIN
1760804427,3524379,9c1b5d8b1b5ca3a63813aa84af91e0856fac730193b59846615a194104a4f7b8,CHAIN
1760804345,3524378,db51bc5b086a7613e3cdd5e848b46cbff3b895b39eaff4714752bcc3c141de5f,CHAIN
1760804105,3524377,7a8650f023e8a194a8533b62923bc56dfbe651fdd85435a1ba77a157446a2d23,CHAIN
1760804097,3524376,1066857a8d06d8848426a3d0be5973601909c8add359d31ab4e3a83d44ad05f7,CHAIN
1760804063,3524375,afd9e3d73798f42e21cb6fd44a7ad375b981e63c338de987dad07d1009ad85f5,CHAIN
1760803814,3524372,c49df425c2114f1091bcd6d31cc5e5b1a7d05799a252a40587efb0bb4646c0c9,CHAIN
1760803796,3524371,f4bdfe047a4ec49e301b2c7327d59ccc366c27d9372af5577d3b78f4ddf35aad,CHAIN
1760803442,3524368,80254030824b65b16997163c914aa85d96dc33a64d3a325f65d1ba6721479536,CHAIN
1760803430,3524367,d66d0a2904df62d4c11013311d4b90b799eff13e743dd0f12e7b2e6722e72961,CHAIN
1760803235,3524363,229979695a62b583d544c4436a09901cdee500ec0a029b999021977fcf5ee116,ORPHAN
1760802850,3524361,fc269e5acec486e66b5e73d98096463f6305b1a9e70e33d2ad04b429ec57b2c5,CHAIN
1760801753,3524358,4cf99d327413b9fe58224a356b68295939bfdef0a9b1b49e35cac13e0e5b6f75,CHAIN
1760800793,3524347,05752b4c68a20a36694510675de7637d9b2d1db5d062cb8cff39b525a634c90a,CHAIN
1760800684,3524344,1c622a98c88ebf88cbb024f5a48086f46dc000d4b1d64e3ecbb0c464588bdcca,CHAIN
1760800583,3524343,4da46586af2a105de343ca1ab6aa34450222204fc53fc5f699831982f22c4dcb,CHAIN
1760799419,3524330,bb4a17167849b72760382f9dc8591d4fee3332acc4e047ab12c6b75ed2c1c5c7,CHAIN
1760799129,3524328,23fac59f442f3020e320eb2a351ef731fb0542ed59b9823f18fbcd5b21d8cd5b,CHAIN
1760798954,3524326,65d12709bee221f2d99da357eab5ed39ca301e038fe02bd3bad0d2c56d2396d9,CHAIN
1760798949,3524325,39ab97d7527a45cf0aa98f84e130ca3871177df87e1ad56857f7622b21e2588c,CHAIN
1760798388,3524321,98f7aa369a6971ca3053461327088b08b09267a71092a1babda56c9df6230ede,CHAIN
1760796390,3524303,995d260c95820350525cd72351515e84e592cd64ca0ca1d31a7574f35d5847da,CHAIN
1760795925,3524300,9abeda6e39c9722f3b4a3775892af7586caee5d16ae33f21c9e1f8057a2c35d2,CHAIN
1760795523,3524297,d5dc4fa71d429b54d7eeaa0420d1d8f853edf1b28ed9c9c7a8376cddcf2eb1c4,CHAIN
1760795519,3524296,b15e2100e4d75d76802093c0fc3d6e390bf93b09d232579b061418719653b825,CHAIN
1760795412,3524294,329855f542033905b9497d1ae30ccc1e7329acd25da12d0ee0e5c0afb94c4c90,ORPHAN
1760795286,3524293,0c1099dd52d4455e6e1fb92ea973c559f52ec69e60390e161a02a37c508f0801,CHAIN
1760794676,3524289,2c8b022f3050cfd7612d1bcc063d06cb6ebbdf894e2a9a4352330a8c326231c2,CHAIN
1760794361,3524285,394e4180c099efc4de4e34185f96099213b7d331f1ee474e8f90ce64b0c420d2,CHAIN
1760793695,3524278,b9192b53f09c6c23e4681e1deaf2d299793b546f626b271216ea8afd4bf65fb6,CHAIN
1760793225,3524270,e15dad4a6c5276da9d779434f1fdc11fbd6d1d2b45da9a7f87cf2be38c69e601,CHAIN
1760792698,3524265,2a8b94595e257a1a88915f42731856dac61fe731c6beccb86d70a4242ce985ef,CHAIN
1760792669,3524264,35c70881e85a2e0ce13990f96e1b6ded86f7f50b5d7248d67dc87560b21cbc96,CHAIN
1760791944,3524258,c243b2114af99eeb9de878cded67a3ffb7685c10647e1cbddbf3150213c9214e,CHAIN
1760790864,3524254,1c728267e17fafcf18d069714243dc75fa52bb1aecb7446560c2fb3972e483a6,CHAIN
1760790752,3524251,708ddc0a17b4b7f252dbd52c2fff89a706decd0c4fbb09f880967c690017d0ab,CHAIN
1760790514,3524249,f6f3c52d56b2c1cdd8830e97f44643e8f89ec848ab8b7a9a23b0af5b4c320fc0,CHAIN
1760790041,3524241,f449096280f9426c331fc702678690ee1661384cc21f629d973e668159cced6e,CHAIN
1760789973,3524240,c961a977c3cc0243f96394e70d1d4859a39f1e0af2a721433dfe569db4ffde28,CHAIN
1760789673,3524235,64c12c8798709bbdd4d55c9acc9e382b5d7878a910de3559b08d3b8efe2f5df5,CHAIN
1760789035,3524234,17491ceae72fb58fd7540f5ee8f8ad4ee7e809104fdca0607f5db972447313ee,CHAIN
1760783526,3524186,d55a56ef6882a68e8c675840da7725b40156d1a177201660ac28da15922fa53b,CHAIN
1760783507,3524185,28ac39c69eaf9ee869460a9ff837229a0bccba4c614d2426c1b9859de1244c81,CHAIN
1760783479,3524184,07be48f6885f9096ed4705c445e53341b322e00f3884ca6d1f8b6d728b1b5820,CHAIN
1760783190,3524181,a8e01c7bc13589099a80e9a8996d44f37a2fba86f312c84b99db29e38c315cc5,CHAIN
1760783174,3524180,259ea8bb2f94826a3dfcdd055e6758af102e335eb7932c2a1d9fbdb2b6107517,CHAIN
1760782134,3524169,3e93cdc5b05081de2f75a3322ab341f22b37dcdf46cd8115f745271ad7553f06,CHAIN
1760782122,3524168,8783ba64e2a48211b1b4c8d32bd6d36ee547a1a7b105d18f8ce3939544a95606,CHAIN
1760781845,3524164,d18659a683fe6b9322289eb3958f34dc2aa5641a8fcc492db0676c5b0090c583,CHAIN
1760781834,3524163,214543c545008aa6b40630edf0266e3f56d032846f2c5208dc2958533ce8e187,CHAIN
1760781658,3524161,112da8d4bcd07ff372239dd2fa89a291605d09f2d571206813cb719d61c16ee5,CHAIN
1760781525,3524159,8eef3de3f99dd1ecc026f58d99e457958805348d91448d1c54d70545b27e2339,CHAIN
1760777231,3524125,3a3ec2a08e21d681d0d897355c6b6404582dc7faee932ca4d4439c7907c90e23,CHAIN
1760777229,3524124,afa925e9b9454d509a7369d0ba4d5830d02beadd7e6f0fc2de6edbf959bec9d6,CHAIN
1760776810,3524120,3da781086fd9f0220f8d5fb6ea99a028bc26e9f789a87548a49ecf2a0f6cbc06,CHAIN
1760775762,3524111,c2867602968d830c6af9531e334ef7de2e12ac7a62d65d7ab2e10079f7cec99c,CHAIN
1760775581,3524109,a0b2634696112be2000ef118f3ead13446eb5dd95ca961441c3f572d56d5c619,CHAIN
1760773918,3524101,b9bced72f3920baf4218023a3f53e0d4bca5a2df1589318bc39400bb52a6b3fb,CHAIN
1760773844,3524100,b10bacb82a9cfe1f1366ad258d8ba6815fffec277edf16e8f7ccfbd30d90c5a4,CHAIN
1760773624,3524099,4f81a5e63092d1ed33949fba22d68a5072a9123337ce5e7be08d91fac40f7a92,CHAIN
1760772326,3524092,89268073ae08e356631062787231c292f5e2d61f4e1f3b33e857b0130908a0c4,CHAIN
1760772115,3524089,caa483e359a77f5467ab1e666a20e01315d2a908605a493961dc65beab2a313b,CHAIN
1760768859,3524070,55ce71a1876a3e7903e4c3a7881899e13e8ff40a86f28cb92eb75693fa24fa36,CHAIN
1760768853,3524069,90f228b1d229170f3fca40986e16c3ac8f6480188db7787f5e64dcc208ae3c29,CHAIN
1760767136,3524051,42754df10f3129592156bff0578d1692158b0fa03f09ca41737f6ead3cc8fcad,CHAIN
1760767092,3524050,c3e7f0e32fdfb5aa6eaa82916be8d539e9a8a070e366c0bf4e6ac6ea8bc890f4,CHAIN
1760765823,3524039,df9e676f8042e6e58db870d008553a1497a6dd14861628d7e30340786e79f390,CHAIN
1760765553,3524037,966eca5ab9f3e1d87a76243043bc6969c09c66510739c68a6a4c0ffc351d9a04,CHAIN
1760765428,3524034,ea6755a2abdd15b2ada13408244cbe212d554fb3b3bb12ecae2e704c1dd7af64,CHAIN
1760765413,3524033,fa6cebdc5abc7721286e5d4217779f49ff441f7eb3fb4d89cacdcb700b94a82b,CHAIN
1760762632,3524015,1a86fbb5ace3b3084b916d1640208b32b23d264f71c0feb842d7e1dd07544141,CHAIN
1760760857,3524006,6e498b444ddf6e15a122e8612913110a0eec201c4c76c818a1741d8054caed3d,CHAIN
1760759570,3524002,4b1034e32bf87f55888d7bdae629451e2c43713fede5bc0654518eb1e3de0f2b,CHAIN
1760759059,3523998,7a8a7dbf220efb5b264ff9c42dd03bff42885eaf3927886e501114f18263a831,CHAIN
1760759051,3523997,4a922abdefd017a3a6edfeb2d9ff354eddca3b757a6366c752eabc4c2ceebc3c,CHAIN
1760757845,3523989,20bcbbbcdfa3413c5045c27b7ce75899d7e4427ed9ff5dab1b6f4f5bcd68e5f1,CHAIN
1760756038,3523977,e3649982f7961f45c197e899914535a95baea8cb02f8aa2a6e107e4ec9f14e03,CHAIN
1760754723,3523971,fc4d05760025c58edeb5e895faca0255ac6eedec2ed727e880eb8242705935fc,CHAIN
1760752958,3523958,ee657c1f53b3574fd50bf3cd6c36eef5dc10c0fa957c13bf3b7c9bf6f751e26a,CHAIN
1760752865,3523956,260f94ff58d7c2893a91f7411ccd0350bd72586857b82c247b881772510609be,CHAIN
1760751699,3523948,717a9a94f0d72cd131e9f3a6042050dbf33027e2b82d28536db98096bf59a72e,CHAIN
1760751413,3523945,fbd583849521242b9c79672cbf17202523d602965e34c8f43c639d4cc697f9d1,CHAIN
1760751113,3523943,64639de5e74c4c3c1739845c4b911033078f775950552fbf73d85bb33c40e04a,CHAIN
1760748412,3523916,f52f204317f3a6ddfb8cb2419f797d09e2b28188eaced2243cd0582287c50ff0,CHAIN
1760747928,3523910,73e8652dfa496aff1c3d5bd8444d09efc056d172e80ad1adc5d1ad691b3e7b39,CHAIN
1760746237,3523901,3a8826eb6ed2a72779c48fd5090f3eb545d327b60cdf2c4a22d13177e17f1c8f,CHAIN
1759929550,3517124,7486765e2beea9e4ce2b0ecac85b4a3fb911012d7447479572826c95ef2b3d65,CHAIN
1759929070,3517119,368a93f1fe31276ceebcb80ca9c04b3c09ed6304dfe6d63f2899654a7fbf8eae,CHAIN
1759927791,3517114,f1b31bf1672d3918b0a70f41c711b8708209eaf4eebd564bf1f81e5ee966b9c8,CHAIN
1759925926,3517097,eda8efda8115dd65cbdad6e468ff3547382222409b606b8beb6ff8742519f162,CHAIN
1759923998,3517080,aa90e810389a3c472a1aaf7dcdb2a19b6ce45db6b404cb033ddaba150e8b5693,CHAIN
1759923716,3517074,3dba39fcb792524352f839699a35fe30dc31d844d04d7e12f1e4e24dc3c40bb4,CHAIN
1759922881,3517063,b779d1d1c6d26f5e65b08ea1a15520dadc8f481957d8c9fbc19f8fa79eea5021,CHAIN
1759922862,3517062,9c2a23a67c735c3acfb7978c1942cf34adffa6b327a3c881a2ca0b1dadf86d35,CHAIN
1759922317,3517058,23c27390589f70cefb1c670d46bbbe4bc190d8196a7a84a9199e473e0f5c0ccd,CHAIN
1759921436,3517051,e5c4f94ed8a64ebf533aba226ef78dfd936b6bbe3da64aeed7477bdc2547cd0e,CHAIN
1759921423,3517050,a744e672ff11cd12f3f83ed8efef2ad0e02341946dd2201154447be79ca1ec4d,CHAIN
1759921065,3517047,56e79cfd8604cfcb3b626b0c10c524cf0d7b2e4113182ef96297315246c46744,CHAIN
1759921039,3517046,58e9af2838430569991ce6f1e6063c8aa580cfd903750ad5fe02a634dc9909f4,CHAIN
1759919370,3517033,346d8f2821ee3c1388360ce429e4ab157f28345e42111e4569ff6ab63ef53fd7,CHAIN
1759917854,3517023,4d008f8bbee93ad49a288b145785ae85051df227c0e3be2379bbf7e2882e6efd,CHAIN
1759917569,3517018,6857cbad84ae1d89ae3b80225521f15a0c167a5e9d4333c25909b0037f569898,CHAIN
1759916392,3517013,a92e30f97114235d04a1237bd191d923cd798f18e2d0c6277a7ee7af418fdef7,CHAIN
1759916363,3517012,edba8726116cf29b5c7a3dc69df6e27a9b43ef18619eea57564fd3f82e38afe0,CHAIN
1759914873,3516997,f0f0a84eb4cc4f65653b30cad61c6b3450726effcff63739c6be822e40924002,CHAIN
1759914291,3516990,6f1b7f19d37c406122d0d23b71f074f5486018432f34824ccbd5b1e34c538698,CHAIN
1759913533,3516986,a1f08cc24664c7673d44a606685369ea30e86dbbccc3be59f938a9a44ffaba62,CHAIN
1759913223,3516981,24c2d225d795660c51cc718356b9d1fb82cf926eb690bef097111d7211617636,CHAIN
1759912034,3516975,879e766f0095ad8f4bb5d18754711903e85b991d0ef8639fc6fc241ec9e361d0,CHAIN
1759911939,3516974,b85f33fbd9494346f4030363e26867ffaee01234db2685c8b5070988dfa856de,CHAIN
1759911780,3516972,388004be5f54a5ff9c36bcd9490c4c94a67f1b6f5b611e8aba94f15f1ccffef1,CHAIN
1759911423,3516969,f3537e206f3c75854079b98c4f62b63a4a377efd3bee5c77288b7632b891cecd,CHAIN
1759910555,3516964,f3227b171d4a44f42d2ea3d312db6b403de3104dc978599a2e72405635d58db3,CHAIN
1759910296,3516960,63b05df6ec2669ac748d1ae9669158cd573801f3d0bdeecfeb33a1c7f159d340,CHAIN
1759909098,3516956,4d1746667b2e11fbe3c4b3aa8b1eb3084d4427d86d334daa0fa86396ecb62c71,CHAIN
1759907513,3516943,d83a640d2d279c9617913f9115a349618b76ed944227ae8a49a16111d1675b89,CHAIN
1759907363,3516941,f7706952655210d12c4f3a17df4c736a4396f3224f3dea27eb16ebfc83a541bf,CHAIN
1759906344,3516931,827e7e505b058c523cbf78f2d7301f9f3849aec09fcfb50d75cc31f99b4e22e4,CHAIN
1759905924,3516929,5114a0cdf28dd19d490020a06c92d1c181ef84f9f67309633d024444b03fb610,CHAIN
1759905875,3516928,01957b93ca567b521c82e9ed1f6f345cf6cff9e2b4d582157f9ade1cd759147d,CHAIN
1759905719,3516925,d531341c7a13d846331a66d3c32fa6a15255f6f03e34666ff70aabece63e9a4b,CHAIN
1759904965,3516917,616a7da5012fc42aa63095bc10c59279b8b5392452592d7e3ea244d7fd32a1d8,CHAIN
1759903410,3516911,8d621ac9c52d82a4d5b3c515884515ca51dfeac74412584a804a0abeeb95e8ad,CHAIN
1759903219,3516910,9bf418962c404912bc0b80b2d93f54a6e469a60efb0ab6baafdc4777bff87f9d,CHAIN
1759901656,3516901,e32df1ba2221905989008c2fa4ee5711723f193073be6bf8a1245890ccd9cc18,CHAIN
1759901569,3516900,2fe0477260f069304e867a12275442e6f6700cef4929c496c1a64f54b270f06b,CHAIN
1759901517,3516899,6590b7898d32ca06f6252eea7962c6bec5061325f9bccef3c16b083696ddf0a7,CHAIN
1759900606,3516889,11e49610b267ca6e31cdb13027a8fbc3915b52decddaa0dd2a78bc08f1d31c48,CHAIN
1759900503,3516887,f872700c275db57ae51160407acecc7f503aef36d933c12adfd9faf5b86a0a38,CHAIN
1759900160,3516885,5adfba8b8f46fb56222b94ee3e89a488d9faf82db6edb64dfb8cab566c86b849,CHAIN
1759898459,3516871,bd61edf84cdda71d22a4fe1fa606a80092f05bdadec9a937a271c39e6a93bd47,CHAIN
1759896178,3516853,b6f994265bd3b183e320700dd941f6477198ec6a6f0b0c74c042598e257d409a,CHAIN
1759896061,3516852,a69510c2b033b19866b0e13336906cf1e50d10539738f9168b60a6c9b0c39ec0,CHAIN
1759895783,3516849,5de6b343f5935e125baaea1621f1309f7b6964e5796d27d9a4eb9eedfdc945cb,CHAIN
1759895652,3516848,721a48503409e268b1bb1d2220ca4767421292c09fa64f8a8214d822e2f283b6,CHAIN
1759893271,3516831,fb8a76e2cc20b7dd4d40f3fbaf418890d6e78b58b6b5b7dff73e4a92ba61ba96,CHAIN
1759893082,3516829,d6a205eae3e9cd1650bd1aeb2b4080c30eeb23e26cc9588f745aeb3996a7cf76,CHAIN
1759893060,3516828,f53cb00d988a90526150ab5731cbf94022c0b2bcc09f39c091e5648ab5d1a952,CHAIN
1759892788,3516825,8b5cf9feff68a4749b5580d4e35c5f7dc27305bbdeb2c0a4a43a927aa6f5f3f3,CHAIN
1759891638,3516816,39c1a49fd48916acfeb557ec584b774ef98180c8c32b02f6843d4ba2c51435f8,CHAIN
1759891605,3516815,6d3ec8b217999ca5c86360e9c55412280276b2a7d79258156a9df379cb52ac91,CHAIN
1759891343,3516810,3f7ec7bd9f342651a0cf1d66609cbeebc9cd202aff1775792792da5752961ead,CHAIN
1759891329,3516809,f860420ccafa972d437f3e102a7dee24db9d966b32968a5a0169ee3770cb2e9b,CHAIN
1759888718,3516781,1468b58fcd7cc2c821ac9be73cb2d565af753f860aecfd52a11d88bfb15c0444,CHAIN
1759888623,3516779,bf8f7becd123f9f1b2b329962eb366ba0608b45a0f2b6b6c375f364edf284cd8,CHAIN
1759888499,3516778,57e4464ac74b4892df78d160e7e3e28bf5965b13e6e9af5bcf0967e2d86aa837,CHAIN
1759887470,3516770,b742cae044426eb40d9488b0bd2ba72455ef892f13d0881374827d7a4af66287,CHAIN
1759887275,3516766,058f7dbca09715d66391b51023b68d679964d0c5da79822ff6d86654782fe595,CHAIN
1759886913,3516762,cc3b6ddbaf14bac7c1af91858f8991134a17c09aa656f82e1683fa1dc0edf7dc,CHAIN
1759885735,3516753,5337027d71ffd44aff4fb8d3d6e153da2d3352de678ee7b43dd71f0a7e4c1578,CHAIN
1759885722,3516752,56e1a7bf0b7b92cb8744cca0f14a13692ac11669b023eddcf3c8c4cfec9fbd5c,CHAIN
1759885696,3516751,0f38ffff524dd7a4a195b8e58747c62a07c23899e7b6baa7bfcbf9f38d39faf3,CHAIN
1759884284,3516736,b7201181ba25e2f549eda3ebf6e8945e6c30229f939f1347319e023eee1dae15,CHAIN
1759883928,3516731,defd93564c88a2d414c395815a1076b2c7b73ba2e135444475d0e531de3106ad,CHAIN
1759882435,3516723,dc4f8a89815ade35b40814b8e1ce53792f216ad2d784cdef79693f408f1ed02c,CHAIN
1759882242,3516721,33afe3773fa5ddf9cf7164e8c7b3e817ed4cd84ad0952aad3345bf6cce097433,CHAIN
1759882105,3516720,a69e7620223a723cba51f5934581183691118049f50ed222acfb67b2d678ca8c,CHAIN
1759880734,3516711,07d0c661f0b68b6460365ebad73fb99cead5aeaee5ff06d573355fed8388aeaa,CHAIN
1759879281,3516697,b492f4f4d33b8ee3dee327c69faf71a70e54e9c8635ce5a055e8a3c19eedfd60,CHAIN
1759878979,3516694,8b7f846938e463df1ed917aa279c830472bccdf3a89c531b546f3bbda602569d,CHAIN
1759878063,3516690,e2c45ab81a7215ad91f5a38b19342a3e0b3acc6a974d9eaab6414ed854e7f8cd,CHAIN
1759877816,3516685,647fd59cd1ea2e32ce2c41280d8fddd9680a2db8f37005238190b3ed1e24fb83,CHAIN
1759877755,3516683,f89e9d0daa2732a4132497f9a6599839fce81ef192657c3a82f2882b74c8f9c0,CHAIN
1759877538,3516682,b1d6279b25f7ead227f2ba1476e1839e8bf79a0d29386c95a17541bc603aad8a,CHAIN
1759877425,3516680,05ccdc49047a1c6088e0864369b9b8b95ccc9370e8991df48300c2b31b20b729,CHAIN
1759876318,3516673,aa7eecd3dcc97a9b9c68faafe1dcd74bae929e903ec04892a7aeb95b352d4fd2,CHAIN
1759876283,3516672,fc3f175949430d4154d3b3711a6a55bf9772bd287ab07d4b1111e17f2cfb8c8a,CHAIN
1759876006,3516670,c2207d38758ff3437ae77625a2c17991ac41c864eb6641107cf27c48778ef9aa,CHAIN
1759874366,3516657,f7777dd3c3c7b5fc8caa06134439c7861802c7c1f28d738ab2649df4daece1e8,CHAIN
1759873290,3516649,daf6a8c9fc8577397174e93d1a2368efdbce38c001141753f6355694325a6453,CHAIN
1759873192,3516647,70dbd6fa8847d9cc24bb868649fde4ba045555d8869d3ec1ba665999b017631c,CHAIN
1759871492,3516633,7dec7eda1e86964d7d2bde063298e17e03eed92315523c93e774eda41e7b8182,CHAIN
1759871489,3516632,405dcbe73c9211f809433dc89dbca15ee009d29c7214fd4a3a6140ae6e4e707b,CHAIN
1759871420,3516631,05849a0c62c676b75b325a6b7af7f3d8104c1b3f49369ae363592d376b72f9b7,CHAIN
1759869976,3516622,7eabd60707a40971b456e6a89833276bbc9d95f9cdc0b1fa9feaeeabe37d653a,CHAIN
1759869851,3516619,0d32b6700e525de1af8e0139f38688f8ce96cc8c371886a6894338917be54e00,CHAIN
1759869770,3516617,f4eff8e80b8a06673d7a906313402e618b8c29d02b8cd0d0539a13d69e56d4a1,CHAIN
1759869765,3516616,d1d1a55e1f913827b3686cca7e8c2fa5db2f5e3c9e807e933fe833d9ea2dedd8,CHAIN
1759868761,3516606,3e58201ec85296bdb420092d44881d6ad82e8532ea79a6e217ce6bef773a1dba,CHAIN
1759868755,3516605,62bfaaea63900d7113389bcb2db545248b39bbf8aa21b2e61fe24a60cf6d053b,CHAIN
1759868258,3516600,74f9f49ecd6d9319d365cbd8098fd31d2db67a6940bf0e491ec8108507a849d5,CHAIN
1759868146,3516598,a9656ac7fb050f8b3119a2f882b0cbc40bc088f8221e836466c83c0eb09e4ea2,CHAIN
1759867974,3516595,9a47c6867c9104d4e0fa37768505fa1a1f43a170f127be1c0ae6b6a1879f0876,CHAIN
1759865494,3516572,80faa0bd6a496ecda41876a5c46a043507a8681b753f698ba969368b032022c5,CHAIN
1759865028,3516570,8645c4e4fe63cce39a251434d8971ad3a0b92aceddb079b7b19a57c919f19536,CHAIN
1759863962,3516560,f6949cd75de24265881e64a3321f532a3410c8ac1c70c6a92fb5c254074dc442,CHAIN
1759863873,3516556,0ea0854b2d4b2797885e4e8948d36f30efa941a22ad56407021ea261e0032ebe,CHAIN
1759863531,3516553,f0efb9b9ef400250387de0962194f5314cc222cc909d875179730c57a4bd6211,CHAIN
1759862505,3516544,3f7a19fce94ddf470a25bb91502cc48d30013f3d0eebde993d9a5f06aefc4bf7,CHAIN
1759862189,3516542,baa64b5c819d13e3fcaf6f4db3383d983b7cfce6684a8def0e324874d8b3d198,CHAIN
1759861814,3516536,4eab2f08aaebdc92fdf4221dc564d6b9189328f27b64ce1368ae49f0102e0b63,CHAIN
1759860719,3516529,416c29a153973be2389c20251618314908f2cb31c144906e8b7c02275cf2df99,CHAIN
1759860629,3516528,fb9d8f7aa3356865f4656aafb6a9d666844052a466935bb15d00a3b947667539,CHAIN
1759860591,3516527,41cbf2a5e5361af0fc8d7e74ff34de031287ce900edb2ab56231f913164e1c65,CHAIN
1759860498,3516525,a8c8513f02f402d850374bccf572387511baf99de9a3768c499201b0699ff284,CHAIN
1759860322,3516518,8a1f6735995cac1711303edc7469671406acbfb6953b59db98f6c7cbb51157d8,CHAIN
1759859331,3516510,a1fa54bc4191f91e021e36cd92c99fca413be497c449df044874c9069bfb899b,CHAIN
1759857756,3516500,2a9caf127053f97231a83494b935cd74fb0280068fe69ceb15b157a7087289be,CHAIN
1759857740,3516499,aaf987d091de187ebfe57cf2c5cd49ced39f58b8bd5658cfbeb5b3ebd4ee7607,CHAIN
1759857635,3516498,5100af314919c6bfdd71cb1c446118e4bec343af2c5f29830c8fdd5a56b2ffc1,CHAIN
1759857473,3516497,05bfe31de309b7b082382af9f78496d95a015a4849c963f9066155f97e7e0dc3,CHAIN
1759857304,3516494,971bb12a0b3edb1693c74ae5514fd9a530b58d6ba9db5bf2aa04e9d2169d236f,CHAIN
1759857244,3516493,7fef2d918830a2887c1bebedc9c7d376a90587cce250293aaca7670dc817d974,CHAIN
1759856100,3516486,63590c97ebf6292e53f82389b1ece772ed65c225e677482feff2c06f6c2b584d,CHAIN
1759856066,3516485,778207d68801f4ce05c2a95adfd69cf0a4d97967b891c188153539509817947c,CHAIN
1759855847,3516482,36bd85f6d1acdd4eb5a6d29884e4486129a2ce0f8143fd3d018ff4fc4e443638,CHAIN
1759855589,3516481,7b921ba328893df4beedf7f9e77ebd7696de8f9154be69e6855c8e2698324215,CHAIN
1759854521,3516473,b1841af36072647fe69ccaff90eadd07a4a8f86e5256e9821509b0abef0a21dc,CHAIN
1759854408,3516470,a19e87cc79b771ea8815ed35f8dfd4edb69f195c8f3331840ba030bb1b5f4cd5,CHAIN
1759852608,3516455,ca18c670d458607cfa27911ed0d8192d7b165208b359b6aa882f9727c0f37337,CHAIN
1759852484,3516454,d7ff04a7187e62d4a094fbd781870f64d0ff7974e23326f4a89fde0e765fc412,CHAIN
1759852435,3516452,35b9f10eef8a5c7cf006c151f585644b9a23c5a2a7e091981380128bab8b3e14,CHAIN
1759851223,3516441,7f2e10aaa94929c7c160e04f0ee272d5f3f77a6f814f7c4ec62fc898677d6a2a,CHAIN
1759849971,3516431,7876cb1701059d4f9b2b0028140b663f0b81bc74bc42107e16b2801475f1d5eb,CHAIN
1759849316,3516428,eaf032f777801c320dcb00b374229436995bb2d0975f0718f5393a1345b90e57,CHAIN
1759848425,3516419,03da070433b6d124c4d7f70c9e9600ab0334821ee43204b7b930991d397d016d,CHAIN
1759848152,3516415,8d5446f588d841d4349d0aeb5aef70820455d0cef2cac2c97b6b0a4a9c28d664,CHAIN
1759848004,3516411,9d11063a42ae821e801f9d47e25f290f7221b9a464f543e8c36863366af7ee16,CHAIN
1759847944,3516410,71cbd2fba1928bc643242d768ec062c9520308fa505f730fc46218a4a5c2f35f,CHAIN
1759847807,3516408,af522dc7b6748508341c281237c5bc2d9893b7871e3a1df1bda5516a682c1aac,CHAIN
1759846684,3516390,95c0aa6534b8600d8ce9967ae646b282b0dbbfe06cbe4363c907f416ae8dbefe,CHAIN
1759845495,3516382,220eca8d79d26c80e7135b80034d36b0595b11577288f1c674dfbbfbe269544e,CHAIN
1759845475,3516381,4d9d07414b8e5ba0bd1ce34a57ae3266566da4e7ce1c6312a44599269ba64acd,CHAIN
1759845096,3516379,90506e41d3c651e832a89e38f34bc21ea34661f8e60636fb707683eedff38fcf,CHAIN
1759844813,3516376,ccda6c9ab9f4f39f5226bd743e2bbb7db2ed3a1a3b092bc5eee59888a622307e,CHAIN
1759844774,3516375,23467dbef5a57e1b2560effb95fc5897aedc2eefcaae7691254f1aba691798c7,CHAIN
1759843902,3516369,20161d4412e4869f2c52caa12b47c130b20c7ef6e43a0256f1cb4194c20b5f23,CHAIN
1759843770,3516368,d5d0f98ab77d147928b3b0506f10cd1d60651bb306e83fdbbc12b10848bd61e2,CHAIN
1759843564,3516364,60e4ed4b6dd5017cb3bda9a355a578f5f4b88a4037f28257bb76adcdbaf778e0,CHAIN
1759843523,3516363,801242c62eb13665e96db6be05a4cebac27a5784f7958f091eabc043b0fdea43,CHAIN
1759843435,3516362,565e6d335f0f00f11dcaecbe3b96a186c4fd8f486b66241c69fbc2d7692bd409,CHAIN
1759840570,3516337,dd1669c2daf7757cb3306b66e77ff02567115646c1924ea10247aee1ee3e3300,ORPHAN
1759840338,3516335,1ae8ac90465c377c214cdd762698e535b8edeaa1ec98a1912dcda01f1767436c,ORPHAN
1759838914,3516322,175247924f29954ce7c0e0c99269bc198ba072d8d5c95586d804e0baf9428638,CHAIN
1759838884,3516321,c4d36d20a863b3a6251e78df602d60fc79ac76f75f5b8ee15ca9a3e891c2e5b5,CHAIN
1759769991,3515770,fd5a4c77b491ad8456582b3bd8c3dcbab696e865308352776294b7b51a393f1e,ORPHAN
1759297213,3511869,8b21925560b79e74ebe5a02cb155745884ab0ed144c2bf924bec6e968b34b3c2,CHAIN
1759297104,3511867,a1ff1dba4465c6b62690167141af853ab9f8062fd102c093f2fc4b52b30138a2,CHAIN
1759296979,3511864,227f29ccfad4049f39a162ac494b2b0674c38f4bd022536e8f78255b534a8dde,CHAIN
1759296657,3511861,2106868f10a601247dccc2950d05a57219b745903eae6181b1642f81de684bbe,CHAIN
1759295478,3511850,87dc2ac05f48308710aabaf6369e2fe7a91fb0febe5ad92c7de770a65af3eb96,CHAIN
1759295395,3511847,bb60dac3ca8ba9022a2d3a18ef4eda87da1eef9e5b79b5efe3a25d94b0eb9d88,CHAIN
1759295270,3511846,a52f6a29b5ddb6eea45e711a704a10bba6dff5e19b1ff5bbef1bb75df0775864,CHAIN
1759293575,3511833,24567b4ecaab864c398466d54d831081a18f9d3c0f1c829e8223e15491c9882c,CHAIN
1759293402,3511831,ec0374bcff5b661c2b22677d1c2a2f92bbc28046b65e960d321ec0fba5cfa625,CHAIN
1759293332,3511830,f1926f6223ce9f8766cef4e68c9f0440de79751237a77edd67a8da7bf709791b,CHAIN
1759293043,3511825,335bb40cd5156ca2f4f323f05916e1f4e9e7e64d6c5d303b1f535c1184bd79d4,CHAIN
1759292775,3511823,d5bf867d958b7fcafe426024e804d4a2ecb47f14afdd1eba43b2241b8b26c154,CHAIN
1759292485,3511821,16e08acd5f9394b0de04f8f8a541aee13705280d0e14415bc49a8dd5f47980fb,CHAIN
1759292120,3511820,e14da1bdbaa29b65fc4f84ea173900b5909f8f30d84557a85617d83c86a5e1ef,CHAIN
1759289493,3511802,933adc73d20d8989441ad48ad5fb08fe395578f3fe9e6ad2884329ffe09e61aa,CHAIN
1759288602,3511795,c8bd10b716352828d4ede6a1242ef0b5513cc0f65f719724f3c0e945dd77b21b,CHAIN
1759288499,3511793,563d7013bfdcf8bce0088b82583a775a62ec12e816d0885891595ed26ac76099,CHAIN
1759288318,3511791,01ae1d37a2a5a4acbb41b288ac9f0a714d37fe7363ce4f5b756d43fc53871757,CHAIN
1759288212,3511790,1ae516d01518372e1936d149ab58728ef092d5ec63679a9db5c055bff01567ee,CHAIN
1759287114,3511782,ecb6e2bd056090bd378122905621ade810d0a1f700316f9ab458d21c1ae72183,CHAIN
1759286475,3511776,a5f441750c50907e963b7ebabe3cd75d26f56d8e0da66a32db7eab9a57c7cb0c,CHAIN
1759283511,3511758,80a57716d1786cf7f75b22da7e86777f7e7577f3b0f0e726942df033d8ef42db,CHAIN
1759283225,3511755,2996345fa48165d8b024f03290b7ec6545b1b939565f4228ce0a7a0d427f7599,CHAIN
1759282948,3511753,43f31590d017d381c98fb7e70d0f150f18eec38c847204df8c99073f2b3b7b95,CHAIN
1759282014,3511748,98b5b59c8043c87c971b9ec87c70c32da35dfc9969bb3feb492bb96d39c37dd9,CHAIN
1759280061,3511734,e8852e06b9454f6a07b6dcea529a4fa3f47d4e83f55843827d86da7caeece384,CHAIN
1759280021,3511733,b81a58751aa918bc31f39d77b648962ef148447d97c36aeb9a64fdf8f91f4d61,CHAIN
1759279749,3511732,e37bf8839d441216e4e3d90bbc26f092c804b63b31f5ac167691aa47f9a8b084,CHAIN
1759279528,3511730,bdde3d1ac389905999f7bb6976c3832bde3e0c56a5f13d22d134cbb0a8fe8e65,CHAIN
1759278385,3511724,9787123c5fff723f26b2589eb7aac92fc9caa843c2f1602e18ba50be25713acb,CHAIN
1759274555,3511698,11fb765a9fb8f2abf0d247247fbc2be9730b5ab8ee56aef4475416bbdbad098d,CHAIN
1759273622,3511693,5e6a98251fce60c581c8c5640792f54aac073a04be1d727a971bdefa49982a07,CHAIN
1759272981,3511689,bcdf7e8f1a33fa18b1bca3dd17721417707e7abeb9bd61b444ee520ad88a55c0,CHAIN
1759271973,3511681,0ed57e8f8d0b4c213fc5bbac34a1f2a4c25abe0a7ccf037392056be264b84b21,CHAIN
1759271347,3511675,bbe1b3c567b635f1ad03fdd79b9a0c95ecd30b4b4cb2a7a1d6d789a261cea0c3,CHAIN
1759268415,3511649,38b8148d434d86009e9661328350e1f29563a976297746b4f5fa5c0ce87774d8,CHAIN
1759266999,3511635,572556aa269181d13e14e43be36d62b66fe80074ecaeb80f068c756570449de6,CHAIN
1759266946,3511633,cc1bf4355cbf606686e727be685e3d7198787a0e5e9a3e2c203493a750801be5,CHAIN
1759266755,3511632,195245ba90c7fed175b9871f442f10138aa217896867290bb61d6740a394a7c4,CHAIN
1759266723,3511631,8da877c7c26d04328a70d74afbe3ce60765d334264a9e52f32aba6dbb29bb567,CHAIN
1759265284,3511620,d09d1a7f8ae5c3fe04af61abe5571919b675d32f6486ed052672275faa5bac17,CHAIN
1759263171,3511604,3f5687764511d03dd5b4b52a19cd7eb69bfed48f7274ae60aa594158bc3f9520,CHAIN
1759263069,3511602,c75bb7bfed6becb837a5552b55155c9225fa84ecd82c2696800ed6d87ee2c5cc,CHAIN
1759262090,3511597,856715bbb3b18adecb7d1a339731f19f55fb0fae7caad292673626f77eafdd08,CHAIN
1759261656,3511590,7206580d4968a971c4fc9072420dc347dfb885c5574e64814560653ba1291216,CHAIN
1759260382,3511580,f2c8472fdc3416669d14727f093487361088ce376ac47fb0cc89f43dd0f176c6,CHAIN
1759260377,3511579,331b4847d193e65cf47bbbedf24ad310ad17364d7ed45c152ae5fa10fe77fe2d,CHAIN
1759259707,3511570,70ce4a18f2b745465882b49b8e4b6c7ffc05a0b4a02f14052cfc90306784e961,CHAIN
1759258448,3511564,36c4d828b358e45bf9a79d8e7024b548e4e3d53ed0a4e6229fe746b5abeff15c,CHAIN
1759258132,3511563,0879b782cef32938d6d5af813f3da1a868d07cb85a7e19f4b9bb0960962ffd21,CHAIN
1759256692,3511549,670183f3ba302f1c8728ad5603b42b66152b067c1ae6c0ab7c71063a0b0f40a7,CHAIN
1759255051,3511539,367195b6e20794b7320613542d3c455deb7082df828a1341188df4766ed6e3ec,CHAIN
1759254966,3511538,638445b55a7947ab1d2dbec9f824889d432b7cc5d7cf1c1c7536b2065fa8d0f5,CHAIN
1759254734,3511536,da6de73fa5b9775025f2c62773607d7869253b41b2c7bdfd9c08c56cef2e9f5f,CHAIN
1759253821,3511530,e1ee4da93d6ff561216ca04951e0c90a26a79505b4700ab43d7a527e50554527,CHAIN
1759251860,3511519,75269a091eb1d95396c86e49084b5df1953e45226c4f0a9751ab246512e6f0c2,CHAIN
1759251510,3511516,c5bf8d78e55aeb4c84732e97a880ac6e6167f66d0feaf27ff9f3b10220bb206a,CHAIN
1759250172,3511507,3e39d1186c55c3fb924bba075300967db3674f83d21258ee50c3b010acdc0d95,CHAIN
1759250151,3511506,06e9d9d32eab1fde84bd751cf2005cbe78afa9103330f704e501fb1edf8a7cb8,CHAIN
1759247073,3511482,8c59dfc09b51c0cabdce65fa5cbecf0dbb5eb7713cfd91cf9f1ed4f11cf19a56,CHAIN
1759246800,3511479,567955ffb3cb4ef254da5b75af703d9741c860d244811640f64c2210194421b6,CHAIN
1759246709,3511477,e69c58c46d5b6c0b27dbdbbd53347e16a5b5f564aa2ce0bdf9f6c7e73a7daa3e,CHAIN
1759246693,3511476,29cd9ffe6f6ddda297ee8f174aca6a6b6becf115cd597536dd96c5541a42f259,CHAIN
1759243507,3511460,1426a4c275c26fc145b48f48e04bac1cb6473e773bf5b660d26dd48bf68234a2,CHAIN
1759241721,3511450,2cedba94afae7365cf3a5091b1fc8021a6f26238da1379d648fd9533e149c10c,CHAIN
1759241312,3511444,7b1bc62e970ed00c6fecbc0f3495e8d11951ef7d2b96834d271d5193317e7f9f,CHAIN
1759241217,3511443,76706a732557e9995c1841cc85bd62d24b99b847e4da837c6c9119cc4823a277,CHAIN
1759239892,3511434,a8ab0d5572c7c75239a05b6984ab1c4b54ea68b9926707b690c1a857219fdc8f,CHAIN
1759238018,3511421,c2fd745bb2438e9c1dd78d8d462ea18a0e952d979bbd3f6fb6ac0584bc83ad5b,CHAIN
1759236220,3511409,d15a3a5200f1e52414eb1a5749333f8ab69acf3b645f95b97e7a059cf128af9b,CHAIN
1759235170,3511401,6cfc7ba22d5868bcef5d90f9aac8d9399fe8c63ecb776ea532eb22c7936c6d4f,CHAIN
1759234898,3511397,491a3c0f9da45ae10585b65472578988c9ac87afdf6fc78c207bf6bfab6f2f17,CHAIN
1759234729,3511393,889f71c94cda8210a5d020aaa611aa864cb341703713ad525288100cd92b72bf,CHAIN
1759234660,3511391,32b1e18602dadfeefb5e40816720f66b164f0a8d22f275a23e431223afbf7c5b,CHAIN
1759232972,3511373,3fefe0766a85848fbca0fec4c23f60a7eb253244541f942fed7467148cb3e367,CHAIN
1759232275,3511366,8d7d3c54e4ec4dff542b4038dee662893bb17c48d6b23aa782772e1aa98c95d7,CHAIN
1759231693,3511363,7e1069bdba2342bbc69f7c12801b89ca594e2157293bb14ac1cff46639b94001,CHAIN
1759230950,3511361,656c0790c10070d079ff084c8fe43e63317aba636c64213fdc1248c1b2f16683,CHAIN
1759230495,3511359,4212c7ea0a512809e5ae08e0526881f0847060dd55987e86756a8d8ea2af57ae,CHAIN
1759230200,3511357,b2167ff02282c18d4f577fffd0b51043a3820bf2f810f4ff20fb365bfcb2fddb,CHAIN
1759229983,3511355,5a9d51c8ff07c9828c424729d2a6a19b85b62c3e5abce6b1105826bef9486415,CHAIN
1759229973,3511354,5040b70211fd6786796a3080d8f8b75247101921203a17cabb1feeff1b00f641,CHAIN
1759229946,3511353,59950c223faaa490f05d7660d8315921fd02144a1c5c4cd14f21ba58063bba59,CHAIN
1759229470,3511345,d1bc6ff8f77c4b7a1c80d6f8405af7531a37f1ecacf8c979cfa6e2a540b5648d,CHAIN
1759229086,3511341,c051122437ae0974eb340ef5b2aac7bac4935bc0b4a2b4b32e8f644cd093c195,CHAIN
1759228802,3511337,fe01d6869bdcb7aab12717596ff808e15ee8da715cfba2669577725d14fe40b5,CHAIN
1759228122,3511331,8cae59f4c3f1c591a8ff98e0e704cd9231ac07cd85fd1f0a9b079be00f180d8f,CHAIN
1759227844,3511329,12309a71d2cba734c4f6d35d46a66d50262968f96836c0a6d743c0dd56b3d4c2,CHAIN
1758693580,3506847,8d0f2edcb60f54befa0927899aaccab8918832a5dc1d420778c0d6a7a50ead3b,CHAIN
1758693292,3506845,f6a501fa0bf7c0031ed6991168669a7a8ac2dc3e3543009948a6733cefe0a15d,CHAIN
1758691956,3506833,9e3e6f56636dba6a8dc99c74a4508e0f2473f29fa61011dd0447574f064f5883,CHAIN
1758691641,3506829,88ec980600c113b828c5a3d76e4af91983f5ad3755c2385f2858556bbd26f465,CHAIN
1758691467,3506828,529a65898a8b94d9cab00b30f061eda139113ab973d0e76ab0ba0aecc184da02,CHAIN
1758689898,3506818,7ed2e77f63367eccdf58a72ad64f0326f93ea43e770537dcd17b1ca63b5bf3d0,CHAIN
1758688287,3506808,eabd5480e826094572e07d5beeebee3a863518ba453315788690174b56b0ac6d,CHAIN
1758688121,3506806,8489260add004abff82e22937ada935ed67361a133e073af7b6b891e29bad02b,CHAIN
1758686848,3506797,3a4b727fa06b0be4bcb8f4327f646979b7417058282d7f26644e4e1d890d5bdc,CHAIN
1758686572,3506795,93f26bf5f2607ca7cb8fd33b13378d40b0d3eac8bd0de48bda9609125124017a,CHAIN
1758685194,3506786,999a100f42a0f98e8a1b23bc4b1708312bf15354489b4746ae3f79c32ef05c9b,CHAIN
1758685030,3506785,0de7bfa87a1368f42ea1ef9b80e7b4a6d21a35016ca8b95fd0713f4cbc1cebb2,CHAIN
1758685004,3506784,e9f9b11cef44ea9f9e2dd9e3469e482bc09ab93a9aa411f3b2b7c3529f0641c2,CHAIN
1758683727,3506779,450ede173e38224d8b3e92f88e484d323b4e2ccd989203f14724010aa4a6af3e,CHAIN
1758683508,3506776,3a68e3369e9a680b29550a9a68d2f1fecfabe88813d02c060d0c9cc5de8b215f,CHAIN
1758683420,3506775,1c44524605cd79d01a09c7637a183032cc55de719ae8fc2d769f23056da25cf2,CHAIN
1758683381,3506774,321726b7af9a122cfd4f11d48e5d4fd6055181c6f31db58ef9e3e007838870c0,CHAIN
1758682040,3506763,d4d645840ae7a74917b47907441bd320fce304f776c8c48b13c2e1aa678e8fe1,CHAIN
1758680191,3506747,84bce01b4b6da9ceca99e572d7c8e60254ce60a7d01854978e978a4440a70954,CHAIN
1758680021,3506746,c88c8d2a79103e5b7109c031799d95db1bba756148f2e0c211eafc607ef83e0c,CHAIN
1758678644,3506739,6dcca1b85813a55499a7873f4e23a4cdcd4cbf4faf8b7b9e008a24ee8faa2a04,CHAIN
1758678617,3506738,734fee1f045d83d8026fe3a202f0c4a4908d51dd5feb8a75b169a70ebd088a4b,CHAIN
1758678454,3506736,eabf1f3cea0e874587205a71c5bf3a1f75b5622229644e0f1a311e4aae176b41,CHAIN
1758678382,3506735,c31efe4ffad0181a4a839186c1a3f487bf1a4a4c6c458cfb8c744f77c849067e,CHAIN
1758675452,3506726,41875700a3876b29159b220aed6d22ad6f1e2d6940f58915c7fd26d4ceb81cb3,CHAIN
1758675188,3506725,277c4f566c4c1f68f53d4897fbe2355a9b28139fa1ba664652edca16e5c05395,CHAIN
1758675186,3506724,693fc648671aa6e668c74a003c288e3f12ce98551296a34aaae80237833e5252,CHAIN
1758674963,3506721,c25d69619fadf8c762357e2ced86c179f0244c219253819f568d44047bb2fd67,CHAIN
1758674857,3506720,0822cb4eb720a047c5a7cf8ef39e4013d0e4a80e8633e84c71a38c65e96592c0,CHAIN
1758673320,3506710,fbdc39376b6f3100146b14465aa14a958a11f272ba24fd799c43082de0aed9a7,CHAIN
1758672159,3506707,abf652e588e5383d2feab0559c3c17e66111d56fd135838a75a524111b680bb9,CHAIN
1758672155,3506706,e1bf1af6f308f69a28f398a454c71c8f26b010365ac929909e9b458554a852b9,CHAIN
1758672109,3506705,1cb688117f3bc4e5ed7a98ac0825534d1ae72e90741ec0ee21408758250d70db,CHAIN
1758672082,3506704,864f4c8c9f15fc645e998362957c1e42af445e71d7858596fffb86a59921cfcd,CHAIN
1758669875,3506690,639c041b8216c981d16206d5b3572e923efe3e60a3c023a93d8498c9636e27f9,CHAIN
1758668650,3506679,034296c938b0f230e8999e0f82f6248a160591eec36fe6db4a74bf11efad2bcb,CHAIN
1758668489,3506677,ed2ce4b045807a7e0162984cbacb972dca9285e5341fbffcb6233450bb7300a6,CHAIN
1758668436,3506676,e549970cc4cf8866875482b3030029031932d76271e0e7027f3fd62ad5459a96,CHAIN
1758668211,3506674,7152965c12d3d604a0f9159592d23ebb49efa28d1f06a322e0137744f5c5c0eb,CHAIN
1758666378,3506660,5ceeded1272aa3d547db88a1f843f4cd05a0638448147f1ff06874d15d674917,CHAIN
1758664791,3506651,65b637134610793ec61e9f6f822f724548d47dbbc83e0d88e28d3a220eab07e0,CHAIN
1758664649,3506650,fe9abaa77ed0dadfdc94e9b10182610f301e126745aee83c13bc3d5b52a6caa2,CHAIN
1758661463,3506626,f87f36c5d48f539ec482bb2c0590ebb42b2c4915b11feaf0630247dd831b8bcd,CHAIN
1758659865,3506614,956b881b6185ed96cc614d39461264f5719e7dccc568827b1db7d6c447e2f790,CHAIN
1758656467,3506596,c3053bb71e14c9a5d40afbae84bea54f0eb491a5c82212465753b7c2c11a9a01,CHAIN
1758655098,3506587,45aea377cbcb395cedf872d67b5fa6ed060c84ecda86e9a1bf15d5281be4a3a5,CHAIN
1758654646,3506585,a25dfef8b5ef47bf933a870b1397055187bdd5d78c9fc275642a4e13d7ebc712,CHAIN
1758653639,3506578,f7bba43f49e63ffa994fdd6b18d5048bf9aa09e16637b529433fcde0b27fee23,CHAIN
1758653544,3506577,aac34c1f99777f934deb3063b4726ba4030b50c252de7cc441117df0655a779f,CHAIN
1758653416,3506575,393c4c6880811a11c3fec9ea44c26a3d4674b243a27c05f2c453eef0a2115e34,CHAIN
1758653095,3506574,4787566e94e6b769255efd684a9c285280d5bd49d40bcfcdc5c9d81700bd8496,CHAIN
1758652923,3506570,1a5bde870dbe851c42d5c80c7f534e514a89b56bf2f860a1b8dd28e086059980,CHAIN
1758651999,3506564,b695ca769a0b48fcbcdcb588c631e9ec75aedc31ad58de2c95677af7c182eeaa,CHAIN
1758651837,3506562,2019553a9ea2b98a9af18f5702f15bbee48e616b3a374a745419bc53417eca38,CHAIN
1758651361,3506557,7dac31419556b3f704989f5dda8376dc60d36de2d97af2fbca48fa55aaa1ee2b,CHAIN
1758649702,3506546,af993c543156991ac9614f14af294787afeb676a51db3d86742e2d3d3f934541,CHAIN
1758648119,3506529,e38c2fcc3938574e6d9359d42965c4cf1db9182773163220e4effc18edad7007,CHAIN
1758646647,3506519,abf11f828f4b856ea93d8d1eb89d1ca158b0c238deb2c11b2cf43d41c82151ff,CHAIN
1758646570,3506518,d53fb7e9dedc6c7ce1b99f17e151c4c62b2b224ca14e694522b0c96f0b54ac1b,CHAIN
1758646381,3506515,63222c00a7cb83f8326609919912fdaf49d87ab7bbca9de29d9793ea678599eb,CHAIN
1758645217,3506506,7dbbb12c62abc9d19dc670ea0deb9293f6f5aff0813d1ae3bff920e709c2ab71,CHAIN
1758644754,3506502,55fc34bbfd11df56c92fc128e470065168114e0c0f34c0aa0fe696e68b114e2f,CHAIN
1758643007,3506488,6493293017aa86ffdbd1776ec9b7f93766c8eda6fb37951edd542473773155c1,CHAIN
1758641948,3506481,e536d5696cf1df68751634d4061d17f1cf415b3ada20a88f073ce4c5edbe9d73,CHAIN
1758641496,3506475,8866f9987cfc5631424b244eef5ef21cea01803a2930f0035f35c40dfbb99a12,CHAIN
1758638770,3506452,5a34741b22b2deb828455251d5764553398da6f4bcf1d668a9d3ce838c1cb0bb,CHAIN
1758638740,3506451,ddca2705844c98b3f6f8f24f8f746ebc7694e4f584fda39c3366906d9f564f83,CHAIN
1758638696,3506450,4f05f59ee9abb55d7acd8ae2cac404f8be80895d3a922437bf6669730556bc61,CHAIN
1758638691,3506449,d9c964b110646dd72fa904b272cf3b6f24207621f5b74f748667fdfa312c8a97,CHAIN
1758638529,3506447,a399c83afaa7cb0f1fea351fdafe1cc4f2aa38ac74fd0400b41635d9878288ef,CHAIN
1758638405,3506445,d5057dbc80297017f38d1f2aedda85255506a29d56cec1a093f83616a892ca4f,CHAIN
1758636965,3506430,6fc503d347644c93f6ae396ab9bdd71da0444301d63749fbbf6e7ead087bc656,CHAIN
1758636954,3506429,d1d5ab37f624a9d20fca416bc99b0a5407d8126f22e357b9b88e765931ad283a,CHAIN
1758635404,3506409,952ad9b9ed77ab8f5c7f4e64776fc5f8b8cddd03ec75d1c1f458efb65fd4f170,CHAIN
1758635400,3506408,08e1c24cf62b42018cf36cf97f1c606a1a45839cccb2b414f8f8cc315b601950,CHAIN
1758635398,3506407,72b31c079979840f6be044d04d1cea88d0d925d2b939dcd5112be00618dfbdd2,CHAIN
1758635204,3506404,d1d0803d0d03167bb737fb2a1280f7ade0abda3a74a3b529988465cd0eed2a98,CHAIN
1758634953,3506402,66b48489474c38391c12d21708776c2eecc439dd43a1e4a8ad9a87a0a3f99e12,CHAIN
1758633352,3506386,35836e15b65624dcd15002b3c4f84d1467e248c9bdb52c1f8ccd9c4e90759663,CHAIN
1758631868,3506379,b52956ca534c62d4d121fe4ff275c06387d478b4b7e6380e4f906249f5e8ff46,CHAIN
1758631548,3506375,bc24dca6e1209e1fc8e77730d2a3dcf80fec2994a4b90a36095b64600fc3a735,CHAIN
1758631541,3506374,a3268088c5d37a2860589e90728a348954b43f77f56ab25dc203aec01ae78e62,CHAIN
1758630262,3506368,140f5f382e1ea20ae319958316f97371b2c686c26ef210fc27fa95ffe20a8042,CHAIN
1758629988,3506366,0bc604b226dfe490aa0a05024b887e82a27351ddf0fa062525b7cccd8b32f0f3,CHAIN
1758629937,3506365,2266afb8bd0642058ead0a4e2fa48569c285e1c224a26abd2de26dffe08e2661,CHAIN
1758629915,3506364,7842b6b054ae8fa55c4769194f92443b9124f84269a28c9f8225a5c4928d6426,CHAIN
1758629021,3506360,b7fffa5c534c219c545802fed5d9c476a57d388f02ea7360987b06e3a06d1224,CHAIN
1758628954,3506359,79db6201278cf751f243037eeecde83b01d79e5f236ec45444241d0147eea8c4,CHAIN
1758628873,3506358,ede293513d40553f1187cadd1cdbe55987d417afc2d975f294dd0fe5bb5b4bbd,CHAIN
1758628367,3506354,aa99e4afb8dee4a7facf2f8acb3723ef693d9df1a969e0d50c9d04c91e2cf0b0,CHAIN
1758628252,3506353,bec4a2ec7eef63dda633f982af1b517fbb385c7ee0496a70e51e2ef871f3ea55,CHAIN
1758627791,3506349,506f43ad77e08f627622e8d1b4d2bd1e541d991cea6e5158ec36edc4822340ee,CHAIN
1758627318,3506347,839e6b64d3a5fe4810c65cb15a82f554eb5136391c92ec5e65dae0a590a31ae2,CHAIN
1758627206,3506345,0ea6a75dd154010970f8a9383501b180ea202e22bdcaaf52d00ae631cb9873bc,CHAIN
1758626892,3506344,dad94f71e8ebc2d7ea7237db00cdcf0e80174f70e4fcb5246c219e9047549930,CHAIN
1758626105,3506337,286c85f2e2ceff38456c20f50e40c990b1a0036722260062d7ac48387d3e547c,CHAIN
1758625681,3506331,d05c0542b74c9643dbcb04fee87aee385a5d10ecaee803efe176807b2f898799,CHAIN
1758625604,3506329,bfb3b1be2227a2ab88692d7a78699bb00e194b350501460db2d848b0daf99e52,CHAIN
1758625219,3506325,719fdaec4cd31ddfaeed594467aa5451bd4ecd42510f1c28315e896cad85eef3,CHAIN
1758624284,3506323,d51958842f8e06836dcfa20ac3bec70403f2de23f6e98ec9fb70002a4829e71a,CHAIN
1758623724,3506317,8dfc99e4c7ff0928cb914108bfbe3b9c86fea9076280cff12d18b654a299b08c,CHAIN
1758120780,3502133,84858f228bdaaa40165fc3371804ff5f720c30840c26daee816d015b421cc7d7,CHAIN
1758120772,3502132,205cc2befaf4cf1507a5f2ce411617df034287ecc2a727e971d48781d0a25576,CHAIN
1758120092,3502125,7e1e345756443a884073cb29cdb14c7cbfa2fad053679e9592588cee5ce8faa0,CHAIN
1758118341,3502108,1b9017a036172f94cbe96425a1b70187dd4a148ac39f082c0f8ae85229f402a1,CHAIN
1758117906,3502107,d038fb5da0aca7194a1859de561d92788aba1c0c5f7de4f5ceeb9dc15cdcfaac,CHAIN
1758116715,3502091,e15c1bdaab2fdcc4b78c737db52c87257b9c6ab558fcfc564013d095027369c1,CHAIN
1758114483,3502070,42acbcbc79e3b30fe7c543398beaad9a873f40765a5520a107931b80bc9146ec,CHAIN
1758114258,3502067,e3a90a4190d141eee386e915bcba9b133e03c4bc561ba9aafea064b9cf37f573,CHAIN
1758114242,3502066,301ca53cb830a4ae20a8d3ee32521d5e8a14f9d01d976cb2815bdcda5521b1d9,CHAIN
1758112482,3502050,528f6cd3d1c740513b440de6360b67f0ba94e44d571d4c0a2422b9b6ca533405,CHAIN
1758112067,3502046,204eeff5778b7d5ea7d0cbb51afd5e54358d8596ad4a08898be4ebcdccf17e55,CHAIN
1758111847,3502045,5f92190524daa3053404284fededf9eb18d39f34c9bb7d591882654b8009f087,CHAIN
1758111487,3502043,6da32fcfcc982e723bee5d8b798ea85057961d267cc40c495a33065e38e57abb,CHAIN
1758111248,3502039,a46d8c6873bbb032b585de63b57c7b467b5ac4821e063c795382805113658859,CHAIN
1758110430,3502029,906e4bf42d5475da163985c67ac83a0d00c9e642b836606232d58f6c4366028b,CHAIN
1758110410,3502028,528daf39da876e019a3ec951224ec4863ee26413e7afa0f2376af0a46fd9f114,CHAIN
1758110213,3502026,0f226b1103b2470b4fdb9c1d298c3d8222aaf24fbe80c95a1f5187ab2a0e090a,CHAIN
1758108253,3502009,2fac1c7ebcfdf8f58ffcc602570cc4099bb0c6f45d3e5c60f81bde5492e65891,CHAIN
1758108179,3502008,62fd41c735d5fb3083d0b2b1747cf2f4f28e75caf7421c9a1abd2191c32c947e,CHAIN
1758107581,3502000,fc0180dc53d526e5e751253bc400970314c13484941d6db2fc1cf140fa6b9c26,CHAIN
1758107482,3501998,42405def38f6b3623257449936f5d1d0a7d73d7c25965426b24b101abc4db7bd,CHAIN
1758107151,3501996,21d9ec02c901a53e62f754dca003585df5efe38c387f66447bb3e3414fc82d9c,ORPHAN
1758104973,3501982,3b6e1536390112b4b506d0f539145782a6f04181da0b976e58cf5982070f7788,CHAIN
1758104672,3501979,b4cb793e65c3709f723ffceb6dd04a34bf4d7e93101e166bfeac9cb081c51dca,CHAIN
1758103282,3501969,f6e12871470a9d6009938aa94daa2f487a2d2fa3e2d5d907b754da616338bbac,CHAIN
1758102915,3501966,b3c54542b658b9c43b19ab8561614103edbf42edff4bfdef576bb522196df7cd,CHAIN
1758102673,3501962,8cd3761bcb02b0240e7ba697d5a31b3e12c239bb51437dcc0a95bafcdf9ccee5,CHAIN
1758102350,3501957,220c38080b6224f9864c9c99936bc3a8e92a55a4a454750c2919295253406277,CHAIN
1758102281,3501956,e0841de40df3cc4d8190f1354297f843bdf8e18b0baef46d6253847c0de00149,CHAIN
1758102250,3501955,61633c76cfa7ebe78942f1467a9f18e07969ecb77bf965fc52bd74440619ce46,CHAIN
1758102236,3501954,d68d3022eff079ad9bd21532951198178bec43080389eef902b04a94d4deaf31,CHAIN
1758100768,3501948,84a917c65a0de7c4f4ee2afc9a3b0395747f5c1e9ae860f79e54a755e1fcfae4,CHAIN
1758100673,3501945,7d2e050dd71ade14ca82643df127a1a54bfefbca1b6379d8d74bc475254de95a,CHAIN
1758100501,3501944,c4cd50889654a205ae0515d66d904834d74e785dd3bbb28a03a3c15fbd9da577,CHAIN
1758100385,3501943,f6127d08550388f35e0cf18088dbed437d64ea82fbfc218726182929de398cb3,CHAIN
1758100260,3501941,2122aec51dcf7881dc8501d66ba8aa34569356626e2b601ad905be46bfbdda74,CHAIN
1758100218,3501940,28c96ccabee32ed58f5d34d83ebf387e255eb77abf36a535db62a3f9a0ead8c5,CHAIN
1758099885,3501936,399426a77a8be679a94ab26fa5d6b25990a430856472c44bf4d2fd93d6b7e2df,CHAIN
1758099642,3501933,99f4f1272588de50bab95b4cc273a2bae678c46fa5733bd8a169fca5581d1dbf,CHAIN
1758097768,3501917,e7f165f79fb4b996e1d7c2b8643082e1d40ac8280e9e7038910696520ba91be2,CHAIN
1758097709,3501916,aae679f54b4b0f9a96efc2dd094ab8a9d02b9235bf65cbe2870ca6f5bb180f93,CHAIN
1758097506,3501913,4867af63b52d295c9f367bb15bf3cab06aec0f73ae3bcaa8ef235761e5a70445,CHAIN
1758095779,3501897,c5c9325c61920f5e4874cb369754c47b62f121a2c15efafd24b5d2836101e261,CHAIN
1758094859,3501890,43ec5cfdaa8fac1186e1fb043f0bfbac99010936d17478f59ca34878fc7043eb,CHAIN
1758092699,3501872,e4cc87eb5f29026d6108de84110a1e851949200ac523a66c45ae1e8b8efc2a41,CHAIN
1758092055,3501867,1a39c659efb0671445a963ed135dcf32d59be1e8a9d13f3cdc39bc3b94cce5c7,CHAIN
1758090744,3501858,a0a8041142e68411c70b70a131cefcf89450b981fc4ccf38bc5adc89c5eeb179,CHAIN
1758090656,3501856,d25624dbda4ec2143ff897eb8bfdf8e5c84ad3c368cd1716a0f96a3b65bd82ae,CHAIN
1758090577,3501854,a1743f0908b5e4d91013b996386f8d05b80ee70f3133466c862e93a551bd781a,CHAIN
1758090049,3501851,9c75a41510444bd3950b541dab73dd302be62099880dda30e4ca762b6a63454f,CHAIN
1758089815,3501847,b045889b237dbb83fc8eacdfdf0b9454a8b8de3ac8d5895185c66da590924ebe,CHAIN
1758087963,3501837,2a0d3a664838a89edd5585f8370226025f8d2b9b5723c75cd37519967772a040,CHAIN
1758086963,3501829,0d0dd919a2d66e62003db32763240f1f28830821fcba9a08020ec7275df9cc99,CHAIN
1758085314,3501817,d2117c81148ffadadfcebe4babb6eab190dfabf17f06873082d86b3041789286,CHAIN
1758084920,3501812,237c0697d987c979fe43a380f099a43cf20d9d0f6452b77ec1898ca4a599f6d5,CHAIN
1758084758,3501810,561d3d55e657a1c59bfd76290d6c4afb40caf635d0d00b83405ef1dd398ab052,CHAIN
1758084421,3501806,9ecf93d82571a82469bbf1019a87f9375e4283a5eb40b95259067ccdec812212,CHAIN
1758082439,3501798,04e396786f0e55dbf537859aa245f615c577962517150749133437e245c00ecf,CHAIN
1758082251,3501795,1ddc0dcd0670f6122631628d4377089bb65516eadb40a6ea4153bfc0153994d5,CHAIN
1758082224,3501794,7fd10c95dc04db536b5411d7104f0d2ae52c1906d169f3d10a7fe9ab0fd3300d,CHAIN
1758082074,3501793,e6b5b7d4a9b69f0af21f9d4f4d0a181e22e5b747c846205bd6b552d9b51aa4d9,CHAIN
1758081981,3501792,dc126a430ba417fb5bb9a222ea489bf8c7232dab88bdc532b22cf1dd8e99185c,CHAIN
1758081506,3501788,f76dd4f872d322c9107dfcc5c42248418dd84b4bcb580a3d7ceaa76e8686cbc0,CHAIN
1758079174,3501777,7c829e3d041e2ab25bafdaea0ed1c7469e41393b5c64665766b46bfe3ddc0278,CHAIN
1758079088,3501776,1b90f149314b823fbbb30b53c5bcd03460861ffacd1e5aad5bcbed2287d323ab,CHAIN
1758079008,3501775,f42bec9c24b0ebd3f15c75a80f319a79074da7f8ae0a3e55c98691d7c42dcb17,CHAIN
1758077320,3501762,af0bd0adcd28d140bf8927a9f674aa3ee07003295d30868eb7895bbb28a9bb85,CHAIN
1758076778,3501757,fd01c5a41e1b073bcad588801c79ca907fa55beb64f531cad7e1f50d4989a8ed,CHAIN
1758074620,3501749,e7bd9ad9ffde0e9d4a2506072f039744b63f517466227284e4d6965474c78834,CHAIN
1758073922,3501746,69be775164e5b783d8cad5f574cd359d0406607dd323802e1dcec5509ff6b255,CHAIN
1758072193,3501732,4a4301280f09487c1c97c6d21f4b397d8b4c0e8ae6662e311d7b3b8fcad37485,CHAIN
1758071993,3501730,be44cbac12583948e41d71e93e6c9fc19db63bdfdc5d078a229a472b2ffe237e,CHAIN
1758071988,3501729,074856b4b14ceed63ebec7a5b5af80bd2a6ffca81c11cf5d2f2ebd0620a3e314,CHAIN
1758071678,3501727,4cd338043c79a5ef960347f147ba6a6b68de9fe5de569de8cab81040df9c806b,CHAIN
1758071675,3501726,9910c7d9d9ad7150a3bfeb4feb613a52cdd59f0d0df97f4c7573e21a7217777f,CHAIN
1758071268,3501724,1b182f6db23337f81aaa083a5597562a88ecc477166627a4ce69be26f9a64931,CHAIN
1758069076,3501708,7b2ffde36251f256e48f5afc5712d97022120473398af85607262e8ae68f7648,ORPHAN
1758068649,3501705,e2ed8299812d9611c935e7a24e089c335b4991e329d7a3e6a2830f9b69de86e5,CHAIN
1758068561,3501703,492bbb89a409c1a92119a9aa5a24ecd73fe9135f8aa1491431c3ab0d59d26903,CHAIN
1758067144,3501696,4fd4d4b636218e4cd1262b2b479c18160db0cdd1d7cc29b86d880dd32e9b9559,CHAIN
1758066712,3501692,abfbeb230cdd6c5fb3499918928bb8f195a31decce4f3b6f9a71115342c874e2,CHAIN
1758066018,3501686,e98e5a5527062a2b7a9502689fc239090cfc067afaaacec5bfcd9e0b86468535,CHAIN
1758065988,3501685,e6580e56dd023602ff09cf6c0cba7ce5710e530a2c0556d712803836fbf41160,CHAIN
1758064011,3501674,602a57a7ad2de8352073005752292f113ece2a5f013e2de09f36cc406b56e740,CHAIN
1758063960,3501673,d329603cc3952fe664ce3766acde612fef47f8ad1294714367ab456efdc9b58f,CHAIN
1758063657,3501670,1538254702cb4fda306e42d7d0930b3bbd7f6c33e98ab3dc0dd71b53e56466fd,CHAIN
1758063523,3501669,2c7bde78ac412ddf352648b080204b2ddda7c3f3081b57318327a4e440d1b088,CHAIN
1758061897,3501656,a951b1632ac908644bcd634dfe6772538ddf389864a41fada2d8412cc9a62199,CHAIN
1758061757,3501654,98624b2a2b26c5a26c8ea5ab700ab23796fd1e9660ab6afb8f0691514e602796,CHAIN
1758061729,3501653,15b322dc9a884203fff3aefeb0f1df3aa40eca2fb10cf550498404e967366e35,CHAIN
1758061702,3501651,6081090ea3ef87c378b1c81ce5fb6f3f1a9077358aade31d7ba10d0c037bb22e,CHAIN
1758061625,3501649,db7b298a6c8f3e4ea177464cb9761592eeb67cfce69d3bb5e6241e71aa5cb93c,CHAIN
1758061073,3501647,78423a8fb7b0983e9402a6b5c976c68c102ae415fb9b067024a7ab984b7d1b96,CHAIN
1758061008,3501645,b8673986df0c3acc3266543d4f19a650264c29e7811b9915a92cd856fcd86e94,CHAIN
1758060854,3501643,387e7943c7b26908025f3564e7c72d6e7d819bb8c26b71789088163206f3183d,CHAIN
1758059335,3501634,f7829d776806c2f7cd00f8a3e9101bffdf52731c3eefd2fe873ad93c74cd0fc4,CHAIN
1758059234,3501632,a12722d548659f22ff74f9b793475298b12dcb8d9fc438f0a54382a69cd5bab3,CHAIN
1758059147,3501630,10a8dfcd479186139f7ba6264243dda564ed7d2c28e612caa4725d99a0eb05b4,CHAIN
1758058514,3501628,5a396b20da32aa9313ad62156ed4f6bedaa8dc28f7ca08630400546863bff6c4,CHAIN
1758056842,3501619,acc513b346e2b758bc32777dd9d778002f4deaa9078528f2c321450e4b117217,CHAIN
1758056766,3501617,537d79933f1e8f557d9a514cd451e73427ee965f7196d5b7fbb11a8655e1eb38,CHAIN
1758056739,3501616,ddae13b7228cd7e427addea4ca5248ba8b54d6110f10df133838ed869b4ff764,CHAIN
1758055933,3501613,85a910f1f3be259843723bde57ac38264764e0d049e082c07427934199d95785,CHAIN
1758055923,3501612,23f1f036570f7ef2ac4a0e048fa3aafbf2077be69af6f24c3b58d9baafbc385b,CHAIN
1758053859,3501599,f75326270d9216c10d62d19b9bc69c0f454abf4f8f730a9284759d0d6f20a314,CHAIN
1758053710,3501598,aae4e7beed95bb6ca4a95d2d3aeb571eb7f51a8c354d2a5427b871ccac353281,CHAIN
1758053657,3501595,e727848abae057f39118a21a0fa5d61bacdccfba54bdc69b1e4fb6192686094e,CHAIN
1758051816,3501583,341d11441fdba55d79c2d0bbb47e1c05f25eaffb6fd605db3412c7634b2214d0,CHAIN
1758051671,3501581,c9c159746718dfe34687d92aa26aa5b75b5521b6c125b2236e27cecfc17e0604,CHAIN
1758051555,3501580,12f664fd7823b7251fa420ee08f535b535ab49c9d52c52424c7177a372fedb60,CHAIN
1758051476,3501579,a607717dcc324ff10495d6b8122902fb37186fca72e9ee0ed8eafcac0c2421d4,CHAIN
1758051146,3501573,487aff69360ad4f78c5be4e9e61e4a5c5713123793e9096c3f772aab07cc6990,CHAIN
1758049558,3501560,653cb630457111278e70c7288860bfb4cac6c8bc9bcbda666d3688024030eca3,CHAIN
1758049528,3501559,c7e20776838c83dbd28ff77253501a51f504d82de8f3ebeff3571eea64ebe2c4,CHAIN
1758049213,3501554,82eca544fae3fed41089622b09bfff356db1e919eb5418d7b985446b90cf8656,CHAIN
1758048803,3501552,dfaab187cbbe84eedbb7cdfb29e1ea8d531399a2fb68da902898bbe0288950ed,CHAIN
1758048794,3501551,f27ef2806ad14fe0573d7e7a571c18f5af8deeb8db699c8427649281166009eb,CHAIN
1758048481,3501548,49164c386059f6422c9fa242f62674da1021b99f6e99e2d1679ad42be44180bc,CHAIN
1758047104,3501537,a4e5f666236ae641625b48c3f3dfd8300991edf73968e6902df14b81c3c7ed53,CHAIN
1758046892,3501534,3088ade11178bc1c4632a8967af60d621201e7b425712b7068b12e7d999efa11,CHAIN
1758046562,3501529,e003f1b8543c11802cdb56c883b85fa485fc7feef8825fbbee28cfd8ca9e463e,CHAIN
1758046476,3501527,a504fba9d6e5933e1622aa9e78e343d2c6f42fa304fec76cff85cb7292c05e3a,CHAIN
1758046464,3501526,afeb4fc0e194178cb93e82b451c7f6d134e5f5dcb2700998c1e4f755f6d7fd44,CHAIN
1758046405,3501525,ad5bd1a423de23e746ede1c813e94bb39d55a97ad7162472789db68e83f2b03d,CHAIN
1758046196,3501523,ccfb409d2c57859de061b8283e6ca00199ea7e898abb70d9bf01aac27e764e8c,CHAIN
1758046166,3501522,160f660941cb6743c9984cd670de8d0c8ab0e21ee997f480673bd67e65c7a113,CHAIN
1758044557,3501509,6e10a61688c8a710c7161af518c58f7b248051b23e4da9acc05b2dd5ba0d0887,CHAIN
1758044346,3501507,d15417837c2ae9f909e667e553adbc599eb9e8ae04dea98d8b0d7e6cc4a6d480,CHAIN
1758043971,3501503,584c517cc29c34eefcb4bfec84f6c866b9593e3fff582889786bd7fe30cb7d63,CHAIN
1758043866,3501502,6491f9120f0544264ee21088934169d97b30cd3ddb1e4c150847cfc8774d8d41,CHAIN
1758042188,3501488,de36bc19c99c111e1c8f8644c99ed286ed76acbc4c0cbc643ad3c7905dbe1bc8,CHAIN
1758041272,3501486,ee142e6966f0ee5bb9db53e3882b4860eb9e96d9e03503b0fbaf8a76a5ca7948,CHAIN
1758041239,3501485,59e8a6eca2bfa69c7eab5bcf9ccf1f7d5edb37fc05292456e909d29074936022,CHAIN
1758041139,3501483,2c91dbfcb990bd8ac6b8dc4f37fbc5caec8e5ccf8b0ba8d7f7470904ac9f5260,CHAIN
1758039689,3501471,f55a161cc25c70695367c2911596e8a1867d9f535eca8f93aaafe8e6da1b23d2,CHAIN
1758039661,3501470,2c938bc47826bdcca5c30b83024d89328de7cb9a6910766283459cf8e993d651,CHAIN
1758038611,3501461,3a01dcc62406180abc671e390742f8f45da81ab61f9e54f38ccfc5441f0f4a40,CHAIN
1758036962,3501452,c0e511ea27d9e9862c540630241ed6a154d7632537ee7ef25db8633ffa02d866,CHAIN
1758034452,3501423,f1ba39185290ecd9556f0115b64be217870f018190c50900fbf60a048279ddf9,CHAIN
1758034365,3501421,704d1c3cf9888d37e3a6a9761b06a6364b27af51e72ef5ee78616d0393d0c628,CHAIN
1758034175,3501419,8225b0555ffac160273d9baf1b92c474ad444c5f4ea4104a918b753aa524d631,CHAIN
1758033535,3501414,a4a8cad5968d37b0349e92a21d52c55143fe97a46de798cc9886c17b668b6058,CHAIN
1758032051,3501407,134bfcedf9ef900c56a459af1a392dd385885d33508c4438469071d464614f5a,CHAIN
1758031743,3501405,8d0c9bfa3ff2d0764933da2632304cb150225f1f06e93a0acbccc2e0ab93cd06,CHAIN
1758031467,3501402,9c923198b8beca111b80069f57c81da4add6f28a58c528e62129c0e6dfd7ee12,CHAIN
1758029032,3501383,fadf6703cfbbb33f83880976d464d9a024341a5937e96ec442e3e418d4d11a12,CHAIN
1758026868,3501369,3c9670ce86379a4891944abababb15ba609f7bbd525901adc3e358abdcf6bd77,CHAIN
1758026296,3501364,4a30cd1a5a9744e656a56e3ba46b858da5790331b4e5db35a476d71576e40f69,CHAIN
1758025972,3501362,fa1a5d22257341f4ab6c8a4e0b03229b942b6abcba9fac09cbcdce720193bbbb,CHAIN
1758024354,3501353,afe30f5b92fdb5f812b27f17503d66c0e80b3c757053e8eeddc85395ad66bd88,CHAIN
1758024285,3501352,26c013080793a0080124e000955198b1a4c41a05e743e36cb1c9244c2aa4147d,CHAIN
1758024077,3501347,8c9f30dc03ac05d9e6c3fd8ddfc61347e219aed7729b0238379f038f718be3d6,CHAIN
1758023376,3501345,3281980e1a0f827d2af655e456edbd1d956fdc3822e1f599e50d24b1020e112b,CHAIN
1758023279,3501344,56e6c63d71ce9ebac42f7d462a8e523c8e0377368480cd414f94229c9bbcf0f9,CHAIN
1758023209,3501343,a8c88748d147f8001510052688ae1e7e455c8d162c64f31707f70313e24a9137,CHAIN
1758023165,3501342,f2e48aca4e47f464349f2d2acdf1afe62be7f386afc130cacc55cda03e23de67,CHAIN
1758022553,3501337,bd6105a45095db8251bf41bd6e36704ca495874caf35278ff922c68f1e34e929,CHAIN
1758022551,3501336,aaa4f9656f394c3c40582ac7831d756bb032dfd3d1ac5e5ca974939e76939e8f,CHAIN
1758022255,3501334,c5db7d85e7f78a6460fbb984804943d69b52c66eced564b688441b42450161b6,CHAIN
1758022054,3501332,96065263d615ef57c5a5caead2b29a726f3526c344a425003adb9a22978d14ef,CHAIN
1758020943,3501328,cedd949ace34890af65ca017e88e9109b11695d55d54929509d67319b9af4a1c,CHAIN
1758020306,3501324,a5a4de22571300969cacdb5fbbfa69611ee48e695c2a6807e729979b79d2f33e,CHAIN
1758019689,3501318,0ec2ed3af67824872bc9b4d8817ddd096745bb8822e98362537d514f108a8254,CHAIN
1758019150,3501317,5ec1e97aa9e4a52a5f9d204a34c79202bd5acc06af7b29b250b9e1e5c26209d7,CHAIN
1758018657,3501313,9e958e07bd6ae711ee7cdcaafdf72d35e1da310affdf793c8ba578ea9cc617a5,CHAIN
1758017935,3501312,a2fa26515ca8ad6bcd4934d7a1bb85e18870cf55f8a00956a3ff80610fc99f17,CHAIN
1758017678,3501311,c8dfe487c0b16662cd70404769b9d28c443395e9f03b3321d3de4539ee1fef41,CHAIN
1758016865,3501307,f0c93f93af7fda5f594cfb3fb76b0276542e51bd5f2c97279c9b7b0b0db747f0,CHAIN
1758016421,3501305,46fa02f4d284123962e168b539a43240c5b143cfc2687d4dfc38cc13fbb9b35c,CHAIN
1758015878,3501300,27e8a81e4b0fa3ac5bd58acffe1a25595e3b85f001f6f46564340bfbce11acb8,CHAIN
1758015171,3501295,532b01a6ee1edadbcb2fdf4605bef3297a4d291003eb643d36e552efcad713cd,CHAIN
1758014901,3501294,bdfbb5deb99a38d31d60ad1f2e0ce9d0b4b1a71eb00273a038dff39f73b83844,CHAIN
1758014706,3501290,a72b50724dd23100fc7ec24b8c18997500fdbd3045fb856644bf44d70a223f91,CHAIN
1758014633,3501287,15ea8c952775a3884e4c1e8904412dcd3b8aa6f77be35ffef91959af36da2127,CHAIN
1758014396,3501286,a8ccf287407128b060c38105d67e280c15ac86170f280c8dd96f0e6d615e410f,CHAIN
1758014369,3501285,216a840c57a61f68dcdea8d8a675b9408e442f1f9775bd285337d10c349a2f57,CHAIN
1758014155,3501280,4f0e087afa022713d9cf0828f864c53f4c72c5a27ac66e3792f613a9dca6af1f,CHAIN
1758013936,3501277,560ba83b54d684ad2a8c0c6eba68f8be179c5bf444ecfc65876cc3918d3c88cf,CHAIN
1758013614,3501274,35b391c9e29e2f548b4f321bc793e73cc36777970bf44f80d8ca461277e97890,CHAIN
1758013558,3501273,13ee46a52d7cd19ca2462d955635af43c04e771be49b454f0944e41c51459c3d,CHAIN
1758013005,3501269,f4d0536af0e6df9b7dfac92f849a57c3add28915b94600db0744ed8dc0167987,CHAIN
1758011474,3501264,a6f8fe8b50ab94174f5186ec53bd62c77a36916bfb0aad3672c5ef3187edf61b,CHAIN
1758011284,3501261,8be920982b0747739f492820f6a4993a9da4e0791060385552c9be4c67725d0f,CHAIN
1758011266,3501260,1626048b8004d7819de315244b672080c33583ba50c6c3c1a3b71b0e0f151eeb,CHAIN
1758011197,3501258,76db0132ea7015dbc16addcbcffb0d30bb4aabb1497d7490aab8acdce9ee8464,CHAIN
1758011010,3501257,b54eed4d9af6d56fd9536892d36a0d31f37b23f45d0449cde80b61541d7b0dea,CHAIN
1758010532,3501254,aaa96e0233f7d4ddbc56c5c1b703821d39202becf084068fb29ccfed3c47b956,CHAIN
1758010277,3501249,486f021757678261f3c1de38e170ab9279e72548c852a47ea7e6374a45364ae8,CHAIN
1758010242,3501248,9c19946f6a673daeaddda6b1c12547dcb0aafec21e206020cd32286f13da097c,CHAIN
1758009406,3501243,9c8a173d7121ff14dae804852b7433b3ed8b02713b5dd113452ed210c15c1373,CHAIN
1758009404,3501242,0056cc5fb16e32cc0da4bb4d8a0c2cb3571e2e5248af9470d2e03cb7c3c7c8c7,CHAIN
1758009163,3501239,311e19b386db3dbde47743d3252772aeb08a8cb6ea92c84907008f500f5066f6,CHAIN
1758009125,3501238,750021c5d03816510be297d44b5d57e236999b781fc4f99d7ed817a0511d436b,CHAIN
1758008534,3501233,9d7f36432210f06ec0c42dd72e20de75075009ab92a1d6e21fe8e01b1a5a4ad7,CHAIN
1758008443,3501232,80b1e846dee24f8b79c718a0b542961f0caeca544b97574b58ecc1467a94c964,CHAIN
1758008439,3501231,cfaec2b8369dbf7a63d96e981c59557e93fbc0a6317a880fb69761a9dd188d37,CHAIN
1758008327,3501230,6599667948f3aac5e9be4231da78d9030ec4fa8ab191fef83b783d063dc0cdfd,CHAIN
1758007616,3501225,c5dfe3c20891c50bb75a9da4ac91f6abbc499a10f6c6ec5601217bdceb324089,CHAIN
1758007547,3501224,9a92ba4ec5fa353d5a3823678365c800918f6f635d89e0b6bd2969458466d3da,CHAIN
1758006914,3501222,1f5edb68ff4980c3c8c5084596093ab36c59cf8d19b8a54191302e5fbbc3fed9,CHAIN
1758006750,3501219,5d0701120905c010713de89e165c9ae373683d63e450eb983d78003f91dad8d9,CHAIN
1758006527,3501217,2d0734ef4f75bcc26fd8200d69a56a29f806f903e702bfb3d1dc87312b4852ed,CHAIN
1758006414,3501213,a2607013deecf32f11d20b402002b0ffbc8021f55a0c113aa0555df9ce0fec89,CHAIN
1758005776,3501211,672f51d3f5095f4375cd1aec711387f6bd2df5bb1cbe5345fc1484620ce6210e,CHAIN
1758005469,3501210,9a690c32e9efb6a87927da829e70013bf245ff2d697f8789f425872580624112,CHAIN
1758005455,3501209,1ddead49aa3ca53b49667afb2e244cea7f485f601340e2b7f04973bb98c8f4ba,CHAIN
1758004988,3501207,de7d2ae6f4d7c234bc4f6a7af4a50d3e19a526d6d4bb2c8ff2838b75ac8c2207,CHAIN
1758004516,3501201,c7d9a032360c23a1de4aa3115c0fc699dcd1076ae1d081ada02711fb0e6937fa,CHAIN
1758004211,3501198,c005c1480df557758d9319fb08f8c4dcda910de566cd9f6e8e66e69ba70f05a9,CHAIN
1758004037,3501196,778a62fa283bce442300afc28c9626752a67c354791b959237c278b769dd80ef,CHAIN
1758003800,3501195,93c5cac342a681e40347bab8d2707f1bb720f4c9574f6aca3b8362f380dfb927,CHAIN
1758002937,3501189,06aeeda47dbdeb8cbc64d2b7062973a919099de6df5c61689943a40059c0b559,CHAIN
1758002677,3501188,87dfdda7e20e3b7cd1a55da04153f8569cfa93341faf95b03202458b29c21946,CHAIN
1757586575,3497635,c860da6e59923f2d2b420217e1e42c2a6948ba2187364939e95baea20227a68f,ORPHAN
1757586202,3497633,8afc3b48ae5117c83670ed1e1688e3b29880ccb5167e4cb02c26ce97149bdcb7,ORPHAN
1757198097,3494452,883c6feebc9a33e79dacdff6bbccfe42d448dcac123fbd33417b61c6342fdda2,ORPHAN
1757197593,3494448,22d77049c7651071b68c95e12d6df37e46263c5fa4522f7615f3f016b003967c,ORPHAN
1757195544,3494426,40684c6ae1eadeb2660cce32f539a866f58dda2550a2ac23be3776967b3582a7,ORPHAN
1757192800,3494403,c8409e910b42f2ee79670add486f8b03c575c6e408323b20a6f835c75acfa865,ORPHAN
1757192469,3494396,9b0b0cdeb7e84d3c1fea4dd38d2ba3696c5bd9fa5506cf7abec55ea2cab5f957,ORPHAN
1757191414,3494389,11cd374bb800e763244bd7cc4a84089deb4c6e52f2f94efdff6ba433c4d04889,ORPHAN
1757189990,3494375,d56795b5dc20b3961bee7662690e2544843d9dc287cb5978862f15ff9b61b19c,ORPHAN
1757189504,3494368,f34d5fa2554a3f5a72106004e1c7459341b349d684a5ec626af9131344c086a1,ORPHAN
1757184010,3494318,deeb594cbac9a982b033300d7ee621204753b062fdb8eb62ca6d60b282f9ebb6,ORPHAN
1757183847,3494314,d0d82547f51f703ec5ccf3d7082a54525a1b6adb938c5ce828ef049b7f19e47a,ORPHAN
1757183167,3494303,c9be8df67b22dacc92e7ff1d1a2e4fbd7b36d667acf012666ae9f141520c2a70,ORPHAN
1757182940,3494301,8db8904213937d42450003e71cf827d80b602c6697ca12604a6f2aa9bdc53f4b,ORPHAN
1757182815,3494299,770079300e9cbe65375d9823a6cf68be9d9e4ddeff7077852029d71d5bdde36b,ORPHAN
1757182242,3494295,0a39810778c0a96e3ecbb86b024265126abc5780e941be5756f1af44c35d7176,ORPHAN
1757182029,3494292,c5427c1d0ea2bf1e9ec91804a8a1c253b575a29fe67b62a3d71d3ffd188c5996,ORPHAN
1757181939,3494288,3a8097a86d1549dfeb0efc75625c3114b6f1a1e26de74759c7c1930d599163c7,ORPHAN
1757180885,3494276,39b637a55cb557436bdcbeb026c10e2631f2178ed883d8b8bfa995c5b72b0fb0,ORPHAN
1757175856,3494236,2650ea48096b37d684a3f2060049f850e0ab2af71c517c1558de1267fdb04d75,ORPHAN
1757175775,3494234,95abf8393dd0059ed6e2c9d66eb47aeb1e700255bed54b489a4f7af122d47be8,ORPHAN
1757173944,3494212,b3646a6df75c5f75e934a8e947e75d7ecf1515ba0e986ab49264a76fc1e494a2,ORPHAN
1757173770,3494210,2fa1189f163b93794aaf6d05e8f1ec822eae58f3efbaff4b229a974f94fdc76f,ORPHAN
1757036926,3493073,ebe5a7ef672879a4f3b66ad36c331bf11db7020705695d509265060c43489517,CHAIN
1757036849,3493072,865bbdf3cd9d9065d06a1fe656e1d227e9e98421f8191626eff95db996fbebc3,CHAIN
1757036507,3493069,f1a0221fd81b18fc819d0b6e4783a409fc8403c076850af567b5073bb500e843,CHAIN
1757034783,3493054,1ee033a9a968b4a746296950227fa741a43967e847a1af7bd8744ddbfa275995,CHAIN
1757031881,3493037,0b9974da1abf5ecead2555696b065b4c722ba4c49a709a50a7a8bc3a5409651a,CHAIN
1757031829,3493036,bc3f9c9f102619d3126389c41e4e68a3643a43a629a3d0afe0dfae6e32466e61,CHAIN
1757031096,3493035,ac4eaa41bf4cb55e7e504801f6b2765936e41056abea1f8060cf32dc677472bb,CHAIN
1756898279,3491969,700f8ea10dc63b10d23c1023c03db72d7fc1ee0f2b1f7befa8f53090177e8823,CHAIN
1756897986,3491967,362ca16c9c04ff07476d82d3c5d391ec5b64e388c8d4c6fac5bf3659eccc6a2f,CHAIN
1756897622,3491964,0628d9d12d8760491d75b007baeaf4c48d7f64942314b880305c8a4d88a244fa,CHAIN
1756897604,3491963,783003c7b03085bb989912df2cf06658daad45a736157b394d3d4cfe16ab4fc5,CHAIN
1756896764,3491959,6ea18a8887e65cf179bc8b807d8be1fafa86d8fb8b9de49355822565c3c07a0b,CHAIN
1756896759,3491958,3f2761f2427577c9b74d230a1bb590edde75b552eb07550eebb710c3889f0b83,CHAIN
1756894329,3491939,6442eda5baea92dab870bb3100b4a2762fed913119bc52cbb0f3773009a3c1cc,CHAIN
1756893975,3491936,209ac858efc59f2aaa0a6b9e1bcdac8854b3379ec545b7954d1e60ec77db3ebe,CHAIN
1756893471,3491932,eb59afdf053a2cc39f73c2926868f13d463c36c2df7153c604a551ccd6982773,CHAIN
1756893098,3491928,429fd3658edc2ce2b73084bcb4f047713a45b093633f3142a61a584090f0935b,CHAIN
1756892875,3491926,acc1febb64a489cbc82a26b222cc67a3c1cb11b53000b286c53c03b46f70b911,CHAIN
1756890143,3491901,b9f5a3f1c02ae3f285e02ae3574e78ff36234e968da46017d73d8ffd96c3b958,CHAIN
1756890088,3491900,50d98f7cafbfaea2af08824fe911acddbe779fabfa8082a7dfca6298eadc9762,CHAIN
1756889964,3491898,529b8953d555773e62542c2007f9b0990528ffa52c5e23e0b411986202aa56fd,CHAIN
1756889132,3491893,71e16425933a54e55fbb78d65d7a66a0d1f0394e1b2ef9fe38033d4c842278e4,CHAIN
1756888951,3491890,4f57194d27a38c58d5eb3dc610649b836ef2ab5c7b5b1787cab543784dc0cfac,CHAIN
1756888916,3491889,e83421e78d8da3714b9792a3f703da5da74fcbeccfc5eaab5ca3bacc762d67ed,CHAIN
1756888615,3491885,940de0e76df0fbbac492b18c2012d3dc088d250ea4b1bb4c66877c2a68b25045,CHAIN
1756888484,3491883,5b6243e371d121b1957ba728ff391130b51cb572891fafb23b933f3be6f15688,CHAIN
1756885595,3491865,5b52d789ccce9f042467ccfa49ab8f5cb1f3ad6e016ee42394f898057dd15b24,ORPHAN
1756884832,3491862,733a1fcab69c0d215f88d6d14802a1ad1e31e816b3dd2100e33f70976627f61b,CHAIN
1756880963,3491824,4c871a862cba8dc5ef00f30cc8fcb27c85bbae63c11e1ad95d79cb5fda62cc1f,CHAIN
1756880716,3491823,47130bf2abcd92d07020e4740af410cd75f4c9b2abe9a6573248acb54e9d92b0,CHAIN
1756879895,3491819,b7e665adfa794e9a17bfae920a5ce552f29a45f26088646168ed9cc9506b1194,CHAIN
1756879593,3491817,0ea8868b453294681a79a20a878407906e0a68626d55130912d1492f15424f02,CHAIN
1756876900,3491798,a32fd4a5508ac76aeb1e7d913ca02639a3cdc8f511f0cc68404d5fef291e1fc4,CHAIN
1756876513,3491794,8a5ccdc5eb77f3db19f40ea02c22dc0ebfbacf06ec0af4df5cecabdd988305d5,CHAIN
1756876107,3491793,770d774c71dd569c67991b53419bc776789e2cd1085f0f65e6c25aef01c6afda,CHAIN
1756876000,3491792,42af05153cea77fa82361337d678fe9bb996b00d041c8617e1ede53d97be0e46,CHAIN
1756875969,3491791,1ca7898110ffde1df8807dbc1e28e3a1f464a3a2cc751ea472e3d35ec8772c98,CHAIN
1756875810,3491788,dc55a732e57e2efecf51ee5b6d8f45b0d88e403563588cce875f0483dc0a8ec4,CHAIN
1756875082,3491778,073a2447b9f975b1ccdeb9ed1dbb26936cae50b1a15af0f5e9d9530fed4eb841,CHAIN
1756875010,3491777,a696a3aabca4dc7c0bacf28847a5401a54b2608f484f1cccf71a4364be1f368e,CHAIN
1756872077,3491753,f0e5cf2be5e0e7c207ef6e36a303705d7ef64cd0266cc60e9c690b0b704110c1,CHAIN
1756872059,3491752,6814909239671935afa953c427b4b88de26e26ba1ded448d8d557bcee2b06b73,CHAIN
1756871821,3491749,a04cab5259473bbc13fcfeefa8ca64bc6ec69847204808cc9ab319db43027abf,CHAIN
1756871763,3491747,fd5e1ced446a4e83812994e8eea1348a13af3123bc1833bdded459142b55e593,CHAIN
1756871512,3491744,54d687164422cd413ef58ef042b8fe66a1af0e103b0e82f2e4dbab180ceac907,CHAIN
1756871203,3491740,a6ce090d1c10e87c8d5e6c4721c660060a972c637285b27d4c7ec064eafb8f6b,CHAIN
1756868618,3491720,368d4bbea40bf466eceb9207f041831696f1d584991ce677ef76debc400cdce0,CHAIN
1756868303,3491719,58c7763b60e6286c3413c4fcf480a3ce193af24043e2b7a50ec859699bc27712,CHAIN
1756868284,3491718,b55d2a8126eb007e6c24af763b6e5c69249d6dcd2426646f62c7d58552c8ae8f,CHAIN
1756867990,3491715,61ef6fb89134f2f7d5cf73e70017c56664fdcf027d2958e00b6d84c3da2b6e4f,CHAIN
1756867769,3491712,6711ddab6acab2fed1c09afc61262ed83d7c6baef4af0b31075458d04a1ad18e,CHAIN
1756867340,3491708,47fd7a3e8558052e1a7298fc6a8e33cd1795403d3dd0ab1826702adc07b9f2c9,CHAIN
1756867250,3491705,50c3e8cac724c3de59e832f50782de3ff905c3151fd46fd043c30c79c0cb5943,CHAIN
1756867134,3491703,ef937f644bc6c52e9a4e1d8adc59e2295850653cdbe85d012945acd38c2d4f21,CHAIN
1756866873,3491700,6d0027964caba87deb6b087e5ca7e24d2ee55214bd3024f3e3ef24a927dc22c5,CHAIN
1756864246,3491681,b462a7de66c5c184a05f8295d22859ff954cdd4adbec7df650617469549c594f,CHAIN
1756864094,3491676,e8b23d2800f62e60fb9a229c858eb54b96097656cdb21985a1fea6e5335aefc7,CHAIN
1756863501,3491669,96318fec463e9ae3f5b6bb46d0f19922819d9fb089117dcc38f3cd9356ec8401,CHAIN
1756863317,3491668,cd54c55cde2d45c419eb21042275061461f0e0fc92949c1729dd695dc41a2432,CHAIN
1756860654,3491650,ec19671ba28557befc9595e068a2033acd2dca1831e3a7591e8264feccf07e5a,CHAIN
1756860338,3491647,43ff5c171452d572d8c6e7d51549f0b7652b59a411e434064670869c6fb48402,CHAIN
1756860321,3491646,7adc095c65a5593aad76c52284109e30aa9a580c9324505650f07af7c31a5ced,CHAIN
1756860121,3491644,e9fd9f81611216da99224863c812f09f7f4958adbdb180dbbd85f2aab3def5b7,CHAIN
1756859903,3491641,a3e5e417a7aae0ed251368a5fec6068f93f2133c0bfff8e2d7c87b7af33d3325,CHAIN
1756859132,3491635,c2d02039e459d85cfba3daf1edf55f0eb68ed276576bce80ca7be82a98447957,CHAIN
1756858967,3491634,004ccd76dbb7e296e6c9afeeff843e5a1c4834f1b03c231594666ae384e151c7,CHAIN
1756858906,3491633,996ea9efaaebb4c925d6a7986835d4c5f89b6b40fd9daab39e5212369ecabc65,CHAIN
1756858661,3491630,691f137b83c20517461eee934ff73ba0c5bed705d19cab8121ef698999e59f44,CHAIN
1756858642,3491629,8e981c248042a8123a0e273ca7df1a6ec1c00ba39e5cffb752efff3aa7604555,CHAIN
1756856233,3491603,0eae5cd2a07adbd443496d6d702a5bb1c78281bb6b9a6144ba275d0586347d73,CHAIN
1756856133,3491601,e94df09196dcab5508f0b36f79bff8afa242fb280940119daf0eaf55da994475,CHAIN
1756856071,3491600,1244e74836973c26acf99ed19c09a44966934b6012789472f34260f6ec675779,CHAIN
1756856068,3491599,3bf3215bf804d2bea0383596a662a81de0f7862b87b05d58c9469ff614374c7d,CHAIN
1756855692,3491598,671f9ed2553bfff8b8fe89a06527449c2a6b3448b0ab2829aa6dd739cde8591f,CHAIN
1756855663,3491597,e24a17e80a2b77f6db12623a7a3e93748b9bb52caa5c5484e035f8adb8211710,CHAIN
1756855610,3491596,37d0777b96cecd86724be2b0cc19f3ffecf908ec670b2f838317e251a948dc0c,CHAIN
1756855446,3491595,0c64888bc4597df91f7c8e56d7effab3d6dadeefc3638e6a384dab7d048b1cd3,CHAIN
1756855439,3491594,9b69924404128de698b6f7b7b66460cc1f8dd6ad1a45043e2af328a0101a42df,CHAIN
1756855304,3491591,b20c61b8e9747ffba685318c3fd0243b63a597fa5c000e9c0599e57a841581bd,CHAIN
1756855227,3491589,1cdf0ebeebacc787cfacaa1dcf5f179d784658d41aa1d266cf8884c95a237126,CHAIN
1756855193,3491587,8d8d1ab9e68d0c4c8e209eb839c07958304da85a6989110f926e7875f21624e5,CHAIN
1756854954,3491584,d6407cc284d571b0e3fad83930ef6a0349a58cd2a234a8773468b165c28a3b2b,CHAIN
1756854725,3491581,6091baf36da5f57d005abf1757aa802621a91b33f4223d4528cc3e7b4b479c20,CHAIN
1756854677,3491579,af4b4dc015327c91456bb9a914d6a90bc43a2d258657f98ee41775be7f08b71f,CHAIN
1756852097,3491559,8de625f70fd9ee19591753f898749fdebc4720ff15b6d41807c76a6a398eb63d,CHAIN
1756851278,3491550,dc64bbc090aa4749d04927957b9dbd17f55d1220facc928e6df94c4d6a99b282,CHAIN
1756851271,3491549,a2274152ec51f5ac2967b7ef09f8a5c67b41434473f1789c8c4e26e0db466958,CHAIN
1756851074,3491548,2e71005ce8887f4f9860b0d62812333d84c03c2ec0daeff0364d2020cfeb6ad0,CHAIN
1756850695,3491547,b9f57c52c0dcdec1ff8db5a8e0a29aef3854a9101262ba7c539c5bdfde4657a8,CHAIN
1756850641,3491545,c8f7f986b7c087d0c5d338f1132642b79249b9aea585e5083b5fd62f8368a507,CHAIN
1756850311,3491542,285da066b0ad182a24ea3ddfda15e4e90071348b2f5c8068e83dcb4658c1c659,CHAIN
1756848021,3491525,1e451e85172fc65ecc6f5aede178e644f78a9f37714b02946b7a0f66ba133f1c,CHAIN
1756847893,3491522,6166857f5f4f69c38ca5069ad58d4325081621d87b3c92a237c047085be3e986,CHAIN
1756847373,3491517,e1f6874f72933a6730709dd86e80de24d8b67f6b1e6bdbe1c5cd0fd43e606592,CHAIN
1756847176,3491516,807f49883599c1e7d330f34b2737831f8e1905d0644e02f3302f103eec0f8885,CHAIN
1756846827,3491513,f8d90fabd66210c14d866c374489dac38d0aadf964105aa10d70e8a3b0a4bb3d,CHAIN
1756846748,3491512,f5db6e51ec15e8ce1e5e78bcfdd083f0b65c0969b06a45f336504efb38abffb2,CHAIN
1756846695,3491511,dc68775b09223442f75259d1ebb1c5118e007f6af02a1095a7047f62a0a3560b,CHAIN
1756846484,3491510,0718d30ed965872bf1b21aa4125c5d7ca4cfb17fe739e2e3e4a677f14e330ebf,CHAIN
1756846363,3491509,e19ebc539fd67a8bdbb12672eebf7c238456921c68cc684a55593a086b9e57e3,CHAIN
1756846281,3491507,9cf9ea7cee79051ed18babf2ed68ac2f11ffa372eef181d09944d3f1bc5c5c7f,CHAIN
1756843588,3491479,97b44f2fae98f42d1e03d89332d4511c4cd13dd44345a98cec80cf1e915f47fd,CHAIN
1756843017,3491471,58567d3ec34077408b599b267a4cce1c986d232c1298d0e11db4867198ffbd40,CHAIN
1756842960,3491470,5236f9c2fe7cacf8569764874654f0299ebd7bf15f72cef0b53b6faa7e0ead4c,CHAIN
1756842803,3491468,6edbfc2412f43a58325de301dddf8734cef1345583218d1663b9cfb1a32ea77d,CHAIN
1756842267,3491465,ea1d848cbc60db3109d088c074839e90a37d775c6ef9e60f2160c27cef43b218,CHAIN
1756839613,3491447,f5ab39ca68503dd25db38b50ac062ff8795ce7df6b08295a11cb548258800ca8,CHAIN
1756839391,3491442,7a602d284bec1c86ecf5d7d36dc488e94507159490305ff9ea813fc6fd914efc,CHAIN
1756839371,3491441,ad2438028078077a0c9398de78f9ebe6ed82e4cf1fe93265a84c62c441c668eb,CHAIN
1756839284,3491438,1c275bd656d81a685b590e130b3d772211adfcb99eb23211f7b9d7b03a8a32a0,CHAIN
1756838595,3491434,1accf467493039ed722173ab682775d053f86f8b2c202a75300eb638b5d4b74a,CHAIN
1756838574,3491433,99133b633ab6ddd0c08d1e32a262b59a0a80c4725e761c275f9cfed92d85d9cf,CHAIN
1756838065,3491428,962a30ef414ff0e31c15a49ce93a896a97a78135cd0d2a567325bb3cbf44f5d5,CHAIN
1756835930,3491407,686d9fb0079a558a763dfeffcc75498f3e8e5c22060fe6ddefb1426abdcca7e0,CHAIN
1756835167,3491404,2cc5a002948e4a03d3f07094aa865572cb335d290faffc3f5ce5238bd4e12542,CHAIN
1756834817,3491400,1e7b83fa28ed6984a2172df9736c0b27f23b01b2c11fddfff5f394ab8ae2a0c1,CHAIN
1756834742,3491399,be66c3d50364f4e8c5afd1825e9eb17af0d43fb29053d280da0596fa3a8df780,CHAIN
1756834666,3491396,15347799fbbd3b54540be9d21653d9954ab7d4f526413868649eef011916010f,CHAIN
1756834528,3491395,592a424366d495089685d6362589abf0dcb85c4dce6e7bb8eb5097588b259d8e,CHAIN
1756834212,3491392,7fc85348ef28b71e04d7dbc230d169ad87a1bf74b5ffc49ff7765b308266290a,CHAIN
1756815463,3491234,55b3a3f6a2c6e9835c4053ac7696d573e9633bb8420cb438327651a0ec09f673,ORPHAN
1756813536,3491220,a0aae8d84724329b842c3201c41845debe7981a39406caac807579599dbf668d,ORPHAN
1756813064,3491217,985fe7cfc35439db35e21a03578ea3de50d9dbb2066a19f46450fa5471f48eee,ORPHAN
1756812647,3491214,2d493a63a895d1e4c7a8fc3f707edd05480629f8e32c64677700ccd5ee92eb95,ORPHAN
1756811097,3491197,da1156f6540d8586fb5e6af793edf01ec01d6f51e244fbe04746e7c9c2c83b6f,ORPHAN
1756810463,3491192,31f4656c004c50ac88d86ded0efd051abb45627f34d83f86b5395d893b3d89d9,ORPHAN
1756807842,3491170,cf6523a7dd7a8a7007c1f0db022e6c78f3ceec2dc97a98fd3585d8f7606ca5fa,ORPHAN
1756805169,3491152,1a7755583b5b3f9e0a6c021cd0e48bf248dd883fa93fa5bde1cd9e922a5c20ec,ORPHAN
1756801280,3491118,15db00ae98e184ee193bbbbcbd859a9cba89492f885ef5b9a26701e23ff915c8,ORPHAN
1756800855,3491116,45830fadbeb2b85164ea5b7f908cf8fc433c8b56e03455228e948247ac943b60,ORPHAN
1756799106,3491097,9c49e8ba041f253f1333461ee89786e19c393fe34ccd6df98d561775be6994f5,ORPHAN
1756798811,3491095,286ca8456fd48cc905c13e22a6cb8c737a079c3406a6a1daf653d1f10ac83476,ORPHAN
1756798160,3491091,aab203d907deae877925b3241bea7ad4317c42593ee404e11590fbad248ede5a,ORPHAN
1756796868,3491080,909cec8ec54f36537ba9f28c5ad5b53e91ee7f8d7852eba236dac24371d96bf2,ORPHAN
1756795628,3491072,b2ac15dc269063ff3e91605f438791e3dd96c12f55951582075345c15bcd0fb6,ORPHAN
1756794444,3491067,33aceb5d043d76cba2765a513187bbb24e55ff92472552e9ba23c3e8f0856e88,ORPHAN
1756790194,3491037,ae87c8048d4c17569f15addc06e7867344532e5d80e6a3724378165ce3ed4b8a,ORPHAN
1756787747,3491024,d4132d9c1f518fef2af288ca24ee0bbb9e9da4c1bcb0857140a0c6b742723167,ORPHAN
1756786342,3491015,e5ab4fd7b877c115906c66216fe198cac1344dab6728ac24d645c94878fe01c9,ORPHAN
1756784297,3490997,d7fc8c6c1b9a9280418cc901a515f403580117ecafaacdf2a4c9d7c7cf3038f7,ORPHAN
1756783826,3490995,f6deaffa2b16cc51540c79f4f76ea319b2c833fdc0856b0d944e2b9f89b74c6f,ORPHAN
1756780798,3490975,dd60598dcc4dd1aa15b9b6a96daba95b109cb2b9a44e4435811d7dc847dba048,ORPHAN
1756778596,3490955,fa24394f504583f892be821da13df441724b58d1415e67adc0e01c4424da9d5e,ORPHAN
1756742137,3490680,2639ff4e806641a75634ba6e0d580867d4134ef89963380a85b84981d7c620f3,ORPHAN
1756454080,3488212,254a30bb396811c054140f78fc2b0dbf7b26bf73738a807da51472397bf9cb22,ORPHAN
1756433064,3488045,71d32595ec7f4176022426e8842980d797104844c4f4f82f68fc1529b8d102ad,ORPHAN
1756191001,3486061,6e89dc603c1c4c77b1b63dc01aa71cfcf05713ca158475b5fa604519990e3478,ORPHAN
1756170958,3485893,11284e56910a3c53774f64045abc1cbe3909ee2d15eea5c20e1f6f95b5841792,ORPHAN
1756118319,3485448,2f03e13d28c42526f0450c76e6a968af09df56a060c71f2b4247e62ad69f53d2,ORPHAN
1755577944,3481005,b77dad8843b214b1a184b1ffa4385bb60525578f2b444ebe11c2d7e2017b81ab,CHAIN
1755577470,3481000,51550bd3918e2b86750faa5ee3ac13b745b5c0fadf862e6056b72e4f9eb62ca3,CHAIN
1755563805,3480882,2584d3e5854fa9d4ea1765620480ab3691399b49fc01da5ed8ed273a29f2a53d,CHAIN
1755563165,3480879,a5c00b4f8b495bf329380c29ca1ae8454609ab0f716d8bb8b9cf26f48c458f7e,CHAIN
1755562693,3480877,989f2d7288fb882fe6c3ffb1c0f305d8d6b633fd5cdca7183aa16706ced96acb,CHAIN
1755562229,3480873,eab171a6adb4e27231a3c6c3da7e177c6c2f451c5d809dad552338aaf724ab12,CHAIN
1755562045,3480872,7be0884baef83342decdd1d5fb1766632edcb43ad40dfada8a1321f01c3ecc30,CHAIN
1755547067,3480763,df3ea2cbfb34ba97b59e28d451920318024457ff3570fa06bd701a5d1f5d9965,ORPHAN
1755516864,3480495,3b8742a836659d923b18dda209083b824df40a8d34506e420c24563fd62f46c0,CHAIN
1755516792,3480494,8dd82486fa160ef1bd965fad103fb0c2cf6d9a6d0f39c4b995e66729d9c238bd,CHAIN
1755514713,3480478,58cbfe527a5e88d56c4f9fa3750b662d99d1eef1820a0d3d8156c7c8b54c3171,CHAIN
1755514097,3480475,13238f88dc96252e6b7d0522ada6bc831fbb9eca7e43c764383a39b7e5454a3e,CHAIN
1755452808,3479973,a65aa850a94bcab833679983b883cbe2e7173ce816d9ae6b5ee666ffad0e5f93,CHAIN
1755452768,3479972,ac9f2bc5ee07768ee995db57cb63628582846edbfd5d6f3f230c1d5921858ef2,CHAIN
1755452704,3479971,1d1523c80640614d13f77d90943ef98b5eff6dc9ada291eeb1212018e5328c42,CHAIN
1755451824,3479965,c72f742a2ca22bf0973afd210299993523473306a75969af9702573a8499d025,CHAIN
1755408418,3479601,7b2fd28ec799fadc0bbb3522d7e32a46341b459f1f95c8af9047ba40cfca787d,ORPHAN
1755384942,3479404,e3f7d90e787d4ddf13fe648c96316d969927759921ffdf3a2efaff8adf19cdc3,ORPHAN
1755373623,3479291,bf9a18fadf45b13df4b0081db2983b689bcfc3a4b870d088cc37836b8de17521,CHAIN
1755373257,3479287,5a37babc182d7d4d1c9ef609691025c81094eaadda7dbf7e9671780a5a12f925,CHAIN
1755372333,3479282,d8721d2f95a42e263e5c10c36765306a9f6991f1159868799b52785565203274,CHAIN
1755192188,3477811,858d6844b08f59bb9feaf452d367d31d1397b2f76fd5211a8122038bc37798b3,ORPHAN
1755191708,3477803,a122b34e938af0667f2973be4e5a16fe487269b3ed9645b05ebea2fd9a90905e,ORPHAN
1755189852,3477787,5d192909df401279199e4de181c113746e5badc6434f90eb56e4e322aa5f26e4,ORPHAN
1755187924,3477761,0e7ee17aed10982b23ff0b3e9913dd806671919059a0dea090196782a58c0f76,ORPHAN
1755187796,3477760,0373861bb8f662544bc1a67486a7e384b801b8defe22cc1fe9c5b4253211c196,ORPHAN
1755187492,3477758,2f047e3df4af104afa4ef1c65b1cb5895f5020987040f35be704fd1072d3083a,ORPHAN
1755186875,3477755,00416716693809cc565e3f456733e75b4d706c437353a3f76e39f6bff0ac17c4,ORPHAN
1755186659,3477754,2e4c439824335502ad0ead58c01f1e5b22ca342c795a5b4a79ab93266c2f93b3,ORPHAN
1755186403,3477752,372023b4f651476ccbdea5ec01b082b5f290a3dcedfd615c3f32459b96581757,ORPHAN
1755186323,3477752,2341efb63e5a376d667861b35a577c953f034538a8237ceb3d90d04b5120c01c,ORPHAN
1755185067,3477741,a9e94918a45cd8a0c3b178d72d09a26d58524babf3cb2dcc2ab96bef4dea6c2a,ORPHAN
1755184291,3477736,6a41a8c6eb8f7d5f7df80ed2fbb95bf98f35ada9225ad13706146a222e44f159,ORPHAN
1755183691,3477733,ff47993b4fa7c90022562d118f538150f7f5f58eae976839618f10cad88e540b,ORPHAN
1755183563,3477730,f3556b3885647cb0ab6507ffb5e80f3f8672fce11f998e81bb441c6d02e2e800,ORPHAN
1755183547,3477730,358e918d55cbd8e17cd6e0ba568c407c6e83c8c3bd6fb6ede10ec8974ebe076f,ORPHAN
1755183235,3477728,26de62b4b07c91e23c487a9bb8ad22f57ae719f8fd7c8187f02ac8f925f0fabc,ORPHAN
1755182603,3477722,020b5db204c5ffd356b327824002cd15f618cafe927b3b7fbcc4764420d1f880,ORPHAN
1755181923,3477718,e50f10327548c4d3bcd3909e1142624cd201759bb4e24831dec3086cfd3af893,ORPHAN
1755181746,3477714,ae06b2d41e8fdbbb788cedb60ee68d6a11248f5e13cba84c17bbfd2320246d22,ORPHAN
1755181266,3477710,a79871fe1dc3f95392072b4bdc455ecadfbdb18b3420ffe5088e421ce0b9d3f8,ORPHAN
1755181170,3477707,4ea8c6b600de42c5438822d84f0e5d2516b8a21b1092e2ca14019619c0763f37,ORPHAN
1755180226,3477700,c575273b2591d3d662e303ac32d8453bf2535606f4e8c2137d8e409fd70074b9,ORPHAN
1755177650,3477672,6cbbf5729cb869917a999263d43f903bb33f418debbbabc4a173282d9110fbfc,ORPHAN
1755174737,3477642,4b25f5add76345e6471851ad8a55a695d4d413257696515fb639315324cdf6af,ORPHAN
1755169519,3477596,5a638014708654c5321ecfe010139b16d6e0e4886ed7fdb030fd591d7269dfc4,ORPHAN
1754982591,3476025,22f3527a474e086cea2e04d1f197f2a720b8004a103eaf95e8dcddb4822b9975,ORPHAN
1754976790,3475966,1927fc5e37b9368f9bcb1ab607f37dd4afe1739e08e69846e008af5c072736ed,ORPHAN
1754961395,3475851,aa12b2e8b744520a8909d45e0eca705f35acfa7515005c7488622761c43a7628,ORPHAN
1754955746,3475814,dc0c82eba1ca3fe68715b3df665199ef8c10b454271e2420cd0fc94eb634b132,ORPHAN
1754955714,3475813,d35acb519e9abadfe2b8c4c9b5cf05175dad89ee72d7aec6bada0b1ad77db1e0,ORPHAN
1754955522,3475812,bdb17d46a145d97ad474123feeb113c699aec76bf580d923301fc5c20ccdbc80,ORPHAN
1754955322,3475811,ced1fa15f5eca949348030b9fc60dbc848bdb0b796c16ccfa489aa0ae558fded,ORPHAN
1754949753,3475782,eeb9197def5baf522a5b92b807a87f9ad01687217ebe2452ff18ba88444b3091,ORPHAN
1754928822,3475616,5a14f09158073b76f15d876880df66244e1386bc82a119f7dbd3d99a698d7ce3,ORPHAN
1754928646,3475615,2730ae405a943e47f26241bdbbb70f8bb23f2073b1751baffeeccfca4a66ff2b,ORPHAN
1754928334,3475613,7b33f02e7dab1225952e63c0614f543f820e07babc95e8e793d8c5024f0332db,ORPHAN
1754922861,3475587,9c1455058a11d4a0ba3f15bbb95814e8d83c607c698f98df86f1c2ed6bdd8f90,ORPHAN
1754005282,3467955,8602fa0ad5ba39410ff9012f63e317bdca60c93b5b6bde31a0ce17c475bd4990,CHAIN
1754005186,3467953,918853d7cb8708391c08e40174cdcd2e4c0e54c07643645f9bf50a3deb8767b0,CHAIN
1754003089,3467939,aa2bab08e1f658b05a4b59961414ae84cae350d367395f292f64a014bfb8054b,CHAIN
1754002657,3467933,c6c31e98cb091361147abcb99850f7f2ab31e0a94276602a10837df7752daf46,CHAIN
1754002545,3467931,bfe570c0229508260edd711d8c1d50b52a702e0742edb1808183b18e7af191e9,CHAIN
1754000592,3467915,18714bd494c80db4146f97d99cbd0bdd20760a94d5569eed359cb94d16dfaa73,CHAIN
1754000512,3467914,bbf6a0bc81aa3afbe5193f7cec4440e737b9b2054cc716997f37599fe705c984,CHAIN
1753999904,3467909,1adb84620b293968a9185250a047b672e9e766c628d06cf0e225c780ff544314,CHAIN
1753998647,3467898,83fbe3a0741cde9b76cd219db1146755b7d1c104a36ec6e8e76a010b88aebb95,CHAIN
1753998615,3467896,dd6a572acde2290cd8ac965feadafc3e1c8c4a09649566d505793b5852a29f46,CHAIN
1753998495,3467895,c84b1d6481c329f9975ce452108378a33bebd81054212b5df6bb9c91d5e47341,CHAIN
1753998295,3467891,16584c128e0d89a73c52debe374755de29375790d9b964247cc34b0f5006915d,CHAIN
1753998246,3467890,8b812591d70c81d2c49a01e57584d175fbf2af17bfebef9bfca31fe8b9400012,CHAIN
1753998166,3467889,02e58821ec2910b3bb8d36e5ad416f225f85ee1a5a55f7cd1ac3267550595154,CHAIN
1753997606,3467877,9d6379cfd0a04f1f4040ca4ad7b5de926272e944acc0718456cb2f2e8a0360d7,CHAIN
1753994068,3467843,484e372c80c095f0297a9184519093cb1b35d50fe70318b08c54badbb7b64e75,CHAIN
1753993884,3467840,2f2998daa49f03667667675da4db168ef7b6a8fe6d718f6df023c0846f3f2c90,CHAIN
1753993556,3467836,e6197925e6492aed8c947747997c4c096e842b20cb47666a6214045507c3d39c,CHAIN
1753993444,3467835,2bcf950a0a15764b28dfb62dc18528f548b305e0f0fea7af4c1ac70411aef364,CHAIN
1753993340,3467832,fceacf25edaf61057c6946aafb4613c170724688456e821915ac80a1a46fcbaf,CHAIN
1753993332,3467831,91029a41f37ca616edc0d38037b40eb4c11f24e16b62b08b9ce4ed4f43688a7f,CHAIN
1753991571,3467813,c8e795c64ec97f0e9a050024902bce1e585c6e01eee4134d4c549dcac12ecf3f,CHAIN
1753991371,3467811,bb26822352b5fcdbe8b1b58766aa99b691117743c3f7127fe1e2db0e8234728e,CHAIN
1753991203,3467809,a19b25ea95f29f3a7987fa4ab03e05ae02ea2b0b1984cd22ea06ecdb792b767c,CHAIN
1753991179,3467808,5533cd2565f30588435be7f083d0a9cb443a579ce1fa982dc415fc690552516c,CHAIN
1753991067,3467807,0bc9dc438943efbfe1a7d75eb824c1c70b6585d825e8f35a397fd2d523d9c806,CHAIN
1753989065,3467795,9fc5c5fbe6ab00c6e7e327762dc663bf70aaedb770c0e403be42b8cfdbfec66a,CHAIN
1753988849,3467792,a1b0f85dd53c62bc91388db18ac8ed19013e1e384d17964acaef1f439869d793,CHAIN
1753986952,3467781,dc24ca01fa1438ed9303af85b7e224e0370a2890a5408939d1c366a6d75d6f45,CHAIN
1753986720,3467780,9355f08842454866cea154b0a29bf737da99c72858e03f54644612f844977e9d,CHAIN
1753984879,3467771,ad7b8c5edfa74831d37eba5660e1efaf7fb377a692935589b52b0e6021a81871,CHAIN
1753984663,3467765,1a31994d9ba4006f8b8d8b9eb692e3992a61325c382c618e1988df5a5548fe9e,CHAIN
1753984303,3467760,a4bcad598815b4296da4741bfd5a65ac82a22c33796a009c722d1b0152e80368,CHAIN
1753982302,3467741,5c77d51c5453b21395847dcb7f3736026051d4062de4f5b27b37837cb479d47e,CHAIN
1753982206,3467740,31e2c5dadebb9212c6f0d37cb61791fc1af59c7ac599193d0277d380defb7797,CHAIN
1753980333,3467732,ee5c0d2112be6e6cb7f8695d5c261e03ec6e004bf7d753868f4c9a920aee408c,CHAIN
1753980117,3467728,05b3e666bcace2d03babf0847be19669b2e89e68faf90a7377384036077fc483,CHAIN
1753979924,3467725,53f2d5e198f7e8553f3311260f38f982e7c39e48fb4082f719b7386538ecbc5b,CHAIN
1753979676,3467722,61071dfa55d551a96a6cd43ed937cb45ba62662bcec4a7f3addf63cdd00ff5bb,CHAIN
1753979364,3467720,12ef0844f51e9ee2835b5d6c203decf92705aed59b1b1c4bf86474963ab5271b,CHAIN
1753979332,3467719,477ca881d850f51afd53fcacf892610a3d350ba67c434b9df243e86002368ca3,CHAIN
1753978059,3467715,7f24daab2dcba769dfed0a836204869499b7c6649c7b38693728f48116aacc9b,CHAIN
1753977939,3467714,eba85712fc1aa8ffbf4c0cde87625ed5e30deb77ed995d0542cb925462fcf20b,CHAIN
1753977651,3467712,f21236a80b9335d1742f4de4b8f0ab2333af47bc9e743125913839781aa831ef,CHAIN
1753977515,3467711,0a73bfa1826deb3aafe8078abd42d1b2fe96514c4e7c3c07368a94bdbdde8fdb,CHAIN
1753977243,3467707,881a91e49219e900b097667ca8077013e87c5b0b56aa32d43c0655bdecdeeb20,CHAIN
1753975506,3467688,a9b07bba704f84aaa76d22fc0f24bb3223a8ca8d8fed3096b072d5f9fc2fd021,CHAIN
1753973361,3467671,a59ecbbae7f114fb2ed70db4bf3171e61b7a9ccc30808684a2bcb5ecad976428,CHAIN
1753973113,3467668,7d61d5b054fb2b74c83022682113009e19429c7ecc19f9e81d9c150996a75f9d,CHAIN
1753972497,3467662,fe0cf42e22ba9ce720978887f1846d116fc299769fa60575173680b86657c3f4,CHAIN
1753970967,3467654,1c327894bddd7d82b07d4c2e065a91746e1ee53fc8bebd9a86928fefe8d3c02a,CHAIN
1753970871,3467651,e5eef9215e415a399bd597007de60a9ec978e625be7858ca27b2c0627e8abc72,CHAIN
1753968990,3467636,432e135b165235a9ef60e6c24eaeadeb7b996b00fd43105d400b158edb79fe03,CHAIN
1753968742,3467635,6c97953f51e059ef3c83f1e98055726522b8df00d95107cc6951bf872013cf5e,CHAIN
1753968606,3467633,9c1eb45737c1c70d9cda336afec602c11e17d8826584201aa500e04698daf11a,CHAIN
1753968110,3467628,25bc102c8198ce6970651f861e460bbf61d1404b8da4794d48d3a723db62ee33,CHAIN
1753966669,3467611,31627f2da0fe35b33170dbda39df7a2aa2a826d5ba50c38f5d0903721576cc08,CHAIN
1753966277,3467608,b83f32fe6266eeeee920598481b6ab0e027e00a87c897b7e023fa425c84f93b7,CHAIN
1753966269,3467607,191afb46a920a277956cdc7e78f04ee82b1bbd140c988ba461420cc8e6185c20,CHAIN
1753966149,3467606,b347276f9d42f8afb861a605aea02eeba118d7226045d9fe393452052b11feee,CHAIN
1753965989,3467604,fce61ff6de73c7840ca766b4d9234dd0072feb620ebc08d9a678916989344f8c,CHAIN
1753965789,3467601,a68427ea7715ade9efb57783f6f6375628e14760e97bb1355ca27e618ac89e56,CHAIN
1753965765,3467600,461f4812e2df4aee3ff0a760f717beb0b2aed1262deec9225eca6c0978d58da2,CHAIN
1753964212,3467586,f0c761ba79a862ef8e66532accdbd33af132b415d943ac8b3f3b6d2b33d6d694,CHAIN
1753963740,3467582,54b31f2cf6a3d304c78e6edd42e9bd6d0b2c02c952bee30e77a5d3e2e4cc9fe5,CHAIN
1753963531,3467581,2be4635a8e2bb73b1f376224fcdbe57c0c6b50a1a0693c5001b369cc3a11532b,CHAIN
1753963475,3467580,76d4b43232ef2ad4586e35972abd062a4cc7e54ec0770157ba52afd0fa30216b,CHAIN
1753961962,3467572,cbb346ef1e431ec340b79aa9ef3808caed790192441dcbcfbf05527f34561d3d,CHAIN
1753961274,3467568,8f3149a9c716a7502b0490a426399c8100c67aa30b7deddcbd1a17cdb186662c,CHAIN
1753961242,3467567,50b77ef93ce76a7b690de1eb170982e17832bf4604eef50b2685b6103972ecef,CHAIN
1753959393,3467552,60464991accd694134131767df36fb5eed87ac8a05e863eb9c07b1b2a7a1f733,CHAIN
1753957472,3467542,4c219e093b1251c4250e415c817405adca95cfa0c5109703e645e9ff9a1c603d,CHAIN
1753957256,3467538,ac1808df2f65777ddb7dce57220afbc6ddf5381b741e8f494d2f5331b0a1c2ee,CHAIN
1753957072,3467537,421845c452a4978ed58768190cb5d128a016bc6b05b1b2319bdac013aae284ea,CHAIN
1753957000,3467536,b618beeafac8b86faaeb4db2f322f9d4de00377b8076480dfd73ab229112dd81,CHAIN
1753956816,3467533,be41bedc0b3ad779ff0b560aa2369349b7f3cc30ecd408be79dcdab512970ff2,CHAIN
1753955215,3467518,130f266eae33d7f45ee3163305cbc77c29d130a2761bde6ef411f625b86d9104,CHAIN
1753954807,3467516,802634c35d5783de1aec51a56e217ea6d279c7b44c54a202d4af26b69729cc86,CHAIN
1753954735,3467514,f7a17ef9dfdc90ad14ba8d583baf9ee0f0d197c402a8f461ad34db9778600978,CHAIN
1753954462,3467510,991409c6df16648667c56ebb9806ded4928cf9880c6de0eaf64df557431cdedd,CHAIN
1753954334,3467508,fc6fcb5a8d54a9ff723d66a90483a42c0ba7df45774ccfc22161234a3a4ce415,CHAIN
1753952149,3467498,cdcc1400f7acf04bb19070f47e1994331f86229bcda5a0d551004b6bc0212f1d,CHAIN
1753950692,3467487,c234b003869ea7bb25342047d472422152b47dc26d6eb84d0124265a6ed14d77,CHAIN
1753950580,3467486,f5699e46228cd47cfb9e07264c40020b4c34c90eed9f541c311d8e3621727c7c,CHAIN
1753949788,3467480,d20cd10f05ba77658d49982eef941d954ef222e440561597c3d23175dfcf87cb,CHAIN
1753947442,3467463,ccca623ca87aaa452426bc1aa7f65a62ec81e97cd0c02ecac479c6016cc8152e,CHAIN
1753947202,3467461,ed32a83ea5ed893d7e3fce1517ab4895681ae4614a96050ef2b000a548591899,CHAIN
1753947162,3467460,00553038615f680d82e3b7dd78dcd9cda7c5b4621553855b0d1a251fec2c80c0,CHAIN
1753945209,3467441,3ddc56990c1b3ba363c4e04736df311be5edff29c180e0ac4738f498d6b3b362,CHAIN
1753942079,3467415,73bcd091733dda5ef8f3b9cd510667f0c0661011978b13d4ca334c1e9b56548d,CHAIN
1753942055,3467413,26ce30b47e17675456b775581d79ae6c9a3bff845dd56a6c4b1b8421c8841c64,CHAIN
1753941399,3467409,ce47fc04f18d4fffd9400a2e1b50571f5dae4db2e574d991516d115b4c235da2,CHAIN
1753938814,3467390,643b9631526aa0cb2145393ae8ca9e08d675ce536a845c9eed819409a7daaffb,CHAIN
1753938646,3467388,564408c541a762f497c9972fec67b50f94eea7adcd03203c17c1e77bc81613d2,CHAIN
1753938558,3467386,4627e7b372681aa49426300bfdc320f2b24590a0bc4c279cc37130cd14510f5c,CHAIN
1753936268,3467371,5184423bfa0849d189d007776dc8daca95987eefe684e057c3ecc27be7447cea,CHAIN
1753936036,3467369,65f4decc213bf25f1c06019658b39f47288c0e9fce287c1e7dd41c883055e159,CHAIN
1753935804,3467365,469839f5e1435fba802df08ea4c98c3a93428db7ed83a01e4e68b43954852da1,CHAIN
1753933851,3467351,918cea405a43336f3843565a964ae6898f0191b503494cf1ddaf6071f8b10cdf,CHAIN
1753933355,3467346,bf87a33a7f46e80e486ef251717b2242b39e25f0bcb31fc5f914271e3bb6a4d8,CHAIN
1753933291,3467345,a250abde5d0f9e77a21e4004973c313abc1f710946572cc42a4f91c17fd6088a,CHAIN
1753933243,3467344,4fddcbfe0d67df2881787ed35d161ebe9666b846407eb54d4cb9e267eac1e274,CHAIN
1753933043,3467342,ec56b677e9d838abf4883ad904ab05b933235262cbcc2b077d802b641823f6da,CHAIN
1753932827,3467340,b3310a989a2e995760d8908a314968bdd8b313fbfc310033f2fc0716512f6e7b,CHAIN
1753930273,3467326,b09efdade7941d25ed4624255a5bea3673c170c5807bace3cf1f30233d5b42d6,CHAIN
1753928968,3467315,d96c3477ee1d98ccaabdd73d0fdb84d6c8cdce877a222d3cfa4b9b27a476cfca,CHAIN
1753928608,3467314,8a5d93c42fb6d6567a4735f9a0137a745238f6af4665a06b4179a737a0aa1c8b,CHAIN
1753928128,3467309,100b2a9af4c125511516d66b16c6fdec20f27fd7c3bd4aac02018b21b5bd59b3,CHAIN
1753928112,3467308,4890c2e8d42cf9a3e7de69ee44bb2985ae941fd64f4e293d6d4dadef8fc788fa,CHAIN
1753928064,3467307,49fb6a53f441e98e583e92aa718018ee82ab3dece3a1d58b20c7f2a47710bc04,CHAIN
1753928040,3467306,8348e6c1c1f3071df117595af5d910f369bb2243a269c7574dfcdd86ee62397d,CHAIN
1753928032,3467305,0552f58d66ffc9371810be88b42ace34491c2d379392b7fb0e4fbe609efb4834,CHAIN
1753927968,3467304,bdc8bb81df3a211fab3132649b78080ded9e2235bab75c18a2a6b181873cb78a,CHAIN
1753927784,3467302,07ed6f9a99d6dde5898e0f1db99b9e479d7b89fee9827c7c327bb9b5f8db35bd,CHAIN
1753926135,3467286,2008e3af22f4d6480f9c6116623a252d5e7f6284e1d06d0feca14115c7ba38a3,CHAIN
1753926015,3467284,5c42a4702afd8a30cdf14e85c62b784692c7d691b1e4323eb09911b98700d9ed,CHAIN
1753925959,3467282,2d6b6828feed9031e982e13aefd3252212f800d3377e2d49b82438e89ae7bc22,CHAIN
1753925831,3467281,4ac783f01e2ba38a533e1cb48581d5e1750a7600071da0605e0ba01383e53222,CHAIN
1753925783,3467280,9006c2eb15a1425ab8298c23e9011a2b3511fc1f3a51592ff2bc28cfd546201e,CHAIN
1753925439,3467277,2b9272cbb7933ac6db1c8cd478030adbbf93b338888aa3b69a2de149206ab77a,CHAIN
1753923877,3467269,4ef8674c34e8b195a5f6469a8cf8458df2f2ee0402a04bfcfd1b82e9bf9acdcc,CHAIN
1753923733,3467266,72e4cd7df8e88ccc20cb11114d364199a32b660a30ecaaf96f885f4f51acf010,CHAIN
1753923565,3467262,3672530356caba7e016cc9f3f36f894ae21b640bda796fc9b989a4e0e53460f1,CHAIN
1753923333,3467260,28da4b371fe0888ec6c0e18b693d4e9112107ac68b61efba2ff127d285fcc512,CHAIN
1753921564,3467239,656936bce7e7a01c3f5e53d107e67e386af7bdcacf030d40d7989f67f4d55892,CHAIN
1753921340,3467238,3ca9ff9ece25785768a3be4d2d120e94c08858020e5a5c74f7f9f092d2e3d0d7,CHAIN
1753921212,3467237,b3c8c508741844cb2c1367876fe87c7e52f2033f6be6f7b79c2e2d3b141ca851,CHAIN
1753920916,3467236,131e6dcc10310a693033e06ce8abae2cc07a06157ea15ca36d69940c7285f75a,CHAIN
1753920644,3467233,c5abfafff4a66681fe3878b063056879486282196368bf6473ef88d10d154199,CHAIN
1753919059,3467223,4e20a7822fdeeae7aeede4342653c890d0f99735746478657c90e4c0f77778ae,CHAIN
1753918955,3467222,d322bcc407251ed332b0931f40ba51bf64147afe7d5d4f825a25fdb4ddfded99,CHAIN
1753918555,3467219,763e365f02fccff78635ba4d4f803a42f677ec08ef41a9a8acfcd684c9d10968,CHAIN
1753918291,3467217,991fa395213ebe0525a66d080ebd0380cb295f65490642689862141acca270ff,CHAIN
1753918251,3467216,18bb9d351bd1d178462786c8a9db592a5ae49b9963365ba0e876f7b203274480,CHAIN
1753916601,3467205,be4738b2cb9d23059c083b6b0252cbc9bbfa482593e6efc2cbbcff3d8544ee23,CHAIN
1753916001,3467202,cd885f31b9e9d12d425afb5d46780647386867ca62a280b10456a86e59fa60a0,CHAIN
1753915961,3467201,341d8faa5a205172ba84c00218a188b3e18e3fc45aa0b8fc5bca8ec5d8311257,CHAIN
1753915873,3467199,e05fe3ef0f50023f8ca4823c2571ee7586c8393d598e8e2f95a5f6333745dcfd,CHAIN
1753915673,3467197,149f712bccd44adf04328c95487e35c98a7c2c3b9745dc1d855f1cd2c5a00835,CHAIN
1753914232,3467187,07dcc589c22bb0ef19437ad9088b32079ea023f9e0bb1c1c539a87cf396c38e2,CHAIN
1753913760,3467184,b4804205a30455a505927b70e1052bedcf0f0c3d6bea16aab0401e5e0e263a70,CHAIN
1753913688,3467182,3ec21f84e733078c18efb6f331e5dee8d1c98985acc276abd44bdb5d512fa05e,CHAIN
1753913648,3467181,146ac849d11b10debffe17614dfc480cef20592e11c48fdf43a37af749688ebc,CHAIN
1753913584,3467180,ad67d05f0edbec4ae915b9befc81211479307c817186c42b10487be610b6480c,CHAIN
1753913232,3467178,c19041f290ba193ed84b4954727504af848782681e5fa6b54c00e3b5df9db6dc,CHAIN
1753911895,3467172,000b5d26987750ad2185fd0a976b0a840dcdd30ff54c46dd419fd98d9117ecd0,CHAIN
1753911343,3467167,10f14b4827a7a341561b8c313c690c2acc346330bff56884a2e0c92197bcf53e,CHAIN
1753911063,3467164,fdfcca9bea2844d8e5450758ab7910821a2c79cdf95c712ec65cf8911891cff3,CHAIN
1753909437,3467155,d11f42c270d2d9436a725be8145cf12f1dd029632454946be625e8212ebee196,CHAIN
1753909301,3467154,97e7f8a3b50cb55ca49e9d34bc1ea82048bb47ae14f1dad860eec5ff2a55ff83,CHAIN
1753909293,3467153,c5e77bada6157a5bdbe086069ccdf6977f6517c63bc4b09efab7c25fead89d2e,CHAIN
1753908877,3467151,dd84b034c96b516bf270ecfae507f75f231ae80e8f5ad5e42390e80151b7dce4,CHAIN
1753908669,3467148,23557ce5f50c4f59e0052b1ec53ffb281f60890a3b94a81047d2b210d911c796,CHAIN
1753908557,3467147,97b0a09fee854ebfb3b837c1127f1cc206dcb591311e06771cd3b99278e1a442,CHAIN
1753906724,3467132,d5dcb59afeb1f5ddca8f8db25dd4c2c7a98fca5c26d7ef120be73335fda3dbae,CHAIN
1753906684,3467131,3c377a753fb2cc48fd1a0133175c4638cd0ed9e48ba3fbfd34a4d5c8fba7cf98,CHAIN
1753906356,3467129,6ba6caa79ded7d4677fa29d04361f50e91f497e1f6af568ad91af5bdcee694d8,CHAIN
1753906180,3467127,2a0bbcfe6620b761aedcab3f45a32644b1cc22777d96e89c7dba851ffaa129e3,CHAIN
1753906092,3467126,be9156140a7e08ee10605359814d4ed717f277e3ecf81d76556c9163e94ca3ec,CHAIN
1753904467,3467118,9d97481e8c99c97c83c066a5844131ae1561b0c2c4c11882165381a09e6855a7,CHAIN
1753904339,3467116,d76dd8252a6067c56982e12b705394b57e90890f732bffbcd1c19ccb4132d16c,CHAIN
1753903659,3467108,e2f78710a3ed82894089047c5d67ae831f600bf0487c6af01e873a33cf2c769f,CHAIN
1753903458,3467105,b7676a0fd435171f891c8b029f91b09ed0279f2790a98deecc418e0415539d24,CHAIN
1753902033,3467093,e34ec8e06c94c2a84f7f0186af44fe897ad587739416f58b065a826da10dacfc,CHAIN
1753901009,3467085,b162d27869c8300102c889f83c883f7da2740d0806926b43adfee9c88de3b936,CHAIN
1753899352,3467076,d9c237fbc44ab224b45015cac60a1d7ec5b067574372d28c66b95edf459296a4,CHAIN
1753897199,3467054,58d089138432a7c3c2a7da72d62912a2627a3bf791d8f9cb17f09de7ce9a5a9f,CHAIN
1753896510,3467050,7c6078ebc0efcb4e63fe4c00cc55e68dff17e9eaf624590ab303751abc5e5981,CHAIN
1753894101,3467030,802bed9f94914e54625aafa8e7c5651d646858bff08a5d97b82e4f8a753439b8,CHAIN
1753892516,3467017,72a104d7a3d5879c120d8448b0eaf87d2f996c0ba0f7b959cd02a9278639ec01,CHAIN
1753892324,3467011,6414257d7d3d8c6aaaeacada806f4a2b7f5b005da923a65f5678090cd5b8c445,CHAIN
1753892228,3467007,3c027b9ca73b584313b45389edcb4898fce2844833cbb3433bd01c2c1bcac512,CHAIN
1753892076,3467003,a8ed4e5e8bf843d6561f7e8b495890130fad54abb44856aac85eb61af4381133,CHAIN
1753891716,3467000,d4e460758869cedd0046a41378a8ce16fbd5d49a5d971246e16ce94fef3d2b6d,CHAIN
1753891628,3466999,6e8269a9a5f98eac8d97ceaf883e9198bca7bfa580fe0ca33ce27667dbd1c26e,CHAIN
1753889522,3466977,36790c3bc19bb578edf9fec31f852ffdb71d630d637919a2f8498c1219c229b0,CHAIN
1753889426,3466976,9dd6c1fb1f9eeadcec7c7ca717ae7902190c813e63a70080d9eee656d3576014,CHAIN
1753887481,3466959,5da3e6274c7cc9460042e320973888038b469ffde3a446b66ae73c4ec58bfec5,CHAIN
1753886977,3466954,4cfd68326e3bea6c4e34c81806bbc784d7779590cf034dcf490e32da209c4424,CHAIN
1753886913,3466952,23f523157d8bec0fb0e505ba68f737df44fcf4d3758f315407b66a6278563177,CHAIN
1753885048,3466936,dc9b03630811221e50d1f74d0b210dcdfc0bf783661350f888e1a97eb32339bc,CHAIN
1753884504,3466932,78f628e453d10752d86c1185af8f385e2bac803e30774976b8f364f9af4fdc5c,CHAIN
1753883919,3466925,afb46e590b42454c6aa24cf6d05c69d52e7ff22b9e1e2f11a31f6b0351dbf700,CHAIN
1753882342,3466911,a1cab94f4eaf56bd972bd84b46970c7d0feca2453f3e01daeb0dacdddd1e5ad6,CHAIN
1753882046,3466909,5c82e994748ab60b70aeb931ff968047aae1811009f64d3b63637100f22b8815,CHAIN
1753881454,3466899,a7150657930bc91d46513f28dbb1372758f84d438771ac198e4b147f60b3e781,CHAIN
1753875635,3466845,2f408c103b680190baeee8ca93a701ca26b7a87256c49a2c86ff19a239c1c46c,CHAIN
1753875003,3466838,42f7bc93a6298a542c2b8551b110e6c741146683e301305f8519afa0e3fc1ca5,CHAIN
1753873362,3466827,bd2586291174e3d1698c5042d6eebbcfa3a9e50ea0d4c815715323d962dc2ef1,CHAIN
1753873226,3466825,037307ab0b5ed1c2153bbcb30941e18f09c6787c587ddb6469a0b219534ecda9,CHAIN
1753871329,3466812,512fd757a5f96e4e430892be30254b708800ef72ddda9f4480c32b58e433ea1f,CHAIN
1753871321,3466811,83f09c458557b9bf9d5a291e2775c9c7a2ca793a8ff95d85c29cbfaf07146ea9,CHAIN
1753871233,3466809,63c7f5aa505e940e1e1e53466c31e716b4346c15931485d1e3035db48e96d123,CHAIN
1753871185,3466807,02a83d0cfe093e516133f23bd252d91a8ed3b815aed72d057c7f2a58cebc5d86,CHAIN
1753867462,3466780,7e66d4818dfd6ba5170bcf6a3e09fa1bb358d885e54156586bfa039bb1ba9f7c,CHAIN
1753867214,3466779,488a327e43635dc7f79e5977ede607a47771a4a205b0ff23b86d6663430d15eb,CHAIN
1753867038,3466778,6a0c18f1666a4ef342a672da9184d1a02a905509cbe4b90c23d4b1d86827bf95,CHAIN
1753864949,3466753,5b9a124326db303c709bcfa2d91087e6ae367603ead73fd4ed715c2212c3e155,CHAIN
1753864877,3466752,7616b6e77ddcba3dcf4d487070e53757c8f03614e24337e6d0cc43cb36a8d4df,CHAIN
1753864869,3466751,757a8b9b00e9b90290f1f1d21e3ec7b78f44fc4cb741bb074414a1a278714bc3,CHAIN
1753864789,3466748,eaab77f50bc6a24ed2939bd3eb5e500615e391faf7ed9c14832dbe92c95c27dd,CHAIN
1753863324,3466736,a27d4f7c4badce27ffbd719edeaa6ac3cba03b1bae7507d4e0e4b561422d1ac7,CHAIN
1753862908,3466735,d5e22e707701fa66b73c2f2b23f763eafce8aad3650b52773b105a57ffacf06b,CHAIN
1753861323,3466722,40d7f0afdebcf5b96c379ae17513585ed2519e7950c3735a499d70f7de577c66,CHAIN
1753861115,3466719,197908a8b5ce4e9e41d194383740aadf6ecd4ca69eb169315c596d7837bd9e3b,CHAIN
1753861099,3466718,1ab456d6cd61e9fb7b09644b43fac2d9e380c7bb99e8035ea903e8bc57f461b6,CHAIN
1753861091,3466717,8a98afa43af13e90f630ccfbd4f39277b8df6ed55aefc21b384d9b9487514ae3,CHAIN
1753859906,3466710,80166f809a1cc5a02018fe4a64ed602b19f739b254806770ac243bdf1bbcbd83,CHAIN
1753859194,3466706,0fda88765e31620aecb8ec9a94df0a6ce94a2a8e102541fac176188d08f57830,CHAIN
1753859154,3466705,220cdf76e81927b40cb5af7a4232b5e7431cb36fa5e3826bf815cf68ca0e4cbd,CHAIN
1753856248,3466686,40de8dc67d2e6e923a9c0ee56ef3fc07031179aa28c80a53c19baaa5ba9e81c0,CHAIN
1753856192,3466684,30dec57be9ee3fcfd281865d1992b326261466af5ca71d73704ccd8e9847ca16,CHAIN
1753856000,3466680,447f9ae6ada7f25da3f4394b94c1b37e47f3dc066fff6040e71a90049d64ee48,CHAIN
1753854367,3466661,b6e4d95f8b0fe4aabac6c136b97ef5f674c4f251e3a82ed54f26b1728636b6d4,CHAIN
1753853927,3466659,e0081e19c0f5e9c38d6a17830e351a210f3fc0b8171d7dc32946db916258cde4,CHAIN
1753853791,3466656,d111838423b1fab4f2797e79c229d7bf1dbd4b177f41591d355c841dcb088abf,CHAIN
1753853583,3466654,39af8bd3b3d7b77ac98b80c48495b7a2d9706354865513c2275673cef6382afd,CHAIN
1753852518,3466646,1e92291c9f9ee7480f2f69299e42e2e9c69f53e09f909a30237e28f1c06ddc8c,CHAIN
1753852478,3466645,8416551933becfcc8e5eaec73b8f62299a87c477b75de575910f90cdbe86bc2f,CHAIN
1753852246,3466640,5a4836246b6453cdb13abea4f66f98fc3b30984bc367aa8d54491fc71ff23010,CHAIN
1753851670,3466637,10bd953da6f8bbd58e461cfe4d5949742f2185021f7a01a976ad2cafab30f61a,CHAIN
1753850037,3466622,a613c6919d37a5452050b1ec2cf540fa6b828b7400b601ec6e14a94f65d3aa68,CHAIN
1753848805,3466608,bb7e390b2ec9baa1b11c4c1be94ff787726f8fb489745b6ac69289ede94c1453,CHAIN
1753848396,3466604,4d4f5f5672e9617edbcc681aa06e5336a40675154b885a3a1aff40e45bd4e33b,CHAIN
1753848212,3466603,1c14285b7994fb38e816e5e1fb094c13528f211a29ab30419b5801b490547508,CHAIN
1753846372,3466589,1eb4d382c13567b71754d86f48be954697d2f9d07755d13f84f20ffed33287b6,CHAIN
1753844827,3466579,8e6b28f21b767778a3e7c5beea9318b9b40e70814237605196b375e478d699b0,CHAIN
1753844803,3466578,3c2742fb3245c234885e3929794a4924d59981f930c62c80c6d5452f0875aa83,CHAIN
1753842810,3466566,ea34e17afb63fb128be04f900d5314dc6c07b3d820474530d5faa87eb0e0d2e2,CHAIN
1753842794,3466565,abdb535dff62fae031c832ece4bce3f68b6b860edf0884d71ddd2b46fd89da62,CHAIN
1753840713,3466549,78bc6570d315277284492d67151aab07c9d420b213769a239eae7ba2bb4652cf,CHAIN
1753840705,3466548,e147f14bfaf0ff8945b616dc5f68b1bf3882fb4584c1f4cbce2e87810fb6ff69,CHAIN
1753837631,3466524,d435119426513593f030bf4a652432e59793f66ab3f3865ba2494329ca838655,CHAIN
1753837559,3466522,68c1ddabe3a1ce6df0619a8c31afe47ffaf0f13a8e80d28c30631491621b81d1,CHAIN
1753837527,3466521,254416846bf674f06f9cf85e9c12b835086fe9ddeed308c490e85e2f12f86126,CHAIN
1753837503,3466520,8c4a0f7164e098556e8b0c13b036928fac79eea97405593783a61ebf1c20cc73,CHAIN
1753837279,3466518,6bd795608485a8d085a38ab829b7d1b80229b2306d6cfc607ca5d126137a459e,CHAIN
1753837175,3466516,a72173f297575b5ec0c12d158240fba0b5b53862f610b42a9454e371f6d08a3f,CHAIN
1753837031,3466514,d1dc7f8c94b0c8c4ac6a1e9fad36ff4b9d425463148c060178e54cdd9e109ea5,CHAIN
1753836839,3466512,adc2a389911c8f65cdca5eba1bfcd92db520efa0caecddbbf15f2c3e47377108,CHAIN
1753836815,3466511,ed32a047389091b7f388b5d92cee72bd9c90e875cb28fd6bbbd7e229dae93e8b,CHAIN
1753835606,3466508,1e58e0fa21093054d2dfd892ea026464eeac033f58f81a3f78236c0e9265cd8b,CHAIN
1753835574,3466506,38ed4ab479dfaa50d5b44402d08d9a54781e9429d8fa28e4f9c3fae014808b67,CHAIN
1753833509,3466488,c7ab7340c41c7cfa9b1b76be800bdff9f5accbc5cf821b9e6c15dd8f690b9ae7,CHAIN
1753833037,3466484,e1bc082aa525056ad05305abbf16a69fdcc64225aeae84a80ea889ed7ec0a630,CHAIN
1753831732,3466472,f1b3b60f5a008de504327452b77c6b97dd772cfcc15e5db3376dcb3698f17e9a,CHAIN
1753831700,3466471,bf2341238531d1fea9932e91692f1d60f376e2de94ef8c65b4916a34b2b4c96f,CHAIN
1753831356,3466468,176a4ecbe124d2a1592730f5a351359214cff490bb3f102f5e950f4320b83e4a,CHAIN
1753831268,3466466,4ff59bb3260d352bb071ae98f66b1a7447cf9e087286747783735e94ddd5fe55,CHAIN
1753831172,3466465,061f8084daaac3497edce99dd52cdfe507c7639bb168ed1ccb99eca54b2bcb2a,CHAIN
1753829995,3466454,26399548cbeec6e7fd2a0c2929b483f68f179a4fac052a305ac28a07b4a82637,CHAIN
1753829571,3466447,62ea875dbd48d9aae48321cce0d0f5be02264bf4e837a271865b5a5d006ff322,CHAIN
1753828098,3466440,4409f30700f6d995a085504d8cbfb848a85bf5e2bef209ea91ea1a01a03d81a3,CHAIN
1753827826,3466438,c4e915b2a0c3e5c19cb9451f207b78006a00065f10afa7e2ee893abb528de765,CHAIN
1753827778,3466437,0a6514d5779dd0c9fdd0f5f3b4dedb62b3ade0852a9340b835fbacbd6d9004ae,CHAIN
1753827586,3466433,d60bc589356fba4b0a9cc538d659c50903e0abe1dab08a67618ca35ea126dd16,CHAIN
1753826154,3466420,a545f63d424618f827f67b985ba639c14b40b0a00808a169a2ba392373521688,CHAIN
1753823921,3466406,ab8abf94d268661c15c0ab39740491937d7bd92f6d67650ae493d84854f8587f,CHAIN
1753821992,3466391,30a76924936993763711f91d3d03ff702b4795c24a6a4b03e64c7c3af4066e65,CHAIN
1753821824,3466389,0925a1914b275b24b08831825fee5b7caf74ca4c9397364a96f11a45a633e984,CHAIN
1753821608,3466387,75b4bde768ee3ea86280cc6b233d11d77173eadc9aea7426d46a4dcb5909b74f,CHAIN
1753820311,3466381,ff304de77f18d6221bc58cebe82f174a730219f09a3a0267f932f7d8921be636,CHAIN
1753820119,3466380,8c05bd14840d7b6c94024ccb28cc279ee66c5df0bc1c0630c801c83720764098,CHAIN
1753819687,3466376,10bb1b182546b86e3881b8025cca69aed867796c570922048b204cff460a244a,CHAIN
1753819679,3466375,db353c083caed11fb18ccbec36edea1ab8533802378ac8687b440d6b0e76abb3,CHAIN
1753819567,3466374,b294f7e9ec0b4a750b8cac84c03ff364a318053a8da8c72c8877c535094a91e5,CHAIN
1753818294,3466365,54e1d2507ffecb058a0f1c3fca70960e3b510b60b2639d16cb18af1e5877695c,CHAIN
1753818174,3466364,59e0672d6001072dd63042c24be078ef04e7772832ed53631f3c71beff774a32,CHAIN
1753817710,3466362,bda364f1ee620169e2ce932f86e7b8d5ac4a560162f82117ef1c3453f6c5f3f2,CHAIN
1753816445,3466356,f9c59e86abae65b9c3cf03e52b6b4983dd15930b4b93e8f0fa848be5dbf45427,CHAIN
1753816429,3466354,ad65ee4da62ab64495348e830089685280c8a50637be8f67f4db39014ed9f899,CHAIN
1753816005,3466349,f279ae03def5939765a866f5c905fb14d66dbecfd5d879274016c2403d3c352c,CHAIN
1753814484,3466334,b2f6cca4b3282e91852c9114ae49a3915119bf8f2771236b2a252e8b474f3784,CHAIN
1753814284,3466332,6ec1d70568e05b154903be7c6ae34de4628f4c566e65d9cfa6df08c9ecc0f6be,CHAIN
1753813852,3466324,8e5c3a21e71b851009136e5e44d4ffc105a9671e506362fa4e9761dfadcb0c27,CHAIN
1753813708,3466323,b59c697cb2cfa73f45c4c48e845d8ae4a215348c18d9d583af122ad7fb16bd0e,CHAIN
1753812467,3466311,552d540a8f998964de3cdb5602225bdb1f6fcda285577ad67859f6fb503227b7,CHAIN
1753811883,3466310,5202d6aebb579e6e6da49d29cd4c7f24b1d37ba803b2bcc67aa9aa603c38c826,CHAIN
1753810210,3466295,f32e4b52ac7de9c7f6f95dee5e98b345add6b607dcfcd493e37a512c96a6c7ab,CHAIN
1753810098,3466292,d122c0c3344c60a3d33501d3ee457292ffcd320665896be884f9c7e33f4d279e,CHAIN
1753809890,3466291,1a39d81ca2301c5937892e593a0d78e0b6b6920d88b573b46823126110d995a3,CHAIN
1753807945,3466276,ac1105c8d5e3dd35f5859973566e0863d30de53c87fccc0f147d81624c61d40e,CHAIN
1753806624,3466265,1ceee1a82a0f7a51ed5fd235a0cd487c5a62d2272d32b5f31af3d5f71124353e,CHAIN
1753804991,3466252,d9b36f85b73680d4ba53bf88e2c5850cfc5c3c16d42fc420b557a794b562faf5,CHAIN
1753804599,3466248,9e97623cbf3cb4e045a1a0624b7dd59175792888c535ba4225cc0136268454ea,CHAIN
1753804543,3466246,6a2160c6f96c9c16665d08fbe42f9232bfcd8d3dec1712d12e5510c5f5459a44,CHAIN
1753804263,3466242,8179c0d94d8f4d415a501bc99193faedd6732e729baaa4f24178d2421b59aad0,CHAIN
1753803175,3466233,51d147ed960aa1f8fc708e5cc3fd057314c724efa25b536de0830cce4f975ab0,CHAIN
1753803095,3466232,b54292dd0d6efa3e924528ebf025a2b41af7870d863280ce2aec0c1fcf72a430,CHAIN
1753802862,3466231,b0a312a2b79beb928c59e914a699393d286bbab204312f20eaa502c1690643b7,CHAIN
1753800878,3466214,79c1beaed5392280501f98bf88a48f1f89b591ca5e64b32d302d6fc960105d1d,CHAIN
1753800445,3466210,87e272140601c12a4a612efe7018e82fe2a14cf62e5f7f8c73ca0846e9fe4619,CHAIN
1753799277,3466203,fb12da2cdd494b9d0773e1996ef1cee7f982920825e2ceb9d6727ec8a20c979e,CHAIN
1753799005,3466200,5761d8cf67c7e6d76d9854df7adf373b370bce5d76baf5e3b075467ac6aca2dc,CHAIN
1753798973,3466199,3c2b93acba5d7cea08d8abaec211c661914915285295413e765766796e039f0c,CHAIN
1753798629,3466196,655cb424fba4c97015047365714287a3aab5bbf256d77cab76994c459840770f,CHAIN
1753797092,3466177,3104f1af4438297316833a656763bd26e790565aae4a9d4c1560a986ef192ac1,CHAIN
1753796916,3466174,ed82d514594380830e468b2eb87ad78d076d6fe5f9a59f38778999b68241276b,CHAIN
1753796876,3466173,0d6fdac2c56d2e9ff1f6f8b066ed981da0702ab15fe7c7d2dd0bce084c0b1872,CHAIN
1753796764,3466170,94e85e0dc1e4e75433657fd98dc6f6b3f92dce939751befb40a463a5b2f82640,CHAIN
1753796676,3466168,a12df08bb3b5e7ae590f07a99425b13716a565ae7bccff4890fc05f271575621,CHAIN
1753794707,3466152,7170abaafc4b31d87bf7d3be5df104b14f8f56beda9d50e94461a171afaa25a3,CHAIN
1753794515,3466150,1877a18e2baa9d9179729cc22045225e3feb15a6d076a8a3c9d6ac1046c95c99,CHAIN
1753793074,3466135,e9953208186fd87c85a5420f85abc1834bbcf80af1684e88ff99e2df20a0df22,CHAIN
1753793066,3466134,c77f997210453d7d413a9b2369f269a7981bcef3359b06c996438a3a36f627be,CHAIN
1753792938,3466133,e8f018ca56bc7a9bdf591f5120573497cf66872aa8124b2a5726c5766827643d,CHAIN
1753789712,3466114,cdbef5b065794946af683468ac0b862d34f24113522ae06df61ffaf31eb41a6c,CHAIN
1753789552,3466112,6d39bf58133032deee46b8391bee6e602290044212e18c09ecc86277cc610603,CHAIN
1753789480,3466110,e35970f9c7882b2d765a9e86eeac7c2c4e1e0f44aaf12b80c05a98bcffbbc9ed,CHAIN
1753789448,3466109,3e0d9e43e362b2636aa1abac5e46f63dfb8a63e5713e6a37a72e83dde673ca44,CHAIN
1753789328,3466108,3b60d24974ce661d08f102efbded16aee256d475646d1ab59c1cc78734403191,CHAIN
1753788992,3466105,90854469d0a6e28c0c295777a8d48fb3e8b5792f5be86ac2431ee4a16afce99d,CHAIN
1753785446,3466083,d08df48b41205a2db4627c23008c392f0402894c71571e2e3ebb4934a810e067,CHAIN
1753783773,3466067,69fe32e33de7d9320f73d4bb4564691d9788629edd3994423c2e9a829125670f,CHAIN
1753783445,3466064,f76aa667bec5fd68450f43525da1f0fb0a3a0279bc7e3d1b9c5eefc49ccdf90a,CHAIN
1753782004,3466051,903651033dc2092167ccb03c7067fd050313d43d278823c63144ae881f05359b,CHAIN
1753781764,3466047,5fb07d771a0f4ffd1699178866e062ecc582273da6fb0cbf4466098b386d6b2f,CHAIN
1753781684,3466046,27ea95515725c8318de5e912cb061e94f666458a1661c68267b0e89b70cbe3c1,CHAIN
1753781228,3466042,9fefc3c4394ace76ea87cbcfc91a33c2ed01b0a4f29ccb2f05df2287a38c57b8,CHAIN
1753780019,3466033,37fa259612559ac282aef476ad5731a198c00599a9101f9c5a98666ac254c27d,CHAIN
1753776330,3465999,d20007b379ea0475b85baeb169d1a60302019068234842075bbce8ba712bdabd,CHAIN
1753776242,3465998,f1f867b1691e14bec968100ae0586a9c4c4fd1ef4c532499aba2c97e7749f4fd,CHAIN
1753776074,3465996,b02f32000bb89dc936e3ecd42d7ff60d5b86969e94aa2b489e41cdf9998b744c,CHAIN
1753775857,3465992,9456eea778858f77260b4113401b7e439063cf0b0e74cc7c7912fec74ebcee97,CHAIN
1753774521,3465977,0ddbfac6ad5837a647ccb65b4195f45cdeac7bd756a9ac24516271fab32dfa6f,CHAIN
1753774425,3465976,a574910a954772a1b60613c5440de2057ace3657487b734b0a8b1072705ca255,CHAIN
1753772312,3465967,d5498ca3dea253ab56c82da8ea23217c9c18048d693d0c619c351ab0aceb3c0e,CHAIN
1753772232,3465965,c2690322678fc240b8bd9ca4ae2e272b762c296a94c5ac7930bb16f6c4ed7cad,CHAIN
1753770831,3465954,35fcb959a12f40772bf41cc963c54595ebfb851fe0a91aff08685278f1313a86,CHAIN
1753768742,3465937,767e09c2a780cc90340b30387adc1b1fdf617bdcd5b748465bdc94e2ef068377,CHAIN
1753768622,3465933,b42746581ebddab05d1c4459ced7209a64b7eafc03d19065c92ba4ba3315f3ec,CHAIN
1753768118,3465931,a66505184833c88f0e62e1096d009a7e84be3b01f027d3e630a297512a14d6ce,CHAIN
1753766549,3465923,bbe0494603a0f4d236d86c52453722770e8edc03e6af84f62eb46bbdceb4ed87,CHAIN
1753766469,3465922,bb1019687a3485da06d2a4c3f69556bd04ed026f1d2af49694a40297bffeaa76,CHAIN
1753764996,3465909,47f00c994c9b03ed513abe3a9309ad8b44fd68d915b380bc9eb089667476e47e,CHAIN
1753764524,3465907,78751efd6e5d082da08dc90d9ba34f9d7b428aac2998b8eba90504ccc3a2a601,CHAIN
1753764388,3465906,8d730cb0b87cf142943d11aea35aecfaca28be02851caa52e818b1de67f64503,CHAIN
1753763243,3465893,4804b0b58084e261d73ac6ef798e03233ca88fd1fcd2c80ef72c1101d20c72a3,CHAIN
1753761098,3465883,85a01916c26779f559dc203aab587c3248de2e1c42568368df178f591c4d14a0,CHAIN
1753760706,3465880,52fec4ebf5f8e092d39369bc6153d0349bd1d35f4393678c2d17562d25e92f54,CHAIN
1753760642,3465879,7d908400a50f28c4df9e65c65338831d86ca19ee66dfb2a892969b331a260fcb,CHAIN
1753759433,3465871,55bd3233ac3d9211010693975903f4c37d64c5183e6c3da89d76afd3de743fa9,CHAIN
1753759225,3465870,e88963e2934404ebb6cf56c224efe6589b4abb302270d543bd663bf4d81f2a4c,CHAIN
1753758817,3465866,861bb644eb0a858402e9e350480359c08303e762860a3e5d54014e8a0eb650ed,CHAIN
1753758801,3465865,79bfcde239ea49e68d5498c7f75a47e64071dda199d8b48ab4e9f897f55b8ec7,CHAIN
1753758617,3465862,71923604d49819a0d5cb75d365af3f4ce1e3f3d55581153e8055cbee813942fd,CHAIN
1753757448,3465849,f1a64809fb2b686d1c26f77c48ca72241cbb19bad432b0db6dbec1214d0b6e68,CHAIN
1753756856,3465845,6532998e39cf89809aa35b31b719656f1af438df3bf607cc24a3573178ac336f,CHAIN
1753756768,3465844,3b99089081e940a6720138a6f82668c4875d1623cedd55da3510a14d600e4984,CHAIN
1753756752,3465842,fa16fcd343e779b7fe3a824ad3e332ca2f112ad9616f3ebbb9a385f6cc3a7d65,CHAIN
1753755503,3465833,aee7529a8dc7cb5e055e872f9c1eb60c6886848c9c9968c4ec66339df3217886,CHAIN
1753755007,3465829,dca7b233bd0aec43c2274cb50b347a2b1be4522bb4d08f4e99031e642bb57248,CHAIN
1753754991,3465828,c5e45f64221e39cb16a7677dfc53fd1e27397b3a0bc7a5d4b5bd89e4c9eb1b8f,CHAIN
1753754383,3465824,0a89f3d91a84eac160ad74b9691fd5d09de847937313a136c578aacf969c198e,CHAIN
1753752654,3465811,2a228164ab998b029f1fa7a3d8fd46bdb25755b32ec3d97cca7fcaa4398271fa,CHAIN
1753752006,3465806,962508a9c1bbf98f106a730d97cfc4a9190cba653c788923b7ea72f3ee61b0c8,CHAIN
1753750165,3465796,5a5c4273dfd5a9beb311e03425e08e5b206a1b21d85a01509f7443076eb495b1,CHAIN
1753750021,3465794,4e9685c2835a022c7bc83c84c9b399318ef956e8fe90e159cb6ed31f384c625d,CHAIN
1753748124,3465786,0efeff93f45daebee921163519b1912a80f72a4a2282e29c77ca69aa89ba930c,CHAIN
1753746419,3465775,354919c50d2d38cae8bc75b23befde83edea0c7ea3070473c796171c2058bf6d,CHAIN
1753746363,3465773,fa2055d4ed0d1c07df3823c73746ae23d4be5c753865861f20d6951f7c0db370,CHAIN
1753746355,3465772,b6b9b761510c6d2c3e3e32346480f57d89be671ba9e60ccba92ea5fd2b7256a3,CHAIN
1753744826,3465756,388f84669b50cf9f14b57ede6b94b9f8cff4334d4ab5f2e62e8cf92dea3619ff,CHAIN
1753743178,3465748,44a1288e9c0e5e9e1d0c265989203df5bd523e90b19e9654c99e41309a360cde,CHAIN
1753739432,3465716,0c9d1fdf8f993b8137943fd12c166c9a0e83485855bc6bc599016f5fe9988793,CHAIN
1753739192,3465713,a6b00e7bf9cd2d90ecb4dedb61ee5babd1160a3ef4a20bfa5863a4e41578fdb2,CHAIN
1753738936,3465711,c34377a684edcf1e4e7cad9d43d8dc74437aa11cc1df3dbad8cb857e770ca17e,CHAIN
1753738848,3465710,f0a62265fd5ad533d16c6dcd9773ff6b8cdb1533fad0936c9bc58e1305498ad2,CHAIN
1753737239,3465694,3bbad06bd67a5df3f216041a9a1a9c3093bb74e17f7aac2804388b401b8b1a10,CHAIN
1753736799,3465691,521456b99ae4fa7e2f932acbc75d5f4db6a108ef14a6c8c4e9c2e752cb0628a6,CHAIN
1753736719,3465689,56add10c1dc3996dca641822daa898deca982ae6de40c08569d10e4f3de8f1e3,CHAIN
1753736599,3465687,de1001868538930446926c6ee41772622fbd7678d54987c4caf7832524d6be46,CHAIN
1753735254,3465676,496e205e25cf45b0fafd70d60e226130afd090164d065879a29b4b419f0d4df9,CHAIN
1753733549,3465661,26ae62b7fe6e27d100e38a5a1070745f098e06cf5ef8911f146e5304830b9e58,CHAIN
1753732861,3465658,2f7045e9c9a32a398dbf2851dd133ebe99a58f91d25004b1ca86888891682d70,CHAIN
1753729676,3465637,356c3790c95cafca4b9a14a4ab5de19c73f12d2c85a0d1170a0e4e04d58cb47e,CHAIN
1753729636,3465636,6b8b59b28a6d485528574b3ce204a31edf8d026284b13c5acaba5a72b1c4bc52,CHAIN
1753727835,3465626,811433d3a3301633f5239345279205ad3e1946e5821bf2addf64e313cb2a152c,CHAIN
1753727403,3465623,f668a8bb5175bc3cd912d503d09224fc8ba58e39ca82983ee6fb4710b48a0ed0,CHAIN
1753727235,3465621,86944ab64b9e65c763024d3a3c32ee168a8c40cdbf3e5cc892af3172c11bb283,CHAIN
1753726122,3465617,73c63ef9b93010964ee2cb71d42aba9a84d4b13b9bf060f752b784555522c1cc,CHAIN
1753725554,3465613,27ae4e40d0ab71b980ed7a965afaa367a24bca28f624c80c9443203211df6d1a,CHAIN
1753723945,3465595,aeb9e94075dc7e2f7ce8bc4448ae6430c09975bd142db5eefeca888348b5edc8,CHAIN
1753723817,3465592,456746bf73cd0cd528dce4d6a661b8d7e7a8f0c646c20ec63ff0f63f1c6e3026,CHAIN
1753723553,3465591,e412311de051885613ea34502d54519044149cc9ad102a4e909ab4b0f9d1b334,CHAIN
1753722281,3465579,43df6ed5d822226a46523d48b315a509b506dc916aa2f537f97d99cc80d5f916,CHAIN
1753721592,3465572,7c48aebcd0bb6655d520439af4d604a6b1d536468072a88a640fdf1d4cf3db2c,CHAIN
1753719928,3465559,538eaa2b778c3a1b3dc660ae8a98a6fe62d3c51bdb0ae03d5602b4a78e896b81,CHAIN
1753718183,3465542,fdd12e2c19ac04c8761e04f99774ede3404918d62a0e3c8836ef52dd4930b091,CHAIN
1753718015,3465540,17b3bf36c1d1761a1d7618e5cec297817943520903933a048532b0ae70382673,CHAIN
1753716558,3465528,3edf608d147b34b691786dcb92ec995754a037b44399b4abfc56de4552071c86,CHAIN
1753715782,3465521,10e5ae84c0b1f43e8fbf26b58fd382a0b3b23d071ebcd349359cb3849f935922,CHAIN
1753715157,3465518,e1f5bc42d431ea390bd3dca4550539d622c69b868eee4d13fa1f88c200add650,CHAIN
1753714621,3465516,48556558d80a25161b7bb655d7099f90c669d0995caee66464ef4a71439e1a3f,CHAIN
1753714421,3465514,2f0ccccd0b284b917db5d9ea4d4fe85ebda83d8d9410f9231b10200132659221,CHAIN
1753714197,3465511,6fa38d5feaa2bcff3ed8011d3b04246a74e570242c6abcec9d1bbee6ee0dc691,CHAIN
1753713901,3465506,99aec93343a4a20ad25825867c3d8953077cdeb58e598227a05c6c0fc49981d5,CHAIN
1753710571,3465481,a0d62deb00f7f30a66b0c9bb10bc408b560a82ee4d04cab6d47628219fc4786c,CHAIN
1753708795,3465464,5eb6db3f6890cc173be0bcd64b2f3d2a6174b2947132eebb684c6f22901bacac,CHAIN
1753708323,3465458,68109e5197972286c861f06c8fd5c67384a849eb42c8c733e9cca14acbd2f169,CHAIN
1753707154,3465448,a2f3f9880367d6995e4ca0f4155be7786ec6d23ed809ea3ff9ff7dee065ddd11,CHAIN
1753704993,3465429,648eb0350a0ffbc2d14b370179511d7c0617f8f404a3ce60fba80115daecc96e,CHAIN
1753704833,3465427,52bf4555baa22be1d8dc2845cbf1a96e85150b38c0acd59afa191afe9684f3be,CHAIN
1753704409,3465425,ed15b30563f12c1ab5a2d5a65d8b80108e74a2c3f4998b87062eb74842fefabc,CHAIN
1753702624,3465407,2e20e67ccb3cd28993335f17b75ec4e88ae49267ebf2c777edd1167f8822e00c,CHAIN
1753700751,3465386,671518c7c68c0b0aa1624029b0284af74242dbdc35fd05b1fef85ba596ae19b9,CHAIN
1753699831,3465377,bd653535066f5c88d0896b3f0b26157052a436404cb33d002cdcd7fe1a9ffa34,CHAIN
1753699430,3465374,bc10998955b4047e7cbbb09299b18f86c423d323e28aa03e563e9f1660c48383,CHAIN
1753699046,3465372,fc3be8f523c9cdf49114ea3a55302da656923426feae2409a603caefb1ad7f02,CHAIN
1753697341,3465363,677b040717c1116c7c40c40e642816087d4de7ba625b3fbaeab315fe2490e404,CHAIN
1753696813,3465360,de912d0aea581e5fec679eadcf3aaaa76e8ec0a50c29bf60c1e5f553cf7faf22,CHAIN
1753693300,3465330,8f61292ffa59fa2c8abd75acb0c45b874a561267ce4d34a4ebbdd79239abe1f1,CHAIN
1753691523,3465319,0ace3fc522f38cd6c3bdbe9289c86ce9fc7aac964d349ca208909a926dc43412,CHAIN
1753691011,3465317,68d985191c5dd194a6bcba13dfc47340c883d9691d4275b3c4a2c3b4539a1e79,CHAIN
1753689786,3465309,ccebd95f5cb089e591eb991f6261e6e37ff3e5c90f1daae9386c01fc135086d7,CHAIN
1753689426,3465305,9f269b62161366403afff25f7f2ccc5847f14a27be864a5bcc27251d515e6814,CHAIN
1753689386,3465304,bd29b3a06f3c07f6ea8ed6fb06f331dbb3de36736fa2d5f7699bad52615cf904,CHAIN
1753687809,3465291,8cf3f11f34590eddb08343389d621ece0cae2b2c875b47068f3d8d0837d8d4de,CHAIN
1753687249,3465286,bbf4a8dce21effcf7c40f9c79ea1088c8026863c10e6a467fc4a628d88e5bd20,CHAIN
1753686056,3465276,d23229e89591f5e6846ab336afb2aad146b2ca389d01582d220f561c876dee67,CHAIN
1753685600,3465273,f13c5f2da6dc507c23d4d15d16cafcb842bbe5ab907b6d07d87b4e50587e2389,CHAIN
1753681775,3465254,3f0fa2100441d051406bf7f6048adfda491a4a7b6c9639c0dd97c2195bd7a064,CHAIN
1753679414,3465237,bc6cf748503a74ef4b8b7e08131954693d2ea88455e11138862152bda69c0dfc,CHAIN
1753678389,3465229,681ab18452cdf2c8936e48bd64ffdde434298833eaae668d66d6ccd91f0f3229,CHAIN
1753678061,3465226,449fe88afad2e91706818e9dafe5c4ab659acf7bd4a77c77c5745b83c83d94da,CHAIN
1753676492,3465212,f2daac2cc68cc5d044ffe25e84df1b4e5e505790551d769de0c1fe0c0a7af0e9,CHAIN
1753675660,3465204,469a6958e95e8baf67c242b670a3b04765ae2a9656b624a4a789cca7bdb70a30,CHAIN
1753675596,3465203,0e0ceef0a5ef1fa21a9145f7995f47368f7ce8b918b585929c199d5df49d8fcc,CHAIN
1753675564,3465202,d8f773fd328a22e3e01d4cb401141ea9fc087d407ee1ea23e77ef446565a84ed,CHAIN
1753674019,3465188,16940468fd7d91f66a184dc661e3e2cd555ae956b7e82d1cc77105483d12c6f8,CHAIN
1753673963,3465187,e3cdd2dd88b9de90d48f510df868a531d56ffb5b5e53eebcb9ac3ee3a075e13e,CHAIN
1753673955,3465186,828a91e1ce42f848ae7b82c1b25fb5b3348e9bc95b3e547c2ec59d82243c16e6,CHAIN
1753672482,3465176,939fffe52d064b5076e9ae7e2d286a4d400bec313cb16adf21173c671f751aca,CHAIN
1753672170,3465174,9e4b6446441b3258b77fc622eab56a453cb6192c7336a308cf7adfcb6031ec96,CHAIN
1753668064,3465143,f9786f3e9abb842b92bcec14d7aa76bdbc12f9d16893f4d77641529aaa06dba6,CHAIN
1753666096,3465125,1e7709e0c6afd712614ebf28be14ba7bf8b3a7f29a817452d893acd978c70344,CHAIN
1753666080,3465124,9a24c81c395dd28607e90cac46efdf221e5825d4d1cf405f824893937e151040,CHAIN
1753664095,3465113,85765da911e0caf0e1b6fb6e4efe14e9741b5db1fd2c875a3e0efd7558d89849,CHAIN
1753662206,3465100,9ffb02ff9d9019b727e947bc2b0b93f79e071f77b9588ffc1e6ec1839da8c783,CHAIN
1753660813,3465090,defa61b44873dea59496d686a36455df97ee0985103c03c93b768ff5a74de81d,CHAIN
1753658388,3465069,bf02c8c73a341c0c63208f32f69da23baf248db6efbacc6a8d3f26c971d570f3,CHAIN
1753656771,3465057,30bdfb0651b62583dff046e693aa3ed3c535b3e7fd0a775ce091b45401bea79b,CHAIN
1753656267,3465053,939760e603cff549ab7d669153dc3368dc29f8227f5d88bb714d6c0c2c05e2e7,CHAIN
1753654587,3465036,192a66195571489c8173c2a55bbce05616c5ddf65b3bd35ec9f96215c02ffc02,CHAIN
1753652650,3465025,d2e5cd19872303dc83c4345802bb02ed7cb06d9bb4daec1b3be8a543c1eed1bd,CHAIN
1753649272,3464997,359f2135f098f8063b06190d561b45949ad67fcff736998ebd3bee27e3bf1ca0,CHAIN
1753649152,3464996,2cda0879fa1ab0d122c62d08faec089a0de2eaec6c96be850ae360194fec69fb,CHAIN
1753648864,3464993,31381d4a7cdd75510874b7204baa947d234c28fafb8b4e328c57e458786ff7da,CHAIN
1753648712,3464991,44c90b63ddc927c7b47cd2a3eeaad5ffad7879bed4634c09ae931d93329edb6c,CHAIN
1753648640,3464990,ec8504927047e3f192d1b25052a11f66f4b40739c55f25e9cdea83bf999bdd82,CHAIN
1753648352,3464987,cf88e8086498585da49b32b4179a97152c82720256ae7e405777cdf3cc7bd7f2,CHAIN
1753647087,3464981,0c9721da78c6a65040bc29d333a74cb5608827aba16dd4fd9efdc5bd61488683,CHAIN
1753647007,3464979,7848e8e8a15bd576077c45049e5ef4a5ed41600d5e68540bbfc97f684bd80480,CHAIN
1753646871,3464978,6442998e7a2887422f0b016f8ad4436ce101e1aadc8135fb89842c6d9d28d9d9,CHAIN
1753646735,3464977,ae8d078432f5a6894d4005c63fe9a7efc34585e9829a660b6e5255ca40a3d92f,CHAIN
1753645502,3464965,152c7167b6b0b3b2fd05dae5053ba915a1c4c5d00f76dd5b5698323d9bc3c4ab,CHAIN
1753644910,3464961,78e28642e568e234617a806fc0e99a1f2d68a8d6f9b29a00240249194540cb9a,CHAIN
1753644638,3464959,ae4b6e354c8308c0e5829a014fa154a0a1f9a94835ca9d1f00700e4ec3bc7b30,CHAIN
1753644518,3464957,51ab0989f79279e006e435990160f23a5cc206c6fd0ca6da77976f59fc4ebdaa,CHAIN
1753643285,3464943,858458956e63814bc52508dd1d1e6545e2de12faa5f972d410b5cfdebb7a0f00,CHAIN
1753642869,3464941,b4e081d4d90d0c8af9aab0c479676a469269220a7aabed5d841dc690965b6b32,CHAIN
1753640500,3464923,0c7886080d29c59fba14b7deb48573840903b6510051ca758da11f36d8190810,CHAIN
1753638955,3464912,85f4c481a850d91c4cdd8f1ef4a83ca69232b4fc96bb0b0afdb594ebdda5528a,CHAIN
1753638947,3464911,fdd81615704e01a7100e60805b134b990918f7e7ab2b13e978cc03b930a544f4,CHAIN
1753638187,3464907,e13f8dc5c28f02b5bc7bd6d0294693f83f8c0e91311d4dff18dcad7e712dbfbe,CHAIN
1753636947,3464897,8deb1c482efdb8bb02d9957c1d774569677bff0e9a391a33adbf6c5ae4b23281,CHAIN
1753635186,3464886,51cacc8f71f4f20465816e336a30d751ebe78117ada08673830746e078a722d8,CHAIN
1753634682,3464884,15314eae1f77848238bd073700ad106ed00f9a5ff3179329e678935bc2b44854,CHAIN
1753634602,3464883,3db7e40651e8015039041c95378b73285e15149d47af3b4146144eddf23edddd,CHAIN
1753634458,3464881,8270bd821a70a4c87fb392a8ddae9663f323db6acffa8c355631e8bdb1b23b4f,CHAIN
1753631080,3464860,9b95135c5652b275950ef24b20f666f1e01905683b74b4e1016ed9cfe4295bcd,CHAIN
1753630872,3464858,de323468fcd56974e224db350b4ba9ce76b0846f358e4c15f97cb5be0bb2dad6,CHAIN
1753630768,3464857,639b6c7ce8f4e0399bbe6e88d94ad79755c423040cab367cc368b20b047b09c0,CHAIN
1753629335,3464843,04eaa0642c8e4c004f362efba09ec7136fb2fc25e9887dbc6f549522c7a9defe,CHAIN
1753629135,3464841,fb1d647a152fca044cd118b72cc9841eafe91800f50d612d3e43a1d034a2d0eb,CHAIN
1753629031,3464840,62cd2b84cedd6f0b907dc0664fbb1e0325e783829ff8dd845ecdfcd2b05a667f,CHAIN
1753627022,3464829,e3cd73a0efd412049223b191b90808b21c76ba508b7ed5e30560af92c9d154c8,CHAIN
1753626974,3464828,99dbc50b8621bb9681963ad73ea9db7ea64821189e026ee2dcb5e13499ba4b42,CHAIN
1753626886,3464827,2d7f616a48a3835ced6f26b8ab28033359afcdfa483463ac8795fda1506d2ff3,CHAIN
1753623501,3464803,176639bb5abcf6c553021a15fcd4c7d3843291531a63f37e8532424083db87a4,CHAIN
1753622277,3464790,0a0bc17ce65dcf1d76f2650988a8c7a5c590801cdbaace469867c98c96a5a5e6,CHAIN
1753621052,3464777,2a23fd7b26108f635058ffef8ebb4670931badadbac2376af4d6e94f2edd3217,CHAIN
1753620524,3464773,63bf4dc0ec3e5a6f8907c012935d2da41906eb0736f8c6c9a286f041c2095bde,CHAIN
1753620092,3464771,c36875b00ba12a618205fc9905d4e521002456f3ab5aefd83092a9a0661cb8a9,CHAIN
1753617115,3464749,63818ff3d4d50c1f82cf947b0dacf95e114638bcd8903b5408d2dec3c61f8982,CHAIN
1753615978,3464741,496f44dd6001b6176c858f9f4e91362a139d9cfe3b2bd041f2e79abb65a2a6ab,CHAIN
1753614930,3464735,9a8273b41df9ac249989bb05524a6f8386755579332efe75f8b7028a9faba4bd,CHAIN
1753614170,3464731,86e3f3f2d0136558e31e599c5b4922692fa65710dd24fab9a7385c8e0ea39ae8,CHAIN
1753613778,3464725,781e26c2051c7b2ea78e450cbf68e31a6d10f6cd9bc39f12f965e1dc021766a6,CHAIN
1753613546,3464722,8322c34b26295b7637ba7a71035401e5166be67f59364b3e2f8157bd19c42950,CHAIN
1753613154,3464720,40ff6565c2ede7ebf56d6bc0543798eae9cc66ba65b7e7b83acf8c2ea0af9951,CHAIN
1753612778,3464718,7a2fd360b4a3124cf573b9911d799d525383f40039977af40ffcdc7f23d4eed4,CHAIN
1753611746,3464710,17f625bf7ac5c83ee3598a1ffb517c56efc87247cc11bb1769c1bca6c3945cb8,CHAIN
1753611730,3464709,95813d1057757e3f0f03c779bfa5f35bddb578651b79f839cb2a9ef19328e789,CHAIN
1753611674,3464708,6f311f7901e72e8a03cc66964894817568dc603974cbb50afbaf6d0d5e333e0e,CHAIN
1753611090,3464703,20223a9ad8d81d977250015c9cb1e6fe194b6f21ffca35dda74cff3cc0758c86,CHAIN
1753610834,3464701,55f52d2d2082aa356148240a5a62452fec21a607b8dfc5eb49be80086666b891,CHAIN
1753610553,3464699,1bc2be7c6569548df231590f333b5d751b02a7cd05932e3527f1e8c95f850c94,CHAIN
1753609137,3464686,2f19dbcd7e0f54856c20554615b7c163f875364bac5e08da5984b35ff81af410,CHAIN
1753608833,3464680,54b62b142cf28c8fb10cd6a382707a3cba58137e0b7eefd28319059da8cbce88,CHAIN
1753607913,3464678,c89e57058da576d79b91bda7907a2506a05eb7e69f581a036d262336960fd6fe,CHAIN
1753606753,3464669,d2c77ed1185def116f7c5e0b9537e911b2e71f702574f3eb35419633f04ff6ef,CHAIN
1753606177,3464665,3c6428a77a01d3751100efa005a56920bacefdfa720829db149f4138c64ba7ac,CHAIN
1753606041,3464664,e1919233ceb8a5c12da26d5960864ff957bd80722ef9208e0629da43574bc102,CHAIN
1753605801,3464661,f44c153d6f0543cfeeba89f71c97814c43f33a2dcb373a5557444e5257b590b7,CHAIN
1753605297,3464655,0aa7a9f7397c3be5cb52714a3f8c4fa66d85b80f2722ebacfb4b51c5e8c74a4e,CHAIN
1753605049,3464652,0f174286ead7d838884cfff66d82b41b1db772adea0603063889a1b1f47560c2,CHAIN
1753604832,3464648,1eec05dd9ef093303957dc2a876fd2f8f6dad3b0b440cffb4084adf76ae75336,CHAIN
1753604216,3464643,c4feb9a5012f6f0a27958f3761aec51095d3a23132e69227680166906272aaf7,CHAIN
1753603728,3464641,007d938ca7dd50c7268d31c28bf1bf7e533f751bc87caf964dfb3c16f079f06e,CHAIN
1753603576,3464640,a88e9ad25533e1dd9077012ee24c11246ea56f6e3549f76c3a4b65a8057127f3,CHAIN
1753602920,3464635,537fed3978768a3868cd162d8a8b95fdea6d07c26c6a472fbb77dd5659ba6d7d,CHAIN
1753602392,3464633,a4a4511e03868799888d317648df06334a017b60294644e2a08c073affc3639d,CHAIN
1753602272,3464632,10c0b315b3d34b0e41af7bcdcc59592f00292ad6717e410133509164245f81e9,CHAIN
1753601816,3464630,7257f6a128b73ef15df86b869001990cb74e3b9d8ba10a4f5ca62fab4b5e9590,CHAIN
1753601576,3464628,49b12f5dc5709b614a2a05a0129ca92735b56cd12fcfe180956f854e9bb62f6c,CHAIN
1753601552,3464627,e78f0e3aacffb5a89141bcd3480f4424acaf23d72664f136be0f65e7185c0841,CHAIN
1753601000,3464620,c0ba80332a9f1a422a7e4fbab0cee04ad69677f0690ee97feba64f0fe3be2f1c,CHAIN
1753600688,3464618,c08d86ad28657ac23b18101caa395f87757705a2552bda76e7b1dec575aa7982,CHAIN
1753600576,3464616,3752cd60758966c7454c3b8da5f42383cce7bdeacda6eb518e9c34f0a0a169f4,CHAIN
1753600168,3464610,cc8e5dd53f44d754e758c6d9ade7fd8c4606f67825cfd90c4731a52100a1a683,CHAIN
1753600000,3464608,90663a539a0ebef9ddbc0647e01c219ed68d40aa5fe499c21db7cf04cc002d13,CHAIN
1753598759,3464597,992a8698532e55e34c3c811730b40ae755dea34459e2e76941fe7b4c5d6293d2,CHAIN
1753598535,3464593,a9a67a6d3d3ec55be7d6196f8c72d945dee469bb9905208e9fe22f2a8281da4d,CHAIN
1753598319,3464591,1375044ae60f8935a95443209c82f2548449dc629af6905efdd39598c0d675a8,CHAIN
1753598215,3464589,5f64ad28ff73a355110564bebe3fa7c098023b3b200f5c76d4113b74a7f38a1e,CHAIN
1753597271,3464586,459a2ecaca16e2e017b275cccf8b708651b67a361ab461f80cb1971a85137b98,CHAIN
1753596559,3464581,5085e27469799e75ae0da989608bb1703ab2687cbf0136606154bfe503d20f2d,CHAIN
1753596479,3464580,bccb112ecf192139b6c2b02f5358d332edb95c065cceabb2b1de514f4556c19a,CHAIN
1753596455,3464579,bbbe8f602094f311be8b3e96932d4f065e8abad93d978cea89b29c6c594ecfb4,CHAIN
1753596063,3464576,8deb5c3be4aa546c61bc3d0d059dd5809c29ad3844fe24376afcbf771e0fb505,CHAIN
1753596047,3464575,e736565bad640e93949e16c935a5f2f4350d52694492e4bb211adc8c9a9fe9a0,CHAIN
1753595127,3464568,91cf1a6e5768d9d90840847970b585bc3383ce87fed345ab13f9ca9ea03fc897,CHAIN
1753594663,3464566,78872b548f3c287eae7ac60a27dd72c68ed2ca301946ae855d815bf4efc751ab,CHAIN
1753594575,3464564,a89610af5aa18f20595d6902e9ec1af61197f176ef770fd13751728af30b3afc,CHAIN
1753594383,3464563,9b5c00105b6618cce81daaadc6eb4a4e9267c55040af410387c7077ad4198710,CHAIN
1753594303,3464562,285aade74d77b05c19b40e503d17a8311e7f595887cc850b7535c2cecf32ca11,CHAIN
1753594175,3464560,58a140f028bed9c4ca157df225806d1bdc38cfe9e2c7ffd91f351ac4c6de5dec,CHAIN
1753594047,3464559,0c71197caf3e1ecbe0cb97cef1d15672157db7d570b03b93920ca358d11b3969,CHAIN
1753593879,3464557,79a88df48109803d355f18b6c2f2cd0a78fddfa01f60d7c27b136fb5c5dba6de,CHAIN
1753593743,3464556,d483b40e16ffc86e91545bdd2b0c38924640a1ef6fd6ddb8717cce4b015af9bd,CHAIN
1753593663,3464554,846f91c90abfc1d7288305ac9468be5c2b318bb1df8de7a0a75a0d3d9dae09a8,CHAIN
1753593631,3464553,0eefea3facc5d0a2185274e9a420b599c8d9788245ad4343e820409f462674ac,CHAIN
1753593126,3464549,2411f3cefe2dc8ea61fb0bf42cfdd6a01a2f736cc915c6ae2a3da9a4bf5e264f,CHAIN
1753593062,3464548,9c94c68acc19457dfed846af88293f84fca1f6d178ae9729bb72eac039e81ac6,CHAIN
1753592422,3464544,8ea7492911ad394bf654691336e2550b996f079a919d229c0655a03e8875e552,CHAIN
1753591990,3464539,199367de7b54ffe13ece486bc95b3da86b88bd250b11f7a805e9389b26ad2fcf,CHAIN
1753591358,3464537,37785a4ee9ac259d4ed0d350d8e56a5a2f29e755a18909e4d075bf83e0a4a14f,CHAIN
1753591110,3464534,8eb893191e68717121810c893025c1e5ea2b98539aafba4b2d4e1b21fd5841d3,CHAIN
1753591078,3464533,be56d07a7127e922c2b6d957dc703fe74ad0c4477cf0ef18739117006840a832,CHAIN
1753590694,3464528,3006d24a2c6fca2b56c9095416f17c28d94b088001da324b165783aa984c8409,CHAIN
1753590238,3464527,3866081c738869a62b44d93b534febff775482a9d70b95ce7dd01668100de110,CHAIN
1753588662,3464512,1ece8c2b1f0a6551b6536ca465e45afcf530483974de39e131ba69f0eda3fe37,CHAIN
1753588558,3464511,695053050beeff1321f4b2f44c9f2a26d430de9e1bfe726632b8517deba0f6a0,CHAIN
1753588366,3464510,b7224ef1a444c8d22bc3e3a3e74c0432240d507e6f66f8fc484d64135ffd4f16,CHAIN
1753587646,3464507,1223493af0e9cc5c7531356ff5c2b4910d3031b7dd4cffc44f90c3006e5a8f9c,CHAIN
1753587261,3464501,8470b49568f8ed1c3ffcc4545bc562136290bc16e59b06ad7b6773895891ee19,CHAIN
1753587197,3464500,73b9a5abbc40a95b81f7922566dab2e83417541a563ec79c079d95ad852d47cb,CHAIN
1753586813,3464498,d6907e2eb0a90dac87435a9ed6ed4c9f31202069232cb74dedb61a426badda04,CHAIN
1753586445,3464496,bff9c3dea4c34d744991400c4a4f56960574f90d30e1d87b1e4486ccbed54999,CHAIN
1753585789,3464490,9948553f751a33db127a7e9848b0fe862098277c0ee3800d7b32fc6b78a377b1,CHAIN
1753585053,3464485,9c25b634492fee035552af28661742379940f99749b460f5c2a6be7844f0b87e,CHAIN
1753584437,3464477,19c65d58f4915708a7e9920f3afbbdb033414da881b221b7dac1d191da75b3e8,CHAIN
1753584357,3464476,874a4429d17b306d56138caf939df154fe3f62834f054e5dd612f28154712b40,CHAIN
1753584317,3464474,5604f71d3bb4258c5b29cfc6f649b1ca8f96feaa1cf0407fd37b6009e318a41e,CHAIN
1753583605,3464471,642dd55ed49b4834b38ff5f60abf2bd08a2104ebbb523b922fd5d7ecc497c987,CHAIN
1753583021,3464464,00898b3ea394da9a178542addc44843e06719ac2bec4a49da08598f05f9fa87d,CHAIN
1753582933,3464463,fd736796f085c9905225a28d23464e4630a566dd8c929f3d07a89712baaed31d,CHAIN
1753582749,3464459,f776ec4c6213032b5d539daa283b1d6acc46533b71edba6a4b225eacab7f517c,CHAIN
1753582637,3464457,802ad1f3000829a45eaa6c4d26786682faca0cffdf4b1e5dbae78c28f7f859e1,CHAIN
1753582381,3464454,6ddfa3dd8045eff42728864a7360ad8b7d2dc8285d882982a8fde40e9716d042,CHAIN
1753582349,3464453,dfdadb4c3af8269980f15aea5c2e1a95435d556b795c985a9329b40e20ab84d9,CHAIN
1753581804,3464450,79923b79c97a70c3f097fdb6fa2984bcd873cc370b48a4e20965ee4ea3cf253d,CHAIN
1753581748,3464449,6304e1044f28c0078b5eaca406ac9885a53661c0401754b535a1890205e7b395,CHAIN
1753581652,3464447,aea10dc43235121c08d3e1254889027276a163138e073612fc78556b3c8f8036,CHAIN
1753581436,3464445,3661d978ad21068fb2c62bc1d48feba6704d144eee692fe045b2090b70ba1036,CHAIN
1753580860,3464441,ad9e423533502942e6a38b6ea194006bccfff5bced6ab2ad5799e258f1e3187d,CHAIN
1753580548,3464438,8e20b3f23b9c2dd911dd8aef02ea79edc916a5d3fc0d6492dcc90561dbb15bc7,CHAIN
1753580332,3464435,a950261ef1604329a96142c37779c29f00748b640453d1e544dcbadbb6a73504,CHAIN
1753579764,3464432,34e69eacb320c9c16ece5f6474034c56bdfe4f5850ad4ae7f55a1e6b38ee5fe0,CHAIN
1753579460,3464430,9f841e91295aa0e7808d09958df6def3b61cee5493dffabc106948d0b61faca6,CHAIN
1753579428,3464428,5bdb1e66c4b1442ac03b1f7c04ab0ee7f19cdafef27bdefe7ae692f90a32d239,CHAIN
1753579044,3464424,286f4a0afb5ba7611218fce34131c4f7204437fb5dfced64b99811c4929f062e,CHAIN
1753578828,3464423,1ccddfc39572af54557749757c95ff44a0b31d0a339d9af20333e90d1361890a,CHAIN
1753578564,3464420,8859979d0e4873d2a23943ad76f89c60d3da262643852299d3c9f349507ab566,CHAIN
1753578260,3464417,6b20822a4f3227eb3ddc63ccfa231a3ba9456bd62271898250ca89de3b52e177,CHAIN
1753577884,3464415,cc62093859cb7ff631e386b7f52568112bd6b7358511c356e7779fb39228d7f4,CHAIN
1753577300,3464410,10355e61602fbfbcbde96280f5a2501abc6915c6a86ded2aaee062b93fccb5b1,CHAIN
1753576284,3464401,4cd821e4ea61b0cf505fab5a85253e18adf51ed0aee5e791786c69372068531e,CHAIN
1753576019,3464400,44be58449985a9f1b4b4f40c7e6a4d545509030ad97f828727d29dd1f081d9d9,CHAIN
1753575851,3464399,1cc5d244edb7a45d90c8e2171226f9ba6f872ebafd913e0b454c5e197d77e634,CHAIN
1753574347,3464388,d9a676463b9fd0af115766f30f8e54b1dbba73279cc32708083f221922dbe9c1,CHAIN
1753574027,3464385,b7278a134ee8687aed7adfa094a71c480b413b197b85c27176a717cb4de9356d,CHAIN
1753573515,3464379,324615bbb4ee0ba68ff0f62c586b79f3e05b4031a503c2957323643e2450f275,CHAIN
1753572547,3464368,341ff8052d501391977c8d7e4fd478d9f56c67b47650aaf33ae6053a5e9352cd,CHAIN
1753572531,3464367,8b0dd0cf31253545c10ec704c9d95f464bd421ae619b095c2c126c194c0ae2cb,CHAIN
1753572427,3464365,5afedda46d7150f6bb6e483a8dd749889da43c44980fc774b09aa541537f85bb,CHAIN
1753572387,3464364,79bc81f9ad931eb4351931cc9d59836eaa28dd0116775a97cc13ee58e0383ddb,CHAIN
1753572139,3464362,e56a387acd4316ae3ac470de90477025b7cc1e49707092d64a9aa47c7bf054fb,CHAIN
1753571547,3464354,e69e81777531e51b732966f1354494c5c3bfd676f4bec6a968b73c121643adf3,CHAIN
1753571291,3464353,1cb8bc20b6d10e70cdd0d52c3a2e268a5ee29033bd1e84751e38cdb2efbde067,CHAIN
1753571243,3464352,5e4641ed19b8e9f3119b690b89abf132b62cd3447e79bbda6e0f69c6635191ff,CHAIN
1753571235,3464351,f37d89b70459a7a80b436592e22ce06b6e6efd7b1ffecde0a085199d132c27ef,CHAIN
1753570595,3464347,71e33151806fb6f4744fa84fd83de437e2b76dca0fff7cdea826de9825c58e42,CHAIN
1753569298,3464336,2ff96fe6d5e816fe6eee903587868f14839a829f537d6d9e2dc005962735239d,CHAIN
1753568626,3464335,251b67d13ae6bd6d6cd484ad7d2ca7f630cd9deb7bb374dcb244b4816c131dda,CHAIN
1753568370,3464332,b1a86af0dc0df4da282dfafc8aace7ed8f95f60e3456743172ad7a6144dda1a0,CHAIN
1753567362,3464324,39e956ae8fd55f5343223627f61216eb356768ae80de1cc7273bb117db88fa53,CHAIN
1753567282,3464323,0b1232b93deb30c3fe8f2d086e8c530ce9b1df0b9ac383abb0941c6f38ab49ab,CHAIN
1753567042,3464320,c36d3edee565bbac1c2d1a5072eec659f6567bad7f24578126a2caf3cea4ce7c,CHAIN
1753566602,3464317,f0ce886d9dfb78502f3784b94a181222139b55b57de03de32a856e56bcd9b256,CHAIN
1753566362,3464314,ef9a73332febc7840cccab9c103b09a2d8188777d2058da3dfa590287691536c,CHAIN
1753565538,3464308,4a71fc2e85d7a00481416eba0482d74f829df0462ce738f35eac670bc78e21ac,CHAIN
1753564690,3464304,6e182fdfd44fd4b78fb5f8ba02ab0dddd84c07019c1fde65937bb6f7d7d1efd2,CHAIN
1753564177,3464300,dda65fc119953f2dc7a89cb8ff3b9b9d7c95f88df5e1420bdfe3b0815c0f3d5c,CHAIN
1753563873,3464297,8a52ae507b57a91879e5b5c93621e4f58b558f447a8817d9167fe5d4eab06306,CHAIN
1753563673,3464296,a7e4cfb6e1a496c25796b680acb952ea798c642f29d16bad79478b95464dd4eb,CHAIN
1753563121,3464293,f5505bfef58463178989744d2e17f32ac1c1f5548fada201fc4ef8c2a1dc8f78,CHAIN
1753562593,3464289,4f8975e6ca40b883a22758f36652081970f71477453ed638ff621b9747af058e,CHAIN
1753562257,3464287,82c7746ffb2183aee017ce7e8af73a86424617c4aaee0df8a473c545d5f71b15,CHAIN
1753562169,3464286,3d8ecaf2a17b9a12bb49112e35fc42569d15c5ebd8acb3b67e3f12d24974fe85,CHAIN
1753561513,3464284,a90f4a673ee92809f5d4fb6b68d6d982ad48154bcc39ef715ec47e906bf42b47,CHAIN
1753561321,3464281,c3783c7c6c1ee8d2f07823c5e1f49a47819c87a72a4467b93c4ec67840596367,CHAIN
1753561209,3464280,c77f5153f5b4e65b059e470d7748d63d8b82582c6db834ee5beb790cbbe9e68b,CHAIN
1753561161,3464278,8ab70a82badfa31c5aedd55b501c811fec9459f2166a3ce2e775aae013d7475a,CHAIN
1753560969,3464275,847ebffdfc346727c84c6dc194bcb91726322d52ae4526bc4bad991324aa0b2b,CHAIN
1753560769,3464272,3c2cf3acca022a275ca68b1590d7d34819257bf94cb92d622ea637d43bbb3c60,CHAIN
1753560585,3464269,f806987d034a9bc26345ee5e5790e9051d79750594e4c882eb207338137694c0,CHAIN
1753559761,3464264,8692bd76fc7117070e56946fafa7f963c9a0faa9a139f712a36d044709e13f33,CHAIN
1753559073,3464258,fa1bac4b2605bf5f20a224db111b3336b9144cc42dc0af72e191658f65b80d67,CHAIN
1753558544,3464255,4c5f626244128e8dd46ec0482c6448dad01242b0ccf4f17a4a65760860975e4a,CHAIN
1753558536,3464254,27a0c4d8e9770c0130700c1ee9f4d416af9ebed7ba76f840e2f7b3ae589a981c,CHAIN
1753557648,3464250,34f25c707cd2a6172d8feba930faacdd4a77fe839a2e00cfeedf5192c9b3f0b5,CHAIN
1753555968,3464239,c158ea3633ce60244d561f474147327c51ef0296add0bd08e9553210defb5c8b,CHAIN
1753555736,3464237,51c993946ab6b3a0066cb35ae794627fa5ebbd7d1a01c98705479746f4d81bee,CHAIN
1753554952,3464230,6831e9569fbdb7f2c63c82535e0b10854a02311f7f7053725dbccc8f9b5d58b9,CHAIN
1753553103,3464215,8646cb0b7746c727b8b7a4ffb33ae8ac70af19043b05c9de582f575b25cc188e,CHAIN
1753552935,3464213,9cefe9d2ccf4b84e41501c3f4035dabd259f93deee2d4a7405ea5a811b7b4520,CHAIN
1753552871,3464212,b2f1db56f52797230ac50104cae533d99970181ae5d457284abf55ab7a38d8e7,CHAIN
1753552543,3464207,476234539273db0410ad8036f90375d39582824f47406dda5d29ff88d0821ff5,CHAIN
1753552071,3464200,3dba78fcfb3c95a1dc2a5cd199023ddfafb83740dd91bebf2cea59981f2f39c5,CHAIN
1753552039,3464199,1e917612b2252dfa12468f1bc3a528bf8308e8d5eeedb5c7ce32b6eadfbc0576,CHAIN
1753550951,3464189,1095c8dc3c83f518e00f8a92c6ee9725f2fb92ed6c860ac1e28c57d2dcde905c,CHAIN
1753550223,3464178,f67409eafc1268ff665cf7ee5f8acd19ecea45af345f4ffcb60debbd589b1c3a,CHAIN
1753549623,3464175,67832a100c3d02783011ba0a8c4d3b034ceeea429f42dabb707b18e2236f9ba4,CHAIN
1753548615,3464164,c68c258b95ebda6e3d5e466df805d007a326565e70f9634ccd393c7a46b2a7a7,CHAIN
1753548423,3464161,90072966ecd36b05ff60d75edec628e2420bb82231f30e84b63c5aa09d3595a3,CHAIN
1753548407,3464160,311eb827ce53330d9b95aa1ea79cf608ed19f835fa3d86779414f73a72719f38,CHAIN
1753548238,3464157,d17de920463eae3cb33c3e01a609a5825acff75ab36468ccf51dcde0a991f948,CHAIN
1753548046,3464155,4febab6fd525bb9258d99e5b2aa7d374726af2e516b753a3dd368ec2b87d9783,CHAIN
1753546862,3464147,73eed75b30c55bdc636cac1be9f638f6054dd472c2406ad35ecb5e6297ab0ab1,CHAIN
1753546814,3464146,7557c9d256449d9a74ebeb93d5cf8a6c29d36535278326e07ea40dcd20cc6229,CHAIN
1753544382,3464128,6bdbf345a4da0be5b75f49875c2b44c4e83dcf66c4259a2613e1555b19f75e57,CHAIN
1753544150,3464127,d1c44ffe38c2dee195c7b0e5546ce9ccfee88d17c51db5a2ff4f5225284e6dec,CHAIN
1753543798,3464124,b791f8443fd3e5cf61d64b4769f9ee6a166d5c8b1fac332b46539e32b91387cc,CHAIN
1753543702,3464122,59cb39d5e1d56ca3e4df93004ccf20652e7fdd17a48900eb7a2de4813da49a51,CHAIN
1753543358,3464116,40ccd6827e3abbe3d8f2711d483df518313f239f16ee216ae87af1e678080bb3,CHAIN
1753542918,3464111,eb90355af82c49204af5a67fb40c7a89590c6f02a0d6fe245cc7c768afded6ad,CHAIN
1753542173,3464100,286f532f1367a63abbcd71e76ef53312686e189895b35d73bbdf3311d95acc53,CHAIN
1753541989,3464097,ea68a8dfc1860f95278ce218798a1d9624edeb9abf7b2f1447d2e30522028ea7,CHAIN
1753541805,3464095,d53007593d15e3a786b64fd3a2af7ba0b636496864c8ede674c3803b6ccda6a9,CHAIN
1753541757,3464094,6958c67f34dd66ce55fb97e74da07b470dd0f561f1a0330514c2406189c1a0a1,CHAIN
1753541749,3464093,a3593a97a820b1c515d944dc3e46a354f88837e28e42ba8f7b1b177016c5e133,CHAIN
1753541533,3464091,cfcf84d0add581836734476db67b1b7488a93a48a3112c3b2c85d6b6e9c57dea,CHAIN
1753541445,3464090,b71ce1ed85e9155669e8351b22f078346c3d37a673e836c3ad215e298955cbb8,CHAIN
1753541341,3464089,7421f097bc1d8a49723464f17d5c8d8095b48b34c59db80517735935aa9a5c53,CHAIN
1753540917,3464083,7c0c419a8f5e0ae73aa18e74b50cb87e6109c585516370b96839c21bd5d0132c,CHAIN
1753540165,3464077,062d0c0ef572b97ce588a647ecdf7072ce9c1f46028b2c3e586d7d506e0b473f,CHAIN
1753540069,3464075,fe8773bdc7521cf34cd83a741cfb2a00b829a9bdebe7dc237eb575918a69d881,CHAIN
1753539973,3464074,2c33bcd459e012dba128649e5b37e9c95470b5f5a5e9a71873e5da16401dbe4c,CHAIN
1753539925,3464073,c8bd65e8f0b305035fad3ca2c9b08a91f931ead40edaaef845a9daf3c491d583,CHAIN
1753539485,3464069,fb0a713ea2f6c8ee6e7bdab27a62461452079b0257af8cd0e11715c60955b0dd,CHAIN
1753539389,3464068,339235bead8af8dad65691a49b151ff0d4cdf0a093f810fdff7ef04210aa058b,CHAIN
1753539317,3464067,781f8d5b10d1fe55be7bdbc6a260d8e3e0651dee0111217dbd3f9aefbc4f4e71,CHAIN
1753539309,3464066,3968551d2fd5110d76ebb04a2a25f9c0e988e61dca4cd21c5b0b18aca82ebdd1,CHAIN
1753538629,3464060,5976a9e4d877d92e90dee77ef3bc9d7f358edc0c7d0ceefc7053d4a21ece013f,CHAIN
1753536572,3464040,2a5c6c6235847fc3f435bf56d0cf1b66916e8d7e5328cf888c1a5a3c43901ae8,CHAIN
1753535980,3464034,612a0214bb11cd2495ce021c360959fb0e9cec3a0d4bcba22b2cac7721b42661,CHAIN
1753535036,3464026,5172f5dde26894aa682c8df3db6836d2584cecdfb01cb84b499299b88033537d,CHAIN
1753534836,3464023,e6a26724882184d097ef4d0a9f417652c965cbfa701bbbfb8bb1b69d7d855177,CHAIN
1753533284,3464012,f0c96ef07c08b1d4ceca7c92e88d102e18838be3929949cc3058194ce1de638b,CHAIN
1753532315,3464007,933c1424ecc39e221c1704f83d10e65a9e3f5b12e300a45bc08ebfdde42f456c,CHAIN
1753532307,3464006,82e416cbe00660ad2c73f35e840d28478650d752ee93e32d6dcda47b8026b734,CHAIN
1753532203,3464005,1c141ce29b7dbaa046b788804e27427a572098b17b6ee92add8349b609956ccf,CHAIN
1753528858,3463976,e6a0aaff2fbeb81665ca8a22ed9b572c5cb5694f0af3f585fbebf6124a78fe8d,CHAIN
1753527441,3463970,5b6ddabf793fa28a7bbd89b680c0e0f9617b8bc9e43d7c7bf8eb87f8765b7e8a,CHAIN
1753527137,3463968,a4555df74defa9ea987c4f2457f74cf9ed4229e2a136564018993a87154f4397,CHAIN
1753523663,3463943,8a1b4d249e469abfc098a5ff524676465b02ed8d1845e49287d8225e95dd8941,CHAIN
1753521806,3463927,773f7cf278bbd531d1190d99412c797fc3d866a21e91264cc6bf1e7588587caf,CHAIN
1753521694,3463924,ea6d1524b193e1f05b441c8014e77dc7cff77d910b5d6725e0fd2b88e5fd1713,CHAIN
1753521318,3463916,1cc057ad0e3856e9e226553bbc0d3c44a5511b20e26b02358bb18ca94e8d922a,CHAIN
1753519949,3463902,a061d536d3ea77c711491ac857734752e873b984b87ef40f457139e8229d3259,CHAIN
1753519621,3463898,13812d3779ce40704b9327bd596db31dc0f0c4407365b83f682ef2115bd284e6,CHAIN
1753519477,3463896,ea8763fe01df4f094d8cba51ce37970ad143bddc616cd8328537c45b0cc1877d,CHAIN
1753517956,3463879,c79f7e075ef50440490daeaeac9c8b38bb2db8189f0fa74cdc8a54ca5dd2e30d,CHAIN
1753514411,3463841,e428e054e4b339109c468d9454957bbd789f207654528b7751a00001eea6c480,CHAIN
1753512722,3463823,5399ccd44889064ab2528ea655b02c8de17d10282245b77e304737c83c372eec,CHAIN
1753508648,3463800,1384c6312b5597f7a8d9fa85e6b0fadc24d94f63c3eac1958b57cb95bd5da76c,CHAIN
1753508488,3463797,1f4fda54feb1d6cf5d6d2aeaab4b9a58aef70f50e7880c3808cc925624179e37,CHAIN
1753506823,3463778,b39fe26a85863eb5315b558f2ebfe92b605972fc476d8b357308f621a9012be2,CHAIN
1753502757,3463745,5f090022c278c662df0401c837814ceaf43a43fc95abbf6d52e0d2c756573ef3,CHAIN
1753502445,3463740,ee8dcdae227d0303c73d175f2f171b007af8ea6bac997b1f9ad875f8cd866309,CHAIN
1753501420,3463730,794ba944be8d6a373c110a26b89f535e27035b7214a40c53041c5b91a673d989,CHAIN
1753501148,3463726,3a2fa900b8e2c6fa07de08926632806caddbe4a8b165f6800a600879318a4234,CHAIN
1753498739,3463704,44e46a791fa46fc566d192ef27768cdd5fd79e909d744456f632e595fba2a568,CHAIN
1753497426,3463690,0a3f3184b60631821f6348e032367ae71591ea8aa44db7b5d80008672e2b9939,CHAIN
1753494873,3463664,6f3abab62b99b3e5a2ffca3a1ec99598e6eb5e1550ff2f606c50ba3e89c0a6f1,CHAIN
1753492864,3463646,c8bc5e2b82459da8f5b3861f9c148104932893a624d116283a8d404944ec9e21,CHAIN
1753491199,3463634,b61d7096c3e95d935777cd48db9dd000aefa8f29d1a5a876f76060275252a838,CHAIN
1753489582,3463625,88350ace3c09cab0ea585f85a094c828780260de77f6dbbc4f81a67f90afbc6c,CHAIN
1753487437,3463608,7d1a860958c6794a09df0cc9d39415f85f8735e50640ff0967f37c9ccee21140,CHAIN
1753485676,3463592,7ac8d9bc6c998db3b3c03fa2c0db9d3cb5f40ac2e341ea16638a19006b69ebab,CHAIN
1753485172,3463588,defce2fb9e386ccc0af55eb96f92efb9f3e0ebc6c8ea3009400c17077df9cbff,CHAIN
1753485028,3463587,057752c207188676e803772e7152b5892b95c5df092f1fc49c6f8280b7c9290a,CHAIN
1753484908,3463586,63de7050730946d91f53c40d173f106736ba9ed90985a1cd26529164d47a4d0e,CHAIN
1753483803,3463580,ce2ecfdc040353464755a0c27d50b6ef21a66725bf3dc85b9e5581608c312304,CHAIN
1753483683,3463579,c60e5763e5063a803ab32f3d653537beff4368eb4bc6ae111dee520ef6aa2084,CHAIN
1753483339,3463572,c3d426f78de4dc1d1ceb855483170ec99521e8ae5d833928ba57cbbb18adf2c4,CHAIN
1753481298,3463552,a34476074ed11b049324023f881925bb7e3c8ad5d14bde10ac1029b97ca56cbf,CHAIN
1753481218,3463550,79bbd57051935f043f03b78e84bc9e3062c0c2f8f9619470a3305ccb7cd9b3f4,CHAIN
1753481202,3463549,1dac1d79ac41c546379066a550ab809f64841abafb990f81b26c8820b7d0922c,CHAIN
1753479993,3463539,941574212c95cd36678ba0907428ec271a8fce9a35ff0d547343913467de57a9,CHAIN
1753479201,3463530,76ce6fd94b724c2732e52ad5995499866bd9ed088aca3d1eb39e19d3c8b15362,CHAIN
1753477912,3463521,071867da0936575ff3b7738da452eb63e1c83a5bfeeba5380ba727531c819827,CHAIN
1753477560,3463518,54c96b7d2c59b848f836a97408f6b69e2723e8aabd4fac3e11d8e67f0396a05f,CHAIN
1753476071,3463505,878e74193df9ac2e1684b181482710b539caa26af2cae67a608e4da7fb96a468,CHAIN
1753476007,3463504,be27e8eca528b0fd1a53d33957deb8d77ba0992cdf622aee3a225ea0a7c5b93f,CHAIN
1753475855,3463501,da4726b601aa17229f129944984019e976078e5c8e44a83baad8ff6cfc124d17,CHAIN
1753475791,3463500,3a8274c595da6941953c00efcfc38a119be6012ee11478278033c835dd33ebb6,CHAIN
1753475583,3463498,feda4467901e4a3e53a51c5f73357219ea8cbfd833772a7f666bc8910430b77c,CHAIN
1753475263,3463496,21c30ea75a321cd112a37f1b71a039313562cb3740ad64dec9fba75ad2f42ac1,CHAIN
1753474150,3463488,20ca2e14237d0c703eb1d0dc7a406652d0e4986e1f9651e5db8e86a7d0abfbdb,CHAIN
1753473862,3463487,1c30c09df4abe5da849c3710b76062aaa554f22336ebe7fc40470610263a44df,CHAIN
1753473534,3463482,655abe6cad7610d6a190b92fae23bdad5b6d793ebbc932578fd02f0ba22c533a,CHAIN
1753471277,3463469,9fdf4ec99223bdbdd9b2ff8b4542d09082ab8275b8fcffaa358eae4937d649fd,CHAIN
1753470517,3463464,f1b03d7b233c7a82ef449a93ded04434020081b2f0f40308e21b6f2a00e298cb,CHAIN
1753470085,3463458,8e3ffd001fe2614a673a715b861d57b43e3b2a3e3978c551a7e9daffc7e2c8e6,CHAIN
1753469981,3463457,8388ef57130882256b5a2f352c9158f1c9e936790dd3dfee2804a1353f8985bc,CHAIN
1753469885,3463454,28f47c011aa91d520624aa8576331be34bd1ade6dfaf5bb8062f9ab6b3e97ca5,CHAIN
1753469645,3463453,706a5453ba424768d50a7c5bd8e8616791adc60a9a6295874d7fc6cf11b78828,CHAIN
1753468068,3463442,30f5e2b9930e4e8cb330048dae9dd110cbb16fb9872c6de0e561cd991afa9d91,CHAIN
1753467884,3463441,568b83c679c7cb611bb8ad4c54fe3c996cc3fc458bf686012e5bebf01baa2e61,CHAIN
1753467740,3463440,048c802e2fb0b0091b7a168448116098bfb0fb4a57c99551b75980d6e067ba87,CHAIN
1753467540,3463438,b6beecba25ead489c9248e178cd2893b0e3eff7789263d5f184cccd9bd451fe6,CHAIN
1753466307,3463428,00618724e0fcc419df5ee698b169159ac9ec588754dc14c1ea679198a00bf9b6,CHAIN
1753466235,3463427,426cb2897a82b13f1b7ddafb46cc1a720421346bc77cc81a313509a984bedb5c,CHAIN
1753466067,3463425,e76023dc2ca86b051954dd8f488def81e525e3813588f2b1fb0accf3ce7dadeb,CHAIN
1753465915,3463422,cbe8134287dd245d245a1aa8e540276e8e46d41dfe62e53213742ffa7460fd12,CHAIN
1753465891,3463421,0fcf60a2e063b2771e25a2a308737bd232bdad7dcacb2837c65f8c77d3c2f618,CHAIN
1753465643,3463418,f58beeba4d2f29cd9dedbaf574213c11f0062000b1b5615915e1b5c57840a3f6,CHAIN
1753463994,3463407,99a1cd9e0e545d159b8c39231f1c8490159d5e94f43ccde2765cb5f032eaf995,CHAIN
1753462281,3463392,9e4b2203624ddfb1272cde5765dc6adc1e60ce3620377513e83c04a201945c64,CHAIN
1753462097,3463389,56f2a033da338e9372e90bc6936f8786746a47a3d6787cb00201279cb3444d03,CHAIN
1753461737,3463385,5764668de6cc521c7b46631bdb8e12afce877b024e6f3af876a76849434c349e,CHAIN
1753458671,3463359,f1d428a36da45f3f327a5135c0a7b4f29ff4384be90ff8476e73b101102eda74,CHAIN
1753458223,3463355,2a0e72be8e723b6249edec6c062e9ad0c819aed133e4c05fdc4d5d2696a2453b,CHAIN
1753456046,3463341,55f6430281256e322acc914cd337f15d01b4f35285fd6412d06424a35d44b52f,CHAIN
1753454677,3463329,792171f727572220878657d9f62bf81902fc01b0f9ac7627ffcd62208615f681,CHAIN
1753454101,3463328,3d36a6e8a457b2d4c9e71b3b0697d311e982fa9b58cf8bba31dd7069290b1e00,CHAIN
1753452572,3463315,f9d1836b772eee706702e1e4d918c4647cf5a5ce65dac5423965e0dccc74d33c,CHAIN
1753450627,3463295,994e308884d12b145547feb01085c60a34a921155b76fba468359e7ced0642f7,CHAIN
1753448370,3463281,5519c38cfe55bf7294da60903d539f66414687e56e415e85a57b344d5becc292,CHAIN
1753446473,3463265,a41d7fb69221c53a39456251c8204c2895ae63c2e11b8b21bc05ad756afd1cb9,CHAIN
1753446057,3463263,55934592da04da0c20aa34a434babe712b13200f438ceab6dca219b61576fb3e,CHAIN
1753444704,3463250,97933a78146edca878ab725a5996bc1b45cf01952e2272fd1d9bca6a7c4f6e59,CHAIN
1753442847,3463237,06fb0d89daa5d391781e78f507b812d704543c8a1c29a33f2daaff4c82c2d1b5,CHAIN
1753442535,3463233,6a89373bca92b3234fa4cbf8700d9e033ca90e68aa90da1cdf328b99b6171fab,CHAIN
1753442271,3463231,8f349040a53aec1097f1486c8b6cd82d381a6ebece20079810d3dc6abf6b7b7c,CHAIN
1753441078,3463213,bdc8eb1f6c5c7905339f8aca89e9673fc332be0868348b3dc19dae2176e86d73,CHAIN
1753440870,3463210,26469bc1f4bb3534bf8011850ce76f54a086138698a2bb17d9e92e02e15d525a,CHAIN
1753440286,3463206,5531683de604f2117b4eee567d637450e47b037d137e1a96218472bfa17da9d8,CHAIN
1753440214,3463205,b8946a0ee0de4ab7f1512af9bbad279e21c10a1e5aefed398a29c7268751719c,CHAIN
1753438693,3463185,a1be71bc2fe185fdef9f048a0dd3fb1e0021d9ad1cb1a70910e626defb0e5bcb,CHAIN
1753438629,3463184,4dd88eb6873e39c49da1fc90925db9057b172211d727aabe2804d5f2713cce30,CHAIN
1753438461,3463183,0bc0a0bb65a5f1c10a76eac11ca3f343c923061fefa55bf65a1e8139e63ce89f,CHAIN
1753438373,3463181,2889e4e6f2cb9936f38a5495dfc75cd152f965da37488d79bc1128d54b7c77ba,CHAIN
1753437156,3463166,8496119805857516bceea6307a1f4dd66bb2859f02973ec6b80545df88ae35fa,CHAIN
1753436716,3463163,491ba5b6c732927c9ebfb13de9717567b79ef483f6ba8538f8eed7aa9fe3d6f2,CHAIN
1753435259,3463151,6b3e7f868201422dbfaf4a5dbafa9113109edb5a60f47d6f18ac3219dda1e626,CHAIN
1753435099,3463149,afb13516c16c19377fb943317ec33167ffda79030b3f968728ee2ca291d91d2e,CHAIN
1753434579,3463146,417ef7f8a976e25242784921c8eb1c8a074d353b44069cf76d73e486b7f30958,CHAIN
1753432938,3463134,2287391a7c5bf6077010394a660f99b07414c6fa9bdb18753e8670b940541c00,CHAIN
1753432906,3463133,f4e39c0b53378598d7824ca4d0303b73c503373672c0a8d1b4ab4f544bb17d09,CHAIN
1753432746,3463129,b6197e084f885d208158e07c0ffbe28bda98192b8eaf6f37cdd45b04031ba86b,CHAIN
1753431345,3463116,88ee8b68be38e385015048e0d17ca6983e18005a1ee9d9b2fe87293a08ba8491,CHAIN
1753431289,3463115,2e5eef4742e60d720c31545015f240c45dfbe2bf1bd5f8b33249f3f6fcc8145b,CHAIN
1753430777,3463111,3e4b527cf1d259ac824b102132d382dfa50ff4bb392a6634d477008608e996e2,CHAIN
1753428880,3463091,b591b98dea6d5a6c81060440eb24f68ad8a6c8c7cddbce7c4ac910dbb1d0436d,CHAIN
1753428848,3463090,fb9fa8b8b6180f3dd8c5d6fb79ee29e44aa1bc61f145b3a238c62af983dd8a20,CHAIN
1753428640,3463088,5952bb1107f09fc31893c413d2730eb6fdca033e8fbaaf93e28917475412580f,CHAIN
1753427367,3463072,3f80c142ada3734bf930d707bb04394ebb7f75b97c2c15f4fa42336ffc09f345,CHAIN
1753426735,3463064,fa4587d3b8b97a8779e371fce61c2c565c5dc7726a0a8b148a49d4e6bd17a84a,CHAIN
1753424758,3463053,c763da2f5caed4fa4e7ea15c0f11c07fa766b35cede445d5dd25293895e34519,CHAIN
1753423557,3463042,e2684d129114dceb263d712ff234744daca000cfb200e5bbb3704ba906e9282f,CHAIN
1753423077,3463039,a0f8e7b324b0b2adb4a1a8207f77ed62c64690f9d4e5e9bbc95c5db176cefc21,CHAIN
1753422981,3463037,0ae167cf90a8e46c80cf9687dfc96b2fad9609efe7927a08d631f0394aa885aa,CHAIN
1753421332,3463025,3e3fb6f4e05d30ba32b99caa33dd4beee5fe5a983a8a2302c0c0d84d21afa0ab,CHAIN
1753421276,3463024,1847f6ee1fb4007c29949e6cfd4e40650a3ce78d0a6a7b37aa6d3cecf55c287f,CHAIN
1753420988,3463020,3e3cdf9588ac696cc337c5db534c5c39eef8a12892daa17d36bd685170104a7a,CHAIN
1753419731,3463013,65659c9a5362aeac5680e23b8be82d2264db8c171bb0c6b523330860ed1e52e5,CHAIN
1753419659,3463012,508f514b39297529a87005251fa28c06dc0600ad6fdf34615dd25082d650ff0d,CHAIN
1753419579,3463011,5cd2c14d709181954724ab260b47943266e09a2419a0c7fd9feeaf8b43a540bd,CHAIN
1753419475,3463010,a4827fe92326cde1afda188e1cd21a0af4831c3ac9e48f61315df1edad623ca1,CHAIN
1753419027,3463006,15d0dcb5b0479ce7885d9320f5d058108c0a3dcab349f42351132e0866bca1bf,CHAIN
1753417122,3462980,9a69618125941f5305ea07bef820c329cfed5fc950a39386d0f2874ca03554cd,CHAIN
1753415961,3462973,7428f23377a51f2ffec663e6a1004947fa14e80221c4269f4a8ea510da4c2653,CHAIN
1753415937,3462971,7e40eee7be6143ffc3eb134cfdaf697bf0362a1e78b34b206af31d4cbc953e61,CHAIN
1753415457,3462967,f0cb1ac436459f7dea0bf34ca0ee8f1f82963674dcdeaed66ebfb83f4e9dfa3e,CHAIN
1753415113,3462960,238fd424065d80359ef8c8ec77da2a06093bb0715b2c2f220de387ee7fecd9f7,CHAIN
1753415041,3462959,b73757f15313716358aadb615467d3e411947c34f142c1794ca79f11be7a216e,CHAIN
1753411951,3462933,ad297c1b56b3ef6191774720210ef3f6ff53bb11c177e4b3134a14d9dff33288,CHAIN
1753411903,3462931,f8d7cb5ab78b1ee4be8f13ac09b85c35855f873cb438b994a0c098df3242af5f,CHAIN
1753411415,3462928,7ada330d7a0db947f972e963588938b3790ded1c0cbcbee4069375ac2b08a196,CHAIN
1753411335,3462927,b32a801b06ae2dad3af29122ebbef10b2861ab36dc757f248e7d5f798fda0cae,CHAIN
1753411327,3462926,fbb7dcdf4fbb280d835998e5e12d035425354cfc2780b65088b60f9782d2de14,CHAIN
1753410118,3462913,bd9af75452712df1a66d50fc37bdd969bba074ac09113cb9f2a041838989bc6e,CHAIN
1753409814,3462911,079ed9e1cb5fe7ee74d346992d4b549f7a8b66d36d52a1c3b162d54da4a62775,CHAIN
1753406108,3462891,9463cb0a8b1035bddf5b0177b0c9b89951d530322ef5b6b08ef5be090d42b167,CHAIN
1753405796,3462889,ba827195ef04c20a29de511345791e327def66a235c5a8ccef1d3fe0224c5c62,CHAIN
1753405740,3462888,9554244618d339455d665245fe9932ab69b18157f5bf882a2a1eee9a60a21386,CHAIN
1753405684,3462887,c7806cb47be700cf0b85717b89dbedc94565265907118c4dba2a4990466abe9c,CHAIN
1753405548,3462886,f09ee2da7c42e6b3b684f12762d12b5f6760b009a5a4ba9647f347bdb2ffe307,CHAIN
1753403987,3462875,96e12c4fc91d5ec280de4ee5310631e2466fd12a38d207d1bf2b1114d7b397be,CHAIN
1753403251,3462869,4040032a28e1dcdef530f45586fe4cf3f5d05445195c1bd5333b5804f4cf2eb9,CHAIN
1753401810,3462860,73d48bce89be27feefa21959f661e483c5d54769b6b4e5d96c4fa01b4752aaf0,CHAIN
1753401425,3462858,52e73713617e7e829252499235361cb4645a76827c56e0c531d2cc27e3c61038,CHAIN
1753401121,3462857,b34134682c13589fd164fb5e14e2c8859d7e6871737ec804a01d2b1799a2810b,CHAIN
1753401001,3462855,942c15dc5ac7abb16761155c2e5bb92bc67c292afebbeee3376703998c961085,CHAIN
1753399568,3462849,6bb889dd81d4e75876c7dfa3d3635afa842f6b71000391361454eb072894a08c,CHAIN
1753398864,3462845,2026134b60943f59772d80807d5c67e0358d10596779be61a7e70bf449de9b68,CHAIN
1753397575,3462833,c7040a12849ab13ef25508b81bde9b04a4636ef2cd0d4eca2c956f55984c2f19,CHAIN
1753397103,3462830,bdbcd33dad11dbf9df7b0abaad0484b085df785dcb941ef5d375bcb0e53f3511,CHAIN
1753397039,3462829,83a6e958a76287cf59fe2de9915766b6f8979273987eee414ad20e857656ce01,CHAIN
1753396911,3462827,fa83c0570b7e731b066537a4b65cc6c347106d864754e13893bdfc12f6e33c51,CHAIN
1753394990,3462816,747d825a9d4499f2de29436b78ea3a1070085fcf62318cc94e175d802aa10e7b,CHAIN
1753391404,3462785,783f62ae2a3a2cdd03557d12be9bf5c5c53ad20fa5401e5746b59f9e038690ff,CHAIN
1753390396,3462780,834eb237a7b69ed248a4510e8981160cbf7b3549c058d0859a61082350c0adf7,CHAIN
1753389075,3462766,4d5af30ca3c14bf3c564d3e530aeacd7e981a547034f51e54fd69da4fa89ae97,CHAIN
1753389059,3462765,668fdb5984a939d6d1c22f044507e795b6c4170d46fba835624619e21440827b,CHAIN
1753388971,3462764,104988c7e3fe88e1ff7ff5c960d65d1df6baf76aca6ba93888a6fd6e96d70028,CHAIN
1753388891,3462763,bf003c2d2d30b2b197b58fe0acb75f2a87eab0eb9121b74a3a665acf619082f2,CHAIN
1753388603,3462761,430e870c301e572f929f296e1423d00a161478c1925c51a9c09682a9f669f524,CHAIN
1753388547,3462760,dc9d620b862f457e9e67c9b0c8cbc5e303bfcd0155d15786b46c9f63bdf722ab,CHAIN
1753388427,3462757,7719b68a7a7951dd360394eb739c90157b6888640f027a65eca0ad0986b12b94,CHAIN
1753388163,3462755,1858e5396677a27157b708768b118204ede7d8931ecbb6e820d8c87f9f13e493,CHAIN
1753387074,3462746,80f26e3516ba9f796ce5af3b5931d157564e299b2a9a0a5f65cfc502af799e0b,CHAIN
1753385009,3462732,235f9db9caf63a7f7905d660d972f2b810c62be6ad1328a78e5b246c3e001184,CHAIN
1753384737,3462729,48ee4fb500b6aade1759c5d16e9028c0890227ff5087790a2465a3f4801f2bc2,CHAIN
1753384497,3462726,fb186f6e1d5c3ff2efa76bea11bdac86c8bc93231d68fa5be5b2cb048ae7a925,CHAIN
1753382072,3462712,f9b0f258189825823986d804c205f112c4ad6e70e0f451eace90b2e787d82a09,CHAIN
1753378165,3462687,e8af11d2276aa0d27c8995421c9eef00f6351174cf9bf302dfd0b5034e97577a,CHAIN
1753377957,3462684,91987f154669f16ad8131a786dd309e1be7a14068ae6f6e1b3f3cf7592f40249,CHAIN
1753376364,3462670,4f7ce124d920299bef5e0f10dea3d16aacbc72d80093b05fcc42ab857dc49443,CHAIN
1753376316,3462668,d30c3f663d5b0bd0cf023631523f2c6c996ae349c4f676fb87ac72dfdb79c63f,CHAIN
1753375924,3462662,4db79c71b7b3a3f43b9964a6a620ccf0e39507d276b765bf1b2bfebba0dba620,CHAIN
1753375900,3462661,1844dfa995dd909a1744d804a1f59e0906ac980ec482b75b967ac80aba44374b,CHAIN
1753375868,3462660,21382362dfd974d58c66463e207c79b393caa3bd12a382ff4062f33e136ce086,CHAIN
1753373755,3462646,0869e40bebfd31d634bee35e848ce4f7b255d86b1dd859c64e1a2dab914c0fcd,CHAIN
1753372226,3462636,4e99ee1a80a25dbc2310bd23aa9ebd4bda4033f64eefb3156b9e7576eb1e93d9,CHAIN
1753370473,3462619,e0bc6e30897675638f6bbc6cc72ca728713ca620909ed13902f7ddfe190b0c6a,CHAIN
1753370257,3462616,ef5a2d098f858ab5a6e1d5c00617aa113bb7def6817589ec853d4b55ba576df1,CHAIN
1753366575,3462590,ab2f6e25f92861b45c6f02ffc8683168c657f23ba83a0966fa027c3ed9d33e9e,CHAIN
1753366567,3462589,fae9847cac600d1012390f2337652c53c41d26f58514b04106be2de3f8ca9ffe,CHAIN
1753366415,3462588,61da628a4d8efd65b96d562523409e847d4f03f3aa2e7e7d9ee262a49cb6d6f3,CHAIN
1753365791,3462585,e371acd409754091641f4d5feb4130bd4de7f81eb5d7034c3c3fe29b66a477a2,CHAIN
1753364134,3462575,a6d0a02e9ad01c55463a8fd225c0e121527a511ad47bb4eee8b459a2c381ebcb,CHAIN
1753363918,3462574,3841b5a6e33cefe3f8ea4346fc62a909be4c8e181c12f0e145e984071e9782e0,CHAIN
1753363782,3462573,c882a3a616868f0bfcf19adcf3a887dca47dc19e4be59eed761b339a6c6300c0,CHAIN
1753362501,3462556,4c8f423396533342b1b16ffc518e48d00d56df7245a6d8f690d68669428a3008,CHAIN
1753362445,3462554,68381aeb970f9a4217bd897ce2f9921f696333d0d9260434490af1254d406963,CHAIN
1753362357,3462553,2abf584e58313b5562589f67ab11a128790436a2b3480f08ababe0e642a98d1b,CHAIN
1753361813,3462548,7f65a8466bc1eda837e5765679e81ef80c4346e8367f475d9eb97f2f474df6ae,CHAIN
1753360276,3462536,8aaa44950bd90ef8b9ee0c924e2e7840aac35740803a38e4cc5d5e854b6327ed,CHAIN
1753359980,3462532,ee4f36782023534f81be1362e10e0fa23feb3870cf79d796f3627de88281ec34,CHAIN
1753358403,3462517,29083dcb48f3ff9364350a37cc5b578c55d5ec35d266c4374ab9ea5c0e6c9246,CHAIN
1753356369,3462499,31ead56ee9b0d630dac89ce14346601da22962bcbed426a6a90341f4c81338ef,CHAIN
1753354432,3462486,c9d91d206939b43ae4541b1975a1865445cae2c5239897c03aa215aaed046dd2,CHAIN
1753351806,3462470,2c7bb10be4239c2158e0234479cd6790f43c5471bb991b957ea8440f2c8161a4,CHAIN
1753347684,3462441,805287fb957feca1c7a2fe93221d257f81e669376c6deacd2d3378d8d9fffcae,CHAIN
1753345555,3462425,7ae2400e996a78c9ceaec4a2938f9909ecf189e2e3bd8412da7a9eae653d65c7,CHAIN
1753343946,3462412,2c88e841f15c1b3e447a2743887bfec3345e8653fe769e7f4dfc95a0ad677f1e,CHAIN
1753339759,3462379,fcbe512465eebc905f32333b99969285a39feb8a9346dfa0d74d03567bbca67b,CHAIN
1753335686,3462345,d81a304be1941a23c335c0646a5bd4cc33d6e2cd054eeaf4d6edecacdb1c9223,CHAIN
1753335150,3462340,b937af9e44a5ce6dba0e460c096ff637b8b85d72e70ff7bfab652153cfe2f9a6,CHAIN
1753333837,3462330,1654278c39aea0798ee057bd7b62e430d93032627f789a7d8577581c94426b6a,CHAIN
1753333613,3462327,1fa393f86905db3d43b4cf9747870f0bd067b15a793e6273d3071a4de1e0115e,CHAIN
1753333221,3462321,c4ee748699194b2df9478aec71ed84166d016a59d10fc4b6af82176b5f8e2ce2,CHAIN
1753330996,3462307,c59236f1316c4a389b9f66440eb03381842b87724f6dbcd6222b40121419c2cf,CHAIN
1753329611,3462294,43d53cc12247e16d69e6bbc5c8ceb7d75e85a4e0591801dce8b22e5d2e97eddb,CHAIN
1753329275,3462293,9ba908cb5ebcaed3c7dabec897feb60a36d372409984bca656a00ebc1916caed,CHAIN
1753328979,3462289,941feff810bef22d13a51adf177d1527907102ba93d9e2758f4cf461ceaf4ee8,CHAIN
1753327514,3462277,789dae23aebb4f9d6de25809add0671ed5ae870100d200f05d0a5b3267e8e7b8,CHAIN
1753327306,3462275,6d3c622c6fbc064129df56f21f0933503111e400273a4a9992467036660fefa0,CHAIN
1753327234,3462273,94c2275d8a2f4d75c28718c4ad2047c857a7993ac773e42ac85b69f1bf65e946,CHAIN
1753325417,3462259,a9c0338bda2a453651bfd234e213a0b0fc9fa6ebee43a7118432c19af900fa7f,CHAIN
1753323007,3462237,5da7f12e33081e6253e82c2d8b798aeff7c6df97481ce9f12f98cc871b3848cf,CHAIN
1753321014,3462225,06454606eee4ddb2fa2eff7ce6ed35c05f471630b5051761f20f8219eebecd7c,CHAIN
1753320894,3462223,40eb65f8023b7c9480fe3311525cfc6ebd88dbc31633bc9e10203b54e081b409,CHAIN
1753315403,3462189,b8a0f2f2a0d2996e352799417b01f3c3528672e7afe9b840f9b63d32f433f7a3,CHAIN
1753315275,3462186,23bb6099824ca3de9d03723ecba2d86478ca23412095410ec56c0562dc62b2a8,CHAIN
1753311233,3462152,e5d139998e6397c98bc5ba7867d4c88112f09337e3f084c86baa3b0ceac1c7d3,CHAIN
1753310913,3462148,fb543d41e68a8df20ee77205e9292fa5e2d1253501e826411b425682533233bf,CHAIN
1753308568,3462127,212e4b715a6bb683719fce5f20a6b2103dbfa5215732aa6e97721177e183c99a,CHAIN
1753308424,3462125,a3d2e02c5d08641123939d6bdc11df74e21d2bc4d433179adadeb3c9c6d99e0e,CHAIN
1753307015,3462115,75c04ca7ec57f2d3d2ef5fc8267d9675c2528a7eee769b03d623afb616122de1,CHAIN
1753306286,3462114,2108cdda32de55ccab699249aaa9f9879e09a32dffc37171a4a79e7d4dfeb021,CHAIN
1753306278,3462113,4b8026deda6ed62eafeb1c120f1bb65ce4e137f2d3fe63dfdf22aa73ba3fd09e,CHAIN
1753306078,3462112,91acf9344ff0fc18f44c752606296ff16ae3948190d3d07943c9dbcf068125ab,CHAIN
1753304301,3462097,e7e517140dc53070ea3c25c14373c4a7cdd15d10af3c08b53e343fcc95920cb0,CHAIN
1753302852,3462084,ba4857df050485c798b7b3d7002e572fb5ece54b1c55a0828ee863f3f40827ff,CHAIN
1753302412,3462078,bd489fbb12987aacf7954ee3d751e0060d3b8d6f4603dd217cb602197dc4082e,CHAIN
1753300187,3462061,e470f3ab73c2532ad9be13405d5a8f02dcda6ae89cbdfa70ae9478a62130cb25,CHAIN
1753298626,3462045,ffbcd79aec4d8e3b2d3c33cc2bb2581bddb5d70bb2d302e42f4208920b486507,CHAIN
1753297930,3462040,fd86bb675aa15e02c8afb95d085421b7ee41b84c0f7763e7d6ed041086cec55c,CHAIN
1753296609,3462030,e8ac53b09665baac6dad4de3787eb4c4d91dcbefe5ed0d7a96c69c4ffe522367,CHAIN
1753296225,3462025,ea093a4748061ccb711c206adfef42dfad2cf6a8eed4ac6c36ca01ffd718b8ac,CHAIN
1753296137,3462024,038bdb7ea671385821bdbcc18a4a7468c6e9f3576041f82ea22f104ac577a08d,CHAIN
1753294624,3462009,f16e5490f9612c30fb2ab8f7baf3a94192cd0093a130220afcf44af389c5ad2e,CHAIN
1753294600,3462008,2e6268a593f25c9683cd4bb00c5211244153b2014a9c20047a1027476cb84042,CHAIN
1753294552,3462007,7350b58a4aaf90fedd48783485490c6ae238cf1ac8868286c63e080b55f86b96,CHAIN
1753294240,3462004,711c478f94482ac64fd732cef87b13d164c21f6f40605df943b9101a77dca0e7,CHAIN
1753294064,3462002,64547a14ffe961660a8241d6b317967bc56c1e94bcc9532bf212d625f6426001,CHAIN
1753291823,3461979,d0d29eb2ede9926f7fbea77491be2978ab94613c9e62100fb9cc45edb33fbb31,CHAIN
1753289894,3461966,6fdb88c8e8b44763d0ce03123970db0dca3fd4fd646819172d8d938577429713,CHAIN
1753289814,3461965,da001ff42e057cfa614bcfd665197c4adbed6c7b04aa5e1c410102cd1d9e2e75,CHAIN
1753289758,3461963,ad13ae9d2f5aacc212ca26fd46b529741c2d8bb74a637aa60e20cdff80bf9816,CHAIN
1753288069,3461954,c1e81a317a0a81a256c24a0a6bbd1a9db8c20681bc307f8b3d0783175fe88ba3,CHAIN
1753288013,3461953,2829358ba4204f4e50e45b06eb9ad699dfd38d07048be4d5ceb82532090d7e3b,CHAIN
1753287452,3461948,f89b51141856601b755c62c7100ccf903ec54541d1e34e9e90997b774c2ba459,CHAIN
1753287356,3461946,dc36717a07325a505c76a4d7b096f83ad3ad08c8864df261374625cff946df1e,CHAIN
1753286163,3461932,6609c232f666a58131044976edba8891deb18e9e073df7687b6c8deb17135e66,CHAIN
1753286099,3461930,db8673f1069c7abb4b59bb259cb23fe3dcbe5f3ca5119883a44a982fbf46dac2,CHAIN
1753286043,3461928,e76232cff0644682ac2e010ef17736ed0281691b0d3d3ade2b406825bf174cd2,CHAIN
1753285611,3461925,9b9129e43d4e22fc032eb51166d901157b4c59f46fa7d0358769c4f358b4dda4,CHAIN
1753283746,3461910,94d027b19087df8a846d17f6a9e9444a31b5c1359c4b1b9947c181717e4c7faf,CHAIN
1753283570,3461908,8709ebdc40b32bb3f99064180dab2f565256710ddb625e92999e50b658cfb3f2,CHAIN
1753283266,3461906,32a31c269e54bfaaa8dd3c5dab458b0c0b15d947a089622cb347c9c613c70060,CHAIN
1753281897,3461898,6088b8009d9864d46e58960254cf70de7db9907c04a25d4111d1f705029177d2,CHAIN
1753281473,3461894,2478cda7a66f455b687c7ce2dcd411a7c0394fab5223205b81e85286563c1745,CHAIN
1753279808,3461880,8a54bc5bc5a4916307f2015563598ad210578a427a5a65fe6f178006c50d0e16,CHAIN
1753279416,3461878,00ebb63b40279dbf4e73e2b29db0bed33137edc3962f3f906274ef740c5e3429,CHAIN
1753277327,3461859,267a45bc238d3f665b7762b686c31d51b029382edb7214110501131e68f457f1,CHAIN
1753274286,3461827,fe32a26a145f076c542eb48d2173e4941a8cd2df42373279294bd6aa32002a52,CHAIN
1753270924,3461802,872ea545c612261588ddd0aa8ae9f15047e94c2414151b88f22514c5d338e88a,CHAIN
1753270860,3461801,d0adcbc4bfad0af689067092812f90ec1ab67824bb824ddc14554c3c8cc943aa,CHAIN
1753270796,3461800,255f1a14cb68a30eac3ecaaea4f7e62b98e90f82912c7f59502418491d3d32ca,CHAIN
1753269603,3461793,e0910a620816783ad01dc877eb8e9148d22700b2df57a6d85b57aa6ef29e5fdc,CHAIN
1753268322,3461780,b312ba0c78a3f33bf9b1db1e033261266f1de5b0fd4bdec135717e806cd56875,CHAIN
1753266802,3461769,69ba629ee886c8d1cb8ff3bdc94dff9d504659b1223902455351440ebaa8e90d,CHAIN
1753265305,3461753,3038929b8c708c1522b42ee4c5069dfc007519fb96f2be3ebc9cd7e0865c21db,CHAIN
1753265201,3461751,25cd2ba4353ac5322986f0a9d0321dfdcc4b8336703704b3ee2ac5d7afd9393c,CHAIN
1753264400,3461743,7ce1e7fe48f09291a11964fd4347942218b9b1a397589d563fe35a63f24074f7,CHAIN
1753261423,3461721,b33aafe27c99201301d7e445c7c792ea2d6fea96889be7805feee5f1f3ce3cb9,CHAIN
1753261223,3461720,fea06f13c0c0ce0180463f7f44801e97485d67eff96545acdf3fa0e0570114b4,CHAIN
1753261135,3461718,f84f50242c7dbf3b9c88b85bee1bbead6f52d34006937ebd2f96d92fc00542c6,CHAIN
1753258741,3461701,753594cba7b9c2f7bd336c7e784c08aa22ff05f0c3fc2e6384b194fd6925856f,CHAIN
1753257652,3461686,4bc6b3bdebe03bbfaaf7edccc9d17ef1f9586ceb2ea427db6ca29e28a2114d89,CHAIN
1753257492,3461683,6f0c27a8d9c9e31d0ca1322c3b48d4331664dd3528b0d06951478d7e2af15718,CHAIN
1753257420,3461681,5068ea6a9684df79116c113c20068f72f400d2e2b55dc7acceb877bb2f16ec10,CHAIN
1753255811,3461671,327bf633bc884b1edcd09930b02de489ca7d5af0d0ec82920b580642cd45fa11,CHAIN
1753254683,3461661,eed798a5e247cd9f7edfc2c06bc03d1489ab770cc02b44b6306e786ba6da2397,CHAIN
1753254459,3461659,75dc73711b93b1e5f115435c5a690aa2bb3769c876e10093798b92b7bc6e2280,CHAIN
1753253490,3461644,868f68ecc30d7e2cf4d9992c57b72ec54f830603f0aa3216bad4e2291761d384,CHAIN
1753252041,3461629,fb43afab9c9be2e6a4b6390b3fddd76f11461492fefb50be16724039c74687d6,ORPHAN
1753249199,3461611,cbc37c9118bda6b8f47cbdcec00f7ca2ca470e17b94727d99f342b6d220e5f5f,CHAIN
1753245453,3461586,8350110aa0ff75c5af631fed8a99d857dc464c3d1cb131e0c1b7b03af4c7f019,CHAIN
1753244885,3461580,6910976d5320a395cb3a70e5b8b29078edc41d25e9e62dd150193dc4c333a9fc,CHAIN
1753244076,3461573,673626476893d88f1f3314c8364b6c83ff2c04d571b357369595d3ee6af51a1f,CHAIN
1753243996,3461571,f83d30e6f13094da9bf82e1416727c5b1c22a92f148ff534caefe01707b837af,CHAIN
1753243652,3461570,b7f26557c53772a3f587f1c89485aa64b815b34bd6f95252caa425d885d9abb6,CHAIN
1753242571,3461563,3abd132ee36758ed2dc7f9ef8f7b979765be77209dffb010c0f9a9e0cc30092a,CHAIN
1753242075,3461559,220d4b16c8b625f8fa35dc3e5f067ec7c086abf63ef174ae797e899d9e29c4d8,CHAIN
1753238176,3461528,c9dfac38e73a24b09d40d317afc9553c39dc4bad626709dbc01dcd62baa83959,CHAIN
1753238168,3461527,5972eacff8cf18e40709be820f9b557a1af205f4ef4f068c63f3f85e91ec2b1b,CHAIN
1753235102,3461505,876f2e9f41b59089a6161fa215c6337190d5137187f0860da08f907b1eb99e1f,CHAIN
1753233910,3461491,095781eceefca530d12a7d0298680f7756b05e04dea59a92e5f33cde312285b2,CHAIN
1753232181,3461472,1ea01cc5fd1014a6e9f851eb3a296030496eff786ad0345589d9ae47a59b1923,CHAIN
1753229651,3461448,148ae8c6b0bb756f69679419001ef4190542de47125094f420a51759fded82b2,CHAIN
1753229531,3461445,6e3784d4a9ed95c539cb5830394aa7da7f55fc35db788f431e1a693aee06289f,CHAIN
1753228650,3461436,228961de46408a766438d9bd929ba5750dce04b534fefc97cc5b39966ba33fe9,CHAIN
1753225576,3461410,1a9fcc68eb62d111145b6461a1e6f8d6be66b67403c499ec15a233ba32d3709e,CHAIN
1753225560,3461409,cbc8da73c85d999b0b1834470c0116b6f355ee91520c15f3598a29f499b8468c,CHAIN
1753225384,3461407,ca88e50245f03bdbfee677b6ee8b4043ad6ac5ff7ad2d709e4d16207cd4c1084,CHAIN
1753223047,3461388,71a1a7da6b5127f76580a865e6fa26c3a774698d7505f0f4d08a9d27907a5fa8,CHAIN
1753222639,3461383,1bb8e5f9d93d70f8da27096d6b6ee0a62294192e29134fa897196c1cee516b67,CHAIN
1753221278,3461371,0f429efe667215e5df94aeaba411c02ba6cef0c0c236799e26f0c59f8b9d851a,CHAIN
1753220085,3461364,882e3607c57c4bd64197719f387b9e70ad371d70029d9fdd980c968104f4ce66,CHAIN
1753220045,3461362,f29a267337407b22982bda03c61916b0bbe9c5494083180c519e2216a5474ada,CHAIN
1753219989,3461361,db0c7fad19ef7e2adb07e69deb5b9fdc97dc7c0b66af5fd9212ed89a1a2cb253,CHAIN
1753218596,3461352,dabf36cb2f03f6353a0338823ee773d0f83edf70510f8e1771b24073776bfa20,CHAIN
1753218516,3461351,ce4b24f12a3b8dbdcd78b049beb1bc494f738f83696892afb55bb0cbcd803df7,CHAIN
1753215978,3461331,033efd1c639c2454e12ab90d2dd3447883906e80ccb90af7177b924c3ed873b1,CHAIN
1753215610,3461327,81ab40a19c35d26821fdfb52a0ecdf939e901c0ea4ed745e092a2c68c935ed1a,CHAIN
1753215434,3461326,e19ac71cde0bd56768dfccc248a41a82812d706c49687066e545ed7ab7ae8a71,CHAIN
1753214393,3461322,51bf1bb03d24366b5206e908601e8393b2f7c23108458fa27382199a3499bc01,CHAIN
1753212977,3461310,856b59fae9d7e920c00ce3a7973793999bdd53afe239115573a5af1b7576f880,CHAIN
1753212752,3461308,57cb2de61db3fdcbd18b2d584780c651188d4d765bdc488356e1450adb256504,CHAIN
1753211800,3461303,cf9db671d0181a6c4e0581386ff9e2210138bbbe4d37e52082481c3ea12ae1f2,CHAIN
1753211552,3461302,237e793c2f0382f06e9747bcf9f45c2827920da1f0b53cafe5be0b82fe3c1598,CHAIN
1753211432,3461300,c9c11b3c07534476d43ac86a03da66b1306522bf2fc5a30800a77f46086234c4,CHAIN
1753210279,3461291,a47f5829b29ab6f66ab00aa8a8709d3cc6fcf5a85012ef5c5d9adeea3c827bfe,CHAIN
1753209855,3461286,c49c7266866b5bd815fa08780d490b850a08db6d500bdcfa93c2671754e23127,CHAIN
1753207013,3461263,cb8c1aa42bda85f84f0f69cc38a9228efb399c1474d9317789b9d63e336c1fbc,CHAIN
1753206068,3461258,413207718b50afa8960beeb6105b5ea6b0ccaeea9daba6ed430f0e89568053ae,CHAIN
1753204731,3461247,92aa8fc75ff53d252f36144b065c2de2b00c45e3bffcdb5e0fc3e02febc2b659,CHAIN
1753204683,3461246,a53a1e17b693def4915a1ef535a2f8789944559fa3852146786770ca2d524f07,CHAIN
1753204339,3461243,1bf170e171662565dd59ca2410bcb1bc9586d7782852c8e7e7f0dee9f9f78594,CHAIN
1753203186,3461231,155043ba2c062d3240a3099816095896db6254611c130088d5d5d17be63aa141,CHAIN
1753201506,3461223,7aeab46af4db002e3f978c77188c74a7efbc00ee5433bd5893778078abc1c865,CHAIN
1753194821,3461175,a90ab296c686576a5d27c4ae84c4752b4a240a96ce50f5a4560770e03453e78c,CHAIN
1753193548,3461164,8a43c8af17159d2143367d4ebaca523fa45cdf07bdf7af53bd2a625a18060910,CHAIN
1753193268,3461163,2cacc06e1fb74acf19510488d3cd9062c091c00c057d66179b122e0bca7bf8e9,CHAIN
1753192323,3461154,a30cdadbb3312110c3c306d84bd576ab642d8b4d5f4b007525d72ebca64b95d1,CHAIN
1753192315,3461153,40f70fe38fb3bba5ba7515518c969167d724a2a0bdad389371a2c169323cea2b,CHAIN
1753192091,3461150,78fd27b0cdba88e20bd634f17832535176a15e4d3868af991215d4c8605c4288,CHAIN
1753190835,3461139,cdfb7e973d0ba6a38f6913b8c659dcf410329f1ba37ec61a5cfc1850008f4f54,CHAIN
1753189306,3461129,ef0ded5e3440504619946aca53e744368f7dc0ed34d99f65b9952909d1a09e38,CHAIN
1753188097,3461119,88f40028b14d7da0865e6e5d5830b945304b9217e328e2a4ed14370062fc8fc7,CHAIN
1753187953,3461118,91120c2691f21848bbc936ed6a4068956fda170f3d095fecc2459707dcd05c46,CHAIN
1753186808,3461107,3adb88c1390268eb32280750e261c85e94c12d578916cfba5a3565f52da4d718,CHAIN
1753186632,3461106,8c6812ab10d48f6313b314560fd98ebbcce4cf4ca6df8e98f8cf6db45a747eac,CHAIN
1753185503,3461099,44569d05d364776568a6e0c793f7bfca090f822949724c2825e7062041da2be1,CHAIN
1753182782,3461075,37b778dc740a4494b1c757065feeccec2f64fa12f05dc7fd84c127a80bdae7d5,CHAIN
1753182654,3461072,66f7f1d608e02807701a68c42a20ebf9037047d0c664ad7f24e5be3c54c014e5,CHAIN
1753182590,3461071,ed9856f6a746f7e0f3a48d9473a48a7e50489fb1d28a30a209bc9804006cc485,CHAIN
1753179580,3461044,3acde70cea809c275f112a3ad7bfb9f2effe66a0b63496ce487e8e308ceec39a,CHAIN
1753178499,3461032,4ce8c8194abb732f06698007b0c397e2ec69baebee97817e0ea31a7a00ffc7cb,CHAIN
1753178491,3461031,8cefd39f9ae004ec6ea44076437a8958835e1dd5695ab73c0876fd39b63df39a,CHAIN
1753175561,3461008,b67c82fdf849b46826dae5a3ddcf3a96078b6ba961a59049f011c3eacc6c65cc,CHAIN
1753174328,3460998,7442ed1b3b86c4373651f190899eb5a7812be49f110353521436a0ae0e5b20c8,CHAIN
1753174240,3460995,ef637835a4a8aea377741556d47a8688fe1f6a109dec9ce7d0b4539ae5ec5aff,CHAIN
1753173232,3460990,416c33c855a343413f9315d8cc058bf9737cb73dbf911a0271bcf388e1628aa8,CHAIN
1753173103,3460988,e4058de5df3fa89a086f57b5389d8456f8ac140fbf33fb62bce1d925fd01e8c7,CHAIN
1753171919,3460980,8b1d728f8537d15cb2f79b6c27af7585db8f7a372e462fbaf3067ff7937c0de4,CHAIN
1753170318,3460966,05f84e7776d7432d80b43b0f48791738a20a8af1a0a8f04b34a9bec325a860a1,CHAIN
1753168965,3460955,caf76b679000fb5ee2903959193f17b0d81ed0f06a010a28b719ae8dd5ed5741,CHAIN
1753167644,3460946,632be9715557b2b1a4eae02a10d1dfcf948ba81a8fd1480cea7b5008a7de858c,CHAIN
1753167572,3460944,5b2c57117acc732d7151cf6995833c304bd33ac6c8928eb6f945e3bae343b5a4,CHAIN
1753166195,3460937,63e6029daf91624cd5607793841b8e325b5fa282711cd9d1670a39bdfa1da80d,CHAIN
1753164770,3460929,54d4219985fb97015aa3302863c9facec976a2eaf3bf432eb118e9cd064f3d20,CHAIN
1753164458,3460926,9ce30054a7ef34955664c68c8162875d122b90de56b4ec486b9877f5b6d8caa8,CHAIN
1753162225,3460912,a9598c62ba38236925373147ae04856cf0574646fc9b25009f0f302551683196,CHAIN
1753162121,3460910,2457182ab1151aa796d2552702a43af60cc37e6d870c11d36fffaf0b3481f56f,CHAIN
1753160720,3460896,892eeb2882e138a0ffb4b05488ef83df0643b6076e373c133243c13524b48874,CHAIN
1753159711,3460893,915c5960d311c35160fbe94bc8accd006e7e3a2de9533e3c6f5e2417aa8ed63c,CHAIN
1753159175,3460890,2cb1804d3c0c50bb704a73eec67483fe40adb8fe2cf03071110fb86a08fd8b75,CHAIN
1753157886,3460881,88e9e0262f2577feb4e00e5883de64dc803ca9af626d2a47d9c62ad925684847,CHAIN
1753157846,3460880,352bd22d54e4f2d028f604c4cf44a63dfd0de996ea939dcd02605937972df3cf,CHAIN
1753156909,3460873,c83c2351f508f017a941182553d79321afb570c5df7bbe7f43cebf9a713289af,CHAIN
1753156789,3460871,86664843bf290abd820d6fc17b71e114dcb8c9eabb3869aad5fbbb5b0e698d0a,CHAIN
1753155636,3460862,4c70e6e9fc9e2d4dc33f94e249d3917442892826abd8b5dd174ab15d41eebf6a,CHAIN
1753155356,3460859,632298e8245fd523ccac667973a08abb80fedebd93a75577d99c5c8d6797a659,CHAIN
1753155236,3460856,7cd5492e83345060de94910d71b386879a70bf2df48dd4e6b62122bf91ed5f32,CHAIN
1753153964,3460849,5a8a235b8a075e8349de8b31cd22731ac8da2448bc140672a8e2b32f07d1d851,CHAIN
1753153908,3460846,ad18246f83c7a61027bd30c5a6b882bfef3d279728a3b08a0a7b30793b442615,CHAIN
1753152899,3460841,2edfc45806e3747029a0e9f9888942984879edddceae5ac627f8e703d7a4d173,CHAIN
1753151466,3460828,ba21e6edb612cb74eaeb6ed7634dd808bcad828153c3c9a8da8e34198be60f65,CHAIN
1753150153,3460817,b4a46dd0b10d4f2f25a9f56ca78372a5b17b8fab338cc2b21a1ad06bb97c6d01,CHAIN
1753147487,3460802,85558058a859d194664f33b612ead7d06d33fdfa277959969e98c0fad6e0bb5f,CHAIN
1753147367,3460800,f03211e6b402a85ccc1bb108cdcbbd7144e6132910c8d55d10aa7799c9854f89,CHAIN
1753144446,3460776,f78c01fbb8590b571cb6d38604bff5754bdf18a09e859b3d92cf96680f80eed4,CHAIN
1753143261,3460767,c82c3655cb9cc99f27d160263b4d78272c6bab0fd3cf291cba4a6c32b7a44f4a,CHAIN
1753140987,3460752,1f32019f30173fc4c00f064fa8b2105e20ac95d69a2c71cb685178d2f15d42f1,CHAIN
1753140803,3460748,739dd5f7677bf9c7828d40b54a2a808a583b35ebaac0015cfc8e64db4deacd84,CHAIN
1753140603,3460747,2950167a74039013cdf83a2c6fe17cfeae444b1d71327920c5396bce5aff47d0,CHAIN
1753139346,3460736,d1ef39890e1b0e0694f21e3b325f5a8d5192209bd05164fb31424e32d8d2e5b4,CHAIN
1753137897,3460722,8cdb9fbe1ef96f6456cd89be0464a3955d56b1004f9a6ea02ce3e233f17beb5d,CHAIN
1753137833,3460719,4fb785e495e63ac529a989a9bfda12105783054f261c8e3a94dee027771bdc0b,CHAIN
1753136841,3460711,a7804a1bfb958933eba0b4fa4171c40389cd4bce16d6852b7e6964458f0998f9,CHAIN
1753136737,3460710,155f1d5408360129f7c50c8c20fe1fd333d8bbf8d0db550f52d5f9fd450f23a1,CHAIN
1753136705,3460708,c5eefb680ef728aae694ce776b2cc0656eb8457a3732dee6645a805e69614351,CHAIN
1753135480,3460696,f417582ee24dc393ae81610be2a8c92391bbaf14d746d6a14d8079cd1f74491a,CHAIN
1753135256,3460691,9ac31f8b94e05f6f3dc5e2de7e4766402d21149928814e7c209832d18b49ef82,CHAIN
1753133743,3460678,b6bc06b0a9fd149a4fed285bbc6ab8572b71998275eaa2e5af79c6c8a6dd02a9,CHAIN
1753132766,3460670,adda9ade585fde6d0400628dac4275fa2acfb9c210dd51fc2650f6e32087feb2,CHAIN
1753132654,3460669,01cd38398c601a76370a4c18ced67b2db15ba4cf2732dce892d8a89e087816f0,CHAIN
1753132574,3460667,1339d3b0baeb8c89750badc2997be98eecd66ef30126ab9c01fd75f32f68da66,CHAIN
1753132510,3460666,a6e0d705a6b6264f518adc4b9d8443031c4e52494e2e59ae50fd24aa67387e3f,CHAIN
1753132358,3460665,c6e8a5fb1c62e89afdaa3f488d7cdec33ab93b4d310910c0ea4281c37a9adf78,CHAIN
1753128467,3460631,ce8c77f224e942a06f65721236d9b9b0765aceca99e7a3bb89c05b73abbf4645,CHAIN
1753128083,3460626,77d245fdb50b5cd976dfc600f39d4652deab1e184e5041801cc2bd4ff6bc31e6,CHAIN
1753127187,3460619,42ac84ddbc8900672dcdbce1bd792628673354ae797292bfd1888c839cde74fb,CHAIN
1753126955,3460617,9360073ffa774f463c08621a75a25dae8c1e1c2f17a739e187278d4a0027a437,CHAIN
1753125794,3460609,5b014b301d918cefc5b25eaeb7e097f651c744e6b752b6277c18dd875fc4459a,CHAIN
1753124393,3460596,4b2b10ce0e8b482ed27f4c39eab5e8cb519f51da47a64bd82d5f6cf9f5eb040e,CHAIN
1753123857,3460589,db76f237c7cae229acc1597f50b13bae405d5fc4ee4a0483a7d75cbad788924e,CHAIN
1753123849,3460588,c30cbb5fafba9b8e963c17bc71e36d07ee1007819e8f5d7c4fde9ee32de9085b,CHAIN
1753123088,3460576,e2540a20fde8d604c3a28635a69f9f3f2a6818ce516d8dda0985aa720fbffbb4,CHAIN
1753121255,3460556,285be195efa9512b7878c37baceef221f07d3e7a0610a00c4372fa53f65e31a9,CHAIN
1753120238,3460546,5ef1e231050ee049fa011b490ec969f0f46b7a2e224f6e71ed71241cf6281760,CHAIN
1753117228,3460528,68cc9cccd7560b44e5ef89044930dc72ddd5caa97303c5a4e08e766223ea56af,CHAIN
1753117108,3460524,46e36b09e2d3337f6e14a360aadad650f80e0f59769b9e053f85f24b3aec533a,CHAIN
1753115820,3460512,68d93213b2eeea82b34660aff1e3826f15464108cae1a898d950de1d5547ab2b,CHAIN
1753114659,3460505,e5fee2026377e135cd9f77aba25241286cc217235a9f360cdeb5480611615f17,CHAIN
1753110664,3460469,7471b17d507b4878cccc2a6a2bfd71b0629d50c9cb5e76b49df5cc506459a894,CHAIN
1753110656,3460468,ca6b3f7e397379c1644d7b6ed1ff69e1eacbeb1855c6815c14e9d90fb51e28f6,CHAIN
1753108263,3460447,3feb203bfa43f57f531b62c00f2d84c9d4b6d01a4c473ec723fe196ccd669690,CHAIN
1753107758,3460444,9a86b060aa40ba063600ab8ba0d2f1f0d739ca5512d1c4f6a58a61085765d3cb,CHAIN
1753107654,3460442,e99bbfb1ce79999c954db5497b7c1085f89f7e137d908ad1e1f3d9d9d8cc9a31,CHAIN
1753107606,3460440,dc32de844aedf2129603a9ab8fafceb7dc61b16d902eea605202ba8742ed39e7,CHAIN
1753106838,3460433,cbc9cc903ace4c6ff20236692aee303ec6ac42f990f5b895ac544bc9c2bc343a,CHAIN
1753106470,3460432,c3d7b85d44d68e8a61e87a2765dddccfcbe94223f5137f5b4ef5e4fd784ffd2a,CHAIN
1753105197,3460422,4a23d82e900a5c28df1feb5502e4d5053b3a27b35d6724eff22da3aa6b57b432,CHAIN
1753100242,3460385,5a89e05e67452bbddb93e08330f4b87da8a69317f554d29b65c21639c90be467,CHAIN
1753099865,3460384,017cba0486eec9187aedab182ce3ed22a1897e7dee045a4e9596afce033e0476,CHAIN
1753098785,3460376,4503dcbd3d684b9a1d0f49eaa383a210426bfdf710f14e394a96251439295462,CHAIN
1753096031,3460359,c9d10d0780075e1c1036850e45cdf6af07a46e8781aa24340aaeb1b229e5b2cd,CHAIN
1753095999,3460358,ef046b92a6d9e601bb656f4785145184f303204230701337a23728f4687dee63,CHAIN
1753094758,3460345,67c6af633608e7931617faed3ab0f1ae9528d8ab379d5becb5b88eb883f69f31,CHAIN
1753093397,3460330,2bbf98067f3901e43f370a4414de678e18ee48e9e3992ef4a2916b73638f41c9,CHAIN
1753093341,3460328,1c5adb5880325cdec5da33a3952323b3ea56d2db41631c4714473991cb9e6105,CHAIN
1753091884,3460320,388f149543cb887edd792ce8370a153633871115d7a0eff16d308db11dddd76a,CHAIN
1753091732,3460319,051a4de41a5ebf41a15ca513c94f4cba709ab4bfb56cfd72daa728d9ad719c63,CHAIN
1753089403,3460300,ac01683fc7d12fec3dd8d5c8fb58a811b4a7bba116c7748cd036abe96a854fcb,CHAIN
1753089155,3460298,aae409b01db3b65204dc2e91d35a16f47399e2bc342953488a39fe01a746021e,CHAIN
1753088995,3460297,c4f80999c07bdc74547562fb7c39be7b1612d7cf92a5b22d4918882d2327919e,CHAIN
1753083638,3460244,1ea48fc8b20fe4bc418a20d13a1702a38bfbd248873c5916f44b1832d35f7aa5,CHAIN
1753083526,3460242,42362e850f1f6e38e04256bb98d72a2725fd2835df76461e770bf2a5b80797ec,CHAIN
1753082189,3460229,d4a2ef08d7712d301925f6808c204fd4e5ba7d0965874f8ecafacf9a644cb551,CHAIN
1753080508,3460216,8cdb9adbe2537d2541ea1e0d8ec774cd7e07a35623fb9bec6827ef67ba3586f7,CHAIN
1753079571,3460207,59d07dd0cfad9fbf3cf6078b87c50087a3b0aa7285dc5d61b9e9823de29982b8,CHAIN
1753076529,3460193,e544bd278711b1052f6109b457202a770019b0b742cc7dc64eca3ab1668a6c74,CHAIN
1753072895,3460170,110e7088b51335f69e97fc5e86fff7ca0c568aa4ffccf7e78ba68aa3c2f8cef7,CHAIN
1753072647,3460168,2edef9cc92be538697f7e953667e2c16d972a4c36428f870a96463646fde43df,CHAIN
1753072535,3460167,550bf202f41f70338a4cce1c9465cc84f24ea97554176f3384c3805251d65524,CHAIN
1753071030,3460157,744d8ae58c5fd4f786de0ef8932f45f60d28c22d2ec0d21e183fed67449ff1cc,CHAIN
1753070117,3460148,8f57f55433698df720eeb8dc4a2b09c3c8ea5c122283eb866fed3e8e8fe84583,CHAIN
1753070037,3460146,705dcaa00d694f88008322f304f6578d712751861e04aab7143dd6eee1841de9,CHAIN
1753065731,3460121,83d4fb0ccdacafcee4335f0e1ff58f167072f5f7e6549a30921c29defe5690f6,CHAIN
1753065650,3460120,6eec345deab97fc4c9bbe527ad7a39562c03cd22b1f32fd62d5401ba3be7578b,CHAIN
1753061511,3460091,c9895b44ed76107bdf3ac0c556258fbfa57d8cf059d475974b623178111a6db5,CHAIN
1753060150,3460078,02e4c33c6ca5fe89db7c0f5f3b87f9fbe8130b84a9506c97f66001b5bdf825f6,CHAIN
1753045143,3459989,0b91ec4cd7c52bde2350630fc9f2d30a9a0311ca50b4e68cdd1b971d0615e77d,CHAIN
1753044815,3459987,c53dd9856b2dccc26ff390757bcf9e49267eb7cc5a530c3d6ddd1da9bba78796,CHAIN
1753043598,3459978,4fdbc9feed024962a700920820212606b501a862f5e9f44540d54a5e78f8c1a8,CHAIN
1753043366,3459974,0e69750941414246e817a629a065733b4d6dd12a59fc2b23f1ea7067e4fad44c,CHAIN
1753038010,3459935,8c53ed78f56769a4c914ef5f05411df08953dc5674e26443ac28a2750fd50385,CHAIN
1753037690,3459930,cb20a72d654d084acc59dd7bb781bd06fbcf327c02b87ec4b70780d97ee0d9a2,CHAIN
1753035016,3459912,17f4a9d89a8ac8bc9dd96cd6f4f85138c4c1c72f03ff7bf1d1265eb2bb5683ac,CHAIN
1753034376,3459906,31fb236fb3c89e1e4a46fe3a9ffef21ae605b73c1d060a066b6112a82ff45be3,CHAIN
1753033319,3459897,fcc5ce30765accfc16a938aa5f169f1abb96f69c6c1f5ada57c043b9cb0c524a,CHAIN
1753032206,3459893,383ce75a235c33d3c41d821aa7f45ac5072f3c520a9049ce1cf3fe1fa47a4248,CHAIN
1753030469,3459877,e3626e759047983d30a50ae3c8976f5f0fba083dff8e37a47aa6d8c72fbd4c40,CHAIN
1753028812,3459860,4490d24605bf4cf8f84cccb9b1c2ec23c1f79b46b1524da598d1940553946c98,CHAIN
1753027923,3459856,75d30e666a496ce19383a0c00d913a000702ca42b00ac6eea6f88a98703fb403,CHAIN
1753027803,3459854,fa326a9e307f8b1471a6b17e66c149322d79aa1504997fd09301228a80577a39,CHAIN
1753026218,3459846,506b11f7c9b4005dcf2992d219fb706bdf1c59af3cfb7754843ad9462c40fe2e,CHAIN
1753024954,3459825,11b103bd12d3a2c7c141434a720af3c094b9d31a14929f5b79ebab61ee0541de,CHAIN
1753023457,3459819,f29019ffc0453b7917f54de0730ad6edfb9905d205b5bf4942a1c6f862714c8e,CHAIN
1753023209,3459814,95ec409a6f0f4047baa4d30c72f8d744963c1c5ccf645f946828d6f8a01f3c05,CHAIN
1753023088,3459813,fa021875b67d726288853f60f83cec37b336bed731aeb56c10613ffcfe125f99,CHAIN
1753022096,3459803,e57782dfbabace9144bb4b5ef4397585ac0fd35ddae699435f4b293bd49e1181,CHAIN
1753022032,3459801,d056b95f979a0f3533a82a8ddc1f1eb062874e45a1a758d22603abb12ef2d799,CHAIN
1753020567,3459789,9efbe6fa9f3ab19798bd78f8c216609a6f8de470093a0da19ce0df72b45eab3d,CHAIN
1753019086,3459772,ca7c4af087cd4336d1f0e7dce032bb19ac40c5289cb74baf21e2c77c3443393d,CHAIN
1753018990,3459771,67d9e83b4b354a4e09fd2dd45c42a7de91055ac3f3b0b3589f42b98b68f7093f,CHAIN
1753018750,3459769,3d9fc5c524eaa80fa278d828b89ec40a1c9636311e5df420026800e597a0df2f,CHAIN
1753016412,3459752,12cc4fb4fb2fd91711cf24eff03976a60ecdc13d82a009ef6df4eab8c200beab,CHAIN
1753016196,3459749,c4b7050e06aed23688acfad4a9d2cb8d9bd5dd1d3ca2330b6e66bd408b30967e,CHAIN
1753016140,3459746,de7e9e4d39767c2f523c66d7fdbd7007e733c09f336fe066b6d46fdcf49c17d4,CHAIN
1753014411,3459731,8be36b88de8511d6b84314dc47de644b3ad18fe4daacdb12b843a6221c0769af,CHAIN
1753012978,3459713,6394e754badea14d55a0292c6c4488dc021955a08d0d784f4e86a546607ee152,CHAIN
1753012706,3459712,fd6a33297a56001888a18533bd9fe4318a9d8d0fa7ec4f4560b5c8bf52d4587b,CHAIN
1753012314,3459711,e506532901416bae3e5412432f117ca5bccf16cf91bd2332549376e3ef8de7ba,CHAIN
1753012082,3459710,3ffe9dddb509dad5a61a6809eb66c7a51bf424410e3c88d7cd75da20ad3d5c5d,CHAIN
1753010201,3459696,c2f7291f2af2d51493a2031c1b756041807fda446d70367fc9ffa1d6951770d6,CHAIN
1753010009,3459694,a9cba038681e7c55359671ae396b8ac683ac5768d537f65237d635875d134190,CHAIN
1753008601,3459684,e179d93d4fef0eaaa3e1cb8cd2ee449b78140f444054b65e0a8cd5b5ecc06f04,CHAIN
1753008448,3459680,519330bd89b2442f2a334ff97b74c0ef8b3cfae32601e702d6ca9f5cc1b37970,CHAIN
1753008416,3459679,00a611f9be161a09ef9bd78880e3cc936832ca42cf511f162b0aea82c207fd57,CHAIN
1753007696,3459669,7a96f784b3828e538c08653d2d25768b2afff41f3d1aa04f090a98ad20036d1f,CHAIN
1753007632,3459667,797fecd9708622adebec2b7f13a00f7ac1340e00c803058466de99e988199f64,CHAIN
1753006696,3459655,5137c36fec8633b025c8327377e393763aff2c97e186f080615c84e2d18fc9fd,CHAIN
1753004503,3459640,686f61787ec63f5f593da7adb02477ea8dd8967b2930db364bfde0275b41ec1e,CHAIN
1753004447,3459639,9411fe8f33723e1498e9cea7592dd7d8c67dc149d1acfcbc32fadd15a75fd86e,CHAIN
1753003495,3459635,d32975b03fc90af05a3a319dfc7f4374dfeddfa763828e764c3e6be4882ec3b5,CHAIN
1753003391,3459634,da13f56693a02d025ff103bd174b8322d7f388b8d9ad91e7c24053ff35220024,CHAIN
1753002671,3459624,681550fd178aa34b7d69f19ad4a39cce6e0030c5faedb4e7dc5f426abfa24a21,CHAIN
1753002431,3459622,c2f9ef9ee1ef5eb74fecba0786ea8b2e70f4ffefa9f08d8de9ec4fb06337db44,CHAIN
1753002279,3459620,a62e0f20e28290cdd2fad9df2938b46c1e63a5733168cd815cbbeb65c0c46eda,CHAIN
1753001574,3459615,5d3a5c8edf6d1c3dfe8464cb0d9125b7ce9a6a96b0d0824b5c57db661e32edda,CHAIN
1753001078,3459613,54a0079e47d655da577ba253d70fedf2aa7f7e4c29e30893b1bb02d56facd5f3,CHAIN
1753000830,3459611,fe4f17bada051f32eb2bf244cef180a2e22625daec185b7c8b926d50e3e91e75,CHAIN
1753000678,3459608,d57be6ae16692b24feeb46aeec45ecf024659488a86540ba54bb4eb0e30f02c3,CHAIN
1752999862,3459597,2867dbbc338209025e16192d23a660d9c947098723f2f01063ece3bf862b3d0f,CHAIN
1752999462,3459593,9b0906377c213522fa290167297f9c3911dd70ecb5b2d18a7824d2d2dd8d43c1,CHAIN
1752998397,3459584,beea06afb7ac49dcbb025bec7e276bee15092b1c95077f8dd3a67a3e92c61d0f,CHAIN
1752997653,3459580,87e8950ef652e7fef5cd8a63c45cf83c479e8b8fbf7d90b18b92b78a83c97fd8,CHAIN
1752997173,3459574,88a9267c043e41b3a84d8fbefd0ff00ead54ec03aca785de982d5534be5fc85a,CHAIN
1752996789,3459570,cdb5e63dda3e09321544cab19f6673b49a4998a3ce3d3f3d916150d0716c8d15,CHAIN
1752996629,3459568,70ddf55f336a98a31f4f022f09ca3587b228a0b46a63684147ae1d65ffd95366,CHAIN
1752995637,3459563,9a6a6979cf8d432ef521fc8a7ebe8df17b38a2286128e8e6240cd8479abfc02a,CHAIN
1752995573,3459561,b2d72485902b71d188cc781ce8d6bc33ac7d8fdfc926d19b72ae1ae61d0b62b8,CHAIN
1752993852,3459546,1b5686629deee8bb7f2008eb64bdb3b987079ccc4cac1b72d62a8ce19d2385d0,CHAIN
1752993524,3459545,b1da66d896317b8b84bde4c2bb88bae602a693d06723de179212210d1a06c8a4,CHAIN
1752992308,3459539,8137d4f55294de309fe5ea984b315e93de9040e11221c1c8aebdf6ab0400da32,CHAIN
1752991819,3459532,d83be8bc153750bd94e15104d9418167983b3936f851dc5b2efc9dbfaac18983,CHAIN
1752991683,3459528,306e2b41e5e860bb6f5e9c41497e78ee24672f713b33d7c31d7326b358b18357,CHAIN
1752991019,3459522,32d5703689b508106b72567dcab8773bb9672429a0d325cd3dbd33e97d78b519,CHAIN
1752990707,3459521,7ac3d80a35549fec4095918d57378cbc657d639052fb643d649537cb530392e4,CHAIN
1752990363,3459512,94cdd73d9ec30ff8677dcac1ed73c68072a14be03716bc70fbd838e15ceb96e9,CHAIN
1752989763,3459506,6eeb4013e56e95adb48c3e173dcbdebcae0cd21a3970b45f31c29591969e67dd,CHAIN
1752989747,3459505,90c0a2d8d1e76ff56de85be792a29b1e3a363d47a904d35515aae475aa296297,CHAIN
1752989035,3459498,58dc4a4de97c63c0d22b69ce48ae1ab5c310fa7819159fbe5698e851db6fe9c1,CHAIN
1752989019,3459497,3ea8f9a96cefa93672d961e44773c267d8cbd03a47ed083ed066da1ed7ec1083,CHAIN
1752988995,3459496,5f77e161a260006d5a9a516fa4fdd8a6c72e7d8591889399bdd1e95b7874aafe,CHAIN
1752988258,3459486,e15f5366dc7a47db10289f1167883aa6786d4a702186e960a5f396d4c4eaa987,CHAIN
1752987802,3459480,8ad18e0cbce777062272d3677eafb0339adba89764cd2c787cf0ec596f28bfa2,CHAIN
1752987322,3459475,72ca8d998032aae64ea3a1eb4847341a85b3f5e50a68eddce7d84d09ca70fce6,CHAIN
1752985049,3459456,ab3e0a98185ce59da1ee5ab97d774c01da8b49d5945e65e94fb53d4e637e428e,CHAIN
1752984473,3459452,d7f54249472e8cda8fc851a66e34db3e3036a9f843a783c8eeb0614b192287ad,CHAIN
1752984425,3459451,55df283589fe72824a0ac8b1122f22d8471a0044ad6ed060704c17ad3f308202,CHAIN
1752984017,3459448,506d38c335e9b6d1cc7c17e73a4e68649b745f45c36eeb15119f9803677374e9,CHAIN
1752983649,3459442,61ca5f8de8446d26d0d7179dc1b294159a5f5b8f402d52c28c9a14c4de093565,CHAIN
1752983217,3459439,989094317f0c8fc9a97613ae59f248df54f2683560943aca1f8d5fece4d567d3,CHAIN
1752982457,3459433,40adc172d44945be0111aa764b44205f6fa410074740c920818ef47ced025500,CHAIN
1752982265,3459432,21ebd7b81da71a7869de6b5a95dd8b4a96e3588bf8e8323aafc060239b0e79f6,CHAIN
1752981456,3459425,3d7f2cc80e3080afda53932f7b079275c2d1b9c7cc6beaff5edfe82115a56c9a,CHAIN
1752981136,3459422,81145c83f1b7e0dee13bd25eb7e243ef35fae253b78098c2d1a1e47c9e468ba3,CHAIN
1752979688,3459404,87cd936161d872e8b8a656702039e6de345593f6a01d6c7a6fb04d62ccb228e4,CHAIN
1752979648,3459402,516aa813e4848e213c413291fd3d1cc9ca69afd5a1e46d50dfbe38cf7d64adf4,CHAIN
1752979624,3459401,d02b41ac2dc4afe94115c51a362a96d70c2db1de566612a057266d843cd1525f,CHAIN
1752978943,3459397,3ddc27f3c9e60e347f8c87737fc09787ede891a7a43bfb4e0813b43b012a0962,CHAIN
1752977343,3459382,9a2a1574a65ac80c79fc526f490c3815bb6290c2edae50ebe7a35aeae5b49e9a,CHAIN
1752976647,3459376,1509aab254f06a25a0616f7a41c833f3e0592e77012f471645ddb676371482fe,CHAIN
1752976391,3459371,34d4bf601bd011c6d9e1b26155f30a69314f5452003d754ecafbe5c267ab36ae,CHAIN
1752975438,3459362,fb0413dc590e736af7dafaaef34b170f9daa97ca456a3cca777abd95fcba1154,CHAIN
1752973942,3459349,e412f770988a9125768c0bc2e3308da06af3f99f2bdd86883f99c2f67ce0daee,CHAIN
1752973790,3459348,9fe363d643aa36089fe42f541ac0a4ecadda03cf4bb158be19b27781bda85284,CHAIN
1752972413,3459337,3f52bd986f375c183b6e3fa604812eb09d11c74be9e9be42ffc4e5d3a4731083,CHAIN
1752972093,3459334,1dc0cb27cce076244a4d88a09021c9c9b4aae8c19ef5b4c73d9de110c4936b19,CHAIN
1752971037,3459327,c87a80c2f5f38f6adc2d270aeb09eeced7b6b961c876ed14811be419d176bf68,CHAIN
1752970941,3459325,25034ae7793165778e0af32e3fc92ac9223b36dff5087e551ab261347f55ea9b,CHAIN
1752970781,3459324,3085b076c83b66af471de02b887b06ea59738e93a7461c100ec8bb49f986f005,CHAIN
1752970189,3459316,52d3eada3d4d1175f156aa2dba82a42a5a5da6ed256ad3934d4e18927dee1ae7,CHAIN
1752969797,3459311,888b7691d003bea1888055bfc47f29e2ca81933ab73b8cae856f197c5e665ff3,CHAIN
1752969308,3459306,97289388ffae7c4201088f2924bb2273d8549e7f4fc7216aa6b644c159bcbae1,CHAIN
1752969284,3459305,a3b3a987fc14bf98fbd1f8f811eac01023458147d1424a3ecd470c4529fa1746,CHAIN
1752969108,3459303,997a3da81a542a5ac1be06f380fbae6092f2bf300234d5deacf733051afeb017,CHAIN
1752968916,3459302,e4811dc976d783704254aa5b2ec3ec7babd57286a666430b51e7cafd6f4627cc,CHAIN
1752968812,3459300,ef1cdde5710e0721d276aeb2aaf9e6de9f168e35051bebdf903517582ab7f671,CHAIN
1752968652,3459298,b47d5d9e01d461147ca3e9ca144e1316a826971f39d477bf5e8f46a1240960e1,CHAIN
1752968484,3459296,698038f4fa04e0f9d772aede1f962bab86b3d504a6111010e83b6de4f1bbc981,CHAIN
1752965939,3459280,e3bfb28590c96fa04ae14607e89f444908d18979c1c1a3d355f098339ba9c96d,CHAIN
1752964915,3459271,65fb4f27bc8fb217814bdf6c00468b9cda83a5b09edc25c6ed11883b973da6d8,CHAIN
1752964395,3459265,2dee3c36c564d665c62c528735e3cb9b9c471dffb6296fd0396aec770f8e041c,CHAIN
1752963595,3459263,3681a63eb17a04fef9e531ca056867b556e1e7c4373a9b94021b706b728544c6,CHAIN
1752961258,3459235,676b3563de6c9c2e89eb07de6deee011ebeee6099c6d069a2d27e3719915c38a,CHAIN
1752961114,3459232,6784dd2ea64efe47d7b1d10aa8ab2d33c45eb5ab30aea2ae355cd23404f7d125,CHAIN
1752960538,3459230,dec527c3c12eff6215701af152b7f93dc910a17a9c817cc94970308449fa6346,CHAIN
1752959041,3459220,8b70520c579ad8aac14f67d3a091b2955aa68b5d58c0d709bd29e05c8bceee75,CHAIN
1752959025,3459219,1ed9eca3b8ee941dbd0982141977d597f1ef5846f573b19ede054826e60e4f48,CHAIN
1752958489,3459214,9ce076240558d95244b25ccce22cdad210f25911983f0c8d27a970c0e6ddc64f,CHAIN
1752957433,3459199,e235fcd4cbfbb37f061fd70a52478f8115465fe53d9034bdc62d20244b4c9305,CHAIN
1752957297,3459198,0ecd9771c5b73e289f53a240bfebd4acde560392b3ebff26809d62ca4febad2a,CHAIN
1752957193,3459195,d83c0b1b5af8f51dbf05418500932ca078c2cf6f902b2ec49889ba13624583d6,CHAIN
1752956625,3459188,4534474552374f2d203b4495aa963cfd1222ec0f0e96c4aac371820cad37bd56,CHAIN
1752956593,3459187,5d61a6bce365f085827880b3ed3d70bcc169c2a889b59d0550732e5bfe1f0022,CHAIN
1752956289,3459184,53aa9d9f936321ed0693aeda1dc6e97ec1b22c3ba9cf9ee2b4dd1cdb57721286,CHAIN
1752956105,3459183,b657b17faa53d5312db1babdbb03868280d946e2b34ff759d0c4766c93f4778b,CHAIN
1752954984,3459176,56f4b2f4218248daef95f5b23c6a6913afcac4f54a36ede1e58b2ffef581d4b0,CHAIN
1752954944,3459175,477dfcef7c418d2b6cdd12bd22055811b7e85383873f7a2a9905a36b83764e1b,CHAIN
1752953224,3459159,fdcda1a2b8900aaba71b6a985df765ff777590fcd9f657c6b3e5678769f9bab0,CHAIN
1752952495,3459155,333eaa203e1f2d31ae750b80c2b02c54f6d0822d67edbda2e798358fc06507b9,CHAIN
1752952047,3459152,545b4f23766c8c7e753e3778c1496b5f8cb480ec5c4d224f69794538228c5951,CHAIN
1752951943,3459150,443c6ed1c37683afc9dbed824645097037ac2a5e6e9a9067971d3bfdb0682f09,CHAIN
1752950847,3459143,a3bbe4ca7d1a851468f40fe26cbfbbe942e3fd509698149597d802e4e4ecad9d,CHAIN
1752949455,3459130,9b7849cf76ea9aeb389bb7fd58f71de5f14aab7de9968f435fd4243f7e5bcf50,CHAIN
1752948942,3459126,723546b1b7e531b83b3083c135531a6476ac5f0b6b74b1e22167a75cd711733a,CHAIN
1752946590,3459107,f11a7a2f1fb15f818a6329121631edcc1a2c8908c5d303746a7fc3db85d9b67e,CHAIN
1752946478,3459102,8474acfc9452bf7c127898852b4117cc776092f66cb4d2e0d4f1224432ebe0d3,CHAIN
1752946198,3459097,e312f39962dea2247b7c4d9f3f998922ba8e56c17e409bd9b7ea5095486206fe,CHAIN
1752946126,3459096,fda2934ceca43879096f7b0e95618151d5eb26a3336531c7ac2f6d7046d65248,CHAIN
1752945958,3459094,29b5a8af67d0ab10c0a315b0d85a3dc6e0eafe5fcfa527a85f56080cd15cd324,CHAIN
1752945741,3459090,d6085306fc6dc3c686fe786da9b97c0b4b4b9cbee5adb0be3c059858c8109fe6,CHAIN
1752944941,3459079,2e023d4a7bc81371c0d6c59059d2aadc19c465813e7e60526c8a1a154472afd6,CHAIN
1752944437,3459073,174b5a541aa6af4ecc40dd8f0198ed1d7be65def38b2262bf3bb14afaa5ca736,CHAIN
1752943941,3459071,dcccce4dd3c6a9ee36790feec404910732a32e4edfb1839a5d185b86a413acc7,CHAIN
1752942821,3459060,afda90227702c46b4efe3e14db46dba26dd9c6e5ff4f6692f77ea6e601f703b6,CHAIN
1752942236,3459053,0da76182ef8a90c7fef77a483e4870093181476b1484c60b5442178a16e90f96,CHAIN
1752942084,3459050,1665ad94c025098966da734dbc5179fd05d1626d8672d8b556ee732b6aa8f00a,CHAIN
1752941868,3459047,12cf7106fdf0ea07d6885778aaaeccf0a63a055e9c4282991ce882b9ef904c5e,CHAIN
1752940084,3459033,a1f6b6d6414a80b1d42387a3c52fab5a6607472ed77ef595b2fdd24451a2b45b,CHAIN
1752939940,3459030,064761a8a4e37cf3e0da95b0fdf9c173d9e9e3562eae61b2804c4e3d20037660,CHAIN
1752937771,3459013,7372d21c1f777616576159c8cda0a2661c5d07ce86ff239996cf514d3f0f5ae5,CHAIN
1752935674,3458997,ba22f6f47b0b0753597132fee2014cad7c5f24e8d45e187a8ef434a85a74a0ae,CHAIN
1752934882,3458992,4647d0e86f5c2e881853c57290358e5ab888dc74fc4381d990737451af159320,CHAIN
1752934394,3458990,a92d7cdd6b183437557845e49d2903451770f5432a1e2c912000369fb7b456d0,CHAIN
1752933962,3458985,4c806644ca2df918eb0a570beb80ee3ed0623c675e0ad4290e754a4a98dad6f6,CHAIN
1752933242,3458980,29aa2c51025f30e16433a44826d9369571b7f8eda79e70fedff05d1afd9c36eb,CHAIN
1752932906,3458975,ddf1702022da898725af752064099eb18e953a00cb2d6afcbd8056ec0b73b0b4,CHAIN
1752932898,3458974,575657f6ddaeea8b13967157ecc03d333a3e4f24fcac3d6cbdafc6ec55804062,CHAIN
1752932770,3458972,b50621e82751ad1ec2dadd7e7f7fc0c93bcf98007bdb2cfff93e8fcae529683f,CHAIN
1752932401,3458965,aba7645727ea7b54da8c79e027316fb8403ef8d6ae9dd75b8a0922ea47546ae8,CHAIN
1752932145,3458962,77eedce4c85581c496b9ae7ed844a7b3b6d1a384152ed346c579507c3cbc4c49,CHAIN
1752932097,3458960,566074409554120486f6b7e9864bc24a79c63b77b3a09e0acd050163d10dd7cc,CHAIN
1752931721,3458953,f1ad06f68e1c042755ff161d624429db1ad148926f2030dc0b03efafbaf41a26,CHAIN
1752930521,3458941,cdbe624f3a3dff85f6c57a1d77c04cfa3bbf264e2bd8f937a0f90438af4a5f7c,CHAIN
1752929385,3458936,c3c40d0b750f659d017132cf98256a05af3f17533faa027dc4c629b6000239a0,CHAIN
1752928976,3458929,9c489b44a6662de52c9e21e36a6e29333d2269cedd1ff6e53e807df089c0c53f,CHAIN
1752928600,3458928,720379c2e6e957bd817fe9a1957e895df8834f3d2f2216f1b764478259611088,CHAIN
1752928264,3458925,f7e91acc124eabdf95ce22871846509c48a204b19cfff50b8969619645689c7a,CHAIN
1752926728,3458914,bb9d4cca7a912e0650cadc229453afd6eba73b3ba0345aa20786d3bb3799154c,CHAIN
1752926472,3458913,9b8104b6c5659fcbd40b16bbdc22c2c8bfea3fb7b33c905bcad7817080fe9956,CHAIN
1752925327,3458905,afb863b8731657c581f4430ab2ddccbbc9eefff620c69641f1ec98a11bb2bc61,CHAIN
1752924070,3458894,dea66612047762f466c252cfa933dcfb6e2146b77dd28a7169e5de1d1ac8dbc8,CHAIN
1752923782,3458892,d27ca752e1216f0b559d34266cee3df8c864a06d60b8bea6ec25221a094cf77d,CHAIN
1752922117,3458882,e645a12ae9bf7122243844bdfdd8cb1a5aa6f3f4c4474589d82d23c6d40a1e1d,CHAIN
1752921036,3458873,a8fe55d70b45678349324828b0a2030a11c6fac1d90e3a49721c30748c2aca1f,CHAIN
1752919427,3458858,016d41635834b5c6ab33a35b789237aeaafa02c27eca770be9d4d42f45519829,CHAIN
1752919331,3458856,36e07c9f19a8c6fee13c74cd5d9be81093fc708c811968577ebb60e42ad45978,CHAIN
1752915392,3458825,fcd4d28225c5a91dc41cd6ad8b0fc0a7f6a65c29d556a965e2cbe26e36adfbb6,CHAIN
1752914992,3458822,40e60109d2d8187f3b8f3f054cdace6f0e3e1bb493e57a160ac57ce8c2bbcb7f,CHAIN
1752913655,3458817,fa55f4394dffa55e96a4a22be5a5c09a093c3a2367efb4aa88c969487e317457,CHAIN
1752912198,3458808,012326ae3d3a2e13814cac0ec3fc4d5513b32fed7946e59e4552af931a43f7c2,CHAIN
1752912174,3458807,b9f5cd1d7517beb0894a05ed05219989124e436b4801c76f92e62a0fd7e164af,CHAIN
1752910902,3458796,be1228ad0d9d81d954c09a21ab0163c778e12c2f3b4463664c05d7ecfc8f7510,CHAIN
1752910493,3458791,c19274210c7cae52a3094b09585477506aae3614764a1f5201585295cf5c810d,CHAIN
1752910445,3458789,daf3eeaa794b61f87dd2861156db3b21400a72b9bf5dbc906ae6bd872ff441f3,CHAIN
1752909501,3458781,1d934186ab0ba248ba7deb4a283f949a8a104acfdd543f41cdf563c85d6fa2d5,CHAIN
1752906739,3458767,2869836971269fc82af4d01c06a8dcde17d3bef7aa9b99c7f8d9ff71cbe8126f,CHAIN
1752906347,3458763,05362b69ad19fda66d824e25fb856c4da97aa3e5ddaee1f261cd5602b1d79ccc,CHAIN
1752905314,3458756,a9ad22dfa81c2d2f4e8006288b5b9c8d1a5b823c3f3584458f36caca004327ac,CHAIN
1752905154,3458755,1980c3d3c96de59cddf875a25028537ecab4d56d941ed5853aa774c63111b7aa,CHAIN
1752903921,3458747,7f27604724da7a494556ffa2991c494bda914238d1b21754b99197e0b307b9a2,CHAIN
1752902168,3458735,6332e02e9243ff7668d23fdc0f98750c5ab6d3a263d88923f6c159fc22ff8324,CHAIN
1752900455,3458721,784c730b64701dc496e3a27f5df16ec4e885705e547585e19baebef49c6180c0,CHAIN
1752897621,3458693,df07b5decb95d18f5a5e55c9359fd8a46afe63acaef80b7daba98b27add30ca0,CHAIN
1752897605,3458692,fc271b2c049144e725aa7ac2e2a4a4c5ad6ea78abd0691c4a6adca08f4e989e4,CHAIN
1752896620,3458684,de8dc52ada63d8c8e40beafeb53208e1abf2f0d6b67f6184dd43e0ce31245e9b,CHAIN
1752895003,3458674,ba2ff0cf752601e2c8e79c625226d2d88d11b08d8ef9c306a91ff51c34ab362d,CHAIN
1752893835,3458668,699701f572e96ce80f79e99769027b8c21d412c46ff8d78e80071e2c3ca44a83,CHAIN
1752889112,3458613,8eefd7c3e091d56196762d2afdca2310b51c51cffe4dc122e11e790ade9b9def,CHAIN
1752886574,3458587,455f27d557a4955965341b44c52c91868974603173c48dc19b46a6bf06430301,CHAIN
1752885029,3458577,dd45023cb99019444c548feff4549808bc8209d759703bbb7563ccf615f4ef5e,CHAIN
1752883756,3458568,653f47d850f05bc2dba329a175c747bfa1ac54e2ab75ccc515e6019ff64fee3d,CHAIN
1752882291,3458550,3170314d8044e6c9cad0ec0281cc56e0f429aa852940bc776e93c3704d19925c,CHAIN
1752881235,3458540,fdb2db6e6a6180445bafb692a741eff72d612847e3bf83099714501296f671c8,CHAIN
1752881067,3458538,bbea2ec73afb442e5880f57c88eeb6c00595de1f181c1486353963e71a1ef30e,CHAIN
1752880707,3458532,d1f2a78f03033b91672cbc27d5ee8ae3951287177d1ed1109495df5a94bb6e1a,CHAIN
1752879386,3458526,f535e10d77d2b4bcc56d2d9bbceadef3b84082c00a8918faecb55c1f639b2ce9,CHAIN
1752875607,3458496,220ca37775a1e729cc3507725c51da4f3d12f615f61c064f539b4f83e3322bcc,CHAIN
1752874999,3458493,4bc2b0309ee06a47330afd2baa1d651e6aa7345917849a55dc6b1162f915cbe3,CHAIN
1752873886,3458481,38c4669556314bcafac8b19a178f736e3684b6d96281e5fde4779a91e01ed970,CHAIN
1752872381,3458470,a196b20f7666037f63b7a538e57edc7b471888572c7b04045bd04c891343f60e,CHAIN
1752870876,3458454,f3405ff64b9295187912aab0887b911d325f9f365d34154325917b9463d31205,CHAIN
1752869539,3458446,fabc1817607625eaaae32d50004f16ca3b5809d2a2de2f58b31d774b456fd65d,CHAIN
1752868354,3458437,819cbe0d51a9aa98808e9bffdfa4f6e6078ce938aae3a33f4447e4359de81784,CHAIN
1752866617,3458428,94849461075467fa4f20ffdb9977088532cddf6ae08a751cc0f94748e95642f3,CHAIN
1752863768,3458411,a52118c8221cb3d3339efc6196242fd74d32c288e7766780a3cb2c984097904a,CHAIN
1752861126,3458393,8afe9162602c8488a735dd2ee9eb260712f483a9dc473b0a6d832c4771dced44,CHAIN
1752858468,3458370,e4572c39524ec655a0f8c12f9b132e34c922888627b1c6bd47619f3126184fe0,CHAIN
1752857091,3458362,1eda8b99efba58d1991b17904ae4edf26a3167263cac2b68effff7fb92f27e5f,CHAIN
1752856987,3458360,3197e782327c56e47d13316714e2f8ad5df4e445b665f310c0344c775aea22e3,CHAIN
1752855578,3458344,cb28b020c5bd56997e4d57e1e24692d53f5e9d44e6627d8d2164c1af519db4f6,CHAIN
1752855514,3458342,bc26bafee4e35d3aaaaca0bbfdd224cbfaf804653c23479619ce117730a77043,CHAIN
1752855194,3458339,03d119dcf0eaacddac149f87e14201c7e47f599c8cd043e995fd579a8db943b0,CHAIN
1752852352,3458323,6c4ae70f912886ee495cf0571a6cb57b00774d94fe1394218aadc69c9f2ae517,CHAIN
1752851392,3458317,3e4dd929ccd034a3c73dcd2b96732ff94718d0128599132d433f743c99110e51,CHAIN
1752848734,3458304,140300057f987076b7d9639a38b4b7501b2442e2003a7ffa862d71129fe79625,CHAIN
1752848302,3458297,8e9f86c7dc26cae2bcf8b966c5dc150ce1ac4a7dfaaab52dd03a569f53147ac4,CHAIN
1752848062,3458295,213d77e5e65c746ae13b980827dde6e3dfd2a3343f372b7f9032f7f6190f249e,CHAIN
1752843098,3458265,e56b412b011b28029332a34aeac923b779043863db5b12de3a1fce62a6a80f21,CHAIN
1752842450,3458262,739d1a088d37ec32472a4c3d53019fc386c0fc6cbbd7f91b60dbd76b2c829ef9,CHAIN
1752841297,3458259,77d4249f18b9dabf6ae780c1fcc996e021cbd3cfa774cf1986849a0f76812784,CHAIN
1752840104,3458254,0e7e2259f564e084c77d05ccc1e94113bb5e8b728ee9bf20d3bb74ed1f0d7719,CHAIN
1752837151,3458232,2c0b6deb24b38d165b7c431a6f7aec9c85af8f7b43e5226bfd80e2ad3e056ea0,CHAIN
1752836839,3458228,d3fa0ae9febfeaa6753d46e53bb9339c030c9d048d13062cea406b4989ad2033,CHAIN
1752835606,3458223,6884cb464a3ea66aa8936e40c73c4a455d85030d26391cbc5f2769a82627cab0,CHAIN
1752834525,3458218,e6e59bd51ce2b19344d2b1b089acbf77a44724630c436a765cf9b752e595b37b,CHAIN
1752830114,3458191,b965c8826bd87859304a322c88c483c2b3be90c9dd9c6e891fa77cfca6698285,CHAIN
1752828969,3458183,93494530288679970bd1baa2ae970a97ba450957b18a6f15561e72575b2f49dc,CHAIN
1752827488,3458164,6934192987655f12f7595b9760d6ed69349f01d04ea1d92efca6ff5ca00ed3ea,CHAIN
1752823286,3458116,094dcdad500fcbeef2c448d6bb58bde41e0a7ad864935fa635d04e08435ea548,CHAIN
1752820508,3458098,0148be99b78e196a387f6610dfda9317b621e6d43dc5df094006cb3304768e5a,CHAIN
1752818915,3458079,c762fe600f03aa4992d1be05a06dc53be8416424d762240f57c26abdb3e01cd3,CHAIN
1752817226,3458065,70096b2b2071988b577b173c5ff105ee21e6dbe05b1278dd227b283e655a1348,CHAIN
1752816217,3458061,a3d13b0886794f35c83cab3026ae3e4b866179b941814c1f7568f44ce8566cc7,CHAIN
1752816081,3458060,a974f7bee1c6cd22525226134ee96b2926278ff5bfd5d054401de41b802da2bb,CHAIN
1752814800,3458042,05d4bedd366845f54c6ff189f586ca0a429f29b735f8bf36c188024824426cb7,CHAIN
1752813063,3458028,aacbd7ca347e9bf5d3d3c62c744da7ce8b463b6da364b3534355347fb6a07033,CHAIN
1752807868,3457986,871dbd41f84a064cad1ed9cf4111a3e83c7d8ea36c6f5e8514d2fc304f8ca118,CHAIN
1752804570,3457966,3e3fa0400f299adb5983f0a0c385356baf9318273e0fbf5f8ae18685c281da21,CHAIN
1752804546,3457964,d455080064c7fc21a37c550a5f4703e32cb10a25e9cd7043e6bf6318b6d97ccd,CHAIN
1752803585,3457955,01c77d89ec81edf0d58c7496245f19c5756762ae8f28273f8cd37c6410cb32e6,CHAIN
1752803473,3457954,d2d8189fe67ab8adbe3e43a0ede075392eb16b7b9afd037afadae786420d85ec,CHAIN
1752800719,3457936,2d0df041d98b66eb4fd16c9e53f93160caea5690b3037a1bbbdb8649b0f85758,CHAIN
1752800295,3457932,e7f60d5b4694be70ffac2ccaa458f9f1f9321cadb889f296a38a7f07b676b5e5,CHAIN
1752799382,3457923,06fad9109dd9cadb723cbc77a012e08fd4a662be3626db14ef9c32c93f2e2835,CHAIN
1752798966,3457919,208c292b4e2232a27f96e38103cab5fdd9a30c668d6764c645f4a6a949590482,CHAIN
1752798806,3457918,b2cf582f21f0e1d32a89ef42d7072654c18329b5aac88171015ecad84b16d50c,CHAIN
1752795980,3457898,9f925e1a5a902746374506fd054ed370595fd586f06c5e9269696e6ff76ba7ed,CHAIN
1752793074,3457871,9fd461a92e4dd2ff83dd416bb0705fd8ad756ba7ed01e6f65726c0285220241d,CHAIN
1752791554,3457858,2b39f6f2ad886ad9a418de16d382f62c7efc87d8f30c01c4e05ccbc7c190d164,CHAIN
1752790649,3457850,8aee390a458bb526572193983f5cc912c7e1292a478af23bb571e9f10b006903,CHAIN
1752790329,3457847,2cb4ee0f7255e98bfe47e17281a4c3db9fe918c02dd285fcb4d9a44959f7806f,CHAIN
1752787343,3457822,a70c44dc55ae97283ca61215a9b71d2960d2424e238c6a903afd7fdf43e93e85,CHAIN
1752785894,3457809,0920b2581ec756840b0b62370354e71d28a51f8e23e61f352285107db8611538,CHAIN
1752785878,3457808,3425ec589678707bb3236adbeba9c821098a1911789ddf468396b4cff1268806,CHAIN
1752784925,3457803,337817d2b58abe2bd0aeff8997e6a620e5f5a7f342e3a4d4554f624cd842d857,CHAIN
1752783364,3457784,2666d8bd7d02c11208c93c2d0905a3d57c95a2ccaa0e42d9a74366838ad6eca3,CHAIN
1752783220,3457782,abfb9238d73ea83fdf4843b358ed6fadbcfe5b272efdea481bcdfa8154baceab,CHAIN
1752783204,3457780,8d13367c52e77eaa17a9b19378c7689bc9bb45fedd10db12cd64a786de848b47,CHAIN
1752781979,3457769,09b8a60e32053f43845e73b9d12615b923f6f493f8158a9245a049ac2a63f4b1,CHAIN
1752781539,3457766,c6c49edaf5627872dc1bc8af4a847434b1fe7069507ab1e8eecb397ebf7fee35,CHAIN
1752780522,3457754,26ead2be12f9e474ddb47fd46e442f92930823b2334a0bf631b5d836a5bd4c2d,CHAIN
1752779938,3457748,c59d3a2e97412d9f196df498b05f5ff44dcf15e83b1e7645588001a461d77227,CHAIN
1752777552,3457733,c844875701cd6c290178a4563716bf68fa1573596436d550a47ee1b2b5741667,CHAIN
1752777352,3457731,fc3aa1fe698c81ac6312804332bd0bf693438ea543454e5baed1b7fef54d6fa9,CHAIN
1752777320,3457730,c3f159f2e223deae97285d0679f0f6877b83559a536aaa04d7aad91dc0372d16,CHAIN
1752777248,3457729,6ef8064713225c952591cd4ea0fb317d161b49efe84ed85b4ec6e2f335d1430e,CHAIN
1752777152,3457724,8d33453cb8b0e17435852a43728b3af688db48bd17cdc32a08a97a59590f788e,CHAIN
1752775615,3457709,71023187e17d02192562c1944c12139992819364fd1da9c2597d5f1e90e551e2,CHAIN
1752774239,3457695,f86f91caf7608b506a316790ef01c0b3befbbce69954af2d19446c0243bf857f,CHAIN
1752771605,3457673,31f476a4d5505fbc336a88fe0700be682fd161ac758be4c88f530375a245c90d,CHAIN
1752771557,3457671,3b1244a97143895e55b0607e7309975db683920e3f4f236fa37cc764d425e1f7,CHAIN
1752771485,3457669,39813288b5f82baa81e94552a10f054ad95cfdd6644817383b75c67416c1da31,CHAIN
1752768419,3457645,b59d552dfee5ca838b90266c3e52be618981d99c8f83232901763b621a9a41b3,CHAIN
1752767090,3457632,ec4fea16d9a4cf575e92e08d175f8145eab5e087db0510ce810e3aa31c25a88b,CHAIN
1752765777,3457627,298a8a0a8429e3df5467d69b58c39bff6083727f50de29fd0279869713baa418,CHAIN
1752764352,3457620,a3b2361ebae707d5162dd2ba99802771d881a7165b2cc8f5e67075915d86b75c,CHAIN
1752758460,3457570,41f431dd43e68bf538839e97652cc81d41967a6003955b2ed134fc3361a9c3e3,CHAIN
1752758428,3457568,f2cd16b1c149d43f264fde9f4516dcd79d7b291070cb536502c05023433f215a,CHAIN
1752757003,3457559,dab5c5281b0e808fb99e33d473809709ead1490a1a258f1d7a41e64da35020b9,CHAIN
1752753385,3457523,660c21aeba096eb2dbf540a0a1ea291b2b3f58ab8664ecee9cb3a54b6233c3fe,CHAIN
1752752104,3457511,0c0b87ab0b1749f78cdd3a961b8ce5e5dbf5289cc5e82160bc8d1c916543364f,CHAIN
1752750495,3457496,a139b3e7c048c9e888d8a885c95b29ca34d31242f7923ca7c6452ef058847660,CHAIN
1752744371,3457447,c46b26c019e18d7522ca8dae29b69fde929dfcdf912c85052fdb9938117ce46a,CHAIN
1752744011,3457442,21147112349bd678cad04be4db82bbc4b0385de75a3622b2362ef98eb949dadf,CHAIN
1752743067,3457436,b6de2916e37a679f3d1f8a9ab4d38993b805132ecde989192a1dcda316ee6cec,CHAIN
1752741890,3457429,5627773475dbed09704fd5997a98a03f78aebb5768b81784ef6a14f7784af562,CHAIN
1752741546,3457424,81b812cbe66b994f627ffee51c254806f675985d17db14d225e2933a2b929185,CHAIN
1752739552,3457404,d2add5eef61591720cb510298405bfd4f2cf07542dc6dc37a21c53d24db9da4a,CHAIN
1752739440,3457403,6ab8bdd52197da3f65ce2e75f2bb83891b71594bf13da44652680089b2145238,CHAIN
1752739320,3457400,38efbddf7ef3fdf1e5bb866a0640050a9fb6cc6086c0f80a2b15331aaf2edb4b,CHAIN
1752738120,3457388,ddccf8040d589a7fdf71478501862119cda7fe7927be19447e4a454d86c38422,CHAIN
1752735350,3457367,96b646ea8a41068d6c2409ab585c1aba987a0057d5bf4ef2d87bfc026c2db346,CHAIN
1752733316,3457351,01e8bfc0b11b3357d1d582ff27994fdf00f5c112f6dee18c49d2c021d7a0013c,CHAIN
1752732932,3457347,84ddef34ee6baef65321a7a4046e90112d3e71faecaa698ee0f4919c0210e816,CHAIN
1752731499,3457339,46769b59e3d73b31e14acf708904be8e261205192ef1663efd0db87640665e78,CHAIN
1752727753,3457318,818b3470fadc818ccc7ee28804740f00950b3d7d1cb3b1d78915c6284da59496,CHAIN
1752727625,3457317,db00ed39f3a035c711f2bea281667383f19fb7f4622371a39f6f9470065e4d4c,CHAIN
1752726640,3457313,8b63b0f154bdbe42cc65ab8ab9eaa6fa58e29acaa26132f20f9187cedd484fa1,CHAIN
1752726576,3457312,b6396bb2f8cec69323160f0a1efe43adee8fc6b0eb36890adc3af52a43f5ebce,CHAIN
1752726328,3457309,8a689658beea7408096ed113e7f2d5208e302630b0bdf021b2fc8d4c6bfa68cb,CHAIN
1752722157,3457276,cccadcc8b1abe184b3c443a54b8f0aa7f7fe5970d85d225ea6aad669f072aa6f,CHAIN
1752719292,3457248,da9c73109a4dbb15c40247ba90f81351f2b395283f38fd426a40ad0b96cf6e64,CHAIN
1752718027,3457241,0cc51640c02682a6ec771a45f77390e38507c2966666919c7af836f5b39d73f2,CHAIN
1752717835,3457238,ccc793ec8ceed9c7cc24cc6c097d8964235e33a7755f0e3178a54ec6d2769e58,CHAIN
1752713944,3457209,eb1a0402e06d71a864672eccaac33e930b9c72b5663e56826ba53b9f23f013f1,CHAIN
1752709285,3457167,c756fe54ad764a7d89dc53cca9464a53a0f0fbd8dde6462bfa45471ad0605137,CHAIN
1752705283,3457135,34fe982a761167af5b361c9acf3ddbd08e2f2acdd3916d8a36279f439eb325f2,CHAIN
1752704987,3457132,7c86288255a61631346f9d07797d525a6a36b5b0aaa3d1b5420ff4bc712a239b,CHAIN
1752704891,3457131,eaa461053aee89c7ec22a69103744beeb89220a067a494f556eaaa0cbb534ed7,CHAIN
1752703674,3457115,ee8fbc740e387c6b583293cc5667fb6311b163d331770bd99c0e495317e9e644,CHAIN
1752701152,3457100,cdefafcb7b4db019ebe0d742b5bfb093139dab5142a0cecb2650efeab3cda28b,CHAIN
1752701104,3457098,d514acf243faac906e7966c72fdf99217a4de07083aac6f426732edc85f50424,CHAIN
1752699439,3457086,21ceca76994e4ff55939ed17d61f0241687f93b1ecfed077bd767253ebbb058b,CHAIN
1752699399,3457085,5a62f782bf5b6bdcadefbef69a74e6c302195e1fa165a46de40435f6af0a5a7a,CHAIN
1752695853,3457056,1a183ca90d4dd8797fbb52c2b23be8da6c33fef342d523d7fc05a75685526120,CHAIN
1752695701,3457053,b2cedfdc768214676002bc0bc10b32feec231c3ac2024f266e52d3bd6bfbacbe,CHAIN
1752695493,3457051,f75865a18bdf0168cc63dd1a327da7e3d185b914be4a71c7a51ae192aeb7538b,CHAIN
1752694484,3457038,e4bfd398733e79e3ceec5b172349c4c4b00fee42cce27fdece5643c807e73025,CHAIN
1752694404,3457036,f4af730b0c77e7d8168d2e0a86ffe593ae3a7c484a59e4c02be2a9404b1aa9ae,CHAIN
1752693267,3457021,fb207736d0655fa8fcc984ef65f8bcb4dcf2f30fb1c75c30bcb62b29f942ec93,CHAIN
1752692827,3457018,3fdc93b3213389e201c1594d11e3010cd12d9472e92e91388af2af4f68cd845e,CHAIN
1752691850,3457009,845c2c8696073932159fec4c9f827ca9fa1ecc63519a1ab163052a997b588bfe,CHAIN
1752691802,3457008,6b58a4016f68f95761fa0d9499e2e47a764f1663069bb1f0e3baa85eab3bf8b7,CHAIN
1752690633,3456994,de81cbb883534cb4a44fd8e682f7ca89a8a47e6eba9824429638762ac07631f6,CHAIN
1752690521,3456993,c640c72840548a893d3bfeefa619ae7a0774d06947a668f72972dc832a6f6e87,CHAIN
1752690473,3456991,676c53c8639fe4d2a986e869d7935cbf08df47be3ae464774a3cbc751b42d50f,CHAIN
1752690393,3456988,175813f282f75234f719b367fc2b4cd2251336236cae55da09b59c97db48c745,CHAIN
1752688817,3456978,81c9dadb4c5d92d20087927ede57d311f2b9f20c97867d9ce63e348d8abf44c5,CHAIN
1752688024,3456969,3268614ce6401e13e50a31caeeda015e9e84533f153a6c06273983839eb6978a,CHAIN
1752687968,3456968,1ace77504330add05b7378db12e6b79f0b2b65b48fa389a2d06193f7853afaf1,CHAIN
1752687888,3456966,6956649536acec08416a589257e340a41af194d0b1521e550f8f87ad78226b44,CHAIN
1752686615,3456959,e9e4d3ce7e47cc0a45d5619032127852f2a6aa080907ee88c17cc6354a1df1cd,CHAIN
1752685190,3456943,708cce895dd8b0b738117c41c938d1fc3020f2f8602ab1334b4f2b3cdd224df1,CHAIN
1752684902,3456941,b1c9ce18870f4e0ad1b9e95474cff27d48c4b4c574f04bc1533a75e4d934d7a9,CHAIN
1752682909,3456930,1e1ca13db306cae38e6f3acd36278015990160b46c74569fc6c8e5dc380ee0af,CHAIN
1752682677,3456927,2b51a1798298d986f01cefe5441ddb28e72fc83489299122b95b6470e926e543,CHAIN
1752681620,3456922,6d8036b627e10c772b8cee1d811b91d952daea8c9bac6e70d2d115dfae4a8d20,CHAIN
1752681100,3456912,b8b060b709d5e70855f1696311f37d48cf5e7aeabcb7a309b238e9ad0bac2f6e,CHAIN
1752678746,3456891,8298ee1a93cc1aa6d5f9f112c84b15c41f7d55a1fe10c944df4901c498fd69d9,CHAIN
1752677417,3456880,c999c17a8c1752ccb86bc98b41250fba959943f6a683d8e7f80d019c08337d1d,CHAIN
1752676473,3456877,be5bf40fdcc5af4a3f2cb53a9961b6d836067461afa06e3b3cf88f058429276b,CHAIN
1752676233,3456875,b2aaf9175a621bd985dfdb5f6c55133e7e4c1d24b958fa781349086be8f38264,CHAIN
1752675985,3456873,3ddc58e004eddd476619213b5fb9b263f636b0c97fde9a9e8badcd1b5475e10d,CHAIN
1752672222,3456843,1b6cd17be2dbdd2716a4a39fbaa50ff488f2d06f240fd96301a41af0446aacf4,CHAIN
1752669621,3456828,6dd7fc74caeabbec45407125f01625484ecd7606f10c2788553e5fc7971b454f,CHAIN
1752666730,3456806,a1f910faabbf8ab5c44062c9893dc08ab0a7c46eb5d8f2db4ca22a0f87a696f2,CHAIN
1752666722,3456805,3454e02424075030db19f874ed955f0be9a927c1e5a2219cfa6250c917cb2fac,CHAIN
1752666714,3456804,85a67e14e6ed06fbb26d1dcc8dde7d4ba56f5f244b41aeb5dc2f1d3b7aeabb17,CHAIN
1752666530,3456801,db2a98489744b9921069e013d5b84915e187ca87a46fcbb0d46da7c53c1d2340,CHAIN
1752665289,3456792,d2c8cfc2206e0e4df919546a6260b7505375ab67e49ed8c9447f0c9769681094,CHAIN
1752664129,3456782,bd400144f21f6ce160ccdb66f37f21543331eb18a91cd72cb025e7693f5df9ab,CHAIN
1752664033,3456781,761745ab2f25ee37de99ad310e216bc133915539bbed619329ede726c9003ede,CHAIN
1752663857,3456779,e31db5da9cb32490c32691dac1efe3f47467639b4543add040296f3b18b9d551,CHAIN
1752662960,3456770,d3fee976bdddb0ac2a74d4b39f40995cc6112e8435b774ffcc193ae8522f924e,CHAIN
1752662560,3456764,11e520b77deb3349ae268e4e41e77899390c30941a0f58693f889b112e257c33,CHAIN
1752661503,3456755,dcbbb9425ffbeff91b7c2c856052d5e29290c0e09d60d5023a728c9887d1fdfc,CHAIN
1752661367,3456753,d66cba3e41b2f120d2f43033568949baf97d4e0b40d33cdbd08ec2f287ff4957,CHAIN
1752661071,3456752,d8771608c10013d167dee08c667b77d97efe643cae7232643fac93a8767dab84,CHAIN
1752659902,3456744,ebb61757010a1b7f364730087770ae3777faf5419e3606e0f6ec1fb4c551804d,CHAIN
1752659822,3456742,91398e344f16910f3ee1efdc4559ad7b7bc2c48eaa1410c79f57e878d8775e2b,CHAIN
1752656156,3456722,6f72fc1162970b878f3261ed1aca14ee533b7e88be41500fe2528c39610cfa48,CHAIN
1752654627,3456714,bf1d78e9e2602e4d1b5c361baded04b3f3b4217f57d99c34174a3486bbb6bbb4,CHAIN
1752652009,3456692,dc3c73efd5268848b9374e95f3d292c4fcdc20b306c23c5187ec12e9446582c8,CHAIN
1752650896,3456682,b42cc137e76ed35130c39c07f04f6896d48ea55f4141db3a78e5384f5d6661a7,CHAIN
1752650504,3456678,bcfdef1abcb768395bf7edf496f6f81fa148908cee077b179e46876e0b5845de,CHAIN
1752649375,3456668,b305c4fbf734b7bdd3b54e00b2dc3607bf7c976ab9a466f02d34cb63077addca,CHAIN
1752648230,3456657,30f7bbc796b7a29e35f3e1aa7b2900c0c2cd9c339918185772c3f5ec09c73e73,CHAIN
1752647805,3456654,6e4bc375edc03dde17675bf78f4d965b3deea79a45e43e2c6d2b7230d93f1625,CHAIN
1752646428,3456643,f01dc12a936e51819e9dee1082603187e002da62507a72c66bb821d9dcffd4bb,CHAIN
1752646180,3456642,2c41e6bddc1e88e80831f59af9cd9bf9d998ed999017215ba455db5cf0fe21f3,CHAIN
1752644010,3456622,c5fcc6bca5ed17b8a1455fe5b9127b6967ec176ef97e594b0b66b769d7f63d0f,CHAIN
1752643778,3456619,3a051305f4fd231e55b3ae60f91c8016aba57ffe83d8fd7aa702150adb604cff,CHAIN
1752642490,3456608,94a5fc590163d609d49ffce116325587aad5abd0ead36cd79a93da3f16296d5b,CHAIN
1752642097,3456605,ef37911e2c221b8d8e5d909ff94b8b2ec0aa68bfee27c7b0e7e345775b07225d,CHAIN
1752641889,3456600,8f11ddce8ae2000c45944abf172cffc16e27711ce2bd623951e576b945ac65f4,CHAIN
1752639488,3456583,f59404a15379e3b860a6134ab3ac1bddb4bb88d21ccf9ad60695df4aece887e8,CHAIN
1752638247,3456571,5e30c4bec25db77e2a38da8946501f2af0f0b718ccca0145b35cb7eecaadfd3b,CHAIN
1752636758,3456556,40a2173fe5e4ffb38bf4315e4aa707ab668dfddec2b5e4fe832e9d3ab07d28a5,CHAIN
1752636694,3456554,ca29ee486f6e31abbbcd7c3e1a993737da608d859f64328672245b5034e9a5ba,CHAIN
1752636638,3456553,5ff91c9f0548248968784bd209b2d62d89c679258e8c581897aa7665258a265f,CHAIN
1752636190,3456550,a99b16c99128515401bcd7ae8dbdd7ce86cf576da0e3a437d7c347eeeb8b7f6e,CHAIN
1752633396,3456530,4f4cdf972f50d11a524ab85c3e32408dd5d0004cc450d6b964ebe7d0824ff89f,CHAIN
1752632619,3456521,e2ba80e84ca65e1128e17b1208d5b6d13c1d590b6d3b36dd89091a1a1d762170,CHAIN
1752630946,3456509,9a2184d963d71d2de346c7729c973638d068ecbf40d2e698f77f82f724c543f9,CHAIN
1752626992,3456479,6d97a998b2609690b9e784f30ff69d9ea2b9121fa7e84ff372f33fc220199178,CHAIN
1752626592,3456472,85ffb61e9fe3915f8d263c00c49b1e67ad20551f98c4be2985d5ac05cf5bad15,CHAIN
1752625343,3456461,4486701383ce5d793651149cf7529df203c557fa6c060f5fc4c1b6b552d2ca26,CHAIN
1752624150,3456451,156e0655684f2999b30e0aec2f7c050d3b44b43f0ff6bd940b69c4de68ff6a8b,CHAIN
1752622797,3456438,2a6dd2947bb0fd4407376aa03a847c7de00e382aac40e0b077e105f6311592fa,CHAIN
1752622693,3456437,52f9cdd5b7d2b0611595618e9222c428be171639a8b50a1a9bd56805fbc4b7c7,CHAIN
1752620916,3456417,736c6d98d1dc8940a472f069ece18ffdfc56848676cb5f6865f0dc4d405c1826,CHAIN
1752619899,3456402,4f4d9c20933821e046b954c06e6d34f07cd221148425cc75d18ac4e5d011900c,CHAIN
1752618034,3456385,52b44161f5d47d77a56b696b3c87cb33e635e0d07a85d1cb35398ba9b79e446b,CHAIN
1752614336,3456358,a12f793788b2fd430f9c37ccea865ee7039c640c87dede614d924c49734959ac,CHAIN
1752614120,3456355,b0c24198e6cf660e7977d3f80703d4c5cb03747a7755a57efd06522514b50413,CHAIN
1752613960,3456353,d0c9fe8ea9d0ff883c971d71ffca4daff90dd0e13537b0d7680e9eba4fdc472d,CHAIN
1752612583,3456341,e43544a49b17f470aeb04300fc3093744a040d5acb972c11d64fc7f6a83fc89e,CHAIN
1752607315,3456305,693fb829955570a4d515cc031cdbd6d67ec25b71d74caaaf87d917767e0c0d0f,CHAIN
1752607115,3456302,5467e0b30ad73fdd0fb7c1ca960651e4ac07658e06f2ae4a48b78e414695eb99,ORPHAN
1752607067,3456301,73114eca4a4bd70698b8ae4c65d4fa74ce8b2569631d179fe8e3f93e554425dd,CHAIN
1752603001,3456266,ab13b23165a1fa1ba7147cea985512e236032b9767c717efe4ca02d5ffea8701,CHAIN
1752601352,3456251,aa83c946119d60b40b1e0d2a4f4fd073a6df344a8d7ece9f987f7ecc4f73b24a,CHAIN
1752600215,3456243,29a6cd6b505f4889e31da967e145c5bd02418f732f8f89ec57710dbac4e99623,CHAIN
1752598382,3456232,7f634682ea97535c745b295851f50962cbab8713b7f637616ec32740a84e5511,CHAIN
1752596949,3456222,699cd4ed49bf7588f714cfaf8e181a24ed8dfa459fc21b762e71b2eaf409d026,CHAIN
1752595788,3456212,5b6e8f6145a00a5bffe1a72b36ab9d6b7b8e218620ee2f98fec098a7a4ff6a3c,CHAIN
1752591697,3456188,6079c25957400777286685a6a2d6d99fbf8fb55bbc5b2f7c4869d7902b88ad16,CHAIN
1752588784,3456162,19fcb09d42ca0f63b96f01f55b0dc388cf38f425e3f24cf07665763267194b05,CHAIN
1752582059,3456115,beb125753806ecdfecf83f524636a3d9d394348703ed1264c92b6db07cbb273b,CHAIN
1752581003,3456110,a62ccb089ea98b98348f650ed8117a98e396f7b814341230397788d4560d1a2d,CHAIN
1752580738,3456108,428ed68e3a5e1c6e2adf9d56f19e24bbbfdc43e2007985b55c7571bdb41a3863,CHAIN
1752579258,3456094,622c30c81eba43166423768040625346430e3f18fd61094987770dd286e7702d,CHAIN
1752578137,3456081,9f2f2820232b53e4b05e5439789612edce5f4b680c07fd52562116775d9f22f1,CHAIN
1752576656,3456065,a8833560aaf4863b7bb89f8a2648b5c4eb14066c8bab3dd8b1fe8bc9e317257f,CHAIN
1752574919,3456048,f085eb36200dec4e639264dc16c21ddbcc607e7beeeb3797c576ee9c27345f22,CHAIN
1752573574,3456043,98faf10a012bca4e9ddb212c4d3c3a38dbd8c9b8fa18335e1d21deeb91fa1800,CHAIN
1752569851,3456015,e4afb3a3ad46b2807d3fc8ffd4e75dfc4032d0239ea5917667d561dbf1f0a8c9,CHAIN
1752569683,3456011,2d1b68109f3892c7e4424834cddcea1517c2537548770e810ebb72568944042f,CHAIN
1752567058,3455994,e9b823183220cdbeb5aee9283211b281707206908798ff47119feed430d079ab,CHAIN
1752566714,3455990,706d072e7a25754cd81ad511188d3bd315affedc06bb43551b8650ba0536ef19,CHAIN
1752566682,3455988,60b6742e87fee7ececf4409602379a7dae12f8fc1c586b084c9e8ff0f0632f14,CHAIN
1752565657,3455977,6ead848dfabf9385fc5de6a19c309bffc6ca4683e345059a9bfe87b2f43b6357,CHAIN
1752564464,3455965,725674043e4ef1c572bef932dc87495e78ef7592769d2f58b8d86314469fc2c0,CHAIN
1752564032,3455962,0c389229ee77f8beee991900bedf683fdb4c3f2b2187e9091ddd320646e72fd6,CHAIN
1752562935,3455957,c0d0919cffcb908bd8ad7dbc9ec441c4295a71664a88bfa0542a9765f1f92858,CHAIN
1752562871,3455955,7fef3a63490a8f815fe72f5489d954b98c21d08dbe6629d7bb2007d7b4fb603c,CHAIN
1752562583,3455952,b582402d9abfe4487eb7041555d2ef93815701a8b4d33cb63f2b0d1e2ceda5f0,CHAIN
1752561718,3455945,42c48e325b4f0ee0791711ec80399e56cb9848d7a80d7a897bc9f035875f7d67,CHAIN
1752561166,3455942,808ced470083733bd68b028338e83bcb68b07245dddbf3811f0a644bc1e1a33e,CHAIN
1752559933,3455933,e178b1c1b4f25352249613388132100be50f491040eb6fac8a449e584f09e9d0,CHAIN
1752558685,3455924,57cd35162fe3f4e91ca097e7487f6b441609efa0e419d2a420046536fa90fb10,CHAIN
1752558597,3455920,238252849a9c932962b2f1a149af6b7b90e22ee640bb37d53a4aa7b66ea6864e,CHAIN
1752558589,3455919,cd1ec834549f44c6e01a4ae3308db7d2fea4a463e6ac72a176612e7018abdeb5,CHAIN
1752551904,3455861,e13cd4fc7636e42d2c15d4fb69546932f032039f600fd40ceb05a7c88315e522,CHAIN
1752551760,3455860,82d75ffb67761e5defacdeb29918e744266b66b5b941acfdd634b4470b779476,CHAIN
1752548911,3455840,98a2303a76f7680efac9a9f188bdfec900f99af61ce0ab482ba7846f48946e0a,CHAIN
1752548847,3455838,2e2b0e0eb419e61c8de9d4300878e1938893eac13fb7023087830511e85088a6,CHAIN
1752547910,3455829,e26935f389968a2999d5f2ec0ad39f3c4a6d3856334d15c5d2a00222db6e3aa5,CHAIN
1752544780,3455805,5d6ac31ad0d4902c48a2a7783a948a6e81cb9a7c4ef89f861e0c51bcd56ea39f,CHAIN
1752542154,3455793,eda1428cd37af1ed661bfb6873d247ce0bed09b91650721f820cd56ef94486fe,CHAIN
1752542042,3455792,117186ea6465bebe72a036f2423722c7c0262ca42287abe914418161b9b6b5e0,CHAIN
1752542010,3455791,521d4e972a02a47ed256b5d599f03141f227c4bce79d8bb367da17d553a5321b,CHAIN
1752540833,3455777,88e61099d83c782f9d52e5819b9b77526534bf04c9acb92e2d02db9b68d9860b,CHAIN
1752539064,3455764,171372846d11713b5559e96ea7fc82844429ce09cbdfc23c06f4f5f8458decc7,CHAIN
1752538088,3455757,f5f0bcd9401dd00192ae40cb641a4da00e145357cbbda1a67eaf2ed1746b1e8d,CHAIN
1752536175,3455741,e7bbdac79cadfd7c83f9ba013ca241e899a0ef63fbd46ef6c18fc40f2753d175,CHAIN
1752535126,3455726,32ab40d7c83c904d6fbbf5b5db0d50ae2c97d7164c65af2ae4bb1d61cf2c69aa,CHAIN
1752530899,3455689,868a79d2f5dc9632c7721129ad3ffd339b242a1061d2aec04bd1a7eb46970fc7,CHAIN
1752530723,3455688,bbe3fb273c1ac8a77f5b2e5e0006919fcc804512eb253a02ec9d0b636510da7d,CHAIN
1752530635,3455687,ab9304614201097d4718783dd2373fb8f1b16ad7e1959592d111c2252a63b01b,CHAIN
1752530515,3455685,dab06a0228ddf00ed55814f25ef9f8d5325c6d2a0eee06d414e3fae6d79c46d1,CHAIN
1752530483,3455684,acfba0a93d245a867ee2363954a3b6921542f72c8667f3ce3036530da0770dab,CHAIN
1752529602,3455670,ae235f9945d4cc319ed82db4e33914038aff18bd58c67b95538a1023b0f9d09b,CHAIN
1752529362,3455669,71e605483ce4c9a3c03490657dddf1af1df0df39e1e2c7b38a846f345fb9e051,CHAIN
1752527633,3455657,0a717f28d5b4fdd63c94b5d14ce118c82749e16a6a0c2163a193e37a9707a2df,CHAIN
1752524039,3455619,33579930b97c8033e2ce4a6fb2d0bceca0299c1aa0edd43125137a9fdeebd9dc,CHAIN
1752523967,3455618,4340f73266af0f5f50d454e3c6c9a6bc63f75d6cd8292c6a0a75ebe080807abd,CHAIN
1752521101,3455599,7fdd6844cae82a73258968bb2b246260d69fe83d8ca8e7fc2478e15c7eac8699,CHAIN
1752518179,3455579,7d77de9f55666cf710c1f6bb4905c75cdfaad2ef90c7f44a71723eede14979e5,CHAIN
1752518123,3455577,18826a05f138887383d016d7a88a4b7cd3dadb79b74f67dfbf419053b0bb0f1f,CHAIN
1752517971,3455575,5dda058bc4d1e8f6afe20484d155916e3a438617dc629f5ea31a9138961772a6,CHAIN
1752516642,3455560,5752ad60ff26dff6812df21199694992e2e2f921b911ab7ca3c4a3ce9371aa95,CHAIN
1752513657,3455542,1300487362b186b18b6abceaa4a68ebcdc367b0779b4a24be06b06ccdf8b5ce6,CHAIN
1752509790,3455517,0edcbc97f2f12235ac43baa7a036862f1ce9b519355b88e4a4c56474924be5c5,CHAIN
1752500945,3455418,86e70e987a5b291b663a8115742db7c193103490b7af31950d155f56367163e6,CHAIN
1752499224,3455401,cb0e3355d8508878d6420bdd0d0980ca1469aad88f78986c369b9f99270a5004,CHAIN
1752496774,3455381,ce35216ee8a0b9d026e34e44c2016b227609426d1f893c3bf91b3915a357d7ba,CHAIN
1752495117,3455369,cfebb93cac3174a5bc8b5d3e31b0b43219af6ae2869944ea3e272448d4104132,CHAIN
1752495109,3455368,293362f029c220fc93035b3413d797ae7ce0e4fe505008ab73daa27eed140f66,CHAIN
1752492395,3455337,fd7e6650057483d2fc631c0b61c630a9f2222e8678daac8fd1b558bd1ff7d7d1,CHAIN
1752492387,3455336,3540148237b15c45092b7f7e77dbec87b94b6485a53840fb0ff1dbac7eebb7e1,CHAIN
1752489594,3455316,f82d10a4e6d75cff8daa56360916d0c1347f15eb9fd0eab8df6f6cd5d9e06ecd,CHAIN
1752489530,3455314,caec0fe7f32efe3afbebf138172ea680bf65aaf9dce7928a013ba057fca79bf3,CHAIN
1752488089,3455298,de21aef78361e4152b7e05fbb06e4c3dfc7499385f8ae4da978bdf55e32eeeca,CHAIN
1752485815,3455276,88fe75ef258a93372a4b162575115c7d5caf4994dc9ee30ac26dfb363f363939,CHAIN
1752485471,3455273,8aadda03f272b72498ea6938e9bf53d8e5c2a72b81621b124cc2ce1c2a84f117,CHAIN
1752483101,3455260,d1f06296ddf67b9131ee6178a8eb5d4119124c9af22b9696a10c5e5a9c704b42,CHAIN
1752481300,3455246,a53d7450dd97b86564f6ddcae5c254d2b69139add4f3aeb6358642a7464068b9,CHAIN
1752478770,3455229,9482ac5f06ace8a4b4b6a096fb88e608f7e559d8cb535790b22421a29f25fbd3,CHAIN
1752478370,3455224,408a521e1943adfaeddeab35351376593b9e544866aa75ccd7d2490a9cc30090,CHAIN
1752478346,3455223,1fc5b1d5297fe4c641f168a05d6e0bcfe0c9688586b42b1d81e71f4f3a836eb3,CHAIN
1752473399,3455187,b84869298f1c36feb24ea1e3863eb2188c52a9ae4fb674d5f1961669f750f663,CHAIN
1752473143,3455182,bf4a0e54ef39c785c96ebd155150f87cd4ba547de97d770e1a15451242e17519,CHAIN
1752470485,3455157,d9a720dcf463a7bb983a775f77fb1be6b1df20386c39dc51f46f50b3a1d186c5,CHAIN
1752468028,3455134,c2d523d30b33d3553d1fe428a324b4e3fb64a2d8e815b28bc5f44587d4136f0e,CHAIN
1752463545,3455100,c1e3fd439b7ac028a6b147f91c6ecd5dba4d7708b31ff5873ab64e84e668f2fb,CHAIN
1752462408,3455091,874e06e6d0e8e7013a09c7cc06238b40c4bb14ea0ea89429ce3093871a47522a,CHAIN
1752461359,3455083,ee11284f3b032f0b4a056a742b232907cfc5976b82a245d40aae81d8068e0021,CHAIN
1752460999,3455075,4fc3447ea772e83d459b686118452b21f5fc04dfabe0339fc2f534779ad1c71e,CHAIN
1752460143,3455065,3875c4083fed06b5acddc53552808885eb4839aac6aa74904750694c371d0de7,CHAIN
1752459719,3455062,533579f899da6bb4341009c78def984a8fea435f7d701fb69557dac8cd8ddd01,CHAIN
1752457213,3455047,2aa975c05d3de17ce9e20d6a23b9dd2e752ceb33f2e837737db98a49898f3198,CHAIN
1752457109,3455046,f7350ff081173855c4683b179a9cea1816daa18877e8333e76fd79b5a51d3996,CHAIN
1752455892,3455036,cecb8faf125108a3c0a3691249ff761ea8f5a9619900e5e1e1f8229bf7256bd0,CHAIN
1752454875,3455027,7c9c81cd869f97b578599d8059a732045a1cc0a7e90e9b49cdd5799ca5a23d90,CHAIN
1752453634,3455018,22d73dfc2d72727ccddb5b2a0f5239f5050baf4d1be5b33ed3a76668d3006fb2,CHAIN
1752453290,3455015,1f5c0aed0d80a7f2b9e1ab7bc8c39c735305e2bcfeff1bb7473a30d71ba34b8c,CHAIN
1752451930,3455006,93926bbb2f0bec8ec3af247feed63c4a57ba9a60e90204bd305c3c14fee8a305,CHAIN
1752450929,3454997,597f2366b688182685b1a810203b84e9b38b279ec25ef6f7e212fd1cbde33bc7,CHAIN
1752450849,3454995,b2a14a3413ab66adbb8082d526a0fddf8dab9f059cbddf500f1907fa4fddfc4b,CHAIN
1752450665,3454994,3fb075ef78d0410da8771a3f4b7aaf5e3725e3de7b91d58cb1861a180eaf24df,CHAIN
1752448143,3454975,60f023e5b127862db66945600eb8581d3b91ebf579791e275c60a1a520d4d2f7,CHAIN
1752447743,3454972,ce0df97deb3556561d3e4c4719c727517d859ae24b4719b62a88d8ca94c7b427,CHAIN
1752446582,3454964,dbe5169432493ad25e01063f29434dd3ec938333fadb39154adb8eafa1eb1dbe,CHAIN
1752445533,3454952,cdac22ad78eef6f41b68d06290590c98806ce18804842d30db23611976a5ac91,CHAIN
1752445149,3454951,dd7c81a64ecf41d64a533960b6386add6482625b53ad5350490f2c2e773fdfe9,CHAIN
1752441859,3454923,7978dbb38dfc2baf823b10b5f212b9830d5e8b28cc57876a19bc9e8610d24288,CHAIN
1752438081,3454893,97c76620b91af0b352ef4329636a0e4255d10cdf8d27f07f9356a33615b55f23,CHAIN
1752437737,3454891,eb1ae9c2bc48315d90779c2f77e0891b8a284e621c52fb2db374115051a0ea23,CHAIN
1752436664,3454884,1f0da7012f381667ae13d7338219a91c74210cb02edab80deb9254d61441c706,CHAIN
1752435335,3454876,71dae257182a353c25db9670095d0782650ed3da51f3a2b980a8843e88106d27,CHAIN
1752435287,3454875,d447223d5be04070598361fc243385b2435e32a4d08e47bdffe65e7338ad332e,CHAIN
1752432538,3454849,26346be16441bf87f410a59e32e099dbe0161ac94b1af07737dd2a992a86e207,CHAIN
1752432530,3454848,d644294ddd4d998d7c067f7ce07e5263b740e2d6e037535b41c0f3f75f3fbbff,CHAIN
1752432514,3454847,a0c1882023edcaf425f5f0e374b60145d305577ce8995e23101c1c0ba417b0c8,CHAIN
1752429491,3454833,a6032ec076d0d8519096942feeac06dcea84e4eb52236d5eab9510c96a89acba,CHAIN
1752426993,3454811,e411d118c499cd97f2bec7bf99741d9e88bdcc7035bd070b5bbaad20386df2f2,CHAIN
1752425464,3454787,3ac65fa97c614a343e97a94d2061aa1fcce7db36c12d4cf452a305b01b0316ef,CHAIN
1752424583,3454779,008822e564fefd01abf38fe0756a04f2d379dc7d5fe3b393d80b9771af63c696,CHAIN
1752424511,3454775,8954849a02f5a4b35f428393ed4c402aa6615b2198c84e1665e981c8b12bf57d,CHAIN
1752424407,3454774,688a001fa5a245faad5eed104cbee4b0d7cfc70cfd6ba11bb4f8d0fb4885c153,CHAIN
1752421797,3454758,e0e21e8ea1be59077c5ef2f903f54e1c440acfa1c3ed94af4a189f0427de2d52,CHAIN
1752420741,3454745,467e7cbaba764d497085d3f9591a2728790f23951b78d7fb361cfcd1d498d959,CHAIN
1752419084,3454733,d2cdb0acc6503a05fdd84bea7495a874bc99b37482fc505135dd08418849dcaf,CHAIN
1752417731,3454724,9c35efcd5b84d4bb6b7a9f7644d3fc67942bfd9c9b9467e8482dc8e5a7657cf6,CHAIN
1752416242,3454713,9e61817a14d1023b6894efe04a8d8d253c5d9a22fcb28777739f6e232ad494cd,CHAIN
1752413848,3454693,8c8916d9b59f43425e8c6d4db7c85525b5588d7664b8b90d43e033c0bee42d9f,CHAIN
1752411415,3454675,baf251765e847fe0940d5fd44751fea17729ed37f1d7541bd451f17274da46cd,CHAIN
1752410070,3454665,0b8075952465dc7a51c7695467a2835a28c52de9000deffba21b7738385fc5aa,CHAIN
1752409878,3454664,8673a37240a26245f4dd8b6cedf79e1ebf9f7669291adaaa26a28b8e0320e7c5,CHAIN
1752407533,3454645,a331f3eae8456a355e1f54cf48b465b8a554aae8c12f4fc76bbae2207688ba93,CHAIN
1752407245,3454641,5be2e75998c19c957e24afee9221b72d98e7f53983544d669f7c673d4674a670,CHAIN
1752406709,3454635,079f9f3e16ad848ed7f75b8fdfbfc33b934940bfabc4bd48f827174a68ad4ffc,CHAIN
1752406228,3454630,2673eabfb194a7b9f23c982438dc8db3eee7ea260498b0fca3ef3c0f9dfd4f39,CHAIN
1752404460,3454620,869b8209492aee181da249f0398fff7c4dcd6da6c0849f52d85792e6488cd04c,CHAIN
1752402731,3454604,3ca2475f2dc4ade5e125cb1ddcc5cbe9592e29e41f554e6c4608d3d1a69849ef,CHAIN
1752402107,3454597,eddfb5249a7f7ada79fd6f6ac293c2ceda1dcb0eb78a747427114a7a3d7ee054,CHAIN
1752401883,3454595,f8ab153d32ae82be818269949dde0556dc0e8d967a9ec7f090096eb710d6c138,CHAIN
1752400803,3454586,08497a4a5dfa83bf1b78f106bff38b8b41cf91059b13017bbc4234b359f9f701,CHAIN
1752400675,3454585,30a8682d8e72167b2f77cc6bd8ab120a57c83cc54771851aedd0de2a82d98467,CHAIN
1752399170,3454579,9ddaac322d7ffb9c7eaa16fd9f562ae9a7c5e7a9fdebb8717bb615488ab23e3a,CHAIN
1752398066,3454567,9b75db93cec1e4573bee7230f639b32164438848ba642a912a8e5bb20d2c0918,CHAIN
1752397786,3454564,c56d15e7f49a05efea498f01e8ede4b81fd85df7e7d548a822aea5a1cb30b55b,CHAIN
1752397026,3454554,f3c6d39aa7f43c7a8c9f9c379b12e5d5c606c19d18e5354fd93bd036b239eb7c,CHAIN
1752395305,3454546,990e8033b658820d3d77496d7371cbc48363ee365b517ff0efbfd82a572dc2e3,CHAIN
1752394409,3454537,686db442567f29e9845091158737e60cb43e2e16548f1035aa62035fad90b6f6,CHAIN
1752394377,3454535,3579af63a85fb36886612d00859b05d2d1835904f0430b96db79c98cd4d344c1,CHAIN
1752393881,3454531,ecb55194916891309d1c2c4b9ef49e0b46003bd65035356659980f88ae1750e7,CHAIN
1752392384,3454518,edac8f0807434eaee1b0bd5999c30ddaf9db761ab05077d6731669e0fe1c421b,CHAIN
1752391880,3454513,47a3c4cc7210761a1595923cf33b7ccc154027678229dcc1232fd7917adcfd50,CHAIN
1752390792,3454504,05bd4a34a69f17ca96db6dcd5b0a300eabc74801e9d14467d07e74fc1c539056,CHAIN
1752390432,3454499,e3449d16446ffba69053da90bf42ca007c58c17b76b9b60a175c63f4f9fb85e9,CHAIN
1752390031,3454495,48e012b4f02b1da19287ccda9875eeb003c70c536873ec694d4391642edb3094,CHAIN
1752389351,3454492,4b21e4c85b2f0778c158091f169487342da91db39252ab561cfc680d1e3c3078,CHAIN
1752388639,3454489,c408083402d91a3c5363dd81f238d50b492cb64a6dfd6246ce78d08062e09fba,CHAIN
1752387487,3454485,c60a48abcb43511ae099def40e18a1fc0ec0bb43f1d07c535f7589ca552ed531,CHAIN
1752387383,3454484,a3fb6edf32db398bdabf92d7f6849c629f96f7ac638d8fc62df3816b8fee1994,CHAIN
1752386622,3454481,239b6c71f661e54fbd88dc76e1d7b626a917df1eae1882a13dc3ffd1637bc79d,CHAIN
1752386422,3454479,208a21cb99f15018fff1f3de481206afbed877e8c50c5f0da6868513b29bb648,CHAIN
1752385574,3454473,8e4f3c1198921501ab255de020caaf394d272df2175b41aa575ef036964e9a65,CHAIN
1752385326,3454470,3b1edbf423b767648945a4e6c858eec189c8c11633742cb7f3026bb457391f5b,CHAIN
1752384830,3454468,1521c1b516a112ab1db0bc817852b6fac4d0a89f57bf1ebdb6bf18a65a1b9755,CHAIN
1752383894,3454466,3c86c1d173fd69aa7bf45d538b2c171aa4dbdfb93612ef3c3a2fa2965c1abbdb,CHAIN
1752383021,3454459,b276acb6b876c75d3cdc509346b446d0752f448206388abf5c55f6030c832ea1,CHAIN
1752382053,3454454,134e941432a9489f9e64600ddb4e09cd8431a50731af32771785a4239a87a911,CHAIN
1752381397,3454444,b929267d1629d9119943668f358d691abc11e4cba500ff64cee5d67a788c856b,CHAIN
1752380917,3454438,9a0dde9deb0af03139d2ee8f328c409ccfb5eb24773253bd0651f6ad927d4e4b,CHAIN
1752380637,3454433,4a0433ee7cf24800c9c13ad9c429fc82a38b9dac60160f33326fc837555e360d,CHAIN
1752379988,3454428,238e10fd93a79aa7d3679fd23d9fc1fa71f9010b56a654ebe4ff8675eea233ac,CHAIN
1752379372,3454424,3c5c22c5f3c84689664bd4d9368f4477851a9cbb0df9db8d6bd0387a528624b7,CHAIN
1752378068,3454415,783a7b6a2a5b60035ebec8a0b3c1fa7aa876dd2648bd93ed3c485e8e20e1b9a7,CHAIN
1752378012,3454412,b015cf06c25d1e65693774682b089eadf486cbfd4b2c9f4843dcc36211cd1858,CHAIN
1752376555,3454402,9b57494c98e84fe8a4fca4bd3dc2cec47e86c22163c4b6332e3f004982499d8e,CHAIN
1752376515,3454401,8b943f18afdf26402e11f537e036a4d321fb1e0e28a25c647314292c28ab7412,CHAIN
1752376427,3454400,05619a41c9ef11863be7ed377c0f8b9b761522321630554f396e6d0cdc2f4baa,CHAIN
1752376339,3454397,c1f960bb6b323d505d02f8c61b5da63904a14ae6ad7bc0dd1d7438fe01749e09,CHAIN
1752376123,3454395,5aab18b5b637e5c54e6b7079498780fff9723f74aa62624888273ccca12c23e2,CHAIN
1752375235,3454388,1b2bac4e088b4d6b32573f8a71ad6db9d8a4c8a2d0d59a976fd7885dc9dab25c,CHAIN
1752373586,3454375,f6fc86f511bc7e01b58fdbd93720482f8b50863dd727910a50e4c1c8ea537185,CHAIN
1752373226,3454371,e6fc2688383be2744c9122842451a52e93826f4f2b5c50289e4a5426cf502522,CHAIN
1752372178,3454362,b762bac729c6d1038efbe77ae16bf21222925a576feaa16f18e14d3b61f36809,CHAIN
1752371962,3454360,4f2c3c8c598bafe7420310e66fe273b913f01f990176a59ddc74a569e054601b,CHAIN
1752369985,3454352,cbdbcaaa809748dc17ee23e47f84b81a3f9f90dbae6fcb0c98b0332baec68e43,CHAIN
1752368657,3454343,e5d6e883978e51340ccb350ac835bd63051cc69b0fb6897ad17ab6b5c7d7421d,CHAIN
1752367040,3454336,495e00ad61fe595a0e2c647c84b6e8164169cadd89f6437dbfddbb7e1e96cc75,CHAIN
1752366280,3454327,391b33763ddd9a0d7cd66a2c4170d7e42ec12234d7bc11ca01f995f75da07fb5,CHAIN
1752365312,3454323,3af926c0a4e66c0b0859858e7223e55e250b0308778fa534fe7991f05fd35b79,CHAIN
1752365256,3454322,40160c2bfb42f66edd215d527f48d5997612cf3ffe7e1c067491a627871ce9b7,CHAIN
1752364968,3454321,c465ec28462295db4c0bd0b161a7dae3c51064a8ce3146f1735144807d04aca7,CHAIN
1752364936,3454320,457ec6898a6b98c5412a2e71e67baccd381527f86ce9ef3b11374a7ea85feb2a,CHAIN
1752364808,3454318,114fd4144730a24697d33ff06ff05246d409e18f2cb45526443d336e5e59a7a4,CHAIN
1752364400,3454312,cbf44f4bda880bfa2850fc6effda586f4fc2cb10f6bcda000c4d7172e8e76351,CHAIN
1752364095,3454308,69a8f33b8fec1c31ca391deba7cf0a89918f77557557ca0dde32446c980023d0,CHAIN
1752363983,3454307,b34226268b21155ad7292c10ef8388fadbbedd1d58efb31ee8bcd22ff2236a88,CHAIN
1752363727,3454305,facdd9a2b730a0c5c5fcc975b4eaea7185ac6a435e5ee399f65520e5eba94c09,CHAIN
1752362087,3454291,6fd21d93bba47add68befd0d679f0c1f8a5056da21e5dbbd0e66b54de56ce055,CHAIN
1752361991,3454290,66aca68d0b3e906601465f450b1394d14a32d35c3cda03a423b11e331bd704e7,CHAIN
1752360862,3454282,5a8e2cd6a5a4ef46a7fc0d3bde0301f8038a3a6901930989f208ae2065dc1232,CHAIN
1752360830,3454281,63f887dfbb5cc93b5a0b18506d10b2fe391fc55e8b49e4d8248af98a11598c76,CHAIN
1752358574,3454254,c0f812061cc73d16e914b7cd2502ca55c13ab21e71dbdf4b7540b999ef8cd9e2,CHAIN
1752358014,3454250,891942fb2eba8bb32d27f07571e27913bfd5e3833f3abc41093c67a9bd468073,CHAIN
1752357982,3454249,8991b0dfc97d9bc2949bda6401a4448f4c282aa53d6e087ceb9172546e3148db,CHAIN
1752356821,3454239,a9b48d59c5fca9aeca645683f37f58b195b70206802c5f289088a98839dbe47f,CHAIN
1752354805,3454217,9a81c95262adce9a6b4a6268ca13fe1e3c2669fb5d22124039c3999317af3918,CHAIN
1752354260,3454214,759f075e22ec4586a423b5f04d5590b19a911b043c0144ac89d5f1652f802f7f,CHAIN
1752353892,3454207,aa9943a6c5adc6a4a8f9dbeb05f8c89129a21ac3857a3fdfe7f6566e95e5d6b8,CHAIN
1752353204,3454202,e0a9db8afc6c009765f314abb28feb4dd3bb5528f4181f637b77260a8f76e333,CHAIN
1752352860,3454198,8f08f360a32f2f7cd909a47d497c1f82206181faee8350bf5b7fc31c9bab4fe8,CHAIN
1752352676,3454195,5ca7d8a45746db12e5e27e4ba71d21575c1787f9dd97bea597b99ab0c8ea657f,CHAIN
1752352140,3454192,52e4463dd3d706514dc452ea87e43cefe4924e6988822dae3811a5414e60aca0,CHAIN
1752351844,3454187,666bb9182123a3f45a49f3c67f05e4f5f04b78bc807d1ffe560cf577b370fc08,CHAIN
1752351540,3454186,2e188ebc0aadcaf8fdeb96814f06420b1103fd313f21dec5b5d898c5b87c8138,CHAIN
1752350667,3454178,73ec5554eb493913b0887562b94bbe41d65144c4f996985946a45a042668d57b,CHAIN
1752350499,3454177,cad77ba7023c49eafc42cc4862f7a6559a575c88375e2b55b9d1aa17d51ad7b3,CHAIN
1752349435,3454164,22be17859d3eed589d6982092e4f284ff71aa743080f1e4af29c383ffc25be45,CHAIN
1752348483,3454154,f2f45fba8a15f2b0bd14d7809ef791ef349f5d5dca646a85c938eaad487ca118,CHAIN
1752348355,3454153,ffcc12f008ca2177a3782164c47db70d3b1c730bd46e7f7ff12db1e4f4deb5f5,CHAIN
1752347138,3454146,bfdc4792efbf10b9095a5f4a8f8677e249468991c077e81bd32033d77f796d33,CHAIN
1752346466,3454140,2b15135f4f677a4074828288a309c497da1162e7f10d6dcd3128faf03e8a1a66,CHAIN
1752344858,3454121,18f5b5863e4cbd5dc435fb4c23aded085be25075881e6197a5405b0f4d2f01a5,CHAIN
1752343665,3454113,6c0d1030bbc9fc3a1f3c3393cff352d6994da27d7ace4f8d2ae2d5076f923854,CHAIN
1752342961,3454107,894640dfd7d11bda996406d9bfd411061b472d9c927fd591e16bd2f925bb36ab,CHAIN
1752341617,3454084,18c45b91587a1df6fa2f412b27a4938d5ef98709322d078bfdb6bfa1547f4438,CHAIN
1752341569,3454082,bbaed5de1d457ef831b3c0526444a1900d8f9de4a95cb20205dc331586606f9f,CHAIN
1752340856,3454072,99b51ff7a58087af9b2df638e93988cfe9ac889cb6900cc04b7e01f05d18e274,CHAIN
1752340192,3454069,7750c8bff960389b0f7dd54b0923c9034861810512084d4eec08ffe96ca7bb52,CHAIN
1752340168,3454068,b3faa53881366b67a074d8ef96e5ca6176da3e584a9e78cf0755bc62a876c799,CHAIN
1752339784,3454065,a1362e5349cf34996d477fc6f50d4df86f602a9e941b46146affaad91ce724f3,CHAIN
1752338128,3454048,6a00082b0907429b88b94d8d6a3b17318ad6c371311b8f5298c81d790d29c922,CHAIN
1752337704,3454044,42902be4266a531de05716801e30587b431b1cd5208fd48a8d00c2a9c78fed4f,CHAIN
1752337575,3454042,d9ef59141953ac103487357a13bfd5b6f7e2ae2191cd4b23d6d00fac746d60ad,CHAIN
1752335935,3454030,3fefcca95a501368c8303cfc4bd7114cfd3c7c4aa4f48be8c632d31c1e1a2f3d,CHAIN
1752334270,3454011,1121d528ead4f96ad9d3c5108f4a0e9b74633a667ec3127ba054cd67651680b9,CHAIN
1752334086,3454007,44ce9e61d2571bdc89afa7f299a7c16c5139029febbe2bb0b9ad4dbcbe07a9af,CHAIN
1752331222,3453996,34160ff6ecfc94deb45401fa262cb0bd2cad1ab8cee2ab5e5cb5701fae19400e,CHAIN
1752330461,3453985,8cf2f5c2796e506319f219e69e323e6c5762900758c2a7b5ca0cdd117b6ad234,CHAIN
1752329149,3453973,d1058c6a689cefb1a90649ff7267e028ee5aa00a929fc6e3df197baff8666a04,CHAIN
1752328477,3453966,9150f98cdf6e0535eac3ebb5bde84a7c46d34d57329d597e506a043fe169eba7,CHAIN
1752328253,3453964,2bc047e09b1db3ee729d3fcb354c01aab4e232e87896ae1b479e2c03f9b06e64,CHAIN
1752327845,3453961,e5c0c1895f70ba4150b5cf9705ef37fbf5cb7bd6180e20dffe34022ed29e9594,CHAIN
1752327676,3453960,9cfd8790321fdd3e4936d4697f5d4a4b618b607c40c94977833361efc16d0b1a,CHAIN
1752327412,3453957,621204f6ceb3bc6c74d2fe80ebf858d7feba5158f502f7c1a1cb4299fdfb35bf,CHAIN
1752326292,3453951,48dfa2b96e6fe954752eca121e673804879a610bdbe36141980dc917f38a2941,CHAIN
1752325940,3453947,b8379479eb17bb02dc59d2e872bc350661a8d73c3e832d3f28bc1682792e4639,CHAIN
1752325932,3453946,e63a5d69eaf1228dd59822689cc797e98c19c09b59a51bff57368ed10746e1d0,CHAIN
1752325260,3453941,7130b6eff037816c58f69afe46181a8f82311e506b2f65da1a53f0c131e29600,CHAIN
1752323339,3453923,4d3defac89e19ec6211231a34567bd8d858882a9f3aa214a9f7f91b833a3af95,CHAIN
1752322707,3453913,846963b75a79d58b6510d2db8c5545f7729db7773012ad23f8f34702f3bfff2a,CHAIN
1752322499,3453912,b7eb1dbd45e08633c75634fc0bf8e3c04da97a1f09c93b63996f76a2a7164731,CHAIN
1752322259,3453910,04e8ed015d743c5df3c6c4c4d317a343fe17b9447b22ec89864b51427c8557e7,CHAIN
1752320634,3453893,82bc8b5c1c258ea99ffe010f2f0e06c6ae56078613cf94ba6190c80f4b94dbba,CHAIN
1752318913,3453879,3c0eb7b298599341bdeda0559ad9edc0a437835fc26d3e73db1e694a99b69ea6,CHAIN
1752317776,3453869,b077ce90f72e99d732beabbe385ae5d8ebb4e675f7544ebd34729cadd11b9f36,CHAIN
1752314214,3453847,f81076fe0b9dba460c32d2f93d4a76cc7d2d666b05241da003c12932d2a2f379,CHAIN
1752311684,3453829,6b4296bcc363a79648b45bf0bfdfe16907ae8bf6557ea7201bb18f1e9bbda14d,CHAIN
1752311316,3453826,89445315664130b112b26e6c9e281bfd431c68d99d9cf33197de23eac4a86592,CHAIN
1752308962,3453807,b296baf7a14cfeab46eed98cccd226ca42395c824d7e55d0df8c08b468dff292,CHAIN
1752305969,3453782,ea2e7088a9fed5840974859354ec2684258ad9e786bb3de6024a66fb3680e345,CHAIN
1752305672,3453780,8c5a0ad35bf294b831bec3ad7a9a0c3fddff5057ff3613584936e5fcafc2b0cc,CHAIN
1752304408,3453775,aaf32d79e342c5862e54922ff56c8027817ad437044f8a2dcfbf9170272caa7e,CHAIN
1752302959,3453763,d8e8deabc0fc4db020bd54325b5e1d71e461e15aa85590d37287b13623399098,CHAIN
1752302583,3453757,bc41f36d5e45cdc5053c4c40a2bb84dcffb72609b92235c0d1f7f6bc4eeec2fa,CHAIN
1752302438,3453754,634c438131a682d3afa5f733752cd752a5a8ff518711c2ff1788cab18c3ef1f5,CHAIN
1752301438,3453747,a55f8b607a2903c046b83b5a40589c0a15db954b2f51ec3c54477c04f74e846c,CHAIN
1752299709,3453737,4a9353ada29a5e36693d13feb362d0524742c6eadf38e820b7d0ee6da1925092,CHAIN
1752299621,3453735,da5eac99b79c0d0b02a06d4b08273390a9a770af67bd7bd4de33cf3b455de321,CHAIN
1752299413,3453733,704afe690c5e1591cab043b05cbc2f263e7ef6867bcd7165b396c040b9cb53e2,CHAIN
1752298524,3453725,6730d6e61f26d2d395b01bc778584ff9aaa2f4e49b1a215aca41ea57e0bb4c1c,CHAIN
1752298236,3453721,fc03115b148ee92906e7fdf02758a5468357362ec0bdb280ad03ab515c6beea7,CHAIN
1752298180,3453719,446b11236606d885a0151898e4cf6fed2637c5c23b31c87522a5ad0b0e0b1c30,CHAIN
1752297171,3453706,7b4eeea0a8dabb159b0037140b40488875e14a0193ef333c9850fab6397945e0,CHAIN
1752296763,3453702,d7d0bdb104d3fe01f29ce596f744063c2f2a79ce89b0b462a6a547e16c8e4d6b,CHAIN
1752295562,3453687,b14d74ac2957d65fc82a00545e94c2a430e325c3e07b26a247457a506148c24c,CHAIN
1752295306,3453685,7b8f6b09e730ebfbc079e194fc300bb28528d5e483b3b0825ade17882a9d93d4,CHAIN
1752295146,3453684,f9e7ab994a610389be1742a880aba1e6a28a1dcb2aa99cb2147bb196fa4a82e5,CHAIN
1752292368,3453665,f98d2905cfd64331225569841489c14525a8f04e12aff09898e2a601fefef069,CHAIN
1752287085,3453632,3d42e1d6940abe09ef1b8679f81f25cc41a0093560d0beec8b2f102c9978cfb3,CHAIN
1752285788,3453618,2de9f543c16fa735413e672c98884b2526a134f34d9ea1b45db88469a911ab9b,CHAIN
1752285532,3453616,400a046d191dd69aff26abd1d12fe31c5a209d3389ff98cfa38238c3f7795383,CHAIN
1752284139,3453605,a17c8948689208f83b183a9218db5faed6c229bdac4b6bcda0a936be35babc83,CHAIN
1752284115,3453604,e6e0e580ff29351bf229989d25a60fee3c889f6d0f56e1eadc453f251776c024,CHAIN
1752283186,3453591,c78cf6b098d59766cbddd1cd988c7c32259bdcd2486e00662656079a890d76fb,CHAIN
1752283162,3453589,686098297d2fcf81cc6aa244c3077e17da864ddaeae119f9a5cf61f86da8fbdd,CHAIN
1752283130,3453588,7589acd1233c3b39a363ba69e0809b941e05c91ea39ed6661194740915a77092,CHAIN
1752282978,3453587,91ec041258b6601931ab0f4b1d8c97061517f663c311ba26122097b9b9bdc73e,CHAIN
1752280416,3453567,d06e63d0ca1c130a4040959c4d7dd60eb21aeed47ae9e4940f024d95eeda1443,CHAIN
1752277871,3453549,be3f8960e93cb5e31739b2c9360dd93c92b7abaece773cb7304ebb8cb025adf8,CHAIN
1752276334,3453535,ca558cc410a4ada33220121b05112be303a666085ce42f6cd3e9ded7c559676b,CHAIN
1752276142,3453533,2c299c6c368347bbd9438a91383ec4f3d51669ddc61e19af0ecc97ee96b71f1c,CHAIN
1752276070,3453532,edce513367669bd147cf8819dbff66b3f291f728e30b167e4e51a3a3c2cfbcd2,CHAIN
1752275341,3453526,2d1cb1deb51c95dbf7c5368503f218a46269349d5854c16cf40da656d9dcaa86,CHAIN
1752272443,3453511,dbb4edd6d174c7f8295624a3236fcfc43f6a0830a11fc5ba323a82847377d6e3,CHAIN
1752272243,3453509,0deee6ec4aeb9066bda53ccab8256ec496195595fac821d691f1275bac1a31f5,CHAIN
1752270754,3453498,d143f64afde54cc892e5cc6052bbe4bf640421d2b66b6cd252c52714585b2d99,CHAIN
1752269954,3453492,18dfebe775e468d5911149a0545891550c27f24ef3b2371a253319ba20fc9c61,CHAIN
1752268529,3453481,20cd1569007ff84fdc2afae2ce1c2622fdd74b0993f844f76f6bf930de2b2f65,CHAIN
1752265367,3453466,00259f1fc7dcc1d7cd46eabf5f8ea9cd3b7bd9ec538f378f6bb9ea069034eb6a,CHAIN
1752263325,3453454,d4e4194230fe65267c259643d029d2059839ce86f9d9485db49421c61128d194,CHAIN
1752263029,3453452,7db1ec97fb219a22e4a110b68a3ff8a2f037092bb1f0e3f436578ab6fe421fef,CHAIN
1752259331,3453417,9f36fe8019678980013e37a02a8fa55da741e48aaeedc0086be87ec5abbcb3c2,CHAIN
1752259139,3453415,22bd04e0730910fb418df1d86582f4a9f1ff0d84be8d88192982b97e14d00c3c,CHAIN
1752258755,3453410,adf6df3e57fccf6ada6811ec6a9c74902bbc17b2b6c277de4d75ec9ea1eb5a51,CHAIN
1752255384,3453378,06bb3a2e3a113f417b942a7a2748e643629a0c49dd0e3525d2b1c9e48cd7f71c,CHAIN
1752253839,3453364,ec3c2f8c07a15a95ec17a54946d5a61a4fe402b9c3c62b219e6e7d91b5adb7dc,CHAIN
1752252406,3453351,47a94aa963b38e3e82a7040b4ed6cd7bd6e149f5b527d8bbd2eb05990babf8a5,CHAIN
1752251382,3453338,8b003dc152212b890147f99aa3eff5cfe145921032dd633713f58e186fd21f6e,CHAIN
1752248748,3453315,70edb8f5e5fb673db2c80cd2257db52a421a114775965a5d0d31bd1474271f32,CHAIN
1752244601,3453283,4f53b168d8fe1fb6c4a74976c25cc27798c308e8414d972fa28c04abcd6380a8,CHAIN
1752244241,3453276,949562648c0c8d2801e186955a88133c9f66a2b085cf2ae1b7760e91f31fbe35,CHAIN
1752243329,3453270,593266107ef771cf8f19c11c925cc0d3e9c50ad502702e03124796b2243c88b5,CHAIN
1752235403,3453197,86e50abd68f466ba95fed68c4ea82d5b27d34598a7544e641192105bdf0d86e4,CHAIN
1752235139,3453194,d9f3ba98a8dc491509d6278ed2d20fe9faa4764654543f6e9a32af7ded9a8b07,CHAIN
1752233995,3453191,cde9177cc8a6d7a0f432b68b06a2fb769928c521a506ff8890083dd8e9729624,CHAIN
1752233898,3453190,f733a008ec78f6b8b0352b0038b04fbc30acc3d7b2c7a64129a20d0f4671f09f,CHAIN
1752232378,3453176,b6514736360cd4c7ca6dc0a6118fd7820dc469ec475ea0766b7f55a90fc0fc26,CHAIN
1752231425,3453167,e80d2a4e829f18d4fe5fdb1e6720fd96459bdb1d164af663cf37ec94fc999f42,CHAIN
1752231041,3453164,19e649ce595f5db9452acabc7f714a1794b4e3e899430dcc79bc4fa0da823f10,CHAIN
1752228519,3453145,0e18dd988b83bbe40b9ca2a7cc4e1069e2dd4d2880cb427110852391b5f0b163,CHAIN
1752225989,3453125,eb6ef70d3d38e45fc468b1bafad9e6fb2dd2c906fd2bb5d40801e2eed6b1298a,CHAIN
1752223044,3453104,0f670dadf6e62250e6d10f32dcf902765c3b568c7fbec93ac84fa8102650be1f,CHAIN
1752220826,3453083,1d1ad1cc9024b988a5feb1222ea2fa350456a8319ec8c33535d631e48d7f2e73,CHAIN
1752216944,3453050,b35f7ad312003e81e4c95c6963da697c9c36f9f527711fce3acaf8f8834d552d,CHAIN
1752216504,3453048,1dbd41f76a593dd58db593ca7c89f2066d719d3df448cce1626223839983fa2b,CHAIN
1752215207,3453034,193317fcf11b508c84fc4d342b593782a5833af2c1af6ca07e534ca91bc5eb8c,CHAIN
1752213910,3453023,d3e4fa6621099d9e4b4e51fac7f2e1cc3fc5abbd3cdd5e1263befa6ad9eea62e,CHAIN
1752212549,3453014,4ea9613aada3fe3421ee0e4eff3ee5c214a2dde4e7511cc57ba02d7eae18280e,CHAIN
1752212485,3453013,ae755808126d6f1137be3211b3dbbcef0d8d5f8a9f47a2655d2b7c1c238ab82a,CHAIN
1752212333,3453012,8b610b89db0c00dc6e169038372d2537bed878ffcfd099b869edc33612ad9871,CHAIN
1752211452,3453003,f50180bb34e7e0dbfcc0720a074a935b4e6babe794b19e11954f44f19938d8ec,CHAIN
1752209955,3452996,44a16c86b3b627765421266524814fe088a871c85a94c8a928ceb17566a73a4d,CHAIN
1752208747,3452986,4e3459f31736af07ac4624370fb1aaeb9d37e2d62059fcee3bd8507c21023b05,CHAIN
1752204472,3452954,bfc262c7cd8555f1061ca8707020d5aa409c5806b17137a9f49f452f3ed78c0c,CHAIN
1752203239,3452944,c2fbef254c667a54c625c2ea39a27c2d91e027716e77ac17472752b79c881f8f,CHAIN
1752203175,3452943,9ca20813038cf9dc270b1f711dfb8591a6c175f0e2b316dadee9e62fa7ec1834,CHAIN
1752201710,3452926,c9e99ed42157e63557cee5878aa48a639b5cc7a01521b4ef6bb6f5a8931f4755,CHAIN
1752199188,3452903,2be24c6d4e3c66e1872db9f40707f1316a36872b29bc368d1f8db830690a5b25,CHAIN
1752197547,3452891,29bbc5f88b80e15f17582edfffa95278642ede0adb5bac00f0efc06a8b202658,CHAIN
1752195010,3452875,7bd145a1ae4696781751b126a736a0bb0d916ea92815ff9de704195fdfa8b118,CHAIN
1752193729,3452861,0b0c8491a994fe6d34107490ec58b18a98c2fa34099308c83526e816ba51f840,CHAIN
1752193721,3452860,263a535954a56a4c36e1d6b81f8ebd049fa85f8a3f85f59c9c091d2033114e60,CHAIN
1752190887,3452835,f16cd4593f4385de02a37931387ff64922463af3c4dd9ee80390b1a0ef1771ae,CHAIN
1752189350,3452824,b95788fb3a67f6c9be57d410af7866ffa98210f6fe481d4da849daca27da570a,CHAIN
1752187909,3452802,20c4af3f50ac99db45a9c9661d44ca7b7a43cc351f36994d718c67886780cedf,CHAIN
1752187797,3452800,24850e247e53d636fe699270a8dc94960a095740c004376029e8343c2cfc40e5,CHAIN
1752186836,3452794,ed46bd65e7701f0d58a5aebe9e88c85c47d9f313c262e62575ff79094cb574b2,CHAIN
1752183931,3452763,4225dc5b84983441bf55c6024e4efa3a83fbbcca145a561ed39b44bd2c898392,CHAIN
1752180984,3452740,2f2dadb8d6d53cb4768ac6d5269a3c30a2e5120d79ccd160ff7cdab70f11006b,CHAIN
1752180872,3452738,fd6a02d21ab871153a93acc87a8e87cc0fa0f7fb7091455b51952442b10ba14c,CHAIN
1752180800,3452737,a83b50bce53d75f4d1b3f977c7fc8c5c3eb2e1f4197e0da8c90d91f2a0d1b72d,CHAIN
1752179480,3452725,9ebd296154ff19a96d757360b04b15c41d59fe242fcf80376c15f0d643dab00a,CHAIN
1752179231,3452724,e881fe2461c9789507af73856898a7baccdf93f4e94a6f5e476ba6590f9be38b,CHAIN
1752177751,3452713,5f9c2ac1c3fbc0fe434b0fb212907dd5d6fe01e207193047c115860ca25c7fb2,CHAIN
1752176422,3452701,eec778f2e0c8e5d73d788a3228185181f9b3af4c71a29f98dc1dd05ababd5347,CHAIN
1752173804,3452684,cf267c75a7d5427dc5d330c9ef9bd5d2779de648ee46330d3fdbea0a808c641b,CHAIN
1752173740,3452681,03dfcb649b8b8b3b3156d3d4d6f17b1f28e07b346ce7f93a75cbd9836bd6ccc0,CHAIN
1752172387,3452663,258a855546686c538fba9edc3efb20c47e39a9b4bbb7f9edf2b4c2d40747f54f,CHAIN
1752169961,3452646,c73a45e59341d03c0455ed37a15f63ab3fb61fce1545363011803d5e77e8af0a,CHAIN
1752169889,3452642,bc441dd08b53dd1ab1e5b6380f9f9e5c3bdd5a03cb808d4127a58747473c2967,CHAIN
1752168560,3452631,6019ac7dc73eba39b42b0ca49ff8fc063156e0faef175002710687ae5ab46aed,CHAIN
1752160387,3452565,4bf8e713bada3d1afe83b2ec5145d38de452e95856c89f5ce8ea40166e0a4f36,CHAIN
1752158818,3452556,6df994b8fd406ea8b79917fdb007ffb314b54fd536d709a662dbf8aaae712acd,CHAIN
1752158786,3452555,fb3da333fd4397d35e560f1bb733e1891b03a9d01293223baec52a10ca1d4b27,CHAIN
1752158754,3452554,296f2b29f65d02653d71206e716b52c49f26b2048187422f10ae51b7ce68750b,CHAIN
1752158586,3452553,e4c26c24e1f896a105783f34d0a6bd999f2ffb9fe4ea7410a03fc90391dd47bd,CHAIN
1752154231,3452520,04fadaaf18e2fafe85e598024bae517d7e6fdf0f33ce33b772a128972b7201bd,CHAIN
1752152975,3452514,8573408cb37a64fd31832032f4d4b6d1ed29f12db6e1efb9e1e5d3da1417bb02,CHAIN
1752152766,3452513,4cd7284c428a93d37c8396eab8480d595a8820c7ea100c7237e12612eaa1d5d8,CHAIN
1752152622,3452511,d25576c3a775c2fc7ed3f23eda0c2dce89f9566314f322646c9967a6e5851cf5,CHAIN
1752147971,3452470,ae58909a865080f922f2f068ab42fc08934d25b3f07212d9470bc5a02e7a1c97,CHAIN
1752146298,3452455,c5a343f6bd1e277d863c74b6d499042a026d015e3ba9288e3a4cd9f9ca3aa261,CHAIN
1752146018,3452453,40f942aaa2662ea5bde9174f1ab89728c0adeace6273dd96a8bece6f47dd9e30,CHAIN
1752143080,3452423,18832ccccbaedafba971fc2fb8a609fdd4de21c87c2b6e4e93d4915f61d9bb28,CHAIN
1752143048,3452422,f98e16e180c67c69ed2537dd8b909befaa2af3acb6fd39509de03632e31b7fac,CHAIN
1752141303,3452411,5144862c45b1bd6bde135b4a8e86b1b5bf1881793164f25ba77a07c7a764bdec,CHAIN
1752139830,3452399,f16f926e65adc39ebf7ab54e3f7ae9cff2409cc604713ce2fcdeb457c886dcf1,CHAIN
1752138533,3452388,1e15411da523deab5a20545268ca01f4b0e0a06685ffa18640735ae333fff6ad,CHAIN
1752138181,3452381,614e8e34ab0c1ca1d3547ce0a2abfcad4da96ac78c520d84e4d0b483b46fb6d5,CHAIN
1752137012,3452370,bd86da4e2b0ec98b7b1d6e8788022adcfe1c6cc9ca97f70f852145aa10efeec0,CHAIN
1752135523,3452362,21ba25d324e93314fe47814a09c174812c061ea32437c616da1bf11f48e6afac,CHAIN
1752135515,3452361,547a1de486570a65c116197d00c9035c20b0a47d707c1001af705a64c0dfbc67,CHAIN
1752134010,3452354,b6cc26feae001ad460ac275fdf1542d4a5e12933900df0f7f454d19e763990ee,CHAIN
1752128062,3452310,966392d398ec9b17c2a933380443b97a33dddb533c76deb50752b3e12ad81d50,CHAIN
1752127102,3452298,e650d9ef505f9701b401c98e3cd54706ee3c453ec7e052bef9732f7cd694436d,CHAIN
1752126766,3452293,e8ce90a13e65175466bbb3d41ddb8c2b0e299787721fef22a2d0a2c7893948d2,CHAIN
1752124564,3452271,a0469e6624d3617f7d2f61e6f250ed7aab21ad9c60b29970a9db7bc6e08eb9b7,CHAIN
1752123371,3452255,06c857864bde1314033b977631fed088b5b118aa703102dc991ef4008ea3c32e,CHAIN
1752123211,3452254,34a6e1208516e239a00eb75dfe7fd0e9952946452f335078dbc39596265c4bea,CHAIN
1752118904,3452220,5e13a63bf765ae340b11516d7664af77bd768846baf932470f302171f19a6fc2,CHAIN
1752114317,3452179,1132bebd619bdd815af8b0b8faed2279c821e2bfa33261cb7050643e6a4dcdc4,CHAIN
1752114189,3452177,7faba975e3ae14176f403e684d2b89bcdab83f28b7e5c52d0c9df351c66a341f,CHAIN
1752113941,3452176,42cb5309075a54bea535d96c16d9cf55bf766f7efb8d9acabfdad70e4e655a23,CHAIN
1752113925,3452175,502a5e2616bdb361075db3c1288b1d9a359fe25e62b1764972ca0030348f6fb9,CHAIN
1752111451,3452146,e100afa2e60ddc487c129f3db2b17cf64783feb15bd7870b71c0138e9ea8407b,CHAIN
1752109882,3452134,5a953a2c1b10ac41a9d75d1c8776504fb69b0b81955dd695658aecf6a3e5cfc6,CHAIN
1752108402,3452123,bb6f062b6d60b318f167fea66e49f9014844fe307b5591c6788c291153d84272,CHAIN
1752104383,3452090,c7ff61ce3347a1d7e462115ff0012f3d0f1f62780b87bcb4945e62048a3486f0,CHAIN
1752103342,3452083,eddc13a5dea0c4cf931499680f63b17c307579515398c0d3fba1996f62f99375,CHAIN
1752101653,3452070,f161f510a4b12c818675d10a5ae1ef52307142f43d713622a2c9506d08cdb3b1,CHAIN
1752100388,3452061,2b5901df8d5ba5fe7d76f860fd473bc3f4cc9a46891d3bdcce3f7f574fa59855,CHAIN
1752098979,3452045,fdee3f64b4f7d47265f26c346b3b945594921df3460e5a0d1ecb5f2148752857,CHAIN
1752096346,3452023,d6c0af6006b661eeccd9eefe1e1737439834bee5a137b94a204397da04163f3b,CHAIN
1752093808,3452000,aa1d7c8ae10c2af7957105cffb4707106b05f18c6b71c27a6aa32e125f7c09be,CHAIN
1752092183,3451992,f16e0abd5edaaf5284e55b7be71f29bca3e60f7a1b122d76f2762307a37554a0,CHAIN
1752090830,3451981,0574b9088b1c73fce48735b74fa7b2bdd2d034a937660d4ce8f6956859626215,CHAIN
1752089469,3451969,408ee77e42820062eabc03f9fd0cb8426924c86e281e247de5927b36b7547e29,CHAIN
1752089461,3451968,5de7e52c4f4a8745726b5a63c2702ae56a5cc38364bbec8299e1a64d1340a349,CHAIN
1752089301,3451966,b72e9243c6afdafd94b174ba95624c579fe683dfbecdc7e1eda083c866cc94b7,CHAIN
1752086699,3451947,ead743fcc711b543146834c19ad23648becada15228327e1b3e39c411801ad7e,CHAIN
1752083938,3451929,af5eecf7bc4f6a6d3c5363e2e82d2dcd59cff62c63d6e4c803af52db47cb4739,CHAIN
1752081408,3451909,03cd3b6370041771bd26c1264c4168413b3176d80684b66b6ecfc901af108a2a,CHAIN
1752078743,3451878,d9887b01eac516bc34e589bc170b11f01bc3d37ff01e51873a52dab71c9dacd4,CHAIN
1752077542,3451868,81ed2c0def9edcea2e2930e48ff532436d37e1c77d282d5272f6a8aa94613db3,CHAIN
1752077134,3451866,62727ecc73a30a2e806f53b1d5d981f82a5af6ecbbe5dc4f11ac6e2de61e60e4,CHAIN
1752077094,3451865,e9197a647b4937e514f6fd269b82ae38b4fca12b2bec280458125eaffe5c9de4,CHAIN
1752076381,3451859,7318b18b907bed9de196adee81a5c955413dd279b8ae6cf1907d63a04dc78b9a,CHAIN
1752074724,3451838,e1cf473867603e8a056c65ed2d3bc89e3ed21a1a95c00323a39e7a206be32e3e,CHAIN
1752074716,3451837,c37b66b75180147fba8e4d863ee9835d8e80f24e54d324c64f9fb09bbb266438,CHAIN
1752073395,3451822,afe39e661c908b4c8fd13da0299a0145bfff55bc6ab723178a2bc7e8ac57ba8c,CHAIN
1752071971,3451812,173f1775d32581c55e06a64bdcc204e3b84a0142240acd5c7b2bc26f35b278d7,CHAIN
1752071418,3451805,b1ff808715f0a830a105709c28aec597d028400e50de9f125358ac7a58991feb,CHAIN
1752067456,3451777,1041e56b094187e052b99b591cd384192137b90311336347093e6e00b58e2ea9,CHAIN
1752066807,3451773,1d05cd619ef3192721a7dd65c038bb716f28f68507bdc8e45469f7b2cb17a578,CHAIN
1752065438,3451765,bba2aeb9d813e42a85c774321c53acf8aee446200499a3d656ffa7f69ca01e61,CHAIN
1752062669,3451743,106bac5965d1b3c486cd294856a3a327bea143825b645c4750d14436b49da7bb,CHAIN
1752061972,3451740,f8f5267470d989af3dccf7ce4fb8a6d8c41a92086bf6f31f18620665a60f614b,CHAIN
1752060892,3451727,c546516e896ba9a7187e817ed1d951811cfdcd95c71c84cb212fecddb0825e38,CHAIN
1752060724,3451724,b548d40bd016b132a375fb5eed424aad8dceebc91170b5f272618139dfa843f6,CHAIN
1752059331,3451712,5b82078c40fcf192cfc52de6cbbc0868dcc2a53352d88a762b042fa620fd0546,CHAIN
1752058306,3451706,153e2b392b3f557fb6ea0b189e285dfecf2532916cf8fb7ddac4ce40708d02d8,CHAIN
1752057169,3451700,efa06bcf40e7854c875a54526f45a676504ce92400b0dad97c745b8e5b1fe097,CHAIN
1752057017,3451698,0d18e183227c15c1430e3957972b726e37e1a7515dfdf11c7ca2a020272eaf18,CHAIN
1752056817,3451696,bb90317e5eac1b7d345785c35947387ab5a89f49672baba5c3377998110eabc5,CHAIN
1752051830,3451649,8f070cf9139f8e859fae2e30bd554ff8e0395ff0176de2ff526b6ad1b45e60b9,CHAIN
1752049332,3451633,376d29a1c852c845225847ad1c190da7ac9711bf0465f72655ccea72e9a0e80a,CHAIN
1752049076,3451631,8cc4eccbf98e5e48963563564a9f2e3a9c86b96140615ffbc2fe0813d451216f,CHAIN
1752045530,3451604,f57feb818736c2e43ffca1ea6199de59efbce096641f690b79ab9cc30292751b,CHAIN
1752044489,3451599,d9890dd0e0a444e1ecdc7294c1c605078d61897d33b3c8f591303fc339e8ef24,CHAIN
1752043096,3451583,ee7cb4bfaed048e4959eacb00909db0bdf6ec334466fed0c6cb1b692fe52c199,CHAIN
1752040110,3451560,5a3814a8ebd8a9f77d871a7d89bc60cc61404164f9b548730475ba542bf3c296,CHAIN
1752039894,3451559,31f67ae4a1c486ff28fe96cbdcab954af1a9827b5685483e7ceacfd78aada81b,CHAIN
1752038653,3451549,2e8a1b40eafd46186b5d846605d3f463f6ef87fdf7e60b7281d979c2492b2f45,CHAIN
1752035003,3451519,a88be32f87c476abda360bdf5e7583fd20dac18fccceba8fd84cca38da8b4c65,CHAIN
1752033418,3451503,65f99d2b135fe0ee901b5b7707fa92284a446910b8b93a587aaf3bf67a7be0bb,CHAIN
1752032489,3451498,91452fdb0c423451f71b742e82aaf72833ad75a1ef50c94f3ffe18c1307bc2e4,CHAIN
1752030864,3451475,a37e84c394b92345395213333c59b830c70b4bf57291cb553cbae2d3933e2031,CHAIN
1752028359,3451453,80a2900440940a36af247865e971968c024953740f5034634b04186df22cb9cc,CHAIN
1752027086,3451443,2c2fe4b8bcfa24f325873e90499347bb63524d83e12adaf11a74ea72babb0d4c,CHAIN
1752025445,3451432,78f1f7c4fa0a2b4ce66fc902f781bb7a3417e4792a3d21c5b75fd9e80e73e57e,CHAIN
1752022186,3451413,554c0926104011837a27e2c345a31937522c16e2e30fdfe31569f3d401ff0e15,CHAIN
1752020698,3451405,131999671747cbd3583e573d8e8f519dcd933a3aa84984062343dfd186da2b21,CHAIN
1752020642,3451404,6d3a09a992d9dd3f7e3b6627dd45b069b1931eb18270c1d9da64f29398a72b4a,CHAIN
1752015110,3451365,d742ef97c00c76ced2af3cf3a8e9a72ee65c18d0095b90e528263aa06ea87a91,CHAIN
1752015062,3451364,6b28e97d3b3b1a20da1d4fc05eb8ac8585b56f8c2a8a1834a4253b5ee56477b9,CHAIN
1752014958,3451363,6be62be92b4667eeaae94dffa4c15cce4a2e7cbe0a8032b4cb5997894bac7913,CHAIN
1752011812,3451336,654c8b657b3c45e257e90825fe0ff273d73e03f9189f338e112ed2cf9e3a89be,CHAIN
1752008794,3451303,2e701b784df9a6bcf541d848e8cc601782f7c6be8e0d5e301698e03b14a9f772,CHAIN
1752007329,3451289,536403bbcac5ac04086379f1e9e0aa887a13abd1dc876b52e4be47a61e880c2c,CHAIN
1752006552,3451283,dda49b3e642cf8e506fcb6ad06fa342bfbeb3bf3499cd53031ec2294c3cd2d23,CHAIN
1752006408,3451282,8b14ded2496ca433ce8082406c8b01dbb04659610e74fc9ce230e3a1947a22a5,CHAIN
1752006368,3451281,f9794d4619905fdb11c19fdf7f4ded26adab50986c2eead0a12175e5f4716e8d,CHAIN
1752006096,3451276,0e2aad32c6bfc5a26f7f1504663fc016ca0e062cf8c862e2b77ea97cdaea1af3,CHAIN
1752003494,3451260,e2edb04cd8fb98236cb08b44e0a0f8f15ec2ac59a39ade1fafa9a624a347e335,CHAIN
1751999852,3451216,e92aa136585ad272ad85bb3192f61ad1534b85ab45eb36895b297b300848a50c,CHAIN
1751999628,3451213,d67331a16c436338f29d23c2205a9cd42f3d932558272764f482db02a0ee8ce6,CHAIN
1751996658,3451187,edb9de384289f958404c9ed5bc6c933080c810c258b9d69f5d544f5bdf432bbd,CHAIN
1751995401,3451168,b77e23e813dbb80dc6976805d61befa2ad8ac61efb098f1227095fb1e10c9f5e,CHAIN
1751994016,3451155,220cb11f4ff6e90d04ae4f28f12d3550d66cd245db97f7279a3c2feb91e7a5a6,CHAIN
1751992343,3451140,adc387deaef74bd92b755f7f2a4543f04062142c0dfb47283e2e57775c2fed61,CHAIN
1751986299,3451087,076f5ec60e320ee31760e701167f9d2e9cf850a40a367f86787c74869e1f391a,CHAIN
1751986211,3451086,004cb61f6fb4257f58127129c193695446e79f7dc3e90bcc9b23288a1b0b1318,CHAIN
1751984426,3451068,3303238cf05f501837200ebe5175e267d5144ed0ec0e5ae49908468163691fe9,CHAIN
1751983025,3451059,2db78ee2973b435d61cf437f78e387f37eab7a6fad2861dd9d4794b3eee227cd,CHAIN
1751982545,3451054,9a3b9dcf524ac250c31af20d535d2d3e9e921594ac353298f2ffba728a027628,CHAIN
1751980976,3451036,61d4696ac7be30bf41cbb8d53ed9b9c8e49c6c537e8ee739ca8f45d439aa4f57,CHAIN
1751977573,3451010,9fd3176d7c99ed598d52e89518242dd32d9a8bab76593384ae28daefce856ec1,CHAIN
1751975212,3450993,d5e0b0f501632f153f7241248dd031ae57f7dad6fcd1fc692817b47a22b8625c,CHAIN
1751973787,3450987,c6296a7ec0cf86d806cd6b34a1ba13d4c7491c677a2cd517693c2e84ee7bbdeb,CHAIN
1751971978,3450980,5f9f627db9324760cfded4b970585bc8129af9971de123746a0c33453bd8aeef,CHAIN
1751970257,3450965,99590a0b582083efb3143b357ed751140a7eeecc26ed412079d0517c2860ef56,CHAIN
1751969985,3450963,467ac126dde8e25cdf43e4782ff8824d9499168be00c34ceb45fb2cf4e25108a,CHAIN
1751969688,3450957,4ab434b8c058072185d510e2859cc11f3aae8f45bd6abdf9a36ffa3880dd0c38,CHAIN
1751968592,3450947,14ab99766df849ba4ce76127a2bdf8414bb26315c88340bdae599e9309cdd94c,CHAIN
1751968200,3450944,692037f136a1c69f3de1394f945b52a45ce18ce69418e7331df3ef9a47f4654e,CHAIN
1751964125,3450898,0fc32e17f49b9fb60da29506e912619e1d6772b8c9d4600007262dc392197708,CHAIN
1751963757,3450895,2d1bb400d193dc8bd24bb88ea52562e6f427ae6660a6bef948334ef1a312ec25,CHAIN
1751962932,3450887,b2a0c419618c6803ab940c1e86d52380072c4a10fb944dd44539d99d035eda48,CHAIN
1751962740,3450880,bd416f497c7681798af8a862a1e2cfb9257a9bbd357523e7c9ecfa73b4ea0e06,CHAIN
1751957568,3450837,1568539df24b3c5d61ba3773418e48372f267e1585d1a7c777ad02b4a55396c2,CHAIN
1751957320,3450832,2c9e281ac6ca0d61ed2dbc16d29189b890e13b52279e8b5341f06b4ee7974058,CHAIN
1751953230,3450797,3c9d3191631bc415f56fab59a21ff48f16636994483564bede6a5607197aceb9,CHAIN
1751950884,3450776,ca433b0d3051a2a400909ea8a1959e3feee07d2f037a43c0cb3bbf302b2372c0,CHAIN
1751950420,3450771,4b11fed8205020621b1ec38e1bdf94b0ea76941bb95afa2074eca11fee99158f,CHAIN
1751948635,3450758,20b2050ea29feb70f1fb20ba47c0ad8b000a61be153811b50768ebde6875f5e3,CHAIN
1751948347,3450756,8e43b8276303b03939070b28d9850520ef5d9a040468332d80e91ebe1e7bf5f1,CHAIN
1751947258,3450749,e882e615892be1bd3a2d56532f51a9c9130310ed6a17a398a90f109d54b9d45c,CHAIN
1751946674,3450744,4bea8154f921702e119e019bb07ee8957e0fae1f3d54a7a12900d8884a68f130,CHAIN
1751944465,3450721,5e03fa49a36260029221e8e1dc5b66bf2ded2d4ddf5cef6f3136aca62a44d212,CHAIN
1751939181,3450678,1a45eb695da67e8a723e6760390a6c9644eadc7f27fcd919cb47361bf97bb549,CHAIN
1751938533,3450673,578b28e4dd0d87a810bd36c407fd6faf211698176293c147386470b5fe3e1275,CHAIN
1751935147,3450655,46f3c7e770aab07aad619e6dbc5e7b724f2caf26222200c519557ccb3a84eede,CHAIN
1751934450,3450648,1f121fa49012fc7530506332bafda561cdb23af8c4fe5c23ddb8f392bbdb4441,CHAIN
1751933185,3450633,ed8507a0789c15b1ce765d575e795ee8ef157bfa5482600279428e4d764244b7,CHAIN
1751931929,3450623,f1ed220fb6240fa4fb2f079f27731348f8b0522a459c5ef4179a752c0cd4ef4b,CHAIN
1751930256,3450612,f2eaf07e7201ab98ae1fb06fb0b509f15f9d3f09a76e4f8a6bfbeec5281735f3,CHAIN
1751929039,3450605,c8385ba97d4a43b45675b7df6fb970bf356b6e9cb2e9d2f7bd2bd6d14ab5ea1f,CHAIN
1751927726,3450599,8ca40635b6853cc3ff29136274d5d8b49eea7dcdbc0188681635865887a6ff2f,CHAIN
1751923739,3450568,69f45fcc30009291fd6fdea0d07a7cade681a9a5e53c4dd5e9d299e0c89d9928,CHAIN
1751923643,3450567,a3f555e11089c69b1061671d3644be82b5a91ed5def4554dd58e5ee1fb167633,CHAIN
1751920986,3450541,35dde0f85ffc0be1a6d7d19c2af0e7da985451e9b21e2e6a45cb7faf64fdb823,CHAIN
1751920978,3450540,33aa2ad7c6620b429b76d333eb08f01f5de1a60f6effd658c3b1d6b3bbd90591,CHAIN
1751920802,3450539,1046c4971ced9741b048eca73fd386cedbbec4e9c47f4f4525e2b3b5a624a780,CHAIN
1751919977,3450529,306541727bd19bb10edd8051a199f5a9ccfa1ef53f313ce024961a04642e0584,CHAIN
1751916903,3450513,01c40122c29f1d0d54e991012d110eae171342c495794fe296ba31410ba6b05c,CHAIN
1751915550,3450503,a37fd113a74223cd7d8b07ee861c1eae7ebe9a0615547da6620c94f324be40b1,CHAIN
1751913036,3450483,5695ce4baec7c8a28b0708897419933820978e50a0f4fc070a191c6e32cec9d4,CHAIN
1751909378,3450456,01ca1f94621b14f9ae3aa4a00d2f105d109a53ac188c70419889eb4e36d5e363,CHAIN
1751904359,3450413,0fd3eaf9bbaaedd6e8294c90864c32a79605a013dfeb20fe28118b65ee3949bf,CHAIN
1751904023,3450410,42417336c4eb88f557242a2259cee7821b731484a82da49647047e04e8a14c24,CHAIN
1751898955,3450382,5548e372cf1638226df1b76677110406216ea46a1a008483d7424ba8e484bb0a,CHAIN
1751896746,3450365,da7e1a18b0075860a8a7ca15150c80cd7173b0a7cc9487e2e59af2523fba48e0,CHAIN
1751895001,3450357,91ed7814b8e173ed391aaf35b6f1e32356abceae0baf1485fd0e204b51694b36,CHAIN
1751893960,3450350,e3ebe2a29367395d1c9eeafb3656e56f27bfe68fb738f34d980c641988de7ade,CHAIN
1751893856,3450348,fe341f71508c3319b2611cd57e71da2fb15ecfd0aef5088f8021220058a659d4,CHAIN
1751892695,3450341,38ac6a7d200997a3a9d34bff76ad26f7e2d1b212eac1438c88f99f38579136bd,CHAIN
1751891262,3450329,14c42395f342e56f473c85d26f600345c777ad0f5f472f221d520a5174be40f0,CHAIN
1751891142,3450327,976a650df04a0002aecb79bf57ae51eae2f761367ec94f3c47902e8f70a466bb,CHAIN
1751888741,3450308,1772cbe2a1efd75102b5e8e5abb7015178838558ee45f076eab5d1e9e5ed3153,CHAIN
1751883329,3450254,934f44bd90fdeb8e9009496f05ddf3950c7e1043b335d28b97dd41763e899b36,CHAIN
1751883025,3450250,5fdc0f829a07544bd0d649f7cdbd84fa775e3c91b8d1e52eb9f64bf411fc2080,CHAIN
1751881833,3450233,5f2944f2db087f2a57f028cd930f0bdfafe691045e947fedfd043efe8dbbca51,CHAIN
1751880471,3450225,f64b650b58eb02a440637813d9499dcb15ed4d529e11e6de59b322971c2197c2,CHAIN
1751878270,3450197,aec190e81df79b8ce323c3ac8e08297ad221f33a792d56a163f7dfcc894c334c,CHAIN
1751877838,3450192,38f1da1fecc0b8a3761bbb85159d33a2b71221b84e957aa5b1a699c4875eaa4f,CHAIN
1751872674,3450146,991f19eaa8df27d8d47661393ac3d46e69ce24c9a38acaaf6299aed678a78ee2,CHAIN
1751870096,3450128,1006b3143912c9c185256d7a205c10fed5f91d735a4a51ef7cc77c2956b4964f,CHAIN
1751864980,3450098,abf121de57a07afd013aee1e4239283279e49f03871610ea04665e448f1ada75,CHAIN
1751864788,3450096,9c1fe91e40bcc915f3e221a807b063b088c6a60c584e62717c13e4be8ba0c337,CHAIN
1751863508,3450084,bfd497ef6667501dcd7b0e9fb14e18c9f9c23782df6e9f2464439a53688ef523,CHAIN
1751863452,3450082,85c020c28a07da18645d847986d81c67e434126cdb3fd8fc01a81016f92103e4,CHAIN
1751863355,3450078,8c13848eedc0fad18a35ef7744a06087609df54da65ed37b060e82cdb121905a,CHAIN
1751862227,3450071,67d784ee57e8ee43f61b7666bd03e4fd2c19925b670e864b0de133b40cb23a0c,CHAIN
1751860970,3450059,9b5a0c65311be815275739bc95c8b902d3878079042b30bd2f3c79400f0f582c,CHAIN
1751860802,3450058,201d9ce23ec284cfcfa27727bb97ac79c6004e75e8f17703fb90aadcb47dceb9,CHAIN
1751859921,3450053,0e7ebfa5f17e339d09cc21a2e307433b2e771005353a14c858344648ad1462ca,CHAIN
1751856143,3450031,7183e3b41bedea6684e67199371face82f486be6041834ffaa2bf7a4d0861730,CHAIN
1751855518,3450025,b3a0a8c012483bdddfcd57b7e4010e79ad23ebe9ab3602753852d457aa35f23a,CHAIN
1751852885,3450006,67935b5ce977afaa69115b177d059bcbeb673267abe95f2b90ccc3d608379cfd,CHAIN
1751852060,3449997,d1ba9722f5c01da794c5780f2fba534401a475e416d7485af7b8f12dbc173995,CHAIN
1751850507,3449982,223dbc24d4b1b8ba1b88cc176574b1397ce132748843c4f5426a0785a2ac4a49,CHAIN
1751850475,3449981,b35b3f84a009dfa46976f0447c4f96b359a79c6665437953976b0395a53789e4,CHAIN
1751849266,3449968,27f0ad0abaf87df915196fa547b2f3d1f406ae40a31ada4c38ff80966bb02c36,CHAIN
1751848121,3449956,ea05f340d4707a7b38d7c35a72ee1cd75add1923914a34db3645ecf2346ac571,CHAIN
1751848025,3449952,a4fe08c9a74a69c0e3ec0d1a876ed3dd1b5eb3dbd9978c8a7620394408f39737,CHAIN
1751845576,3449931,47b214fce7dbd31c2280912395fdaf56cb26e7c5bc08df660ea192b71b44568c,CHAIN
1751845495,3449930,89cb655ce8127a33eecb0d7d1706d1561c34a7d35c03fd21bdadabffe0ebf3fb,CHAIN
1751845207,3449928,4fe7a44acd0b4c2687be4c6143098f7272c3181b0180f00d13d5a91a07783edc,CHAIN
1751844223,3449918,f12e36996dffb207f4211d7e9c96a8e0d56152467e39c1af9a512b2717fc3f6b,CHAIN
1751842854,3449910,c720c7ff597c2ea5f308b052fff80ddabedecb987e9905dab0c146efca6ca763,CHAIN
1751839732,3449876,6a46420f4cde700c2821f77f0b24858143052ff24085f82dd0712213111d02d5,CHAIN
1751839652,3449875,61d29ed5db529eb2be70041a9c9979d84934a98a0bd4c3d05465f43c52962ac0,CHAIN
1751836530,3449853,ba5a014a6385ac9690d2ef25afde6f00c9cbaf10a97567dca48d37cb92555286,CHAIN
1751834096,3449844,65251c7fd8ad0ce50530654268c2c3aa6d05bb850ebe15bbb30e7da69122a550,CHAIN
1751830918,3449824,3f423016bd3d54156e91ed42406ce189317ef67474d9d3018fdfcfd44f3b21c1,CHAIN
1751828372,3449806,91b2081d13894bd8c9d51bd42788642d5fe75980fc5b3a74d69f92b78b2ff94d,CHAIN
1751828132,3449803,5159e3cb1d1d0bbc518d3becf2f10e35c5fed4f18200d74bbc345eac01cdcf91,CHAIN
1751824298,3449775,9dcf5f9719f5eec9f8fb0a3785ef23beef3445c18b415d5008919d85fb4ee8c7,CHAIN
1751821984,3449759,a2dc97c825d7e7cb522e2742f0a2708a589368cb550562beeaa4fd6c6740775e,CHAIN
1751819431,3449733,9f0228faf6d6afd55aa416da281f87dd17a90311b08b4267e75772e7270e7fce,CHAIN
1751814667,3449701,431d9a78a917003807a0cbff623b1d8dcdd16cd2ab3e35a3d6ddc80fc11553f5,CHAIN
1751813114,3449692,8b34ee3e86fe63f2948a1dd1358ec320c7ae6519ecdb094a2ac92b96234ae586,CHAIN
1751812946,3449689,70a4f01f17a99bbc9234fc357cbf5c8f20ae26f079bb46c12baf48a69d9010d0,CHAIN
1751812818,3449688,731d70f0f4fbb7573816363655edf8209f278e1f613d5a95d2f8ff20e7de7f16,CHAIN
1751810841,3449669,340ef328e6293f2e7e378714188a69087dfe53c81c62cb6fd5e1578dea6bf499,CHAIN
1751810633,3449667,b0d1b3ca3cdce3b3ab2ed486621b56573b9a7a28a3ff605700e4356d823f7955,CHAIN
1751809200,3449651,ce499f20c916ea2b41e104e3e598cc9e76492e12b43ebfe43bdbfeac63382f55,ORPHAN
1751807879,3449640,4536c4f09ed514d525651f6d70d574d7c710c1ad9696c8aae3355fbb45544145,CHAIN
1751806934,3449634,a2c3f9294388a9e812fb3b5762648c58531f00e4794a4fc2c4b25849536306a3,CHAIN
1751804421,3449618,4256f132f7548a6b5af53ee9295e9e7e0385e501fcff6166899d0a4505e23b24,CHAIN
1751804285,3449616,6a05d6ffd8dff6951882d2c55eda1e3152ebc11fcf479a0d48cf968e6b49babe,CHAIN
1751802620,3449610,0a15694f2ff7db0fd8480f14ecfeeebac6eb5c5c3a1827f725b0eca28e07f95e,CHAIN
1751800555,3449595,08c40f86180cca12cc57996b5e18ae28dd28da3670803f09b896c75716b83d89,CHAIN
1751798843,3449584,549764d0282df532a8d6996c2b34f929c657c1bbb3cc16b0c2a95091a9fc3b77,CHAIN
1751798811,3449583,140af579cfcded4ba9985bc2ea024d96de19c867b45d6e10c17977958a4baefe,CHAIN
1751798538,3449577,b105dd4d473629ce5102a1aa0f9aae13fd00768ee0378c8a68eddb084dac47db,CHAIN
1751797306,3449565,cd07e8fff84b117a389ff27d04130bf816991289239cac166fb2ce23f3085901,CHAIN
1751796858,3449560,2311bc3cd0fb9b4dbd071423471c6bf08ab028b73968574e773ab6b26fa0c0e7,CHAIN
1751796586,3449558,a4dc2c24ee9ff399f28c063234f6c83a247a52cd68091070b341bc20a72d8429,CHAIN
1751796258,3449556,4e064cc11063cc7e8d85f0129155b018633fd4477a9e6c2655b8e9051d9a52ba,CHAIN
1751796122,3449555,f9b2ce12684af202f7fe1f4157f36f796449299848d37bdf252183932cd44431,CHAIN
1751795842,3449553,b58d194cc281b748bbc80aba969ea2a2de4c499c69013a8fa5e3519b6c0c9a0f,CHAIN
1751795818,3449552,33978f495433a35475123410e6557635d310109a8cbe83b573d156decaa210de,CHAIN
1751795778,3449551,a35d5de00f2bd13a628b6e11d0c21d178f71f6736aca686ab87432d60d07c729,CHAIN
1751795754,3449550,4c49cd71495be236193661f032bca9feab96196bc42e037eda0154202792ab78,CHAIN
1751794569,3449543,b4d1f4b630d37f48fb118f0176157f760ee4639037025a2da84bbf035007c9fd,CHAIN
1751793553,3449539,da3d1c0552fced1641eb7006c093fcbb41a51709e527e443fc657c020446e9af,CHAIN
1751789447,3449505,1218e77ca908de3f7b1e7fa3faa38985e501790a62eca9b0a7f3763696881557,CHAIN
1751788527,3449493,104215f8aceac7fe5c6d6dd5dbe7ab5173c04f42ae871c440f8d5d9047a215dc,CHAIN
1751787639,3449488,818cf35b7e5cc842030abaf314ae9b11681dbf064578ca9601afe09627fdac1f,CHAIN
1751787055,3449483,9ceb50f4619bc2eb651887f59390c3d81d047ff71042f4130c3bf6e7afc0b986,CHAIN
1751782093,3449437,ecd0203e63dd73aa97fa08c5186138d3538eb21e564f5e25cdab2b5e97deda42,CHAIN
1751780669,3449429,ba29772c1f1b3126edac516d3fb25ceef789bd2b47c394064baf98970549d20c,CHAIN
1751780301,3449425,e1c7b784ab8c289910d62da321b3c95568f3ac25c5d8b5d488ec0a6b2bd11e5b,CHAIN
1751780221,3449424,59984fa0845bc510c34952996cae83be198738d8bc9a0788cae99da98bf29568,CHAIN
1751780084,3449422,95cb55db09bd605c8371e44810d6c206c227521cfe408de24acbafa6c80b4e27,CHAIN
1751779460,3449417,c12bb9177c2146749cfdd75086c905a98ef0eadf5d6ca2419ce7255b371dd044,CHAIN
1751778820,3449415,c4086844be758e4ac22e1a0a9b792ff75ff5e7d38ac9baca3ec6217776495ea9,CHAIN
1751778636,3449412,7bb25c418f52e4e336e925c627827471bc5e1bd2347cd5b94b85755a08f14457,CHAIN
1751777324,3449404,12bc2a9a923c88fcac2c2bee57f669a0619024b49287b53a8d482c5fa432e213,CHAIN
1751777028,3449402,75cbdfefad8a2839c971a3f91e0a7880530e1b2e164620e4e768cf248b0f1f38,CHAIN
1751776283,3449399,8a3789f0f23843d2bb844384f6f8f6b41612f9eeb711977c5318efa00cca67ee,CHAIN
1751775883,3449392,3d0b1f30d7b4d109a6251c35d75ac1b86f15bed4d0b7e20f51d539ab6897ec0d,CHAIN
1751775843,3449390,7d502d0e56abcb057cc85329b832133b0187c8961d82edb255cb9816319ca293,CHAIN
1751774363,3449381,b0256c3698234bc008f549cd34b1687300080a349159fb75d913bf81ff179101,CHAIN
1751774219,3449379,676fefdb51e112920d99942fbe2fab3a64163b1b9457dc8247dee1c6aa6640e2,CHAIN
1751774051,3449378,c796e7f1a52ee2d59dbedcbc13ed68d59b8ef0589f6f5173f924db8b8e57e13c,CHAIN
1751773979,3449377,b9685099c056c2afd86ddb437275cb454aef547b90b4ae1450a0c7f98d62cb3f,CHAIN
1751773907,3449376,98af125235d5c0ccd2eaecd0b1103a852b41ad6213fba20e3b890148c64fa8ad,CHAIN
1751773554,3449372,d6e597726ebda7fdccd1727490a5f3f02418f45554a9704499b364b45386d059,CHAIN
1751771642,3449358,600649ee9a6d80dcf6e2eb0b8886ce9bf42a656fcbaa5b51fac8092d5e8025af,CHAIN
1751770866,3449354,bb121facd0af462f9db340059bc217f2ca0b0902222f9e0b7888adfca46429e9,CHAIN
1751770825,3449352,d68a57296d3ce09813437b5f222fb469ca529a21a74ce0c7d6ed936354798812,CHAIN
1751770441,3449349,daa674185726c4d4afd028cbefc75077f21c9efc457382d8f308886b14156f65,CHAIN
1751769673,3449343,167241c1c61385397f5483a1f7170b123e07f0d2299d22e93564884e33d6fce8,CHAIN
1751769657,3449342,9abb7f9943e4eedda3aa578c4bbbc105ff999b23b86516e01a7a1b64eb06df08,CHAIN
1751769001,3449337,3ffe8a6572ceede79a24ff967ea6e4dbf627e128b1319127f6f030d25ee64909,CHAIN
1751768193,3449329,fb6d76362c562a0912e16c6b03e0799ce5ca592819e25d3ea8bc6e75136014b1,CHAIN
1751767296,3449322,f5db4737e7a9dfce122f16be0a81d6c44dd475b695a611fcc97c23cf918d6756,CHAIN
1751766848,3449318,975c9f28893e6c7323f1cbe990ef9597df7b4ce3a73c088add06789fc4654e0c,CHAIN
1751766832,3449317,9317ed649a3a1bc85bc6c89a729dac68683e82b7f0cb4211f6f880084c443567,CHAIN
1751766488,3449309,9d203ba8eca65b4169f88f09fcd6565346f9cfd2f5c97f4d849033d9e13323e9,CHAIN
1751765992,3449304,1d467fa4e6401cac1a092cfb211bd7a4bb9213be3ae950ecc089af74959678ac,CHAIN
1751764295,3449296,8e6630ad0fc99442054b9806a7ad3d705e2ab8df4be1b563ca82b64f1d3c643d,CHAIN
1751763079,3449290,d52f89c1062888313e9721d0e285940a3b2052d77287ef769d07c2813f7b6b8b,CHAIN
1751761526,3449276,70abbf18223aeda73678b58be9521f8f4eb87b006355d087a98a83009b187ded,CHAIN
1751760254,3449270,9d4e786fe130d243573dd2fd956371d7bc38b94c1b7cf6dfebf1305576b4a43f,CHAIN
1751760054,3449268,66a966ffbd472e7d2dc0f58146d61d62242c1854a19d052aca110a6ad64847a7,CHAIN
1751758141,3449255,2a68f81c4c7c5ee4fb7838274cc6f97413e6aec2f23b5161f9027d2f446e84ae,CHAIN
1751757805,3449253,690bd4ab1729b61ca69d074089a6d1ec7756bc0b9ef1e08c55c997830ce288cf,CHAIN
1751756453,3449245,2d115fad06129da446aeb47b03d6b290819651b6604e0b60a023f9aed7687268,CHAIN
1751756397,3449243,7342b1254ac607c7db335371d61a84c19dc0e4dbea235841e3fcd0c51f343a3f,CHAIN
1751755605,3449235,a13e98836f6c55c3dea40ed5ce615f03e7f6bda6f119ba2afb6e820bebff1ea1,CHAIN
1751754700,3449226,71c4fcbc69f1c33d674cada44fa1fe7f8cf63af488762089da957f64be42c83a,CHAIN
1751754428,3449221,e45cb793ac4c21253170db8206bcfce2687345127ced2a57655d2d96e9801472,CHAIN
1751753924,3449218,dc3e02a6a75195d01ed2eb2f5b27f496f61bc694c01abf0fb7b46f7af8e8a3c4,CHAIN
1751753812,3449216,62014970467e376a514fb76616ba7afc3e568fe1e703ce09d01a6dba2e08cd8b,CHAIN
1751753708,3449215,ab255d5b1bb0bd4b6483c7032f9e3ad7435d84d34fbac7c7d48853a6c7cec96f,CHAIN
1751752820,3449204,0e937c8caa3076e2bc3c9407dcab2f3e664696b0b5fc4536a788fcf95a8b39c1,CHAIN
1751752540,3449202,c6fad36ee90fa94ca011f2bea964f586dfe07ae19b9d9a59fc20105b5cb8c28f,CHAIN
1751752451,3449200,158bed1bffd641f61a655be865589e9e1b4b62575d8979f9e39a6f0e30d42292,CHAIN
1751749675,3449167,6e0fbc67157b080954dc89d5734e752150d15bb51824f461f52dda6bfd57991b,CHAIN
1751749282,3449165,b0d76f61895bb44419ea1611d9f43da584da309a026ce343db60ac8ea017321c,CHAIN
1751748586,3449158,53f808fbca69e8fc9b0957cea2b4045e4117140ae1f86dbb69ea31c824e35d42,CHAIN
1751748266,3449152,effe473a3cae8078073b5fd432f191f2dc7b16e5ded25ac3bc9bd199216788bc,CHAIN
1751747394,3449145,05d4c2123752582e9808d26ab9e400fbdae50ab5e9b3a999299c7e37c6eec28a,CHAIN
1751747194,3449142,38a2c9a5e40c78370b19e1b9e4c6bd859e118b7a3feb67cffae63e8a9336e3bf,CHAIN
1751745729,3449135,a87a1deb9a925873c10abc57fcb46e625ee5c24726c67fb451076fcbb02ae6b6,CHAIN
1751744649,3449127,1c3ee65daef7b41112b8b1b6bb987e39991e36def84ce453128872dcb7b36288,CHAIN
1751744561,3449126,55e0851ae4ba329f9490f98e1f106d0b3ebf94255be983235938ca04abe06a4f,CHAIN
1751744097,3449122,714a386eee1e4dea06098aaebab2ce0ea3e268934155bf8ee1d6fc7867729018,CHAIN
1751743729,3449119,0955048aa1da8760bb6faaa365a194b389ab84705df01a6d2ebe7b0e934c9b3a,CHAIN
1751742304,3449108,7ce9696b1aa2bbb1a7cecb93208818646c9cd688a11701332c2c88b107741e51,CHAIN
1751741664,3449105,eef874d4aa56f4cb48397e860be2bfd0bc6c45a879446f333e0f071466bc7869,CHAIN
1751739575,3449085,92940a7b8cd60e2c9a60c914e7524d8946b7b0103a0b6b1d1c994e799c38f197,CHAIN
1751738943,3449081,75a0c11acb0d4b45a5cd963515f01d3583d9f07cdbdc1b8aed181869f033a29f,CHAIN
1751738735,3449077,079c27eb80e19b449bf256d10ad2a317c53a97c483b4cd1c923c81ec37461045,CHAIN
1751738607,3449074,d47ce3288de9396202b19ad394e4dc0e7c5ae3744a13e659b9e91f72f1695428,CHAIN
1751738495,3449071,04bfa216d796a0c2235db01171259d9e950142b565b1e33b212c4a140155b77b,CHAIN
1751737895,3449063,b27577f67ce1e85796b991bf522ee9d6cf3031d2e05b7859caae92d770e2a656,CHAIN
1751736542,3449051,bbe1a0646ad42ac11fc7c7c2bca7d10a0dc891e07d783fcb47321b95225e8c84,CHAIN
1751734990,3449039,4ac82e03d3f1b12a34e143b257b70fcaec781a21d0c1fa0a63a8ed83a9f444bc,CHAIN
1751732333,3449024,05acd34acdd603b5bf35e286d0f7cd2fb3eaeae1185d3916378515c7853ca189,CHAIN
1751732253,3449022,28b2ae390825e3a57e2680dabdeed0ae51897d20712eb6c8b0662bcc85a55884,CHAIN
1751731837,3449019,cdb1da2fe38862634271521ffc92e8edd64d1a9b63db096a7ce432d3bbad0dff,CHAIN
1751730468,3449012,2e04b537b258b54fc818ab977550ce73243d88653cf5d331c3103261c2fe80e9,CHAIN
1751729572,3449003,bea141d9703243a2bca1ff46603f376173fe3e83e7964ee332a47ddc2f24e3a6,CHAIN
1751727947,3448983,dd444e05e832e0d85145f3da8b8193d7d75598d46b34d6fa39d67ed2d0e4a7ee,CHAIN
1751724098,3448957,a488cacf6c96b3aa7dcdf1b28c2ac2ff10dce87a6f1e3994480bfef73facb9a0,CHAIN
1751723258,3448951,93e7b0c3cf26d1a21777852f48f0b7018565d8ae7de380d31cfe6782cd3eb2fc,CHAIN
1751723242,3448950,ae7026e3b50ecdc9b74981bb46c0d59757b5a75e8bbfc11d0db8203805fc4ccc,CHAIN
1751722385,3448943,b13fe6299379f7f6a2e5317c162a78a277ad0bf0a2dc2bc2049b3ebb3bc3ed92,CHAIN
1751722321,3448941,8772f0a0326b2499040814b590bd9821f3e63569cd8aab8abc134c1bcff7a793,CHAIN
1751720529,3448928,06cc47f257776253ee7013539673ea41446d02ded07a14573ee57725642bc46f,CHAIN
1751719985,3448921,c3d3ad9cfecc9100dae713721580b61b2c7a3ccbfe392931758180ec5d01666b,CHAIN
1751719609,3448914,fd14d5916ec77955de5f0d0fa3d43b0b412fbe10594480e9d9266295ae9a395c,CHAIN
1751718992,3448908,a3603318c61be99b1aa7f4fa9fc08ff7046afc3ca03f63411b6e2b87de6ec3e5,CHAIN
1751718712,3448902,8e5b269bcaa2ab8893e29422966a6dfc07a11e317dd5253caa3d899fdd40e0b0,CHAIN
1751718536,3448900,2e001e57e6c394705a9dac2f86d46dd7a20af98f9e632852f8f3c5997efb021c,CHAIN
1751716327,3448874,df54fcbed45a1db09ebfa862231acce476c9a9a12da399f5959b0e11c7a13655,CHAIN
1751716175,3448871,4a4fbd3ecf3d77d58662b1879841c613e8f830055e2271eca1526094466b61bc,CHAIN
1751714798,3448862,925fcc55a4566a89232b3a5dc16f9fb40b0298b16782d3ae6bbaaae88add7cea,CHAIN
1751713822,3448849,a87cc1fb864d59784eb5b9d7b94555f4967b4caec7c36109c43f8f13422ba70c,CHAIN
1751713333,3448844,54455fafa7e7074044c74360c56bdf43ad6a7901523a51545317e525f12d7be5,CHAIN
1751710932,3448815,67cba6ff05f548d843b3cd9648e19ce60fb5a5feaa83d260af50e7466ded786c,CHAIN
1751708050,3448785,11878adeef9c2ed63674ba00bf12e09521d967f6183ae7fe421b82e217782f11,CHAIN
1751706633,3448769,0e8ae5b1386d4f528efe19f1a47a210b36bed77b31ae81b9d4d8ddaf48c90fd9,CHAIN
1751705456,3448761,1a877ee3ac72f9e8c3cab0e6cb01be38d9e27ae1e9ec0603ea50adcd626c20f3,CHAIN
1751705304,3448758,98c061fbfd021a691e451f4ba8448cd52c95d0ec546a3fb3c490a9cc214e6048,CHAIN
1751704167,3448751,10a7831de3a0f19821949c0103c35fb4cb3cb547b118728243c4e6e2354c49e1,CHAIN
1751702926,3448735,c3c4753e1dd5c54c6c5c0f6a522d4c81ecd0c4d089b8752433de0bfbc8bdbf6a,CHAIN
1751701125,3448723,251e01fec00c3accab07017ac8d34922b4231d747148dbe03eab1b1b5179a6fa,CHAIN
1751699012,3448711,21680ac53bcb6054909360388feb5dbb43f58123f24dbb8d469ef52ac633f906,CHAIN
1751697203,3448692,b8434f4f12fe7d35e8eaf87dad835a8f736ba91f5f8e65f2fee2bf9bf753e32d,CHAIN
1751693408,3448663,b35f3103e8c596c797486783469df80388cbf1e6e8bb04d0fa94eafc0da966c4,CHAIN
1751693000,3448655,711844c45962363b77907eb8e75dc6fa5b861592b60a11ba6bac6e42f70495a6,CHAIN
1751692912,3448653,72dbe0fd5b396b57f3c3d5f011bdc975e8ad698829dc97bfb8ae27f036df87f7,CHAIN
1751692167,3448646,d2a913eb4d68a0b4c955af15eb29a32c6c9013a907d790897e8545a6035c4803,CHAIN
1751692055,3448645,bda38b93352a489ae9af96e6168286b428d7b80cf531a70856b2cb74ec40431d,CHAIN
1751691567,3448641,98d98377af84e5444c7e36f86f84ef989312e1cfd8b09f79b6c2ef5b496a8638,CHAIN
1751690558,3448634,9df0d068bcea1e2711b100464dfdb1baf635c9bedd972e4ecf6d12400220c13e,CHAIN
1751690438,3448632,3dc0c9fc62d0a0674c36d7b46db0ee198c439832d85e17513e0541b0b88c13e8,CHAIN
1751689085,3448618,41c07758f9b7c7725a0339f46a7614419ddbf0f22c63d91a47333adc277f10ec,CHAIN
1751687957,3448610,9b324df9d987e5176018bb4cd91b85e027f113e7f080f9ac51e1808f72e71e3f,CHAIN
1751686228,3448597,3487b2bfc6ab0a553b1718d6fef25af783b5212be7a0dc6522116135f1368527,CHAIN
1751683498,3448582,1e110b3afa9e37832326fccacf971641f309edeedd5411037f3fcff190746aab,CHAIN
1751682321,3448575,bb08ff78fdcfb3ff4d8ecea2de9a71dd8d38d4121275ef3ca1dcd4bc6ca37843,CHAIN
1751682209,3448574,7a90061d1382d53994082070c6c72548094cdf6f6e16249416b0ed47b7f0e370,CHAIN
1751680944,3448560,c68f73e96005ad5900c1fae65f8055be296bbcc6fe41bf5ea45075c42b28e7dd,CHAIN
1751680520,3448554,b4c758586a1e5377d9f7ae4e3f34d2c0562c2c2b9aa1094562d324035391cefb,CHAIN
1751679623,3448546,511f760d3e14e452dbaa5db6eb9f154d02daec6e738dfef0440b96647d688c25,CHAIN
1751677774,3448534,61abc7b5a68feae94ba8cd864fc4f2062ceafffb6a63fcc8e0464c4c17add393,CHAIN
1751676565,3448526,cd1783990ca863eba6670d6c8e76e982cee18e9f7c5439ba8953eca7d7ee224b,CHAIN
1751675188,3448515,f9c4103713fe6ee98c29e30d2d3c52be52ceaa9c9dee3b0dc7ab2a7866d13aff,CHAIN
1751674260,3448505,12234138643ea00fef9bcc03750a74ff921257d6de97b202b972c756b8aa9fff,CHAIN
1751673699,3448501,f7edc4fa924fc68ae17e5be2a1a62bfe0a061e87ecd6819f2cf22b2c392807f2,CHAIN
1751672506,3448492,f50d04c09a7819f394d34739dc28ca5a4b1ea3fea18e89facca041fd2796504d,CHAIN
1751668240,3448458,2dccbd7bedf509867916720d65b202a6c883b58b2df4d09f90a99203fedf8205,CHAIN
1751665798,3448441,5653c4f909f16c31ae9d52664204fb70e252d776f183dc2b1a338f688e786558,CHAIN
1751664269,3448431,3373120c574ba76bb44833bceda44c6aa403e191e527137f8b894cffe41803b2,CHAIN
1751658465,3448388,b97d87da58eaf44b1fb8e753fe23b7beba466539b89fa442613e4e5d4d3434e1,CHAIN
1751655991,3448362,586e419f07d769a821c5821cbd077cc2e6d87a94e5a5bfac206c8a033937873b,CHAIN
1751651933,3448335,0560eceae00b45539bb4898e1c51596583266aed372755074fb0f417869b699d,CHAIN
1751650524,3448327,d47a48bdc56557948e480cad37286981b388ecca7d329fefa7a0b30e989f9da8,CHAIN
1751650332,3448325,9537ba81ba6f49fc15d0117059ca053aab539c066bc868c501b1b7431e04a4fa,CHAIN
1751650028,3448317,b6bc4012f5140489373859dbdcc24321fc6b1706700f60a719d655247c4d755b,CHAIN
1751640925,3448248,ef513e75287ef1622f3f31ddc9b6a47734ec0435226bb1a04213dfde8b5eba7f,CHAIN
1751639716,3448238,d581fd3866f003f936c9ded130df17adde7a68e9f4c3d36bea31a40a88be056c,CHAIN
1751639292,3448237,8c476bd54cb93537155b7a9b5d6f1dee9c903731a0c444560fb019ea2498c113,CHAIN
1751637907,3448227,b93efbc5154fe7bca59babd330388db4077235401e7ee53dee40b3848741b14c,CHAIN
1751636938,3448215,895fcbd8571a12c1ad62ffe2c882da5a14a0ac197bc8a58a3ed6f2b523ec9b1f,CHAIN
1751633776,3448187,849469fe8b573ef9875366d070d11ed7d09f6acab3fb817d434ff84ca38913ce,CHAIN
1751632359,3448175,7c519824aba5f83786d15c8e331d429f79a2a6c6685c9f3369ea646ed71d72b9,CHAIN
1751629541,3448156,9847fc9379ecee6f4c013c4c7e0fe51d32fd1326d5b702d78b5bbff48b875809,CHAIN
1751627148,3448136,6db94131fe3dfaeafd6293d13e260ee1dfad24fc692cc60eb930c5ee0428dad9,CHAIN
1751626948,3448133,4752dc0ccb00a3419a5f5cea55223821e89f2a3771c38677bcd539ca126b4022,CHAIN
1751625347,3448125,3e36b80faace7b611045fd23376b8fc2836e88c49373c3e57edcf714208666ae,CHAIN
1751624266,3448114,d593067f642fa1abe5eda1fdeda9db3e2950515d550822e020b31c10e8b090d8,CHAIN
1751621336,3448089,0a3b74d3a2b53bce1c90941b3d4ca281112487fe86db81ad18244a769c0ab7cf,CHAIN
1751621312,3448087,41fe8ce52605c441b7acda0ea75dd6fe65f52c1086178bc053455bd613d9004e,CHAIN
1751617573,3448059,93a2650a8ae2764c93986da328dee98ea9530444ee7c80a41998f49aef87fb7f,CHAIN
1751617357,3448056,11dbdbb39ceefe0afcda125ef569769151abe872b0dc8525d49df9e779a35ef8,CHAIN
1751608880,3447993,798eaa7d0d5be5bc40df2e0ef296c15820e9b5735c6480635579001ca7fb7212,CHAIN
1751608039,3447985,7f20d50b430235a5f8f14431a8404a469d2c9290108509c82ec27f466ab64528,CHAIN
1751606494,3447964,aa71abbbf984d9ac0568cfe4f6c96b5e7bd565f7f1aeefc2655ab79968ba9710,CHAIN
1751605061,3447952,349ab0a4839af58d2277ae133f4cc9f6c7dfad55d7ef6028c03ee2c4bd358ae1,CHAIN
1751599738,3447907,d136e23340c362d208d20626fc2d160dd8f96e7c820dbeafcc370ec0e8c6b534,CHAIN
1751599698,3447906,350c046a42db0f2850db5e24db17be3b83bb9a91040fa7ae3036d8b10d6081d4,CHAIN
1751596912,3447889,a954f79b5de7be010f2bfcc3030ed0e94fa0664f0d25abb359321581e0693fab,CHAIN
1751596624,3447885,6a05577b1322cea47198115f86ffcc43f00c452e8b94d3144eef61b657420024,CHAIN
1751593589,3447857,8b27292b7a9df286361b32bd356a2cd524ff71127a18a2a25dd4cb2334a24d52,CHAIN
1751592092,3447849,0fc9abcf840f4d79a4ea923b1c5c1b9053225a66718bd6bb65669d7f087d8daa,CHAIN
1751591748,3447847,16148a68feb4c6a05e8e94d85d4ba0d5b4adcaa429be9ac2a91b8c2b3b28d7f7,CHAIN
1751591724,3447845,1bac57ee88171c6b958e30527af73efc59c95da9d6639b55969bc3a4d9861ddc,CHAIN
1751590459,3447834,9325523a81d2de038351fe9153cdf8be2b31f22181350a5e7cf0d845f955bcf4,CHAIN
1751590275,3447833,a535e84fd8222ee6964bf3e1dd81984cbb34d6a2082c856a58c738cfd525bcd4,CHAIN
1751589098,3447824,6ad563c3042cacaa7dd2eeb26aa4134f121620f50971561a7341b2972efb818e,CHAIN
1751588874,3447822,3795a077a8baef16e37acf3c041696f52ebd89bc6235e39a7fb25e45c842f16f,CHAIN
1751576955,3447730,838f496b3707055eb68ab3b4c26516681a470afa448de7ef377d4efa63548922,CHAIN
1751575634,3447725,f5ba89dbcf1498320cab9a25cdebb111bb616b37388f1c001f0fead2b1568e75,CHAIN
1751573890,3447713,8fbd2d0a671db71135a632cc3ddbd267cdf9f818147299b3c3140aca2a543793,CHAIN
1751573650,3447711,a009df2560af6aaafa814b581dd91a252e87ee4d0693982a3c3a0a65298c7a33,CHAIN
1751571409,3447682,b432fc80cb31a491d47c5dacc99515a9463820158b354975f9b22bbcaf728bee,CHAIN
1751571321,3447681,e812e74d308a25dbcecf7b5d2e8df6e8608ad9c73db47bf84529987c6d0b108d,CHAIN
1751571104,3447677,a6c37680a6e52651b4d151bdcdc562c37df2ef6d1ec560b874780d0b4e92f443,CHAIN
1751569623,3447665,f48ef3a3c04935dc9585eac1ddea0669f6baec1e5887507ee4d6474e009defbe,CHAIN
1751567142,3447651,f736828ba437fe165d67dbef3ae0521384e3d77986ac1138ba66445df98ed998,CHAIN
1751567022,3447650,24bc2c8215fbe6ef86f3968d28e2a7ff7dc8ba91c9b578d53319e52683313257,CHAIN
1751565341,3447639,151d95a72a9244d348a10f53737809c0dd7f20669eac2b5cecfcc028b342de5e,CHAIN
1751564644,3447633,a525b52fa84d2200f23e40a9c3458eae1f8f6f1945f5c1f73c0fa3dc98deac0c,CHAIN
1751564236,3447630,19f398b912f1f7b2995acb188b0190606a19dfb0e452c098ff88474d6f3f0439,CHAIN
1751563876,3447627,5d385536fe6176c238f46fd72b5848c3db3436b7d71fe85f26d8e980b6849265,CHAIN
1751562419,3447614,e45aa0b375f5abecf7bd2d4f8d0f7158b266bf2a74b8211b98cbdd27a6047716,CHAIN
1751560113,3447600,8fb82eb7f3f7dc51e9bd3c93be5c600d0772c6b826139eb8d21dbe703cab529a,CHAIN
1751558664,3447587,926d0596a9f0fbeba3a14c9d6faf42d8f445d3c51429a3d82eadd67f995632da,CHAIN
1751558648,3447586,6361b13e2a0390282746d9d22ee23ee5fe8d7163e4689f3c276cc578a593d0af,CHAIN
1751556287,3447562,75be03a4d50245b5571f3fc6f1c11a7bb34d2ff60a09ea075d3e69cead318234,CHAIN
1751552732,3447527,0f4f1dfdba9c2110cf7cd5f0aa0b46737e53400ece47e7953b40810b207572da,CHAIN
1751550019,3447515,479a0fa554757f77c2e000089c1df55b92526673c213215e13a16296f75da7d9,CHAIN
1751548618,3447504,ec531d601287f888d316db159164106fd1317173575a8f1e9b7afb7af30d3cfd,CHAIN
1751546160,3447476,777a22c68e558618a6dfd3a27772b90fe0d0c705daf6c636056c3301fd9b9498,CHAIN
1751546048,3447474,e30a587a5efd77e8f77d525425bae476b0029f46ca53a39bf3d5ac6716e0345d,CHAIN
1751543702,3447451,bbba2f8fa0b228e5da364ab06be8abf9ee94f7ef055def3e236a514fa9e1b1e8,CHAIN
1751542301,3447440,974bc7edf7bf689b530c2e346baad96b355f4cc379bdda4de778eeb8039b70ac,CHAIN
1751542093,3447436,b85a8786ed8919229ed7e1fee940195175bb63bde9a283f52be894c91d1f16ec,CHAIN
1751540676,3447426,5a05aa5947963c271f80f147fb368bd134db0dcc2062e0ce84bcc8e8886a35f6,CHAIN
1751540636,3447424,d12c124c4157b197b00a4d0eeb4f776be114547c8f26cf3c702113e9a3c7911a,CHAIN
1751539836,3447419,e2e73d983644c90a45b54a43e0f85e40d1e1696e9e5ab88070aefebb426fa589,CHAIN
1751533880,3447370,e4d17a1be6d47643e8f9a2288411de9a1d72ef1f5584ee1feb8316f2505cfacb,CHAIN
1751532583,3447358,c0a44acb916a1e61452176fa66d596c1d102ebb6aed5cbde135072c742626c3c,CHAIN
1751532295,3447355,0f0d7221120dea7998c0248d54770d0928e501b86d469c67e9495a59dbf5734a,CHAIN
1751528909,3447317,f6829fd950c9f02c1ce2357933145433abd68c671f01a921932d531f2b7c8dee,CHAIN
1751527892,3447310,2965d60614fba8b6e00167aced7011c9d429aaf65c31aeee6a93e16c0abaf64b,CHAIN
1751526347,3447302,4cc1768f230fa43b9c7fbe0dcd3b31cd2ae6bac652d7ea12bfb80d93c248caee,CHAIN
1751525467,3447298,df494871152a3b10940084d3c3ef652995b2ccf17a09ebe3093dc63c2d593235,CHAIN
1751524370,3447289,260d659ef0c7e9a6cbe5ef6cee705003c054ba8d26d57320cf47ef1883a79b58,CHAIN
1751523041,3447280,af19dd3e5f7daea44eaac04745e1d387552217a1232c10bb17e1eda9c07d210b,CHAIN
1751522657,3447274,ef93d00a02edb6f556242e19dcb48b8574cf7514c92157cb20f51a319a5dc045,CHAIN
1751522152,3447268,27380e5d6e4c64060e0d4cfab32fb67b541570116c9ccfd2e56f975ed641cb84,CHAIN
1751519663,3447254,98df6c046315b3b9cfa84a5a2cdac1133106b55ba0591c0a6727d55cfabb1725,CHAIN
1751519607,3447252,f257c9bbf3b38e34f211bd3c25dc2b261082d9dc864748229d9e6f92efd78734,CHAIN
1751515052,3447204,79f75e56afad5b4cdcd993ebf3405644ac9c4867d0ad2c9fa4a26cec88a336fa,CHAIN
1751514804,3447202,a177eddbf33451eab2ab5b2956dc6bac9b54e43665606ed4c9a4c0fe536df580,CHAIN
1751511177,3447170,c961aa1bd5d3039500894a0b189e19d49a166a0970b09a19d9d1bb14c6a8b479,CHAIN
1751511049,3447168,7c3535bcca8d51b6d4595fe79247ffa265f26f8cd85d06616f082e16b3dc5677,CHAIN
1751508816,3447151,eaaa00af5c0e1129b4cfa2e9eaf3bc5015fa6e8d027b300c3685877e4a9cc138,CHAIN
1751507447,3447135,e0341786f0da414c5c6c82b19e86c445ef0d558a5a60160bea782caf796ece8b,CHAIN
1751501059,3447087,6c3238a9397673642b4578d8118b16f39a778ffb003dc5f60413f570c7e1db9d,CHAIN
1751497376,3447053,04c3e65657f6cbee1bd5f6b22b52d21aab3ad5c8bb2e61e013b15066a25cdb61,CHAIN
1751494182,3447033,eac7931900cb457768cf873be0a5aa75580186282d29d7189e05daf2e142ca6b,CHAIN
1751494022,3447029,9aef721fe6970eff624e1ec7943d805cf04b0fcffa5e3e17d5d5e828e4eb6b18,CHAIN
1751492565,3447018,07a5775ce47e9302f4c89ceee86e8004d71d989b32d5ff75fd81bc9577762064,CHAIN
1751488794,3446991,99449379b5b15cf74a966a26b484ed9e92cf40d5620571aad7dcf7fcc4ac09dd,CHAIN
1751488722,3446990,105bb1a03146cf5e41770f6e4c5693dcaf475c62b6743b48964808162e7079bb,CHAIN
1751488626,3446989,0ee9e68d639507d2c9640438fb06ca45bb293449e97440f200e901293792479b,CHAIN
1751486297,3446971,0878f5115da340e508daebc1f018f736d50da9b547455831ecd8a51329ecc0e6,CHAIN
1751483751,3446950,bf81c6e03ae614f6a35b523fae54f47e5394c67597ba231d2cd393a0693f4f63,CHAIN
1751482526,3446943,ec6daf43b3ec0f3e2d2bd961318299f38e880611243fb08447fdafcb6c3d119e,CHAIN
1751480341,3446927,151f5cee1307a3fe4796e2f1b02e3a736f48dcc0b448ddf0c0d0099b9ea26da3,CHAIN
1751476506,3446895,5da5fc10118a059ab514e3e2af40ed22d54188daca6570262ec45554b3581ccd,CHAIN
1751476442,3446892,97431c09733942dbc831fbfeab29893f398c03284b2971ea4a7d97b82302396a,CHAIN
1751475097,3446881,22fb73c39be6d9ed9547b58ef796ed73116ac3e07363553509bf6d9af4f84edf,CHAIN
1751472680,3446863,893c8ded08a4fd5eed6ed3296b44d7131c5f15b8f1a981e4c3e61af0fcfeb913,CHAIN
1751470118,3446843,f78ac029e076cb62bc1253359efad63e11857f467aa24deb18df92f7bfb3744b,CHAIN
1751466884,3446817,74fc6ab84f7f4a4e407ad7c5b53ddbbd46638d0c8162153e2c36b6f3122d5748,CHAIN
1751465588,3446803,c8f69c808fdb3013a917d252fa3265232ce016a5144f261418e9ea2c4f07ab1e,CHAIN
1751464691,3446794,3353df8d03f4f09957e1651e9c4d26a8cda6717feae3572a5627dec30910058e,CHAIN
1751456806,3446710,570a5d73841d2843963df70cd715e3d593902399c228c30dc5d7067c4135d6f4,CHAIN
1751456798,3446709,419f6bd4c204fb745c21965ff3404a512c6afe9a377ff831d635f3aa03fd4721,CHAIN
1751455092,3446693,8de9db33482b1ffe87b438897fc2aa11df96964af72c2dca21a33722ed16baac,CHAIN
1751452643,3446670,839c861ec42e593b8018dfa72c0b29eec0af5f91332538dc25df906ddb27c723,CHAIN
1751450177,3446653,76184d1e8c52324bfe892660adc154c7773df881e94d30c95915c8eed3b8d6c8,CHAIN
1751448904,3446637,09e8290c5ae4ccc7513fb89b7470a99eb273615a3f883ebe7dfcab04e1b4b08b,CHAIN
1751448768,3446635,1cc173a2c01e638aef28272c558b027ac82924b0345c27ffa2bd8c8a3115216a,CHAIN
1751448096,3446630,63a7a86616fc182489c9fb7fce2ab9e7f471c89037ff745eb686b45232b3295d,CHAIN
1751444565,3446597,54f3e25c02699c2b0bb50c8eaf141e73a1849c3d3b8b88b27ba8300d45aa413f,CHAIN
1751444333,3446596,88f0a925fd8b2a3ce9b88e5cad33368c13588fd0ee4f88f98928ac080ea42b13,CHAIN
1751444317,3446595,908a96471d3d5a7570d362b984bd6771a77b53646c73714c12b251ff784c9de2,CHAIN
1751442204,3446580,1679a15bf60802dac2c0444a4e118a37f13652f0e73b6dee47f6557e0d950bb3,CHAIN
1751437417,3446548,aed014d7c0f07b1a794ae122e0c1100f0265cc4356f5c8f4f45e5210959d00cc,CHAIN
1751435688,3446530,5620812ed1282ff2b72f83d37bbd5d21d22ae89562ab9eb74b18ad3b6df50057,CHAIN
1751435664,3446529,e3fb01a80ffb833aa801d204e17a8102e6de4d442a10bafc26c86abfd98edd8b,CHAIN
1751435288,3446526,5221333bf6ef78134a9d0de448428095a8401b343a0f6734d3fbceb2d601bc8a,CHAIN
1751433518,3446517,7b36a57cabec9e28607cf2c40e663edb3228a673a996bf6dbd1aafd8bae251e6,CHAIN
1751429156,3446484,3ae8a81d778c3dcdbb163b36c21f842d73ebee469639ee3b35d1d84e3e0ab6c5,CHAIN
1751427162,3446468,b0b4ca191fb8703104584bbcffb905e23dfc09f155f781709734257a22e1340b,CHAIN
1751424825,3446445,eeac4a7f303e28a7c1d00e8b5c53db222e625c132a837e65fabd28d1cf376a92,CHAIN
1751422247,3446424,e1837695c55fda701a2da47851fb5081851ccbc260ed3f2019c50536db821ee2,CHAIN
1751422007,3446421,5e3670db6b169c8dbb83771c9bac721d3186fc87b620df37b721aff30a8db775,CHAIN
1751420325,3446412,30b9ab26262c546f1244bfbe56ba75b8d0718eff7f3daa16cc8504252d02d376,CHAIN
1751419245,3446403,bd082bfea7696f1d373d82edddcef4e337fce2e5a24a253f0f424026d6492840,CHAIN
1751416739,3446385,c71ca4c1fa7bb90fb47da49ea7b0e9ce4d3bce89ed27e8bb433287709a399f05,CHAIN
1751414914,3446373,66c3a207782684283e42341af8390b99c7b7cc34a9c2a3fb5488da12f45fab6e,CHAIN
1751412000,3446353,4e11db8bb48a0ce879c7c9aae1f1d2f2fc87cb4727cb5f6741c38bfc7b53786a,CHAIN
1751407805,3446315,dbb26e5561617c63185e4ec4530545ee9b480abbc43f6775feca403a665bf03d,CHAIN
1751407253,3446308,5a550a3cb2badb1f086c9e172231aaaa591efb2071df9ed76a8acecc7e95a715,CHAIN
1751405452,3446295,9ccd9f4393244802b2af41bab6ecd0306c1aa142071501ba8a8127dfc2d13d22,CHAIN
1751405388,3446294,5343199f3f8bcd0bc06a564e085fdc0c3c4bc973825fcd8e18b5c25ea80ad043,CHAIN
1751400153,3446265,cf268d144566e03fd4f0de23c8a393e5eaf6c16e4f74fcffbd7d5bab4ceae359,CHAIN
1751400017,3446263,4c723a90669028275195a350d08df970dd86f3b7737a74a2ed3a8eeec43a9c5a,CHAIN
1751398431,3446249,b1e32aff3dea91147fec92994f0110eb67bae298f9e1afe7f9634ba4fe7ab347,CHAIN
1751394933,3446222,c51f1cf1a2bd33eae8917f9b50d86938b158ef2f77fc3c8b8feaeb5c7bc3586c,CHAIN
1751393388,3446216,448218b25b65ebdb19c1de0d296e8aa7b2dc0b957d21ce6d572a942e6e9b2893,CHAIN
1751393012,3446212,7747fa5a7f5262524e1b009bc1147b11099c4278f3db15a7ef8de42cb0a143d8,CHAIN
1751388433,3446178,941b0ffcd15e42e45f489307bb2d37b3431d64966ee081a2de93f426937b0feb,CHAIN
1751376937,3446096,5887db6a134632c78f02ec7fbe73c6f1286f3d8ce82dfe6a804eda17d8038412,CHAIN
1751376929,3446095,afa64d721882431360d091a78ad97d81474d30c60a5febe14014e75533d03cd8,CHAIN
1751376049,3446091,fff66771f3bde7a1fe365d68bd34f6c20259b75383cfad7681928be9dc470bd6,CHAIN
1751373648,3446078,9f9d800a9c2fa6e33fcde595f1457837e8e8b424009cf35af84306b250759c22,CHAIN
1751369245,3446037,10ef1555baf39f4119c5febba7244b79f304d44c2505569614cda503bff61415,CHAIN
1751364394,3445996,307aaafd2bf3d231f15692c869fe30a8e163305a067bef894e9d4743c950f727,CHAIN
1751362480,3445974,cc5dcbc62512a296be00bb0488927b849d4119de469fa37f4b47d951e2c76e3c,CHAIN
1751362176,3445973,5cf9e340d21ff784cae0b0f0ec85570d8785a0c36922d44603459b7dfd25cb10,CHAIN
1751362136,3445972,223da90348390af9d641d3ed4c4a6311b1946d646d104abba54df7d1515d92d7,CHAIN
1751360167,3445954,3faada3c72b2751c5f38dfb4d189b26cc831241589a16327384749388eec82bf,CHAIN
1751359606,3445946,f2729974b744e2d8d8d5bad3c41cfb05d49caa21c22d85c1fa0f18fb3df59bf8,CHAIN
1751359150,3445943,64d6c63e627ec67e401955c4a939e7f6a735f33044afceea5f22e7874a092827,CHAIN
1751357069,3445924,5abda5d9af7226ee5c27fae4a83e206e94db6d6a9026ab5901f7edcb9179caac,CHAIN
1751356685,3445918,8371323cbc01a0cf56fd00b5c00cda519309415e3984d0d5dd12536ed81cf162,CHAIN
1751354891,3445905,18b2c6148e9722b4ce3cb66aeecd4abbf2f83079b5aa1ee8fbf230465211cdfd,CHAIN
1751354859,3445903,ea7a427b7ea63028decdc9ab95bd5f114e70e00d24d5ae8df2cbb770ed35d5a5,CHAIN
1751352858,3445889,8abd3789f4de08532f2b1041789587d9d54c9e0b706ae9b11eaec368b7ca47d9,CHAIN
1751352610,3445888,8c21ac8b0b5d42be6103f6b65cf390f6d4370a52e273d6119755aef37c0ed66a,CHAIN
1751352258,3445882,94c1925540e2f3409e96e1a91dee8c6c886617ca6d6f891e9d68416e549f533c,CHAIN
1751350432,3445864,cbd177a9dccdd439841ad3e9af40cc8e6673cf2964af4906195a57808c150d82,CHAIN
1751348207,3445841,9922208183bc3439cab57354b1dfa9dfb600849ab762696697b90b161a684ea6,CHAIN
1751347799,3445838,23b589a9c11b76b308d1d22d341c8a3431fe3d8d31537e190725abc41d7a1692,CHAIN
1751347767,3445837,35efbe8d8de7af62e8e27344384dcdadf1cadd7737ab15cdfb4e1e34eb127f6a,CHAIN
1751344805,3445810,b68e6f89768d622b7444910c3d6042ba6b8576c90f492139f9afa6295b9cc670,CHAIN
1751344773,3445809,92ab7727fbb3721a41fcbb84fa0bd3a6d2a9921cbf318f36f159d6acc2e2d224,CHAIN
1751343004,3445796,f31ae78f916d226af781e45aef43b4528fd802aa8a0682e9fd6f6d23b81ee21d,CHAIN
1751340930,3445787,e4e9560a5b1d670f4d6208ad045428390dc692209f47610e0c007440fd762b6c,CHAIN
1751340138,3445783,f0ce7b51c531f6233dc985a9d8cfe5de32d79f167b1ca202c61c35c17e456960,CHAIN
1751331124,3445712,5a7d1445585fb160207fe977f2daa5a00c2dbec5484dc79eea908f6cade5e48b,CHAIN
1751330940,3445708,a3f09a9ae71938b2dd30a2ecb17b6f0bd364099e75974490718f2022f45598e4,CHAIN
1751330460,3445704,26b086854b1ceb2ccb08bedc7808ce0e33438915ae3cace105257ae48b52ba24,CHAIN
1751330220,3445702,9b6248bd3ae058772073928becaa70883352e6d49eec4c21401cc75fbc18a606,CHAIN
1751328258,3445679,16a8c1f4ad4d5841a273191e4adc46ed13525e1a8611ed422f7ee6d077732881,CHAIN
1751325952,3445662,94d84f89f98c2c7b397133dfd81c7126b0e276e98438ec9bba940337d2afe0f8,CHAIN
1751323375,3445634,32a787e4f0d32973b9c40a591e3517d2bc458bf5292c3d30162fec5e627f1601,CHAIN
1751322791,3445629,498b8e0785de934539e191f1ab1aed43cec4d76e4a6a2c2d586076df3c7bae24,CHAIN
1751322615,3445626,c012cd1656de413e586bd51e8ec700baba1c4cdb3d345391e7e2b9008f0f8680,CHAIN
1751320317,3445608,1cd8459de29a08f5f17f18ae294c20fdf6903ecafd9a884e01e0c8a960ddf673,CHAIN
1751317787,3445577,d947a2213455576dbc23c5013aed0eef96774af171a1ec6caf8353dc1d7f9554,CHAIN
1751317283,3445571,68015c98b8f9e5884a8126f3404d5bbb24af59518276a40ada3a41adc88d5466,CHAIN
1751315289,3445553,1110d2999ffd7b116862b2f5eece3e89e9f13db7b060c76d865b7778eb7335de,CHAIN
1751311831,3445523,beba6ff9e30dad863e6fef281e62e6c11b70ebb04c41a18f8c17c45c316dc513,CHAIN
1751311647,3445521,e03f079f9639a9fb9aac6541550b3912002102b563425bb7294175736007808f,CHAIN
1751307484,3445479,361d2278b48fa50902945f80a3763943291247ea1d66745f29bb72d8809013b9,CHAIN
1751306484,3445469,37facd874d8b1331c846775264c96edc2a94a2ec696478fbc4bf4fc7e098d7f9,CHAIN
1751304515,3445455,b5bb40a03efe49cfec1d2bbc78e8737a488a866aaf7ea1bedea223b1fe33207f,CHAIN
1751304026,3445452,74ad464f2da26cef1281971c17089f651b286c1eb730c3ca3cc9565892102462,CHAIN
1751302265,3445443,c8c6115278bc2c417860e2adeb08685d048ee7182c2be216b2738d508f9dc330,CHAIN
1751301777,3445438,219ce727fe7e0c333ea5e4f4b5c884b0fad76029c405db136be250816427992d,CHAIN
1751299335,3445415,6193be7766b8cc441d2aa45e5b64e8b6b2603406f3abae4a07fbdf428d67ce25,CHAIN
1751299095,3445414,8cdb8872792640e727a8ae9dfaa7592a8801beee1a07345af91a289caeae138c,CHAIN
1751297078,3445401,7decf2514c10f0fbf5342392b7ae6aa126b0c7401e88d6a4a42b3219f0780879,CHAIN
1751286527,3445316,02ac2047604b71cf31eb5e36e412c32228c55a0def5309072a4c71511673910e,CHAIN
1751285943,3445311,c5e431cbdb027eeb09d1e5767a7a2b1c308bab16b7fe1d380b7bfdfb77f76538,CHAIN
1751285767,3445309,b66a9e003f553aa79f995dda243d18d01ca143675f405d383afd7138fc9a9d30,CHAIN
1751283405,3445282,cd54492376f2423146019613be60692af5a672fd3d135db17e35df8399f889a1,CHAIN
1751281275,3445255,0a5262c8522b0b336a2ec2e65a4c59519ffa567967897c5fde3bbce845581cc3,CHAIN
1751269172,3445149,7112eda22910409cf51280004271c1f9b4d3138887b092f1c164f0c9343124f1,CHAIN
1751269036,3445144,35dde75969bc1f557a00d64ce29b2520e5fd81fd0987e95e0d1808b3bdaab70f,CHAIN
1751268916,3445141,36cde05cdd88841681391cfadd18b1da9d5db9806a0841440aded5eb9229b0cf,CHAIN
1751266818,3445126,58d51a81bd10b69190e0aa4b79fb5432da16835c84ff8a82ce429996b824cf94,CHAIN
1751263985,3445108,d7cc0367d82bbc9abc7a3184fa30bb7078d1780d310755a38179625c327b4faa,CHAIN
1751263873,3445106,fe76b68066b806510cadd996e3b9c925be0ae3bd4f76a58dbef45c12c55676f8,CHAIN
1751262095,3445094,7f532b727616f56902914c277c18b7adb16b72a4135cbdbb11897990ff9f1467,CHAIN
1751255851,3445045,1d4bdf41e9d8286fb36ad68203789dd126e655f9c38993807e8e42ae7a4be434,CHAIN
1751255739,3445044,9c65101df465498eebd2da97bde17175e2f0d96d772e301a60534a585e641ef8,CHAIN
1751255659,3445042,6c1aa1293a5130c9cb3567e6eafdef86e55d168d3e8dde34a45a9a88102e0b16,CHAIN
1751253330,3445024,126f39626ae376a91ceb842828de3476a94add4ec17de9bd1cc6ff5feaeb5f84,CHAIN
1751251921,3445015,1e4d8fc1590d5a0253d7fc4bbd1afec63512f4088ecad06206488d818bc488cb,CHAIN
1751250224,3445005,da73ffb0e3e0fc91e55274adca21384dbc6232d234422aaaaadaed842144c07a,CHAIN
1751249976,3445003,ebe092c44f52d9e9d6ca5e5bd1c184b3f4ba5af574c75d6d0ce9db4ebaa61f9a,CHAIN
1751249856,3445000,f21cc63f26df008397639f726943e536c5dc7656bf1a959ba92fe9607fa43dc4,CHAIN
1751248015,3444982,0d366b556a07417403b96fed2dd106b08ad4afa0ece2dd05a35db74ae070f38c,CHAIN
1751247903,3444978,970e30ddd4236563134c743faccd960ba77c38d06986394399df466f79df4bce,CHAIN
1751241562,3444938,13f50a54b02de87c6da238f6ce41e43c8306703a1308f4dcfd2de8a75f3536a4,CHAIN
1751240802,3444934,e2261d943b6eb3798541620825b469b1a7fcc034e9d13301f1564e8e1e6b081d,CHAIN
1751239257,3444923,af08f440f15855982e0c6816dfee4e6995360078e8c155a160df7738eec72554,CHAIN
1751239065,3444920,0bffe711857f755cb6e2a0d48e122e9133e41dc59c12865f47cb2d25e76a2db7,CHAIN
1751237047,3444906,f2869c374888966879dc0b0cdf893278e24acf46cb07da79a5043c18fb1a3869,CHAIN
1751234342,3444891,e7f06412a9086683ad590df8186943d3d2d403323ff493161d147b72f2b0d7ba,CHAIN
1751233765,3444886,62b035dcc26685bf29dacedeae449c2d089dd87ece3425a325517accae959d62,CHAIN
1751232044,3444873,049caddd0d73de698ffe9d62cb11ecfbe2346a24dd4309e461fecb84e2ff50c4,CHAIN
1751231596,3444867,54d9f23148df73c972546ac2837e2626300dc03f5d8dca096cd224c30dd74323,CHAIN
1751230243,3444858,f7a731c01a7be5fa23735d294e642dd334a842f3ffb362f468481b7193499f87,CHAIN
1751229923,3444854,e4b2e307dd8e2e06942bc12064e91a66bf97edb38ad766b5baec36ff11d5ba05,CHAIN
1751229778,3444852,f78a9a740d3870a80201522aa25b75591fb0560763c2290023d880aeea84373f,CHAIN
1751223710,3444814,765e0f368b4ce0c4afad7d933c7699d714828f69ebf7c86db22df6057e4ad867,CHAIN
1751220516,3444794,f92050016fbb1df93d052344a7a12c2316b9e34ed5072af04d8573171ccae1c0,CHAIN
1751220412,3444793,850b3f5c0cf160e852a0519468ef0a8809a9724fee585d5de5965cdbd4dd8a31,CHAIN
1751220076,3444790,052ce90530860938c83be18a11f0e5eb8435c347d6ae07e142992ce3619bc4e0,CHAIN
1751220060,3444789,b1af30a6e503e6377e389ad078494b5208661fdcfade533033f5c4a79f11a61e,CHAIN
1751218074,3444770,0367eb91cff3202c335b2c2e7591ab7405feaf7b562d621485165cff1fc7a486,CHAIN
1751218066,3444769,89ea972cbe9f35971f6d9090ffc85b47bfbb4c7405017813ef190b52ca46ae2e,CHAIN
1751216834,3444754,09dbb9b3df84660837372e4d561baab59b42c3f96edc9bd79546403d536dd27e,CHAIN
1751215056,3444740,0cf621680aa0d443e02af5563b2848bfc12e93e5b4406d656292bf85fed2a74e,CHAIN
1751214688,3444735,e3d970c6b1721b36be6dca036f84b44c8c289f90828f1fb785b70944392feb8b,CHAIN
1751212847,3444718,21ddcbfd3a356bb33189b6a650fb3c544156308d66b8419653768fb73c018390,CHAIN
1751212295,3444715,dfc61c16883a2a07d019d1b9b7f21022dd19005683d04b275161b118173a5141,CHAIN
1751212255,3444713,79d31015d6801b4b6707cbef058d529a2f7def0f7a33013a86c11207a41ecc02,CHAIN
1751210229,3444692,fbb711f4dc342ab5ecbc70fc5ba60e7b7580e64d9b1a9dd2f097b0dd0876b84b,CHAIN
1751210141,3444691,6c8798615308f23758d379f40a3a471524097d5efdb460eb4fe14041233b36f8,CHAIN
1751207716,3444671,b2dc3952936e16b5de7c6a27a8021731943720cbfa541b8153e471c950517ef1,CHAIN
1751206859,3444664,ab1ae2cbf44e47df5bbab3ccce32e73aae1d9e97c5ac261eda41841caad2315e,CHAIN
1751198694,3444607,2fe33eaa0be9e5317d99f9fc28d497380b4e44daa93d5677b72c661dc54b4e1a,CHAIN
1751197038,3444589,d99fe65a6d2c9124ab41a2275679ae7d1583a3343a556ca51db3ff50d0c66815,CHAIN
1751196533,3444588,8dcab4dcd42d6f73bffda8e32cec501740bcae570d47e187c8c4262eb1fc5771,CHAIN
1751196221,3444583,6161ed4d1af317d28fcff8d797e76fbb385f02e27b27c997bde9b1c021a539d5,CHAIN
1751194405,3444574,6f490ecc4b47d2e03c14faf0e0b9d27d023eddbd0833dbd409ca09cf7045cef8,CHAIN
1751194189,3444572,7894e01c0516a3b978ebe376c6c120ff075201faa926fbc73278ff47b0a551e1,CHAIN
1751192340,3444556,9abc5c7f40d5353e999bd320b20b484110bad2fb850f19422ed3b401c5bbc8c9,CHAIN
1751187851,3444525,b46f3f89290f8537831d1c0123a34a5d5b4b8b1fcafc704ff855f1f0ba859c38,CHAIN
1751187178,3444522,99978409d0f918d4263ac6539eee0a89381147b568ff4229cb19af2d498c903b,CHAIN
1751187090,3444521,d16bba0215530fcdc9539246624f17d652a23f838bcb2f3aec514f571784c8f5,CHAIN
1751186738,3444519,a495adc7cfd87acd4c4c00e98f8774809522d9bead9791413fe1da18d7079910,CHAIN
1751186330,3444517,143b896ace029cd5daa88a18029ad8b9b6b0dfb62192ec1e69810e9181c62005,CHAIN
1751184866,3444503,1df5e8164a1cc68ed9d95ed1bed6e861d7429d195fd8081e15c95ee8bab72272,CHAIN
1751184090,3444495,e09425f98d659a15cfe0ff182bd90157670f3c27e0e4094b650efc547e1fdd71,CHAIN
1751183961,3444493,53dc73ab24a275a128a1761487dc6d18f586b087fa3c804797de3999497df791,CHAIN
1751182993,3444476,bb6df302602daf26275a16651ad4516bae2f3641c230d82c3fc7b3b1b5ce9226,CHAIN
1751182937,3444475,93da8ee79f36c07169f1d6ef99990fcc41f2cd9a79c97767ac8cd8ae19a910aa,CHAIN
1751181849,3444465,35c429ede7be9d995b13b7231384a20bd683f47033a436462e4e74f060dbdfb6,CHAIN
1751181433,3444460,02980bda00ab11b04565128ee3ac1cf114cedf98824a003cd2c1851d2f73c66f,CHAIN
1751180264,3444447,45b7b427c1708efd7ad2d93f423e7a84b65f25c504b3decb5036e195965d22bf,CHAIN
1751179680,3444442,8c59e123b43519a298ba5ca6421ada6e3c26c9c86c2676a0908453d6bbfcfcfd,CHAIN
1751179576,3444440,b19b576a334fc36e9c5965cf00ff57cc4fad7a8a30e26f5851322bcf8514d666,CHAIN
1751179352,3444438,8f0c893bfbe1aeb4a8a7849a6cb8be7c6c7b933209a5dd81343ee4681634c7fd,CHAIN
1751179240,3444436,5b365d1551b27f796e222aef28323e9f220a01f05101604945f6b726915a41d2,CHAIN
1751179160,3444434,dfda5553d3622621aa2df1d9ac6eed4d7a1dc5c4623cff9aa5b3fb42a9c6a377,CHAIN
1751177359,3444412,4b468b6ab84fb95926fd5eeae95b021bd97cf9a23a9724b51c8431608fd240cf,CHAIN
1751177127,3444409,9f5f2047ffff14c01eb245d6993ba56e0d5a9d242d8e06b9e3edb2917ae8f6d8,CHAIN
1751176887,3444407,325ed8cd05c334ca9731201893018a350a5f09e51aaf136e1688d6f89d9f8a13,CHAIN
1751176231,3444402,7b059dcce99cecd3874fbcf5d3c398f52d02eba159b51d95c5d2ebd5efe87fb0,CHAIN
1751175791,3444397,d2511b7e5dc6ccf189bc29e95e8580d6bde5cbb8165625ddc67b99fca6e7f67a,CHAIN
1751174086,3444384,ea13fdc514dcac9562afa398bd68745fdf2af7bdc1866aeb5c3efc2828ef6ede,CHAIN
1751172998,3444376,0f1bddd1f4015313942f07bcaee69bca569221967456061155461afb193c6622,CHAIN
1751171621,3444364,55db536dbe979708788c5d9273bac868b6cbc2b588c9198c890b2f3bd424ed2d,CHAIN
1751171213,3444358,34ddb429f91ccaf6c30777db2444f6a1d87b4de7fa667b510a79d1c752acd42b,CHAIN
1751171013,3444356,9210fded8a3bcf056ce12b751d82424b083da09ead73a8106233d80eaa5ed7fc,CHAIN
1751169885,3444349,8428d8b02db5f3960227a27d0177e603374769a0ae64dc0c8125e49061894aa9,CHAIN
1751168837,3444336,4938c7df7cb57e3db848702451f2d0b77e08622dac1fbfa39fcf739e71b2aa8b,CHAIN
1751168549,3444335,af501743f9cda511e0ef3eeb73ec09880d586b07200266b2f57c793e05ea5016,CHAIN
1751167932,3444332,964876cbba805e7a24fc10adc2db5a2004883e27f4dbc6c9dc910abb1b6d432b,CHAIN
1751167756,3444331,7a448dd473af0b8f55d49e27a77e5eeead2a731bf8cb224adda2d20e1ca7b538,CHAIN
1751167652,3444329,b5781a87510f553403d696e953e78185b145cb587af3fef7d19b86baa2a8bab0,CHAIN
1751167460,3444327,0abf1a11b2b65be3fa14567d3772b57614c104de570356b5e1c7225b21e2f7ad,CHAIN
1751167420,3444326,aae42c66f222716a5b3a579098b9e3c046f1461667e4b5c00c15ccbc45abcd54,CHAIN
1751167164,3444322,76a058dbc690d3a27a38fd04d5ed752e6f8ba98b188022d17e8c2ed84cd63851,CHAIN
1751166740,3444319,ec41fb046d45846c90b7773281a8e18b3fbe58f888b75c256d9ebb1a25c0664b,CHAIN
1751166636,3444317,52b3a77f7ef3179dbb374e4db78e46560fea49e25a04fa6842e12f6dd9e14697,CHAIN
1751164779,3444303,20e97e408ecee59db59ef6e21d7e55b582b8db95eaa334f18eebb7a084c152b6,CHAIN
1751164707,3444302,087ad432d84c4d633312e707c12e3e4797747f91449130a5c55476c74dec57df,CHAIN
1751162883,3444292,6a938918847dbc6e703896ecd9f69318626e99d39679bfb3cb4d4a5dee98da35,CHAIN
1751162715,3444289,3893e0a95765ae13358ea705caada8c5b12bc6c34122ac0642e9f0538d187b89,CHAIN
1751162499,3444283,0422356ce624987af51b167adb28aa40a0bae68ade6c2403b6e070d0b63f4502,CHAIN
1751161634,3444275,8f6fadc293244dc1699cc0dbdeeaf204d906f85a5abdb88b64d485ccf13b7a42,CHAIN
1751160666,3444270,fd0305c41c73e18d651379a7bd9f7bab54980a53a10479aa20f27ad41b3ac223,CHAIN
1751160594,3444269,809c8c411784aa949e2e7d2c85881be6d041fd5decaf01e3addb8f22cbc3bdea,CHAIN
1751157225,3444248,86f0e2cc0a5dd24a466856eb7e220acc6b98a736845e09c1317e2b8deebbc844,CHAIN
1751156945,3444247,1a7b20ea1a4903669973d8471983b6a6035a12112703ce397e3a132c937017aa,CHAIN
1751156745,3444245,7575375874b8253bbd660cd766e2f0e81cf554f845a2f2a157e72ed5abbbd9f2,CHAIN
1751155688,3444238,2486b55e96c931f1b36480312ca3d9998049b8efff8895d48552231152264e74,CHAIN
1751155512,3444236,b333e50864c4b52a8e2c6542007a6eb2eecf33205b6eaf3809e917bcd4a94dd1,CHAIN
1751155120,3444233,d42fbffee0ed3911e3518351b110d940fc0f6e801ea6e9fc942ac0a19c999c92,CHAIN
1751154432,3444228,6039d2d8743fc8df63329bd18348c3275ded59e50de87fda28ddae25c515c503,CHAIN
1751154424,3444227,5d8988f25d7ca244f34ec12020dc9961342627f198ec7530ed7f80c11c9d45db,CHAIN
1751154360,3444226,74b4b1b617ed616a36f13192341cefd1e2cba8cd83967a4fb7caa00907d26856,CHAIN
1751153336,3444216,ed6f036295f4c75bbd193b36c66d1778ce3ce96c6a7d95c5e468440f6f00a5bf,CHAIN
1751153096,3444212,f429258c370c6925879b94c1aacc9c9e04f7239b174baec39d8d29c066e6bde7,CHAIN
1751152951,3444211,e872bdd69d78d67f4c60877cba6571781578499baee9863a954754a8f470cdb4,CHAIN
1751152687,3444209,7822d52e6be0f2882ccfe44cfffaa1bc3ddc8ce61adb144b13dc7d1eb6bb9db3,CHAIN
1751152311,3444206,91582112fb7a47091a70a08b9c3fc3021e961a495c3ed3f28fb6ff2dceaaf77b,CHAIN
1751151807,3444202,6a9899fd4f9927fa0dd7a707df8fcb679b1ca363be36e1ed11f72c816d07b984,CHAIN
1751151143,3444196,9bfbc322b2dd5db6d87e9e949b7301043fb01c9e0fd8bbe973305ae899ffb54c,CHAIN
1751150255,3444193,122867d69d94feb56c0c2e14d0beceb6896698e169c900895fba0b18379728a1,CHAIN
1751149190,3444182,12855023d9f41e06759e26fde9a5d44cff939f6e6070b8fbe9610d1d80bb1222,CHAIN
1751148054,3444168,5eedc936d0b251c03c7de2cfb6e2f3c5014336023e269181a36553e1d92360a9,CHAIN
1751144901,3444144,c84328bb8655bf299c771a89229fa588fbae5ff7eb1760592150ae75592542a6,CHAIN
1751143548,3444131,8b805b2697dbcd60f32419d42b3eb5d8836cd47fd68449323ec625d86b51bec2,CHAIN
1751143228,3444125,b57bb87bde7cd036ca1bdbdb16e3b37c2408449554679d711393870658aed5c4,CHAIN
1751143100,3444123,962a90d450c3e2324c7eaadd2a028e439c714d285eeff96228e80fcbc9869d7c,CHAIN
1751142444,3444117,4e59676fdcea83dd671fdf3d5111dc28eb89d19fc23e84abf7c63b2ed5a987dc,CHAIN
1751142052,3444113,1c713b57625fb634af77081fbef8365ea03e9722d34b44d6bb025182db948b0b,CHAIN
1751141108,3444103,f8e84d2a1dc6eb3595660a1fc746059f22b33ee85da0d8ff676b4170bc03ed4e,CHAIN
1751140347,3444100,bc66b9c1cb7412e35bdf6fed1213697d2767caffa0d22f5b8b6f430966f1905b,CHAIN
1751139435,3444090,94fa278d03990a8889f2867d119feba3af52329c7e59886f7b0e64ee9ab6835c,CHAIN
1751137827,3444079,c56d0a3f1af59277f0ee122b1fd904e6eb3ccf247157d0c6004b75526f674b3c,CHAIN
1751137435,3444075,37cec89769a8894c76aa6ab66daf601b9b858016cc94d932fcbcc3aa7767a53d,CHAIN
1751137258,3444073,af6ee8f42f4da78fc5b8c46667d6ace6d7a07e23694b7f0de6104c9c4c13f3cc,CHAIN
1751137218,3444072,a0b7d9a39dea808fc727621cc878a017edef4dbd8481e84596176d71ce73a00e,CHAIN
1751137210,3444071,f981cbdc7b83d55f59607338c769c9ca5f8a017309a5220488518d6bf12a57a1,CHAIN
1751135618,3444059,4e6254cff7b704ef5488af578fe52a05f665c35bf3ea4946897cd649426351e1,CHAIN
1751133457,3444048,895c5b8b64e3b6f9ad0e7fb859f319d7288ef782aefde6842a31a42f3de79183,CHAIN
1751133233,3444045,8fdeebacfc7151e6b201d8a8e04afecf250c1bdd9b3031bf5537947d9a73a14c,CHAIN
1751132953,3444041,64cd04a9af74392ff55d87bb588762cad3a9d5bb7144ceb8d4cd869f7c133ebf,CHAIN
1751132065,3444034,12fd4e74b515f4ea43a7621654ca293da313734bd9111467ad9b436b1c0e4cc2,CHAIN
1751131657,3444028,8e2b572065600f07a220ae332a8a70854c9f083a8255f8d3fe1b3c47e69b7a3e,CHAIN
1751130208,3444010,88f343e331db399441db8db56ca920d955ce381cc27dbf8fc4106256551db995,CHAIN
1751129848,3444005,94e16819e70441d9769b7fcc48342f85917987805cf22d7226c02dcd905de8c2,CHAIN
1751129312,3444002,42b23cb6e9f4e531d4643dab90d0e75604da338a6d84caa83483946780019e46,CHAIN
1751129128,3444000,c811a2523ab569c7db757bb0fc47f265a97453174d0ac869f3ebbae237c00c41,CHAIN
1751127863,3443989,62ffacb69df93c8862beef417a1d18a4360648a1fbbc5bb3d621fd96452331c4,CHAIN
1751127775,3443988,da44a65ffddfc6cb43dabcd41058ac84f7bb0195ba896f993986298d16997be9,CHAIN
1751126431,3443976,718fb42d205e842381ede46c6bbc9b9b144c975465371826f680ac3f68073af0,CHAIN
1751126319,3443973,02704b5611c93f340132cb4f58040e5a41103a948ca4ebd7e5d68e49790d91f5,CHAIN
1751124542,3443956,06b3bf555694245d7ba8cd9c28bd2446e7a66fc9cd119507d5fa3207f18aae66,CHAIN
1751123766,3443949,bc9ee538e22130ce4b46cf4178be851208c02e8c228dd9b5f80c3ddc316d6e8c,CHAIN
1751122854,3443944,7ad6922813644e855ae35eb58ee4dbcb7cb0b1585d6cd5215e9af74612bcd41d,CHAIN
1751122654,3443941,8b58c2895ff3462b7dca5b5e10931d93f18118a7bb59ae6ab8545f5993dda8f4,CHAIN
1751122078,3443937,02ba9ba6bfe1d8c07b13ec38dfc5d0104c22d0dddb1c683075cdc4ceb8a6a4fa,CHAIN
1751121421,3443931,0ec951439c652ad14e6e1d8149131301c413541c8a038fc0b5b442dbf0fe5065,CHAIN
1751121029,3443929,485b50cb6ac253a67f3c40868ba1d1d42af83e891c27a3154b2a050418342644,CHAIN
1751120757,3443923,24a2e3f7374cfe41663afb836241214e394e94ef39202caf0067ee2a71d0c488,CHAIN
1751116644,3443886,ba6598d8ba4c40f297aa02ff1be1ef095306e53ef1495227ee3adb264b814d44,CHAIN
1751116428,3443883,eb68f88260a461e4e95b3aa74cff5d1b6737cd193de434f71f25fae789b6ad36,CHAIN
1751116188,3443877,ea091d0a66cb01ed270e1c5fabe5d64e36605cc7983c0a72ba49c3c8e18ef0ac,CHAIN
1751116004,3443874,846664977e632e3fea63322faebab2c9d982aa0bf024222cc50328494f99ff3d,CHAIN
1751115524,3443868,52ea2c3486f282e8af64fbebee67fdff16570ae9f947884d1e09adb98b111ff6,CHAIN
1751114603,3443863,8d394b6ea5e419cfd90b8afc7d69779b9dcab1ace01b69180eb5051bc3ac6325,CHAIN
1751114411,3443859,38826fc99a0ad63e74490027b191ca9ad38643ea4c0ec9655ea75fbc9ca7e140,CHAIN
1751114363,3443858,874672668cd4dd7d521b2c93e5ecdc97b0a15c8cab436c65f2d890835b4cf68f,CHAIN
1751113555,3443851,09ebf69aab53fb6fb123ecf2e9af1a1ba3b1b04088223b1d9d00defec988a3de,CHAIN
1751112931,3443843,0ea910570b650a7a0e49d474f0ceb602909c61f85d3657a530611b0dc5417d6a,CHAIN
1751112483,3443839,863775e58c22a5abe46fbbf2f20510a7f199279a8358547ed1783e3ff2de2e56,CHAIN
1751112194,3443837,9fc27c53218d45873b3ab566b364700d4bb08f7cefb0cdbab8451d212421ddf3,CHAIN
1751110785,3443825,e27d6ec69221fc223b9290220c23fb979615ba97153429c59b3bf11b4cb9dcc6,CHAIN
1751110705,3443824,ec5c87baaddbf5cc1ecd58177eb808b4beeac078f4cbde47c8249ffd026eb064,CHAIN
1751107936,3443802,72de18da177437f3691913c1d03074f4d48bbe0be6b8c11441ef2aef3ef00bce,CHAIN
1751107808,3443801,9468defdf9794df1fbf8310c5cb4f5390720289cbdfe7ed678d9df5d3fe005c5,CHAIN
1751107752,3443800,ddbf6b6a98a3fefc6cfcb0b8f5b54207229a07fad6101625c4435affdf8ca6f6,CHAIN
1751107488,3443798,91b24322866bd154f4a24ef2621b2e5ca479aeb3bc2050397e6a6739f1085f33,CHAIN
1751107416,3443797,801cbbc61bbb078d49004fb5a31591ad8b305cb13834930615497e841c584e57,CHAIN
1751102996,3443772,830c35722958770dd6816ac6491dee6b49d7b8b43da9ae417eaa88b1da7a2c26,CHAIN
1751102892,3443769,76497eb6817abffd656f6417fa5d0f0b28b86446c475d6f80086d06c034b2f63,CHAIN
1751099987,3443751,13cd6b397ad72adf89fa7d3ffd2b870eeffca9bb079a649e4695b44c5d7f2565,CHAIN
1751099939,3443750,bd369918a18456afdd07c6fd3822b6d684671fa0167718fb85266b9016dd1173,CHAIN
1751097657,3443728,3d244ce726886bf07a14b61395bfeef491d80b1edc61745d3b107e4519bd8080,CHAIN
1751096609,3443717,9a74c8d3f2b3114c37f93506d1231843748ed8fb128bf2ad9e074cb76f2d173c,CHAIN
1751094343,3443701,7d2ca3ef8a81931203be577ed39beaf6d29eec2a51b85a27f486c494851cc500,CHAIN
1751094279,3443699,af36dcf7c5d10ce1875fa14d22b72cc180c303fbf18abca7dcd9460b339986e9,CHAIN
1751091629,3443681,b70005abe11a9c0636a3445bcf5c9b05edaeacf98209712318d07ecfc3ca4c2d,CHAIN
1751089148,3443657,d58cd48ac92c47d331af14e6dbe28dbf4acec19f60d1d11cb92f85eb2891a857,CHAIN
1751086554,3443640,14f12292c2652b1420ac46fbfd4756ff6154e6694fd9f4f80abfa6da013d2a8b,CHAIN
1751086282,3443638,bc4457126221c89bc917b2d089b52db64a0307a8739a9aec6eab5b5951b4d610,CHAIN
1751085810,3443634,487cfb71db28a5df58408f9295a0faf98cd4737cd7c934d08844578e3f01f029,CHAIN
1751084072,3443624,b53a12159dc068e4ae3f80ac3a602d83dc6f823338560b6981c923f9ecbd59a6,CHAIN
1751083816,3443621,866bfb1bad45607be946e833f82d12145c64bae9922aab6151abc567e812b170,CHAIN
1751081663,3443598,77c2a010beecf4fd1839861db74a1ba158456d67687a4c5cffe656ad2d9b7ae0,CHAIN
1751081543,3443597,9c6b0a20b3e3eafddcb1e3fb486facff0499042c9f05b17b79156b4b3012f78b,CHAIN
1751081175,3443595,44ac76c37cc6d8208882a9281ca89ab506904df94e5f2bdda331af3bd91723d2,CHAIN
1751081159,3443594,a61499c5e7b3592923375e79171269ac062ffca892b58a58bf756ee3a6ac50a5,CHAIN
1751078397,3443569,1f141b355f208167537b6d94ac8bbe6471eadca25cacbb7888d36c2dd0ddeade,CHAIN
1751075035,3443547,8c23666f427dc754d41531945cc0a37420c92147a4726eef6c14d9b7387158f3,CHAIN
1751073577,3443538,23e0e618a2e7462c199bf26c3459b345a38e1e7978ef0acb872f51150cf361f6,CHAIN
1751073409,3443535,10c4f3e58287eb52d6f31899fd4bd6680c97e1bf3457cd7844cf6d7e4b7a0fc6,CHAIN
1751070824,3443516,152211367c309cb70c2e842d5fddafd4d53dfea48d5c80b9d9468a62c13a1681,CHAIN
1751067742,3443492,6e3038e245cea92c2dbb9e559ac4ec9b9e3e926d9c944332c1ddded5ac290e73,CHAIN
1751067702,3443491,1badc588be201ddcbae8015dbf57d5864275d640d8a1aa2daadcccfc502d94ff,CHAIN
1751067622,3443490,cf2e4f8612f33e8d3fddb9134b8657c068270a5a947ad45d7baf6610a29757f9,CHAIN
1751064884,3443479,a299b40eda8fe53b1db3642c52c9754d0f02af6ae33ee03eb88a6228e150315d,CHAIN
1751064804,3443478,91f281e7f470bdde32691f685c3c639c943249a82a3ee6fa5533fe325d2771d8,CHAIN
1751057503,3443415,9f0eddd513286d609ddceec594e4705957bf040565b87eb9ffb369f7cd7ce463,CHAIN
1751057359,3443414,a83ddff5283e16409fb645ebc0ad4adce5f466f33f75039cc455c92cde93e110,CHAIN
1751055102,3443394,f4d70fc434b2108b76d0305683adef170ff5149fdffb335a5909d68cb79d7c91,CHAIN
1751053901,3443382,45e5256ee816e953127c4361a8c381cd2a57f314a91e93cf2f713835348e7049,CHAIN
1751052252,3443366,ed33cf2625b77bc026909aba3317f2ac994ea47a4bc3976c60c547d39f5edecf,CHAIN
1751051692,3443359,fe0c13fc063fc1d97e6d0fcbf218adc35399d11f01ceb539d291bcf6ad0819f3,CHAIN
1751049930,3443345,be1103fb55bacc2e580adf2e2f87878c6016edf67fe5cff55bfa59301f2afea1,CHAIN
1751049026,3443334,3b3e93fd126625d7e136720bc7c030b7b1adf7e030170523d6fd0b6d9f812222,CHAIN
1751044599,3443306,7c2b3928ccc5e45f4b806afc0f21e746ff36c12489c061295adbe51d38536d6a,CHAIN
1751041797,3443283,2d07045d6783e66176a049f9b5bdd0af82452893c6e91bad43d9cddb28884997,CHAIN
1751041229,3443281,4f5593e6c034772fddfeac815a81dd2b77590c0ab819263445725f56aae037f7,CHAIN
1751039468,3443261,3163a24702f73829d3000343e25536dfe5d76245a77fbb2dccde63b15c7b49e0,CHAIN
1751039116,3443256,c877df6f6944f260e04c353781c46d9fcae8a5e11b9857837b9fb1e7b8e0c631,CHAIN
1751038331,3443253,4c70e9166d0bc8739cc1ec0e8eb5ff5e0bc87f436787a77f5b1134608da62303,CHAIN
1751034264,3443218,ab25634f034546fb5223c9de07614b20bc76574e4a48d45b985c00f86a316762,CHAIN
1751033224,3443209,134e4f817b5fb7d57b10146da7de27bb58ea2327f3f027d5b7daf44ec801e1b6,CHAIN
1751031751,3443193,1a58fbbf575c873ccbc16ca1c4a5be021ee8014eb268a4512dee601db224f03c,CHAIN
1751028973,3443180,0e9b37f046a3bf4e6f99a8ebf2dc9b189c1120a7afc3b2ed1a9abf54aa011ced,CHAIN
1751028645,3443174,2576856f481e31b4e59fff71fd4db04b346965e95d84f0bacc720bff02da67fd,CHAIN
1751025779,3443145,95d4817449a23d75d1a57b81605d4c7c0288866cf9a0ac3c71ac4d8af1630644,CHAIN
1751023466,3443130,de4f253815ae05995f8c7a00d57f21b206bada8b5b6df78d9ec76ad06f6142fc,CHAIN
1751023369,3443128,9fac99cf13ff16da425633038a5e4897bac8c6d10bd0e2225b113efb3864b9cf,CHAIN
1751023081,3443125,99ff31316eafb32edc909f17b8e106dd7461d6a124fc3f44c32e2875c4f11980,CHAIN
1751022897,3443121,cd459c03992414e314ed6ae89141e2e37efd3d888617ccd1f80416a9d6bb9e60,CHAIN
1751022817,3443119,c7e0c5ea0f73c3cc4affe3a3da9801d3959b3512f3c3d4c115e9ee13ec7c7763,CHAIN
1751021296,3443102,89dc4285484c033cc4b2afae074c50e760b0f90a4db024711dafffbbb4b6c2d1,CHAIN
1751020344,3443090,4696a78aee61490124959c1bd61b8bbd982d98092d7855caeb41286693adae02,CHAIN
1751020288,3443088,ffd4e53e49496566b050af02a619b35d18acf5e69411a4d053602afe54b1960e,CHAIN
1751020224,3443087,6a5fc20cf1e893bd4d99abeaeb4fe212b5a30c6a8087bbe6e4609c5c256bd448,CHAIN
1751017950,3443066,0147d8a8173f96f9278abcd6f7d31bd27bd9c5ac9daae8c5f259170e30e3698f,CHAIN
1751017862,3443065,6824b9fe2b2d26818b42d5af998fe4568913e253312c078cc597b77c03ff3015,CHAIN
1751017430,3443064,583236b12afaa18011ba5a80319c9fe4b6410eaf22d7489e9dac3b58fbeec619,CHAIN
1751015564,3443046,5882921226552bad9f19336c3c373e5e628a2df1859a54458df18b5b02668e7f,CHAIN
1751015412,3443045,6fea36f6555cd4e9b6a5c7af56d1a1f347c723ad72bad810735d000735ddb454,CHAIN
1751014564,3443038,127b4284cd24b416c36468c03647913429560c5bb78d60a334ec17432f4d17f6,CHAIN
1751009537,3442997,5c1bcf01e875e49ec16cd67c67b056d165acfd496310c1814aee0f93918c12c7,CHAIN
1751007167,3442979,6b2bafc49ef60f3827729cd43027a637db98d09228d437f80df2c05eb69f08b5,CHAIN
1751005069,3442967,672a18c454038eea6d7e94f99950ee18b87a5dd0adbc62ef6fd19004e195b912,CHAIN
1751002284,3442948,b243f294d8267052a4c1a88f44532d09c84e95393845c56bd1381e65606977d5,CHAIN
1751002004,3442947,bc13a8f32670ec012b52c8ee292af0b4258735bd9eabd6e609cda5d4b71a3735,CHAIN
1751001836,3442944,5d2d935fbe8a1420eacf9f4e700ad3b2e6048298aeb5eb241a13bf96a12ddec9,CHAIN
1750999002,3442924,4352c79c42c570014b2f8c1810ad217c70046bc4ad0b572027e381b8d71696b0,CHAIN
1750993654,3442891,aa86767ec30d102db31620d68f85e0655515b08388be4e982637fb558e91d255,CHAIN
1750991405,3442872,c5524dfa428c01109d410704ab28887c4d45a08b5244f6a944fbd72d85331c6d,CHAIN
1750986722,3442833,f439c3914a61c9ba1c1bd1609ce695c06123745740a068e4d78b7a3c96fd71d2,CHAIN
1750984320,3442806,8fd2ae3c4ef343644cd1699fe08f71908a8cf54306c499a6f1b710f3bc19dbbd,CHAIN
1750984248,3442805,e3b8a5f06ba40d484a8b9ddf518c8aa027c2fced154fe5624b1c0a5cef907b8e,CHAIN
1750976587,3442750,68315cedbf961a33090e07f004708b17cdfa3ebc3eb5227f76a761744b5b8945,CHAIN
1750975194,3442746,687d3a8a2d8c3286fbb3e22e1957e46a5b3addd3e7b31e8858d2e613a1f5b18c,CHAIN
1750972496,3442714,bd94c0aa336b26c554ae6c1b57066231bbca5ebf89f701dfd85a1eb74df94e25,CHAIN
1750972392,3442713,5a2e327fd4871b9d6424c40565e13e7817ee85263047c781a4232293c83a2f97,CHAIN
1750972016,3442711,7d816ae60286add8217106ad31133d9db2979e320db802c4658bbefdcc5742c8,CHAIN
1750969975,3442699,ea9324edfb5addbbbce927878db5abe3877f31ec36a18bab43cdd2b202978ef5,CHAIN
1750964243,3442657,c8cc1102b452aa09180c550a1464390655d8bfad0f782a5c70ad4bf42abd9ff8,CHAIN
1750962314,3442640,0aa4c7b568504517510ec8aa8edc08805a3b945cc1d9000a728e5ba933921222,CHAIN
1750962074,3442635,c72854e401265e4b515fee473810c786d03731689070bea827bf080602ec5a10,CHAIN
1750961938,3442632,528df28fd1e9d41ad8056ec6d06abc810477310fd363c6e59127606e16e652bc,CHAIN
1750960104,3442614,c06f5ae4f0766db74bb862e490d1a1f1d79cb41255ebeefb273f7bd410e78e52,CHAIN
1750957999,3442595,1f8faa95c92967a4ff582cc12bbf6f05f1baa8c19743bb16032d78c17c564140,CHAIN
1750957679,3442590,6771ef3bdaf23a36d5f388ade1914a7fcedef603aeb30e2a2fc564c153a021bb,CHAIN
1750957295,3442585,40776548fcf91d77e781ad10eeec4513c2f785afecd9ec5108673092b2a1a4d0,CHAIN
1750952956,3442552,dd63fab30c0346a26ad17817ec2d339a6e19fd923a965f36b8acef5cb9a9949f,CHAIN
1750952179,3442547,a21f8912bbebebe980e2eac70ef7913e29579514e833457e87af25d8177152c0,CHAIN
1750951555,3442541,0ed6302243ee1feeff36d4b4adba2e8896fc94f48f95e3aec17b4f29a5d734dd,CHAIN
1750950355,3442534,3f18ac34fb1d62c88f0006073bb71f7a5bdd8d886f041a5bfe112007167a38f1,CHAIN
1750949442,3442520,482c4f7839e85a0b58d6c2f43a4180353b82597b7e1c63f29ccc12e0add0771d,CHAIN
1750948778,3442514,c22cd04004a941c4307c4e27bb3fbad3eab508f37e4cda5c29680edabeede643,CHAIN
1750945881,3442485,2b7d868e695a4e686cf0a86701355e0f616d1075f4aeea4af13a7267fc93a97b,CHAIN
1750945681,3442483,e0c9054a7642ea3b1d5c6c6d62d654be516f1b810149ff9e701e7fd665efb537,CHAIN
1750945192,3442477,3b19a329d30a97f4e65e91b93732183c37505337bcfe848e80844766f2e52e39,CHAIN
1750944928,3442474,4eca36097c707ce4268719fe2b2964e575ed25a079a9ad2ce246cbeee2b01b45,CHAIN
1750943095,3442449,5d2e1bdc69d32de49d128ef4d49d3dd7ebbe4be5986ca556906fcc61d661b90d,CHAIN
1750942935,3442446,62427379a25eae1e02ca397f4cea672bc07cc4136b4224c1ca28117359cf8740,CHAIN
1750940349,3442425,772e6a1fc2e4d43642c980a76e28e31e339f02fa0b476ed5cb96472da621e216,CHAIN
1750938460,3442406,eccff45003fffe7a7fc201be882254fb60c7ef3ad0ef5e60299999f1761a5020,CHAIN
1750938004,3442401,8029092b6b1f9d8b6f87992262d3f944d36882e6f830db52718a6fc6fead4384,CHAIN
1750935818,3442383,6f993057a40826e542b02cc3b5b2d3492d545c8e804c7579dccd86fe332b7ca5,CHAIN
1750935482,3442381,831b8f694566c9261d88e87e6ca88898b7533bafef876e2ab71285d2b672ef01,CHAIN
1750935050,3442378,cae1820a1b002929ef96cd3868fbc26e285757e333e11b0648610e3973d91e3c,CHAIN
1750935042,3442377,d1339062d3cccb5af3980104322b7ed91fb76de139cdeea478fdfc69b2461de4,CHAIN
1750933457,3442363,78a317cb655632182a117fc7ae3f52f61fd7b01a661c8d93c87ff76001a1f322,CHAIN
1750926460,3442303,6fb96b4c70efab42a3ce53226b63dd22aa43b412bf0a776550cd89310029f590,CHAIN
1750921945,3442268,6fd908fa668ab98e9d2cdb98590414e1b00967b48fed6975734c5a6399ae9ef0,CHAIN
1750920192,3442253,f29fb7010d5f6be1a503c541deb9105d7881bc28040288516a678ec2a07b81b0,CHAIN
1750915885,3442220,293599c7faa22707bbb5ab5ce0538b4563604b12f886f579dcdb0889ee7f17f3,CHAIN
1750915517,3442218,af25567f8cf9e918fb42fdc188f40f96ea7d1b7eff24dc2163489fe309104230,CHAIN
1750913964,3442209,ee1e60543553e0686f89efb9c2e3201ed11e22c80acb466d7c179a06ddd09a34,CHAIN
1750913644,3442206,199c8297d16bc5b1bff6bfd34fecb9dd6ece68a2238bc9269a94767ba2f8aaf3,CHAIN
1750909985,3442176,4895244aa445b4f22269f3f40fdc448e80f69f537e05a075fbdd4e6bc711dda1,CHAIN
1750907920,3442164,f4f48f0d28c518ae6db6f4c8bea77e38aab2e20a7def0f656f9a091c1a2c4e26,CHAIN
1750907272,3442159,26a71702d89f2592791de66da17e3c36a06988795ea917a4ff719f3552091dc9,CHAIN
1750905647,3442150,bfd3c62c68d2032cd57463318796ae6e4a9504d583675c800fd1bb640aea6561,CHAIN
1750903245,3442131,6189d9983dde7fd1ebbc280cdf9ec8e693e4a5baec2341e93cb1c0f73d1c8707,CHAIN
1750903069,3442127,1fc42f5af15cc7b45e741bc2788b205b4f3a4d21eb4022b81cf596c388d77442,CHAIN
1750900403,3442101,8b2b9e38ada5288cc973c34bb23fcd5224adf1b956c432c22abfe2b45317dedf,CHAIN
1750899098,3442086,1e8b96416e4657b611c9fcaefb8cad34ee776a15942a100aeb9d67e1e22c2cf2,CHAIN
1750896601,3442059,8b4aca56fafdbfff20504dd50078cf846de3df7f1ac870ad6ff373a41fe4f253,CHAIN
1750896593,3442058,42f2a596d9abca30d3a3454c0609ac92d5ad126a319051b76cf0d9e93fe1544b,CHAIN
1750896425,3442056,a84cf0ab0d2a26301a9713c97888978f0a9cc6bbb8058e0e61aeff682926e0a1,CHAIN
1750896024,3442052,f699179be9cc04b50044fe22a5afca2ff50323dce3edbbd85fce7d999e60c29c,CHAIN
1750894807,3442044,215c7d51cb852b0e9f3906a7331101a7eeff71b0fff2b4c833b0a71669deca4c,CHAIN
1750894343,3442038,8b4e5d1bf67dbbe56dd8746d0a546d8c9230acf1326c9dc761ed728dee8495e2,CHAIN
1750892110,3442020,92e7e5900dfca2149519d0b11fd157861460cf41be99e03e98581647bab82381,CHAIN
1750890252,3442006,4a0841b92a6be9c4bb0b867d2910f5e349ce64fe824d314d01d315f2590e044e,CHAIN
1750887755,3441988,b97bb8f3933401aea0a0ac7b15713d7dd8569e6586ab4ca954aa37b4a3c7ea6c,CHAIN
1750887451,3441986,1bb9d08bf272260a38c02a8d0149a37b842d5151c187c489c0b63891ea08b4ba,CHAIN
1750885457,3441970,d36b334bcb48834530709780115e38b5c0ebe2208663c126ddab50b555bbd5c7,CHAIN
1750885153,3441968,f9e0ca38c740db436c24a936f061e8ae51354abe13538c51340dc18e0f8ff265,CHAIN
1750883176,3441949,2996465d0876094f1cc1aa9b0393437005f2df9e3c30fe7c701c2a38c8dccd8b,CHAIN
1750883136,3441946,5dc7db2d19abea731c83059847bf0d6ab31f3aaf3cf22edf3503d3bd6584878f,CHAIN
1750881086,3441928,4cc72ca1350a91efad383b81ac8a4369c5ef32df100298cec58a8b1406fe1cf4,CHAIN
1750880934,3441925,83b4ca075aeabac8a438522d2c0b349ecbd7de22bcfae62e263d9e191489d3ec,CHAIN
1750878397,3441906,d1873d1afc4230558bce9eb460525c78509397bf21f7ab65036c79541e8ea4ee,CHAIN
1750876307,3441897,306652345d21bc2cf466d3afcd9a4fe1601fe5157976afeae6b549bce8005bce,CHAIN
1750876107,3441896,0478799fa4f254087ad67d1ccdf269464c455c52f91d2c5857cd090b34ff7f87,CHAIN
1750875699,3441889,611550ebbe5a302b74b3e6a84404a762df3cba7a04824d61057e4525f6c485f4,CHAIN
1750875499,3441887,22dd14b562558e28793af64f898178dbea1fb8a27c997626b5ba6de0707fdac1,CHAIN
1750875403,3441886,fe1b71bc8d0a1a5a0f0bcba05b370157fbee14eb2ea2c0b845bda910fc73ab6b,CHAIN
1750873794,3441871,16974c8c0defd0326c2c89835170fb1eea1140758466f55d1bc101585232451f,CHAIN
1750873594,3441869,1e4a686f44a9e3b1c934b1934b65446234c7b4f96730f728e216fe23d463ae43,CHAIN
1750872977,3441861,201090542cdfd55c458435afac747057e45cb7bcfa9929cbe42b0651932b1a7d,CHAIN
1750871312,3441846,cb47a0091b022ea435f066c406d47f3088fd3cd9b6faa5fd24638000bff8e5f3,CHAIN
1750871024,3441843,8a619469a598a0cb6309bca77eb5c4b0577e28547231aa75b7113392b4b3dfe6,CHAIN
1750870784,3441838,0835e9766d4bc12c6d9a390252c054b414361d374694575bf4919222e5d009bd,CHAIN
1750868414,3441821,521dfc9ffc52bd8c968d93bef53e55b5e7fef57fe3a0d85e9202b769e683e7ef,CHAIN
1750868246,3441819,55e10819a5323e523cfd2fba10b340897436e41cefe8489d2698a793c946a433,CHAIN
1750868222,3441818,d10d0a1c102283e46900853224d96c47c89a8bf38dbdfee42d4ee9d4e93ac8ea,CHAIN
1750866477,3441806,f0cbb16552ef67905dc1b047ef15bb82a379de79005eb4e188e046bc0191c516,CHAIN
1750863971,3441782,b14a422a9a15ec5fa15ea6c6a3737c58a401f43e7c46b31f287aebf5df4476cb,CHAIN
1750863691,3441778,54041895a4c40a2121d4d41cc3ec36311fd1cc874524c7160241c821361b3bd1,CHAIN
1750861618,3441760,fc8710190d18056ac4960d2c38f0761eaa5f62a7663307b380d50bb21f81507e,CHAIN
1750861177,3441757,17fd17a5422fa2f6defd222bd19792b30cd8dce13a27e657eebca68d16329324,CHAIN
1750858968,3441739,89b723bfd0e5b4ff042bab6e8ecdecd77245538075d2ff3507f2a1e032456b91,CHAIN
1750858928,3441738,e77634da1d3f07f667f86f8f25629aed388a51228760735f295ad83cf68ec033,CHAIN
1750858576,3441730,ccabe7dda6a381817bce6bf268eabaff41fa5aabf6b9c23a9215b3f5c0c2039c,CHAIN
1750851344,3441671,a62b6b1afe1ad6a2c5f337cabe436393df2eabb9d44bd5d394f566718c9dde8a,CHAIN
1750841558,3441591,dbd146f20346913bb3be180e4a47e902b02f953157dd482982b7e03837d26d30,CHAIN
1750834514,3441536,748cfe309abcbb837de2fd9cf34b3cb7f0ea662ea21f26ee98d14d7877e10dbe,CHAIN
1750831273,3441509,a81657064a7e87fd7fd73de2daef0590c532e3d902d13b905024833abc612d58,CHAIN
1750831193,3441508,29126bce5cbf92159ffb706dbd8aed28ba5f451d412db29a0613944ae95bb20f,CHAIN
1750828561,3441487,71ee4775e34754f97df295cbce158a963278eb312e76334337125bcd52b5f3b5,CHAIN
1750823798,3441445,dd129a88328b6c179f29337ab71b9e203c5b0571bd89fc4d903ebca84f979591,CHAIN
1750821047,3441424,1fb1ea08210a897a160d772237c8f3b922548e8ad5fd1017781157f577f51926,CHAIN
1750820476,3441419,b970a3a866d2338c010a5856debdbbbce55d290159a3f1641be5bdc81f3e85bb,CHAIN
1750818315,3441396,f838f632d4979ef96353dd307538dc9015710ad20e5036b83a4f7d7cc5a03707,CHAIN
1750818095,3441391,bd322ca796c20804141f0c5c84fb8e621c8e215ad5f44577ce8c9da943a7d327,CHAIN
1750817815,3441389,e8bd654ef4e4bcd4e9441835cb2aa04318c32c6afb38774b8ba6a2f0b0410b29,CHAIN
1750815123,3441363,344b9bcd8fcfd3887e2fa9fd92ab1aacaa25c390a05be22d95acd20fc6d58607,CHAIN
1750814423,3441353,ca262be4ddb196bb67bc863555a2e14e670a2c25e2b7b652998643931f160556,CHAIN
1750808309,3441307,c54e347b46eed0e64b6f3df354f92930c51693ec707517a6e5e6199c3409a136,CHAIN
1750808119,3441305,283438a5ec4714111f06f96e098a999e3bace1c120fe6cbd50ecbb9d6ce97c64,CHAIN
1750805778,3441292,31e24ad87580035629c502b13edf6f6eff13295ede10785294a890c0ec7da7a3,CHAIN
1750805738,3441290,4c38bf40b1d20474011817595cfdbe025764646b4753e47a62bb62c936baec02,CHAIN
1750804998,3441284,25218942d705f27efaaa15c8902721e02b43ec1443887fdb70f073b51edef774,CHAIN
1750801516,3441262,a4b07c89bd6a2d058e570c0118242de54c41895186ba8bb4d21553c6bc275c15,CHAIN
1750798924,3441246,06298cea1ef80a071a21dbe241d2af6768bd99787faca22a0f5e97a7ea310481,CHAIN
1750798344,3441241,2ffc3dd7181383c8ab920eb1656accd3c2dbf7274adb488d3e00b464158ae6c4,CHAIN
1750796333,3441225,9bf50f1fe64f617a46c3d4f42483b438e2c9177056c2081b2e8ba96b672c3801,CHAIN
1750796252,3441224,fc6c92f3c5fb401e2b9cd46cf9e57de8dd7cb6c8c74e8c9651a82f846a97e62a,CHAIN
1750793161,3441198,ce2d5b7bcb3ffe66d87e3cd785dd61e2df1374b00a149fd00b6332a382ccbd20,CHAIN
1750789429,3441157,575d46efe0ce74aaa4e33b29bf633239e8087954b0d2fb51b4183a59b12f7333,CHAIN
1750786067,3441138,7903182022f6f5f30cc0b5a41db9c90cfbc5faba51d73057111ad0e35fd154c6,CHAIN
1750783345,3441110,756a8e47a298a10c87804186471e58e87aa67d752ff45e2d1e9eaed8c33bab90,CHAIN
1750782585,3441104,0430e545f1c6519835df6bf52c2baa6182fe1ef4cb928e5a9f9bb16946a62bba,CHAIN
1750779634,3441079,757d046d5e8ea280442aad50c0ebfa7b1a41f4dea1cd270366285bd0057b9158,CHAIN
1750776122,3441046,8cb8cb7754d1750660627465e2a20d93c65f9f32011011f712b80a04abcf7c0a,CHAIN
1750774120,3441030,29672cf028769f62388ea9b040a2a1e69659c2529ae6497a41d72ad8ab8e0bb6,CHAIN
1750773480,3441024,a0c7229c1c6c07724f35641f750998a32d05b157ac14a29a4a9d4d68e3acdf9b,CHAIN
1750773030,3441022,41b8fc8c918598862ffff1d6c5a0f00a536801eb31e8cf503a68af19db0e9cdc,CHAIN
1750770458,3440996,33f0bd6f07683e057c9dd28dc745d01b24738f4b5f7b8b1660fbf6e5ab116087,CHAIN
1750764155,3440941,2a7794f18b5e5f1fca8c750ff7848a4bfc364646d4c35b82153d4efd43721884,CHAIN
1750761063,3440917,381faff4fcc7a1899676eb6253e5e4343bd04d0efb73d8e39a030974f4987624,CHAIN
1750757791,3440887,98afdf6fda46d6a85defbe683c7069d6e60a94184484439aa120d6817f0c1d98,CHAIN
1750757671,3440884,d867214d4861a67e83fa7bd0b3be2380620bd61c6da51690702b3734c282042e,CHAIN
1750756170,3440876,93b3b29641589c5dace93bf025ca2231e6eeca1b5026d0c809eaff63dcba8d65,CHAIN
1750754329,3440865,490f9f831b2755dc7de0a8006e08be7865b99cfac83570cdec2cd7a04c04cbe1,CHAIN
1750754139,3440862,8a61ad81910969b9eb7b1eebb8147669dba0989e24aa7ab34642ad45efcb7888,CHAIN
1750751578,3440841,cf948e2243e7e926f551e9e642ad8bdf82f90c2d4c5bafc711e6043bc576280e,CHAIN
1750750307,3440823,66d0c5402bc4023b8a829cc3875e72b6d09636d01ee5a45d55f418bc1dd3ec4d,CHAIN
1750749566,3440815,92aa0478ccd03921607a3654b04ef93729e6bb91fbfb9d5ccb7a1a920dbb3bb0,CHAIN
1750745654,3440783,47bc4475dfa459968197785e4fee960b8ee8bf6bda3f417036738ceac46eb344,CHAIN
1750743923,3440771,539d81ad2d90fed28f9f2fe4fcb33045129ad25216c72f8f37515c146286e0dd,CHAIN
1750743673,3440769,d6d37e543e73afc1c7db82f7925655a9cb58ab408edb59686e91c7e1fd3fc491,CHAIN
1750741552,3440758,f814db9ea34126a058c52fd1a4e84ae713bd358acb02a79f9b3f9aaf0bbc2e5a,CHAIN
1750741532,3440757,1c6825a4376cc205dfb478dba9c02a7a4f84c674ebeeb9d605f8ecbe7cdf2184,CHAIN
1750741432,3440755,0c0394ee41271760be7c295121d41b6a23bce11c37aa1d1f8b270c9a01d77a29,CHAIN
1750737319,3440725,3f32f5bb991e2c0c1d105be8fab1ae22fdcf84d9cc5a3f7270495795241b0b1d,CHAIN
1750731796,3440694,8ab750311576a1be5f46a6f1fad54eca78cb97149f3f1c580ad074531f7a5ac5,CHAIN
1750731486,3440688,06eed7e0176be7547676ea9a39feea7a953ad5b1cd23dd0e30cad70b8e4894cb,CHAIN
1750727183,3440656,afb17c0c0553bfa1a6d5df9adb7093f860fc52189509e97a2818850d46b93b96,CHAIN
1750724842,3440639,8a9e65ab53519be6fc3417060c7661b97e9adc291f19bc4e369a6912260a81d5,CHAIN
1750719029,3440579,5430dd36fb30e770cf2f0097c221f47d8a763e5cef60935e686145ab64debc14,CHAIN
1750716777,3440567,622d02dbd83e56e76aec5833c3231f2355250c104c3c7ba248b1f06fd801b7ee,CHAIN
1750714526,3440553,6151d70000330f3216ac76a6b98b0b641297d4376a670ee3e300fdaf57e71d42,CHAIN
1750710684,3440525,247d1f8da47e38f050a833f672e985c755052bf50e7f9c50327908e7331b017a,CHAIN
1750710624,3440524,e39145dce5ada7ec50aa9404a8e84e491b134f4cad910e4f6fe56bdad972b142,CHAIN
1750710074,3440518,ee3c78e55962e053f9bb3d6c82e457905daed1f2fc6a1afcf26671a48a543385,CHAIN
1750705731,3440471,caf375efb8dd9df23195a0185998e69d8a1db0b5592cd2b2c1fc8dbeedf0bbc0,CHAIN
1750704080,3440459,ab9aefc62b242f08fd03ec9d5be7eede80214647a87a7e05b8ded2bdfbd40dac,CHAIN
1750699117,3440402,51e5df04d48e0a1be38164e648e44afe895715236c935bc505fa58fe97db8739,CHAIN
1750699057,3440400,ff74ba294dc7e64c8dcb1eb8d963a1239d405f385195342e3ae5c0345ac58746,CHAIN
1750697226,3440383,23fe11448a735b8404ee3fa961cb63e01716eb58ef3e138532f22bc6d350441a,CHAIN
1750695485,3440367,8e2852c9049baba37a6e876b83b35a4ebbbb936c9c4468a4f53b23c05e400ec1,CHAIN
1750695265,3440364,0904af8376624360ecf338291d4a75566dcdcd44069b797a439dff1aaa5cd2dc,CHAIN
1750694565,3440359,e5fd4f69637af5a1af9f4dbf6f168ffd57ef422604ee029c6e08a1ab25439253,CHAIN
1750692584,3440343,c1e9a7d83dd8ea0e2e514e2b8b6624807a0dbac80d0f9e61b17afd62c2f9d887,CHAIN
1750691223,3440328,c80dbdf0b79c4e1f6389a52f7ffaf9c3c88fcafde412deec6f30a0fdca94bb07,CHAIN
1750688131,3440291,826eeb6e8d5b056a3a3e2122115a8a5ee99a45f7847f6349fe4c7f998044a776,CHAIN
1750686630,3440282,bd3c3df4fa9118a2bdb67db402064e7ca0dbc94e66555adf0c1c3d089792e052,CHAIN
1750686310,3440280,46f1b6dcc04dc905193787cfc864f5b68c14c26a1590c70b70866bced63e8336,CHAIN
1750684599,3440268,2f2f0ed6046ca14f4bb4af525284604967bbcedcc749d0479a0197aaf9cf1185,CHAIN
1750682328,3440246,1a5d8bec5e33bdae9ba93d26561548cd76a942e070cf95da291988b151fd2ee7,CHAIN
1750682138,3440242,fcfd0716973aa53be336cc68bbed4a6490ea34e0e3ee4e9b32f30c8820a54c43,CHAIN
1750680446,3440230,0da2f28bea6c1fdcb13bd9737b0d6829f833d8ad6b4731df6211e472156f3c59,CHAIN
1750680136,3440226,a0757a8f75fab68ca058145e11da5409a4977729cf111c4c9f4c7ca14de0ea43,CHAIN
1750673723,3440189,0bd177952539b5895b9ae58a61bb7afec773fd73eab529f933f788a112935ce6,CHAIN
1750671662,3440169,826176c9967a1d934e30d17f8ffabb751db95a2aa9f7a470f3c9f8327ebb0687,CHAIN
1750669651,3440155,a8cb43699d001d39d3edd012847109b842cfebdf823c6c8abd2508ab196ceb94,CHAIN
1750669381,3440152,550c6ba78e0f65784ae59b164f27779224486a66334c3f1d7a2d975797b0932f,CHAIN
1750668740,3440147,eb23509549bd76c8cddcf53fa73460f896119ef90d408834e0f47c1fd910c1b2,CHAIN
1750666609,3440133,500a730c6e1595a5761f582a2ca7ee0cb51868b42089d9101976d12999e05f8e,CHAIN
1750664368,3440116,5b0b8c9544c684ff0486b0d4afa5a35855f073c4380a3f438407ecd1efb2d4c7,CHAIN
1750662117,3440086,4c15f553c22ffd4f202eb1ca46df30ed7c1987c94a30876b79d0f74e7c4cc35e,CHAIN
1750660565,3440068,1daea849a488a07504c9252c9f00f46c789ceaf852d1e70f6fd9049d94052a0b,CHAIN
1750658294,3440049,99f6e48d87323e0e8667d7d2c2cca67fdf7259e4da51757f2b5f86e95de6b761,CHAIN
1750656563,3440035,fe7c5138d17de84d8d1ab4f4344455641f17efa78a880ea76a8b26e878df25c9,CHAIN
1750650010,3439986,1cb44c03e013e0e944419859c7b1c5f4387626b97320a42d6377a133f2ad53a7,CHAIN
1750648639,3439978,cab830591ba8bb70d41c77f35868dab34ae668da336b4061b6a0a53c78628277,CHAIN
1750644817,3439955,c88c762bc08114ca58b112cbaf7e2abb593c57af2896dc2f99f87b60b177fe27,CHAIN
1750637053,3439892,cae268e2b6c9294ca66f62e0ff190970b39601088275d38d545ae258581b3b1a,CHAIN
1750636642,3439890,4f54c12f6b0edd81ae1066cb1e832fd72aa72d4509578b084913ce48b1eedf97,CHAIN
1750636362,3439887,c0d7fb45060d63e5a2f728c008b537a5916fbd65cba22eb861da2960491f6609,CHAIN
1750635011,3439878,823d8bb2990296acd660e417e5c90b4e5fcbea0b328a4c9f7ef7ed1e97d00805,CHAIN
1750634831,3439875,ef51c6fc3fe1f6f7c48acf3caede356b41af25d6fb26dcfc6949dcae4694aa08,CHAIN
1750631008,3439855,9d6b27a4baeadd20ba9e7b9c70f35a6fd320ae6a00306ab80d06ff655e8e47c1,CHAIN
1750627236,3439813,de884b49f52e1f3d1798afbfe16f063e2898f3c5a65e3470853da4be0db11026,CHAIN
1750616610,3439720,eafcd201517ea3baf7dbfcee4013a0bca9af7e7c3f9d775bb41b7448db499dd3,CHAIN
1750611297,3439678,12d44c91b8ef70a5811d201c5d855ab27d111d4d73a63897a29cbdb506bef1a6,CHAIN
1750611017,3439674,067ce0269aa8bdbda9e9699398811fb3a6297156946421d439b34dc740b01e24,CHAIN
1750610487,3439668,3455618be3b628896361d87f3f98978f8b46e1e7592242eb8ef7518e55d9bd97,CHAIN
1750609026,3439656,6d83d7aae23cb31739440a55a43522994b706f4de3304ec2e7265d6d4dd88edd,CHAIN
1750604894,3439618,cddd5d017a2ae794a51dca33b9a153c170060c2c16f917d5bc93bb970c8ec7d3,CHAIN
1750600922,3439593,85f804e6a0b113ad49ab1b0441c113063e147bc647c7cc4829bed33fc26677ba,CHAIN
1750599151,3439577,57666283835fbe4d925c96c2dd76a0596b79e8b92a2badb3498b3ad84726110f,CHAIN
1750597220,3439566,4cc5dd2b743cc83a052fd15dd0a8ca69589147d0e85c774c6c8a4a97a899b5f8,CHAIN
1750596630,3439558,4b2459590d841397524da2da9ebd8cb0130f1d0bcd1a18ae2ddfc37056770f73,CHAIN
1750594959,3439550,b886695efe87b9b907edaf655dec9983aa451b484ed16bcc63c8e6bd47819e99,CHAIN
1750592798,3439535,88a306d66f9b2cc8635edab3cffb9c26cb09e20d03dfca994602914c7e2c8a1d,CHAIN
1750592628,3439533,d365266749f2ddb52f1096b0eb4688628c149e44479185c00525bb343b4dcd69,CHAIN
1750589256,3439505,a0921aeecfe4e6eb66a9db813bd11fb0bb2ab82ba1e3cf672cb2c869360cfa1a,CHAIN
1750587194,3439490,fc016d6485c6f2d8b598dc36ba333e0f62caf393af0c7a05b4ac10f77bb30524,CHAIN
1750582842,3439459,8edc39dcbe957a926f98e6cd4fc987a08950a71c963f96e017a99ff3f7fbe35c,CHAIN
1750582832,3439458,aeb749b566b7f6f863b2ebd0fa5ed9f62c4c2441a23af5fecba5cb407e1becf4,CHAIN
1750578480,3439414,c4bc48931790a29b69be8d862da4603db6623da118fb57ed448e451576f6a4e7,CHAIN
1750576028,3439386,3272071f59a85524ccecd9f3b27cd36549be4523081e5a8793f4f101e53a2608,CHAIN
1750569144,3439336,5cab8999de7efc38cfa38ffc2492e05984e15ec28a091d5c9c3e3bb5f98a2deb,CHAIN
1750568884,3439334,0013e289cd49b1bc4d987998d23bef66e0e9ec1fe2ae4f2178d65344d0c495e1,CHAIN
1750568684,3439331,aa6341551bea22ad171dc4b7a10b04939e53627e8db5ee74e477f7247351d37d,CHAIN
1750564211,3439296,a5127945ae9382d44a7c5146ecc6a8fb988abf53a868b3c99b22a1954da94939,CHAIN
1750564101,3439295,a91d5d36a1155a77bdbc0c2634f2109024726cc683c228c9bd797d18ecc7f6c5,CHAIN
1750564041,3439293,f3568ba1d7a682dcd12ae4088a78ea7f1ff57e6b5bbc8bf670c231c49159b631,CHAIN
1750559569,3439261,e1aa601f5aeb8ff86fd1be7126632ba935ad7c8d7e4a414e8cd0a17987fd8d36,CHAIN
1750558859,3439256,5d1428f17f51abc6da33ed1982e2a816039296d0fe0611581418a25db8ce60a6,CHAIN
1750557428,3439240,28ca55682373b2ae010ee56914e08762523383621299aaf8c9a49e4fc0c7661c,CHAIN
1750554666,3439215,9ba13a33dede4d49084c77b34eed072a1851e07ece6ffd092ecea9ed6c1507bf,CHAIN
1750554296,3439213,eec3f1801d1460f02cff58bca4fa6a31fe3068cfa101a48bc5fd248af6b09d71,CHAIN
1750552685,3439196,b1e2a1f17f39906650eda3b3f6a9af0c3ef8a0055e345f5b7d963bc951cafe26,CHAIN
1750548323,3439152,464c46967975defd037fd6858205aeb04dcad10e784f60fd2258951c6ee32eb5,CHAIN
1750547973,3439148,9c5c8e2cdb9deb76edc35fae477d24e6e14cc51fe763d660fe487fedc8c276c5,CHAIN
1750547963,3439147,47a96ffec761cced5db81624aafbb01e5262d3439bcd47e6b44a391dec1d0449,CHAIN
1750547622,3439146,358e7df9433e2298636895d7f0196bfa236c3c65158853c4c4e3c2abb960ae41,CHAIN
1750541949,3439113,3d6a299fa5fc24679bde7b4cf8112c5b59d0f14764f74078ea6e7d73fc623b2a,CHAIN
1750539498,3439093,bc71b3bba4a1bb05a7d3483412f941107054ca4427c114b76322b97c492e7f95,CHAIN
1750539248,3439086,288f9160232af7c273962f807087bfba0f9640c83e1d924340095ef5f51bea54,CHAIN
1750538918,3439083,b4bf97f6fb32cc9a144533e567f48819be516dc8fba72e1b8be96afddf262a3f,CHAIN
1750537197,3439064,b2dfb4399ffde0bed5b80973317fb85d9194de081984cd9e9c11f9ced99de9ff,CHAIN
1750531072,3439005,ea1144aa3fd87e6f4aeb4bc839edd8f5195f6f6eb8e1e88d14fea95b70d352c4,CHAIN
1750530582,3439001,a0698c05c4f17ed4c535ef90a1b5c31a65747a2b11fe24d7ff43d1443b5dfe5f,CHAIN
1750530442,3438999,7f64b78a6680e7e1415e0150c08251e8745c8a3f532978fb7322da70cabf0f7b,CHAIN
1750530432,3438998,76a325638d147ef04c6648ee53ff0625fadc457fa5367851c23027cf1ca1dd07,CHAIN
1750529111,3438990,0da247ffc1aa82cc0b625f422c1f04fd9d0a1170b52f826a6c4a9197c8ccdfcd,CHAIN
1750528631,3438986,42bff762717a7bd61ae2117190a1f0b6a0f704d3290342e70d69a48ae762e266,CHAIN
1750526740,3438971,6cdab90ed3096db5daafd36accfb453d26f703e1380dbc05304c43d050c28738,CHAIN
1750526520,3438969,dda85d445d4f9e746aad6ff269ae261062018c8ea85c888c3ce4cf19a1e29ddf,CHAIN
1750526370,3438967,f3393cf3f55f67309ba0cab06464e00d549de61d398d31e95bab5c97131b836b,CHAIN
1750524549,3438956,c2dcbfad390ca78d0354aba1a09ffe81c0568bad7ae6ad1a2cd79afbb9f16eea,CHAIN
1750524278,3438953,0889967b3520856a6ea3bd9632cdb45729f43b9f947ee11587530731edb28368,CHAIN
1750524068,3438951,5388447c024c4737fc0952a35632527fd5e80e0335502e6b06da7b97e582258c,CHAIN
1750524058,3438950,a15ff57eddbcfd17b095b30cf144c200fac6322d2db8b0fc57a6e7d93b60fe92,CHAIN
1750521647,3438929,2944a70800f12740754c7512be22fd47bdb8ab0ab2522161eeeed6da14621c5f,CHAIN
1750520366,3438923,dc8a81cd17c225e7ecebffc426a03be006c243088ed7d630968b9f5adecce94f,CHAIN
1750517875,3438905,459d0e2ac4594629d058cbcf2dcb741ce134e6d8530fbb711a7546efd11089d6,CHAIN
1750516064,3438896,ad4aa867f055be5444b887c65a4b516cdbe04218b5b68fe22dbd3232b97fa7f8,CHAIN
1750515604,3438888,302dcb750b10770297ade02d0a7daeb14a3c5e631c31551ec0e48ba153799908,CHAIN
1750513413,3438871,10ea80cb162488d4dc6a3af3583e11f12f04ac7c53e46480afb6d81e96df44ee,CHAIN
1750513213,3438869,5b88215b379e0a623b0053ea4d95c9f8d5c7d9aa08068535248d80f192678329,CHAIN
1750511732,3438858,d92a066cc6d3aa5c9d33164c9a1b8140298a7498bb4e7bc06381d1582d798112,CHAIN
1750509190,3438838,3e103315d106d2244b8e4f15398165f1071e4dbdbb01e86ab87df9773203924f,CHAIN
1750507569,3438826,0819ebaeae7108a37e4ecc1ee6f1c02e7e653f6fd404458d0738556b5db283d7,CHAIN
1750507339,3438821,989b3cb84ab2b3dea405ffb1739fc6aa87ff1a08de8d4428ab40d6f24b54b588,CHAIN
1750506839,3438818,fba5bffb251b3174df75ca7f3f58267eefa7fc949a9260beec9270c08552b447,CHAIN
1750506679,3438817,76e12f4487f961623ec28be9163095d4b5aa9efe59c54f2d92b4138e8a55b495,CHAIN
1750505048,3438804,e5f6fa9900783e995e0df03acb8932822f17e08d81a80df2a6d94967373de19e,CHAIN
1750504698,3438798,b4cf400cc2db763fc1d0973eae3d5cda6f7412eba5cf7b9f4d9f44c6fcaa6744,CHAIN
1750501056,3438770,0c0ed3b5669850d1c1131348c9d1b8eaedbb3c0f907e618fd25c123a13713bbe,CHAIN
1750500806,3438768,2f7d7454a5f51c9bbfb9a6109083c62ecb56b606a52d344cd8bdc17cb0153579,CHAIN
1750500125,3438762,edaf6b61bc717a2e12d397dbcb75b4d4079c83c919f0c010df953bbe03de4090,CHAIN
1750495863,3438716,4f1a2a3424b02823b0986c06a0e954ff7fd067cca09e6fb74090c9ebf6790b86,CHAIN
1750492411,3438680,38e827c1ba8b08c69cdbc2792cdd0bf1a0537ac981e49856864bd03f413bf61e,CHAIN
1750492131,3438678,a5f9c7b1509967b0a29cc1e658711e871aec5476636c32a50c7bec10ae2fdf1b,CHAIN
1750488109,3438650,139046405502e4d64fd959ead11409c39a7e13f7d22f402846a97b2709646916,CHAIN
1750487868,3438648,c705af4cf5c3dee9764240d4272c7cef52ab279ec673d66f99c72b3526147c7d,CHAIN
1750485987,3438634,4b59ee7480c1b317f894923c915a0e52777fa00a63a754e0028eac8bab33ab41,CHAIN
1750485907,3438633,670cd6cda9b82596ff77a65d2aac0635442693896bee9236d2acd7e4d7385199,CHAIN
1750485657,3438630,ddd8892301b90ae902c341aa9b3341c0e5ee65808853319da36aa0909189b0f2,CHAIN
1750483676,3438614,655fd635946c77032fd7230aa2e7a1d2ff04c4939ba313e61c342c83b668d8f5,CHAIN
1750483396,3438611,0c853c7d648df0b4b069611a2dbf03c44e6f831e8ba0c62078c01c09907c46ab,CHAIN
1750482816,3438606,1d9348fa3dfd89373ab2a10d5f769c63b1055a4fbbbe53cc253ba528201e9f72,CHAIN
1750480665,3438589,d6f110fa9984495f52f64589799e4f015a0318ae1893ce14679486bd93c4f3f0,CHAIN
1750479204,3438575,f1422d96c20d142c90b2e375ee1473874d2b25f1de662014a1f747e2ac8f5d72,CHAIN
1750478924,3438572,68f59662ac3bb32ee478e654b223deea4614f11c2558f938b8f2a6de81475544,CHAIN
1750478824,3438570,0d3b12ab3f8566074e05a75c0346cdb81d894c9c4af16465ef6a250720bb5ca3,CHAIN
1750475042,3438543,5ea600eac7ad33b67c0a8f894d6a3a726a49773676873d219de2fd49792a049b,CHAIN
1750472560,3438526,3079fe11c4fc64b837b4ad068b9f5044dc93a2fbe86c5c2fde87e9addaa8f173,CHAIN
1750471029,3438519,ef24e5744bcfd7a4a818e67443cbb592941762fe77e028bc49ae249919646d37,CHAIN
1750468858,3438508,3869e3b34112595d9494a7ec8bb98bccff9e76258b7f51e4a5ddb3a8cc9700ed,CHAIN
1750468638,3438504,7085e1a7144e11ce0d36312573a5a8eba5eff4559a9784c3e306b239e24757f6,CHAIN
1750466687,3438491,1176814129c5ba5b007361ff4289eebf30efc89ef55cb19f5d898de5e59cde5c,CHAIN
1750464696,3438466,e58d0a6bc49da8d90565d7c987cdc5654fbb12178d8377b649ea748c7f8e5a6f,CHAIN
1750462284,3438444,b73b65f706f37698a32a4ca73639a75f4cc88b9bab4ff96bcd51a61c2fa7955c,CHAIN
1750461974,3438440,78752a63c3f24b46d165b69cac2bbac5a07d011ef0172078ba6be37b454752d3,CHAIN
1750457842,3438410,594a785eef4a4193ecca8a897fa4d5588fd70be9d99667fa208b93385abb5b68,CHAIN
1750453980,3438375,35526b83528c8983e2f71cef988641346b5d7fd4ece5c63b14a491b4e95acd1f,CHAIN
1750453920,3438373,e9d35f07f0e9d4d6d79f117bb9bf2b6d2888cb741103e6bcce5f267b2433c2d8,CHAIN
1750452409,3438360,9fb62750a41268681e39cb0d1e6cf55866a8f2bd4b4c954143bf872b6f9040fe,CHAIN
1750452319,3438359,2676b924aca8cc7f3f11cc8beac73fc2db50955484ba797a1a9949fdf41f618a,CHAIN
1750447606,3438326,c99d19a2903c0e62b9044431f3b62ab3db32f1ccfe73a271ac881a27d48fcee2,CHAIN
1750444214,3438307,fb5ba8309cd02390aaee6e6e3bdb54f4b3d573d308eb7972155bf197a820b71f,CHAIN
1750444194,3438306,7492a15a1c5154dbd3e2cd6ae4c8659b85831036ee42dddef49cd89ee7d1de41,CHAIN
1750443974,3438303,a80131d03b36fd955cd976baab8930be9b90df2a0e23e82ee3994180b5daf254,CHAIN
1750439832,3438269,27e8c44947f2a457ac6413ab0d3ff4a37f4dd0c5ea00bd2d99f30993299e4a7b,CHAIN
1750433518,3438212,8c3525737c5506f1c5518b148e38ffcff0646e0dd05ccb92080a2868ed6720c1,CHAIN
1750433048,3438207,349990987faa52859e9140c6c7cb0c24504539f7e6254292f50d75c09f03d2e5,CHAIN
1750429486,3438177,466863b5e5824fbd39cc2c07da8361ebc34599869ff621079313aba4581c87e0,CHAIN
1750429436,3438176,b524f08824ca3402113576e44d93e93d162afe2c698ebf3bdc6ab3da98e3de7a,CHAIN
1750428726,3438172,e50bb0b9896356353104d4d3a5345b2f2acd279f6f354a559cec4210fbfc1753,CHAIN
1750427215,3438159,5f8598095a65a01cc9a64a29a60ef6f53121bcd8c6d50dd909d78c19fe2c56e3,CHAIN
1750425454,3438143,28dc21c5aeda814f1e1502131aa4f0ec638ed1b45c993ab5f048538b41144cf4,CHAIN
1750421362,3438121,0647f6686c994c4b5fdd78295588d373b252566e2e8fd08dfed17ba63cb0072e,CHAIN
1750421232,3438120,2ff0fcd38e3d35fde2127a0c2bd4f3a10f803e7a03a81e1e3d29b551be17c591,CHAIN
1750421201,3438119,09fe80883369a718344e2de849dea2d55870243298d90a404883dba35426e027,CHAIN
1750419330,3438100,abb6f45a4e90a8a37c468eaaeb6400591f96acf43823ce814bd9e00a397c39df,CHAIN
1750419170,3438098,994d90c5b2974f20e22f556fe5dff40fb8782eab78bf65bb4218018400f03578,CHAIN
1750417129,3438081,0f2980d026ab8ee9174ea4df6b487a9a7c66ad6bd73fe29fa8e62977edfbf2f6,CHAIN
1750417109,3438080,91a83c5451f45fbfabdc8765d908801e2c248bf6e194648f1db9a03a8ae236d7,CHAIN
1750415198,3438067,6bbf0b50f9f5eff945327548e7ef6b891b09d60b329c1f576eb477b9e690f5bf,CHAIN
1750414228,3438062,8c3e4754da03fe7d3214467af6c71ec484b8da6e7863789f6ebe9dff2ada1fde,CHAIN
1750412477,3438053,eb7bb99e98ce0199bc2d6c64e2bfe14c80de39b4dea6fd387a25e15631d47847,CHAIN
1750412347,3438051,6593ccd2156e324366b760905a8207fb1d5ca68deba5b296697ec8cc8a428db8,CHAIN
1750410666,3438032,83a8f9b29a5e81553d404a8cb0ccac734316d654311d1fd8086dfad36d878450,CHAIN
1750410536,3438030,5837e40ab15e7ef84c14ed7d0eec902dd65d3c23e21c798ad11993713a0403c6,CHAIN
1750410256,3438028,0ccfcc70410dc8b04a6de029347ca11c0a9293b3658f06f0dd9a241cf3411b85,CHAIN
1750410166,3438027,22a643b0f801cab759dcf0204536f4fb8424496d1db47c4a3ab2b89ba69b2683,CHAIN
1750408825,3438015,c3f19cdc0eaeaaadede3f9079544da9ca18e5b8e514b9e7695a733ba357c2336,CHAIN
1750408625,3438013,5a17320cfd0cd7df732f4a9f29e2f424fe34b02c4f22a114a9a7b66a1976b6ee,CHAIN
1750404352,3437978,afdc6ebe9ad5a1564c81176c3a3e163453b627cc9eebcfaca898096670add585,CHAIN
1750403722,3437974,126ccadb81496be884c33b0d4285494447dfe27a827909dd676ce73ca7e65b67,CHAIN
1750396142,3437896,a0bf7371fd0c4ea69115bbaf0b59d699f86138149986adc0395023b3eb6cde15,CHAIN
1750394090,3437879,8dff14de903a037e3c901444aaedd3a4fbae005e96f4a3ab5ca65505cd23f717,CHAIN
1750393630,3437867,b7ed663f7d599b36e83b4480ad30feb9d101cd63b1ba2fee09fc53c5bfeb17df,CHAIN
1750392209,3437855,1b88d4b8c2c50079c5a03c9b3e25c5fe36dbc8de6d47659ca517d85a429711bf,CHAIN
1750391439,3437846,ecaa9f20c79202c4e23aabe3e56f4465d844662493c496ca033c3680f8e09faf,CHAIN
1750391379,3437844,c8d04ed1ce37dd41d9350cf68f2209835d66e7f64dff183d8545c7915745390a,CHAIN
1750389468,3437831,0cd91cab49338e5d028d8cd1726f5f5a21927db79e5d136eb3592ccf475d64be,CHAIN
1750389328,3437828,917d9037a9863e5ed0f951807b08b117bf57a51905c176d9f421d2ef363a6c3e,CHAIN
1750385185,3437792,1845c3e97679e767fb487f2b2925a172173eb269d6d7956b53b7c1292b2743c7,CHAIN
1750384545,3437782,2a1c23122829f9f5f858fc926770f77885f15fae99093d1c5f3ec30eec29628f,CHAIN
1750384465,3437781,38e4593a1b71ed63348688ebb84e33f99d762b2c01f19241709fa9e3a888d865,CHAIN
1750384125,3437779,1bf577c3ca75331ad489947fe3c1e3ef228553cc37db0a5e7eff0ce9f9f05d2c,CHAIN
1750382244,3437764,ccb70d648cf2900d93dc34ff285d4d84b65fda85a65f6ac75c6b56cac789b7e9,CHAIN
1750379822,3437745,181047f55029aad7725486c9f66b6dfaba1e83d7abf73f972264b39d229647bb,CHAIN
1750379342,3437743,b01371451e575f3782e7af8565512ab1f43e1e0afa0c992d0f8316ce07d8eee7,CHAIN
1750374939,3437713,c65a99c1b108c88f03fdd92633058926a077e8d5a446b1834121751848902b9f,CHAIN
1750365734,3437621,e7a9d0e143a5ddbe1c373fa356ce99bd7e8e5069fc7d6212f5747b9044006016,CHAIN
1750365174,3437617,e78de8da055830bb728f964f0eb82ae98c7613636942aa77a09a6f929845e4d2,CHAIN
1750364984,3437615,328a5c4ba6c2d2a4a25fd260f61cac651c9cba9d02f0e202cdef02e675ab1af2,CHAIN
1750362583,3437593,dc218d98551b0cf6ef785f5033e875ba2a70f4b67d0e20ec4facbe20cebf810f,CHAIN
1750357890,3437545,8dd20469468771c53b37bbe8aac14a4b5e0f5d5ad9c12aec5dcd0dcae95059ab,CHAIN
1750356019,3437529,906bf61464028f9fe8cc7602fdbf8161bfb2c196bc9909b14d7b382966cd089e,CHAIN
1750355599,3437522,2d87e053cc568aa587a707bde26780214c95df8d89f1f43f5b09ba1cc71ea839,CHAIN
1750355589,3437521,b778c811920600d4ef6cc3f6172237ef8295007e4f630c375c7ebcae0b6d4184,CHAIN
1750353317,3437503,0a85cc5acef3ca9231fb60b67283b8ec8c14de5b282a3edcd38df9122e7367df,CHAIN
1750353117,3437501,7e49519dd1786c8a16ce6c8332f500de6baef037ca63b1a048996c785c294ef9,CHAIN
1750348365,3437469,c68880ad14af47156cf6a9c996e8980d547163cf7e95c657582fd28d56c21268,CHAIN
1750344252,3437433,80a01b1ace0decedf617b7c9c845fb9e21c34d27e6e49b83d1d7e5e1cab9e758,CHAIN
1750343562,3437424,c1b9b996d3d9e92979d95c4a43299921e73efa2462e92dd049795f077ee0da28,CHAIN
1750341211,3437406,c155093e5b72ade83abca01116504d03579b10f86986eee9d0f891816d330dc2,CHAIN
1750339190,3437390,05a808a2bfc27ceedcf3e745dd69d7e3a4bcf6a697e08b80c340fa0132719820,CHAIN
1750339170,3437389,16c853e561ecd41e8d07cd366df665892a81da4bd673f7b4e4d36a40b434b993,CHAIN
1750339120,3437387,d0a732ae97001e56d3d1e04b01122145a79034d82ecd74fe9d7378b8f214ecf6,CHAIN
1750336328,3437371,18c63cde5ec177be843831c5f023b2de821c99f3a7277618294dadc2f6762a88,CHAIN
1750331145,3437348,3ab68913bc9c980871972b512bafb5abb889bc9c9d9d9eb1e67f23988b08a1fb,CHAIN
1750329574,3437336,bd34ed9020cb701fa581466b8c05ad08011c6ab95d63cb0853bc940f68b66ab1,CHAIN
1750327253,3437319,5125fb4486fda1625ffb8fb28a133cea278cb7550e7ccbdcb487a393e3303862,CHAIN
1750326553,3437309,c871e99ae807c4c50c8c697a795017f9f5b9485c5f81b4becadcd53429ca07d9,CHAIN
1750324591,3437289,736ed8c76e3598065c6a3f7c73945a78a37bf8ce8d800e91b9ccce6cc5065ab5,CHAIN
1750324091,3437282,192ffc41cc1056e22f627f793b2f0538653e144b4f46b265101cbc24e5fddf39,CHAIN
1750322700,3437269,909a96bd51f5c7f9d0c5495727f6b92f85e64ce42cb21ca1332a236a048dbe4a,CHAIN
1750322070,3437256,f5d3e1079569dd881458a382e22d9acd9bdd71fe3d7046aa91e3a96deadac7bd,CHAIN
1750311874,3437175,1b00bb1423579dc7f5edcdea7c0d4bb8a47be5ed1893945b05684096ef4b6244,CHAIN
1750311504,3437172,a5be74e5602d03cc3d98d1de0a099b85950b946f575f8b5e1bf4677c58b2ce28,CHAIN
1750307692,3437141,2305ba0c379254cd2dd7728d56f1c1a897dad0ab67b1e60ce7cffdb78da1feb8,CHAIN
1750307312,3437138,adbcde98bc4db765c8d0f6853f74c1485817c02537ddb8b3d736916b3b2f19fa,CHAIN
1750305591,3437126,a4cf97c15ce8167e645e1a4e4d178a303f04af81185d4927e998e197a95bc266,CHAIN
1750305301,3437124,2d2f4e6f304de1dedf39dd73f781bee315f394cca853ed7c01563be7d913c650,CHAIN
1750303620,3437110,4fcbddba39b38eec9cc2240d2a231d67474b8acc1bb7bebc885b40e0eaf20996,CHAIN
1750303440,3437107,f91df0355d3166c79185e95ccd1e75bff7e36148707ae7e6d099049b1a28c1c5,CHAIN
1750301299,3437092,267c611c23dac4c0afc160f05140f4d15c1610aa34a38809a1845e81aea1624f,CHAIN
1750297016,3437053,b2146c66957fc598ea07f3f9f7ac08fb69389bdceb972a21c28414ab57daba1b,CHAIN
1750296616,3437048,a5dcfce1b3a17b8e7f57772b4d145f8ba810bc4405d86ad15cd48c411c4d557b,CHAIN
1750293865,3437030,db8e4832910f33c360dd24ac08471bfcee3db4ba028d29713e6487ce9733781b,CHAIN
1750289853,3436998,793ea7ec8ad99062dfc6b8edb5438861cfdaf1e3af53a8b65ba236979ff2f6c5,CHAIN
1750287891,3436980,b409843cb7d0ac1a52bb1901111163a5ee5a6df6bcbbd258fee5328af2c90079,CHAIN
1750285050,3436957,ace6d5e93feb9a7c17e51753f3c4c67d3f03cee61a5a3d2c36a09647042fcc91,CHAIN
1750285000,3436956,c7b74f21378da29d596a920732fd8024527480e09c96a3f349942386561de0c3,CHAIN
1750283389,3436937,c82ed066f6684c3402befc8facdf3e8c78f716fd952bdb91372bc834a23e747f,CHAIN
1750283049,3436931,b2c336bf060c2e86503087fde117495dd99b2dd3f5a02acffdaa0d17fab4ae22,CHAIN
1750282989,3436930,413434be469179b6e4db901cfd2a0a99529949ea6c1843b188748a3b4c19039c,CHAIN
1750282709,3436926,8dc06bc3c2de82898059d5103ee0ff79ff7d0c88d885ac4b3288896e95f9c046,CHAIN
1750280708,3436904,dc12a638e42291a9b87be91af6f30ca8e68b767704f1d41c6298607b53ec1760,CHAIN
1750273644,3436841,a520a891aefec93b47b044cc2a2d79779951d591702f5ac4708fc79c03b13139,CHAIN
1750269441,3436808,523c3dfc3fa96fd86455090f970609ab7918b25411b2cb1fa20b5ad1d8d37b06,CHAIN
1750267740,3436794,e8517ccd911b5c9a46c52df5190b1f284e78ab1017ba5398f6d37731bec59434,CHAIN
1750267730,3436793,063a94a81dc5e6182d75513bdd61d7bdc394e697a9b5affaafbe4ccc0d3666bd,CHAIN
1750267190,3436786,aa22c816a9ad97c5fec939bf61b586a2d04654dea2ad0b312773a0439132e568,CHAIN
1750265309,3436773,f54f857d2b1ba5f7999273c708fe934351f8d08cbde4452eb890a32425cf4ad1,CHAIN
1750265049,3436772,8ed41e8417ab082de22bcf246debe499408a7084db9d4a1022d75632a92e714a,CHAIN
1750264859,3436769,8fabf948610e73b9bf6c98d3ce29f81df9352cac19b2bc592225829c9e86d97d,CHAIN
1750264459,3436764,8f3d7dca9e5288bbd17d8f2d4d9ab3873490a4df8d92bd145d63223977caf71d,CHAIN
1750263048,3436747,9b34ad6e5e4ab9838990241dec3942ac58bd908bf6b337d156ef235acfa5fc00,CHAIN
1750261087,3436726,59cf2583984bede4f95807a0fe9e9a8e9ce74e864ba3a48063684550950c1236,CHAIN
1750260817,3436719,66b84518792df4b2ceaac0df4b7e224836bac40ba9e3cf0f686446b358434c81,CHAIN
1750260637,3436717,d44b84926a6032a746e7f7c909ac82ad06e59e4329c84af7e1f2b87005dd5d37,CHAIN
1750260357,3436716,25df66979d3dc7b2b580c633f3e7996bcb72620d4437268b7d882701f332631a,CHAIN
1750258886,3436703,dd4c13c7aed1104f87443c42eff0d0cb6aa104c9b8dcef1a9911f83ca1246405,CHAIN
1750255864,3436674,a9c06826b9c491086492aaddccd72b28c2e716c8917c9b2b168c75e68dd873fe,CHAIN
1750254193,3436655,11661857bb189718773c6def24302ab840fd73c133c0d16db48b7b01a7a5179b,CHAIN
1750250151,3436618,2b19083fdf2e1b61e8bd76407b31f8c30b594c19fcc690ef2f9ad8e259fe54fe,CHAIN
1750247379,3436591,6369ea27f9f03726108381913383a9ebe0d5be299f1435f2792f04912b984340,CHAIN
1750246989,3436588,75acf0a118474ba5f13fd8abb270ebd5498cfa27b5ef3de4789f946ce11018fc,CHAIN
1750245718,3436572,8a38dcc0a67505b521597a9b85e497ebe658180d5a2dddda3751213c5a333ac7,CHAIN
1750239285,3436537,a79849efed00b3190894ac514e50fbcfc31d1fd4de90a5583248b8ec2326e34d,CHAIN
1750237764,3436516,f4b3bc6e8c4b46ff985bee3603fd51735803133c993415385fe478c4e1f6a70d,CHAIN
1750233422,3436484,fe7780c4a5d33ef91ae1b486ae937da3d45cfd542756cbb077af226b297f2c4d,CHAIN
1750231221,3436465,a463499496d1ce0cabfc88195d8b4eca6cccae3da3dd959cf55664b03e8b0c43,CHAIN
1750230941,3436462,40f68c5a844ab6a325d33ba5af1029217bf2b6cac3b6e767c127f506ef46186a,CHAIN
1750229550,3436458,17decf2d26caa2ca1a765c1e9c820fb218a8e8f44fd06b28a285b0e45641fe6d,CHAIN
1750222886,3436413,7822bd3f7bcf0af59ad3251fbd0a0c09a9043008429999e30e413e9947a54249,CHAIN
1750219344,3436388,43906a82610a38e9fa489676a79f57ad48edbd0732c1e460b7c902cb339072a9,CHAIN
1750219324,3436387,76606969e5f9c2689374e5647549627bdcb6ffa4e754310c3859227e9b156b4e,CHAIN
1750219044,3436385,dd25e3823365976a1bd0ab173465922e6b0c272edf1c427ba035509cda228e74,CHAIN
1750211080,3436324,cda278090577463035f1164f6a8d1a056025227ef2ef740136d4c25c3ccc46f2,CHAIN
1750210689,3436321,d707865e2d02149ab200d650a64d8054a42163cfd3b9b3a89003ecab9309fec5,CHAIN
1750209219,3436311,5e80ef4f262ff5beffcb17e347ee47231f6e25dc8b1d6f2ff8b1cae464cc6e7d,CHAIN
1750209129,3436310,520d45721c639982892e5df8f103897c5bad4a946fef8bcab20bcbc8bfeb9b7d,CHAIN
1750207158,3436296,0f22a81e0585ef9be0e6622ec064f87b5817a924987544b421d7563a168636ed,CHAIN
1750204926,3436279,811f3e3be48a49b3d3163ceb6b9ec90a61410ca74269430bf05801772476512a,CHAIN
1750200894,3436236,32044ad71e632ffd5a65468f508dc1ed2ba0bb463b8d0a0cedfa4b68f86ce526,CHAIN
1750199033,3436225,4c64d4d4493d081224b9c0ca4f6d670b0892760e2d7a68b43a14aa892bdcdb82,CHAIN
1750192870,3436183,561f422250033429f50296367a29116218fb173e33bb7bde755b97ba02b4ad97,CHAIN
1750192780,3436182,c1fb6b9626241aae10306dd99fcf8be2c56617bad97474602804ec4bbc93f1c7,CHAIN
1750187277,3436148,d0f2ff2aaefb76b2606ec0f0d9bae098cfa7a286874da77ca451cecbacff0485,CHAIN
1750187137,3436147,44ebc027e8de8ee01b772cd2b979d3ea08e7912cc3af0abe737a8b3633480bca,CHAIN
1750186827,3436141,c2eae03b8b9740871051f326b922d7f20bd035a3257e9c6c80d4fcd223fa8ef9,CHAIN
1750183335,3436111,f50b2ba37a8a7c6367f3b5f85738715316be372d3c533ee62b7b6f3151fe1aac,CHAIN
1750174870,3436054,9c3df49612a52b18982ad32759afeac7ce322ad933153ef2738f685def3bf365,CHAIN
1750169037,3435997,72a63b14edabbb70cbcd1241fe8d6bd55655a4bfc2a1596198b342f7a2736422,CHAIN
1750167176,3435976,0de9cc80191078876e701e23f72089b90c97f9e62d84af5fb2567622dc90d7ec,CHAIN
1750160662,3435919,08b85f59140536d150255f5b71b7d3ed186c45f97f7b8e3f95c6f8f0be2d3792,CHAIN
1750154639,3435871,a89b6ecce0f4b303510fa6c26ed31982dec0ad2b8697463b96fca932372cf33d,CHAIN
1750152298,3435856,24f20467ec8af3c49f526be4a4b389f898cc38c4333779a7c022770a059fa4ed,CHAIN
1750144234,3435779,5c0729ef60d47ca438372b672820ab4a31724831c3cf149fb738f03dd5217325,CHAIN
1750143854,3435773,e81fab2dfa603620a1e462f3509df51ed8c1f61b3f755b3c8e0f285c9fb72e29,CHAIN
1750140111,3435748,1dd99067eab8b02b418456d1f25f8d7ac76e75c00cccdd9c778968e6f99016e8,CHAIN
1750138230,3435730,bde4d67e341ab9d70f47089e082989cce402c18d3bad36cea0f8b6e6ce08e636,CHAIN
1750137220,3435716,c100c1c95b7540788067b6c85da95a178bd2f3775e2b47e52c19e1213c1db6f5,CHAIN
1750136339,3435713,21bcbf15fdb62619a4b1ac03295b05bead432054379d650c814e17a213a63188,CHAIN
1750132037,3435688,ed28f6f7279c6d7b508f1719688a04071f897de9688a82c5c7eee70ae12b9254,CHAIN
1750131567,3435683,de397680bd91459031a989106805b9a67f78071fdb32daaffe5bf09a9632dedc,CHAIN
1750128295,3435661,29a61c03b8bafaeee8a8e757fe3a7151c10dc003d3699f0f1159789b1f3567d7,CHAIN
1750127865,3435658,48ba2a2b6d9b4e6e460b0bc697b294ba1cd18e02f6260e032df129e07424475b,CHAIN
1750127445,3435655,ded3810be6cb0439bc754c9937fca510eb5567ecef7f44a7502ff57bf09b6182,CHAIN
1750119970,3435600,fe8b4bb9526423e12b14a9cecf791edff24f9fff3e52ba85eea9e56312bc9bb6,CHAIN
1750116488,3435573,4d4e8f2c5a9e4afec791f3f8c2f0a27b42cba53e0760ed97e3f090363edf53e8,CHAIN
1750116418,3435572,ff50229cb38b549450a1f7176eb0caf2151232df034150c9839f0c5ebd225e9e,CHAIN
1750113957,3435553,009f6aa715dca817f1d52bd44f24589363a67bb81f3c4405934aec52f8cc63cd,CHAIN
1750106563,3435500,dd62dd9706a8776ff00d3ea626fec37b32681fa6889a941af4874bd9f6f599ab,CHAIN
1750106453,3435498,7c779fd5acc2af5c08a0d4312f2f432c7b2411fb2c2940b61f5c888e8cfb1b55,CHAIN
1750104202,3435479,19103bb7eb11a5f69c92cb39cd5b12aff46d5e928e3e398e10fc682fc238640e,CHAIN
1750102511,3435463,76a81bd4600eb0b28fd0e550e5c862e80082d1ab199a2f00769cb8d58ff0c70e,CHAIN
1750098349,3435428,76928ff36c779c68281aa69be9ab0593896b70bd462c649a6414c338fee63e33,CHAIN
1750096068,3435403,039c5e244f4ad52edb142d776f6b6d26d3e3c8f2057618884bd947f33641aab2,CHAIN
1750095878,3435400,f3219cd26d37043cf82d1656252855e23956f568b11748c79fb84fc0e7819e57,CHAIN
1750094397,3435389,4d4f8a55cfd68ae507b7cfbe4e2b28227dde52f9cd8bbcf9c3cb5d8ea7ba8db8,CHAIN
1750090595,3435370,d36e152552d924e0447df8f8300ce2f9b5e8fd8ed22ae9ae8146916ddfc97b5b,CHAIN
1750085992,3435327,a203f3160e51c26b5ee4bdb1b92af50188ae7cc9b91f39d63fc8d5f58bbeb848,CHAIN
1750083951,3435310,f70f8b74f8971557fbdcafad5e987c562340033aaacab79b0d006ab28e240a8b,CHAIN
1750082900,3435305,ede043ac2a0edd2818e40b494849e10125b62d2f0f0e1e26cc44b8d09aff6214,CHAIN
1750074596,3435225,f526932c8b657af6653f3a42ac2eff4f28f544b97f0b4232dbb9360dd5703c38,CHAIN
1750072775,3435212,c91cfefe5608df93b4047e85af405138ff33cf967de8a031e55962e32588b626,CHAIN
1750064591,3435148,58cc29295d2bf091959348e85949f3f588daba52ede5b173c3ce16b28ef2c7b8,CHAIN
1750062389,3435117,10676105c1e35947b3e9821326f6d56fbdd50502f2cea3243bc23b55478e197b,CHAIN
1750058547,3435085,19bfdbe6132fe98fcb23bf7bd5f8ff4f93c3d47f781b9b82cd4ce5dd703c39aa,CHAIN
1750056876,3435075,b27cf320a907cc36f4add8647ddabb14bd89672d80839d44de54993e591f094d,CHAIN
1750056616,3435072,56df598f843db9eeacd45f2bb74e3b9a8862ab10225b33f9287185e46460c731,CHAIN
1750052134,3435043,5c556921c1104e24cfc9ee06b800e58e02a25df0c00b81ba64f6fc0fb6943269,CHAIN
1750050533,3435028,aa6298c79830d86ca2d8231820f8abcc41af6cc222bc84704cf2346dad750fa3,CHAIN
1750045670,3434982,f4a2eaa8fb89416fe6ca491c35f281fbdf97359d9aef6d810902158276d131b3,CHAIN
1750044309,3434968,13c6b1e03c57f6cbf478c58495b3882c790efafe3a04bd992c958ab5e7902451,CHAIN
1750043889,3434964,4cdf03817df16ae22a71e2f3743687cc0d22ad59265aff20d7780bf9345efcd3,CHAIN
1750041598,3434946,d6dcc35fb0f59b9c48e913a7a2617176c15997eeaa6bfb7a3e25dd7f489e0926,CHAIN
1750039697,3434931,61d23ea6297a7228288d2fd329036541555300e937b7454f419d865746eafc53,CHAIN
1750034464,3434896,72b400d90a2caf687e9203672a8f8d8ef6701095fde3aea1a1e26417b0f6bb89,CHAIN
1750033954,3434894,95a44599a6c71be28cc870b76a0cd4fc3086a7793083a01b61b43132fc9be76b,CHAIN
1750033854,3434893,c42429b982b4ed578bcbd65a3a885bdfe3d59e5c86f2e2a2308632dbcbbc2d10,CHAIN
1750032203,3434880,81bdf5b66dfa919226f5f2775da6e726d377e403863e126284e4baad20946934,CHAIN
1750032123,3434879,baf379656ae1ad0e36bf370e99a0044d84046774d361547911b4e3404be75c2c,CHAIN
1750029801,3434861,f49834da6ac4d31830684119909f005e2c0298c4bd760b25ae6f07b888991e3a,CHAIN
1750027860,3434841,e5f685666224b718f0c82d0be7dec42155dab37c34c4410509263e6991dae0c3,CHAIN
1750021727,3434796,a3f3866e870e85294e2d087baf77c4604d555d140dd2bd21a896ca7b9b42a691,CHAIN
1750021367,3434792,5be268795a3e0fb4dac87510c1aa5f24e31c9a8ceddaded1b267de47e472a577,CHAIN
1750019286,3434781,fa72e77ee927399097b6257bccbc213a6e71a69469292a7eb627ef99699e7343,CHAIN
1750017495,3434763,2694d032d3c9febd6145f5dc712c38a5de798969af354b75ea4d68c45f192786,CHAIN
1750013692,3434726,e8757fec282244b2dcaec66dffe5739ed795042e3dc89a9afa6e134b1df470d0,CHAIN
1750011001,3434699,5a85758b7b1c2f4d135632a9ea34c49997ff5a36b7b9a89f9cecf88bd7b2824e,CHAIN
1750010951,3434697,5a142e068a52caf7cb90b6ad315db3886d522c59f60e8afaeb284c416ba6d89c,CHAIN
1750003167,3434637,9f120622d00bfa43e86d9484ad70c36d3d72fd14e9921d6d3bd37d43a5441534,CHAIN
1750000295,3434615,c0da1e544952db7b1bca5528c33c4fba6bf711a0628da252507810bcf9ea64f3,CHAIN
1750000225,3434614,4e384ad531206d06cc183b3daf001d37f5891a33bc375a3ba6750c83eab4cc6a,CHAIN
1749998324,3434599,e8dff0c010c73095427518c0b6a69773169c794fcbd36752967ba7adfaef9ca7,CHAIN
1749992451,3434539,ceaa4aaf2ca633e0f6c4ee28c3f0a05cf1c8b729424f77a533bebf6bf0ecaa20,CHAIN
1749987518,3434487,dada541e31b2c5dc30540451401982afcefd5d1d32b7665e3e2cc2d47e1c8e96,CHAIN
1749983406,3434447,6afc8156dbe77b18a440aec5e5b4a454b860b9dbde9410b30085477a9ffecf0e,CHAIN
1749982145,3434424,ad9817e5bfca8c81a221a4041698aa90b77693431b9cf495b290f8ebcd9f6b43,CHAIN
1749981505,3434414,d15b24e66fa3d79482725ecf62f52480e5cc55a4f6fbc360f2d4fc73a4175c37,CHAIN
1749978934,3434392,a18c99f394d991af5d5573e681eeacfc9e7c32f87dc962a040d3da6bc91534f3,CHAIN
1749974231,3434344,1aad56ab8c8af0d3f1b3c3d080787d5aa3150da982124c79e54c2664c6482c1c,CHAIN
1749969838,3434300,51d96724af70d17083b531f010cb57d721bdcb41f501b9dec635a292d054449b,CHAIN
1749961634,3434242,76946e879f1e8b33a77fc65b41d6ef9ff40f15dbda2fae4437957bac6ab8e385,CHAIN
1749959233,3434220,25b245769c6310784f24f210ce010bb430fd7271204ca61ab1fa3b7d9f98d771,CHAIN
1749958893,3434218,9aebb3291c5bff4059b412151e9e1e044b908046cd63c89369e8312db5ab495b,CHAIN
1749956841,3434199,bb4e397de21187fb58fbcfd1b90d63f81cd1515a972f47a1fdf8238d964d6aad,CHAIN
1749956831,3434198,4f478dc10b7ba49b874b7248ab73f5171facaba18f1c3b63fce964fad40b844c,CHAIN
1749955200,3434185,404ecde2b5ae92989568156bc070a9f172193676434e8edbbad9845dd293a47c,CHAIN
1749954530,3434180,69088ba83c65b3d26c474265abef267960a718db11592f667c91c4a9ed5267e5,CHAIN
1749949928,3434149,f3b0f173e864fe473ba3279ed269a7e617c935c47bc8003e8312eda7754aec7e,CHAIN
1749946365,3434109,b5ede9c99674f224ce169f8c26b183e2ebb9e3777fc89534204a9934894fe926,CHAIN
1749943514,3434087,24b0887bdc1091708127fd29c4c394df220028e15e63439155c922b569aa1f80,CHAIN
1749938922,3434046,e2bb4dda3a9025ecbfbbd83754f8e9f4c39ce10a4ff66b06505ad421d042de5b,CHAIN
1749934779,3434019,7da3ddd52a25c9febdcedd8335f39396423d7b428b6dab39acccd302c7145d5e,CHAIN
1749933138,3434001,f1cc64d879c162ff2605a163b0fa98f55b38500b3dafa8d5b279156202329e68,CHAIN
1749932548,3433997,78c40012bca0afeb46d07b92b1bf62293dafc600fc709c67ce57509672624719,CHAIN
1749930307,3433980,1a3909abfbfbb0d9b17bf9db86973c7de872b5aba3e2409599571c703d70644c,CHAIN
1749928266,3433968,4e8c0827c1b29f697f482ea3201227596e96c16082db159830e87b9bce903e1d,CHAIN
1749927835,3433965,3325d59f52647d2359652e670765a7dfa888e623ccaf0675b3691e76415bb35b,CHAIN
1749925794,3433952,eed8d1f5d741db400837e8bd7b23d505aad4d8b033839c9bfa7904e8d6d7cb8a,CHAIN
1749921912,3433924,5697c2d179a2f2610351019f5517dbd7456ea306b21019024725d0bc3038d49b,CHAIN
1749917240,3433880,e446ec5faa935c872a23a455038f407ae3f30eb2cef6197c3e455a3dfc86c253,CHAIN
1749913097,3433845,06e6811c0be12d17706d6ca594c5f8d8ffc3e04401eb2b1719740a8a17c1ea03,CHAIN
1749912827,3433840,0e4d71661a128943931c1b43693641c2c2e500f5c6d357f06d67d2fd31192c9f,CHAIN
1749908655,3433805,7cc12c2b253243723a22711c5a58a6d30e92d558b74849603bd2777599108481,CHAIN
1749908415,3433802,291337f315e91418c47740e4966773f1455867742c0553a201e70fd340e079d4,CHAIN
1749904812,3433775,7c668bb3b5b1eaff165af34a8e944584aadcab9e9efd40921b8fd98ff6c23459,CHAIN
1749900110,3433736,eaa558cbd475e78cf0e652f3c26c7724cbeff0deeef72cdbc814c3fc2c2d100f,CHAIN
1749899670,3433734,719463985a5e7e41a07330f8ef23b9a387f765cce70f50796f144f513b4b06f1,CHAIN
1749897999,3433722,3b937acd0daf164e6f351366d5e4d32339403dc27c261fb3fb88fcb44105156d,CHAIN
1749896198,3433709,51d5273503b061163589305d1c18aea1b16494237b50471fa6691fd08ccb29eb,CHAIN
1749894037,3433693,ef467b24420cf8e98c5e6ef566cbef2ca4a1a2459f9505d0aefd5c53ca19deb8,CHAIN
1749893856,3433687,d34de089c4376c043bd720460a174d6a087bdf1328acf0154f6cc0ce19ab9de7,CHAIN
1749892045,3433668,90be6146243406913d951456eb8f8afdd3afe7a5b36c03aab91448de4cc088a4,CHAIN
1749889744,3433651,3662823bb1a1a01567f37c1dd378e6e22a77eb9a9dfda12221b44efc994dd11a,CHAIN
1749889294,3433646,c4e1358863d95aec93fc78c3fc902583af4bb10ed303dd4a5844b7d22b9589e2,CHAIN
1749885142,3433616,7b14ba134e47cf82b530521f05a0c637d513d177f82c331f738af39e95c41175,CHAIN
1749884692,3433612,5dfdaee9c6303c914355cff76b3a3d36d477592cba307df085495caafa1451f8,CHAIN
1749874606,3433522,0377462802cca1564c75d38b643864bc26f97d12a9bc6ed3370f938b7af4c45e,CHAIN
1749872384,3433508,ac5f7954a3df9ea8f5a31917da28b2d5e5d95879f541b38ef373fe57732fd58d,CHAIN
1749865691,3433463,5719eabaca2ab26957bea368957387c195425981128366db6b68288fc2a61057,CHAIN
1749863760,3433451,a13908fae143ca6536ba92d144aec530c3d74742714069f0b8c9bc1291d9d9ed,CHAIN
1749863560,3433448,5851f2163f161c4fcdd239d25993fd95f012534bc888751646164699f821b943,CHAIN
1749859637,3433418,39639da5d37b04ef7a44345972b930c50de9b6943cf6e76319525843f4ef7060,CHAIN
1749857126,3433391,cc33c413ac968e3c24513f5ec74780042f993d36aac61af64448e258ae3c8e63,CHAIN
1749855165,3433373,da396315607ebdf2038130c020d3aa8a9a3a065148bff2c728c43afe0078a1d1,CHAIN
1749852724,3433351,a8fbb8e9fa8aef51f38b8be94a80dea409e79b1198dad2661ec30ceb733609e3,CHAIN
1749851023,3433337,22aa9b4fcbd2c2e2fd79a5bff7949c39a6f9fcb9255d45bc2fc9dc4959809d28,CHAIN
1749844379,3433270,02f3e5d330849b3b4da985be85b09f481ff245127a84a54167052433866118dd,CHAIN
1749840227,3433230,e3ecc72f9c2690e8df33c5e7ed742dd5b11ae1fdac9251864ab1689f58ba1058,CHAIN
1749835844,3433206,ab23dcfdd41a710c6adefe3952fb309e2d6d94b1767466864cffe54154967267,CHAIN
1749835654,3433204,8a3b239fa750283ce956307806b4fc0432e78ced0df735fde9be07c9dd8f2dc1,CHAIN
1749833043,3433182,1cd7216d0c378f805962ee898f2000f60437c273bad8ea86d69d14d1022e9adb,CHAIN
1749830862,3433166,9a16fd9d3781af532c309535ef2f939d039bcb89e925ed240ada2e751e129e93,CHAIN
1749828931,3433152,f7ab347657c23bacf46516ef28588bfb5464a4ccbda7901506b10b33f4f4063b,CHAIN
1749828551,3433148,e1cf62373d304281b2d84cfed45b063876be9e195cc097b1972b38cd43cf0d19,CHAIN
1749826219,3433121,a6792d9aef4da97f054e66e8ace0a4fcf46b586ab20099a9ed79a42d624a1cb7,CHAIN
1749824588,3433102,5de22d4df6d2ceafc4d77779c5a1dec270919f7f4c39d5ce510582e0ac733266,CHAIN
1749822817,3433091,33c5b18908ef6a15dbd8431fdcb13f04f5700607b8293db6933923a1e924fa8d,CHAIN
1749822267,3433084,46d4c429975aeb353349dd57f22b09d523e4e03e47219917aed8038fe5873aeb,CHAIN
1749816684,3433042,345b9b0164bd90791553beaac9cb7013d1bca74fb692b8271b37075e1a081e28,CHAIN
1749814713,3433027,47293643da2b5f9c362b09bb915ac1b4ded3039a23e0b754f818a2330dfdf3b6,CHAIN
1749813122,3433014,2aa7fc3e4c7040fbb3cdffe229c0bf46e2057f6ffe3702f0e6c187ca066ca919,CHAIN
1749812492,3433005,1b99ff986b362fe7ede0aaa11a75d6f2bfd8b46da5e9c24e9ad0b53e8fe73d07,CHAIN
1749806808,3432951,0c4129a9695d05799a1d62f46fa089403b21616c3004e6a51ce525e74352f94e,CHAIN
1749801085,3432906,40694bfce515bba1a3b9a6b78a24f9abd3fd088c6ad32388179f1c7a36255c8d,CHAIN
1749796593,3432863,74302f6e9b2b77c1c52ade44aac73ba0ee7c1acc76ffb16a347ad7c464423492,CHAIN
1749796173,3432860,3b160e27fb6983c73fd53c19a03002a9810607d0f54856afa111680c5d5ab3c1,CHAIN
1749794022,3432845,3861b6988347ecbc35398f9d3f13c384f5a01c3732acb1b2fec1638aa1b082c7,CHAIN
1749792391,3432834,713e9865096c0b1a8e75d621ed26469e4e0c3c6d1c2cd18c2237a4551f1a4a8a,CHAIN
1749787818,3432801,32803e8d9dce0edceca5f35d37e0e77fdffb46e6bd03dcfe046dfe412b556092,CHAIN
1749780294,3432731,33082952f89bfe89b77ac56e493203b8c856db7233619db2e04132aaafae7095,CHAIN
1749778783,3432719,c3566c4a0e065c22c3328f7ae4c710cc2d101dc33cbc29fafebc05d8d39f9a87,CHAIN
1749778533,3432716,5035cd2a37a3aae4385ca1048cf4599bb6fe97671bcdbe38e5a7e26dd3b07609,CHAIN
1749778523,3432715,66f01e85c3c3f032792128bd185e331335110e7f643f8e8a526c62fb4aa55711,CHAIN
1749771879,3432664,a191a688c258a42d5ddec0910c4ea5b90907a98b7864655fb2a666f019161bcd,CHAIN
1749769408,3432642,b135a44bf8b8c4d5d4ec2b3fea99b326976280402a1b6a18de4bbd9722c9d975,CHAIN
1749767477,3432631,7e77cefa52a7763d084606845705fb0f58b14615321427b0d427b9dc000b447f,CHAIN
1749766937,3432625,63fbd1df7a19b7f514659769bf49ad2ae8b08c726932f41795b07e6d671fd5db,CHAIN
1749764906,3432605,c140de4aa602262471953e36840af9b8557b5846678d8a3f0a76ea7512962ede,CHAIN
1749762044,3432587,d4c8c49e5bd6664798ff8f246c6a8bc4354c7204c25ce51aae3254607ce2f279,CHAIN
1749761884,3432584,864d504b1cc62d3fa0bf5bb354c31e7a124cc8dbf8be456e49f8da2be9d5a86c,CHAIN
1749757792,3432554,073bfef733995bd2149cf24d4db623211c8be1d9e06a5bce46d5b697f386cf6a,CHAIN
1749752889,3432514,f01efcd23a5c33b4960a16991f9f8495f5dd346067c29f0c5676ddc2ad8dd885,CHAIN
1749747617,3432475,cb0fce3e6684e2e2c5592c0db1c333a29b7a5645d2d007e07bbf86d5c24a71bc,CHAIN
1749747417,3432472,329b3ed284b308a7ef69a04d99ce54213db62f3165eb85b59c70be8d6dc29e6d,CHAIN
1749747387,3432471,3773d958da80326994705c953300716c50c434fbd6b6270bc44bd24e8137a5cf,CHAIN
1749743584,3432435,6d7f54f9d467ba879bdfdd993575e5854bc52237269d7d4686e29c17be4d7503,CHAIN
1749733959,3432337,815570f7e4dcf98c38df270efae64de277e69af23d1f5df4f4969a51106a4e80,CHAIN
1749733449,3432334,2df801cbfbe48278cbee20bc199a843004027d563182f87ef43db4615b433948,CHAIN
1749731898,3432320,ee0d15bfb780b7e518e1d4b8bb17e354d50839be31de12ed147c90a4dd50493d,CHAIN
1749724844,3432272,c8e9d2eb2ee4f5d0174f57b9f839241d232ab21e2d04765203de1e783426a915,CHAIN
1749724134,3432266,0bf7f3b30ac6687f4dfbc1ea7a8294ec74819e80668909492aadc999e9a77b5b,CHAIN
1749721583,3432239,d615b76275bff4dfb310720d225d02ad9161daa40529a17c82334d9094880d6e,CHAIN
1749719912,3432223,18e274b66032e6ee6aa0534df46138f208bcef5cf1826fb118371d19f08e70b3,CHAIN
1749717831,3432212,19bcbe4ac7923290ca9f33b576e7a9b4fba36f19c8a9567acbb96a60784efca1,CHAIN
1749717451,3432210,c649a0d71e2430d4b98c5cf82d3e1e15662a6ad52b19f8a093949de16b2bea85,CHAIN
1749715920,3432193,cefed1f9a1c6b1c3d0ae6ef539b0cfc96154292feef6e8fd28e6fdd2b3feff14,CHAIN
1749715490,3432189,c40f497e79014b55fdb0426b4d7999baf8ecb7da6f7abb32e391b9c8ead0a1ac,CHAIN
1749715140,3432186,d389268b261b70e92776b2192c443d10a7ffb24e98132b59e87a23821cfcb76f,CHAIN
1749713849,3432180,d6775efc319855f28794838f77504f704d486815b0e153a2d77d844fa2370376,CHAIN
1749713308,3432171,cadc672cfebc82f78b0c840cd4d65105fedb25cc263c3ccd66eee77e9114c717,CHAIN
1749708766,3432132,daa15343229720f9d3d55f21ea002235c415b684a9462485fe270efe39eff053,CHAIN
1749708536,3432127,2b383f00d7779d3aca307c13c4cdea6e1613a1f30338bcff8de7a579bc43dd1a,CHAIN
1749705435,3432106,1c718d595b8e318580f940d0b5d5a46c6fd83cca57b1c83b9d05404d3d9bf8f5,CHAIN
1749703524,3432095,e54703b283e6c1c0381c224847b10481706235df7488df1eba925e3bcca940eb,CHAIN
1749701593,3432080,871e347f3b68a5f5d02778bc54f6ed0d865f715cfd8dab2e4a9c52ea431a1ae2,CHAIN
1749697071,3432044,62095a0fbc20422eccf0f3bd31c7e407e0ff0c66f3cd820d44994660c257f271,CHAIN
1749695920,3432033,6013332f2881797dbfa946019801ab061286fdb333cdf4594889705307d2a5e7,CHAIN
1749694600,3432020,1f9251134a324ea2bf3da203f9ddc2e0dd4d94e1c2c7f92ef9fcfe36fe3a07d0,CHAIN
1749686476,3431951,d2ed288588f91ba1415a4e24ba3cc7acd7a5b65abc471cab6bcdd1a2c9a092bf,CHAIN
1749681303,3431909,425d9b70751d5a992a60537082d56ef74155cfa755fc450e79cdd1fdcc505dd6,CHAIN
1749678932,3431890,7fd4681f5ddcfdd06ec9d97cd653c4c9a3c1e7cf4480eeba981804bee7d5f862,CHAIN
1749675381,3431855,793a2f78efd4f80ab58fddfbf0d95f55476d6155cbbf87a9bf66ca8746800242,CHAIN
1749672939,3431837,aa7a05f10c21c87b232d0c2562859e08a8ec5c94b205a57ff01b43deba491c3c,CHAIN
1749670948,3431821,7f12a3c78e59c61e5f05f7c86516ca7629d98a9f2e0af485c7f2a3b955ae90a0,CHAIN
1749670608,3431819,bec5e1a2f9949df6735e621d3f60a22c47d61721fc2ac1d99fd011ff5a8bc29b,CHAIN
1749668427,3431801,8a6f4c1c6f27ec8b3350ba437ce2ad1027e771e5dbf0d74f8712502a1d06381b,CHAIN
1749666236,3431786,8a9bd085d25adeb55e6c686555ca1bf467ab28b289ff5396d1bbf84646d081b9,CHAIN
1749661143,3431739,349dfbae2b07eb33a3136d034247d7396ee79af920319064dc5578b461dd7388,CHAIN
1749660173,3431736,126f44d6dcf7e2a2a498a876ca8dd5cbb1eeee4d1df4ed5d38524ac93a1e0049,CHAIN
1749658412,3431722,4864f657bdc19346e47134ab8f36cfc643dedee41de823cb8cbb613b0f8d2511,CHAIN
1749654840,3431697,31d2bb26bdfc8b2f14b6d4247d7b7c4373925949000083a177ef2534dc74339e,CHAIN
1749652789,3431681,1070744698db1747acea2f60b6a87fffef1a622777cc0a224ab7072801b1a4ab,CHAIN
1749652649,3431677,11453dae25363c3085a3d89042e152a440c6680ba89958ecb417e8b44560f882,CHAIN
1749645114,3431634,a01055460ce63bf2fe3e07c9e9eb398a2ec7fac59bea9593b76d4b1c7661aa0b,CHAIN
1749635320,3431561,ced323a26034ff3290283a4eed557834f83a99d8d4c0d6b6bed13db583dadf86,CHAIN
1749630698,3431524,a9a329ab38478962ab82033edf2f9e1de814d98aafc47801614d4fce707d9cdf,CHAIN
1749628507,3431506,9411d62536ea054d867619426d2a3fd9baea2623c1c20f148a9460b07074b968,CHAIN
1749626866,3431493,c5e915e1b69e082b89b9b1fcba0a30be5b3a803d38ef4df04b5f8360a995806c,CHAIN
1749623438,3431462,fe3321018db56a89db25d009e9746cb260dfe81a1cb421def57b1ba7f771c248,CHAIN
1749623178,3431460,95aced09a6f8d47cc084dd930027243f740b904189d0a2bff8ab1ed6c50d6807,CHAIN
1749620787,3431443,ed7ebd6bb1ec4199c88a908e7df09a4f5afea2cbf10fa7f286b36aca6a15068e,CHAIN
1749617136,3431414,e26f56bc5e5a465302c88122db98ab3a66696b7c9b4a98302bf0335132614f50,CHAIN
1749616826,3431409,8a7b40700b72c06dfb8b0e868cb2d41dd9d370536881137f8a211e6a464904b6,CHAIN
1749616806,3431408,dc5e6ea49b0eb39216211d29a13700f0f5fce83ebfad3d0469e0922e28367888,CHAIN
1749612294,3431363,5480674c10423c0b14bcea340967e919eb0986930ceef16c045959a8e0c385c3,CHAIN
1749602740,3431281,1987ff18a6f50b5d500e53c8ab436c2ac334c48910189955b7585de3b7b0db17,CHAIN
1749602330,3431276,28a40078299082e02e923c83dede77b9915aab7d0bd4911197e1caf755759e1c,CHAIN
1749597028,3431242,feb01a9d772ca79d8f8ce138fc9c6abfe8ee388283b44270d9d3f80385624883,CHAIN
1749594487,3431219,a9fdf015e8b354fc4df04ff26ae8aee433f688816db6785700917708963f8c15,CHAIN
1749582982,3431126,fde2184629b424c31ac506cf44a6b995f67dc94e2469a935ef7df51d3e32dea1,CHAIN
1749575536,3431049,6e15a85379eb382c8690a4fb217ddaf9b68474e60a42f448a8f7af22d4359b3f,CHAIN
1749566187,3430967,d54e8300b8e146d61e521ea8e847676a666c77805ca193b8da0b1180841d9c09,CHAIN
1749553196,3430865,330fff1f0db339406df506c357b1ab54f13ba83ddd0c222db8cbabd36ca58ec8,CHAIN
1749551235,3430849,bc4739f67b3d399586e7ead8c5ddde97f2baddacaebac1f8e5754a8c8aa6fe67,CHAIN
1749547089,3430819,44d9056f5984c5b37bceb486f1d3779ad9f3826930682320927e546bbd7a80bf,CHAIN
1749546321,3430811,f34380083ab84654303ed6d7afc51925b3206d3187cd4b3bb0e83ecccb16f066,CHAIN
1749541887,3430768,032042dc7d55cb315958d3bbb20e779ffd11939b3ecf6bb23b14c4c3c4dd9977,CHAIN
1749541823,3430766,1a1b00a9fa8d5f89d60629c45cab8b8554ae066a439a18cfd52fab850e62b06e,CHAIN
1749541471,3430760,d3c65e2248cb9293416ff12ddb34e1d80a57b353bd196be9225d0f968e2c20a4,CHAIN
1749541335,3430759,599aa8227caa0b441420f2a00e3e6bd250d8958c1fa53fc4c9e4d814c1ed7d0a,CHAIN
1749539190,3430741,3353194259ab98d82be5106a5ce06ccd1841ba0bd5eb548422079393dd137f58,CHAIN
1749538429,3430734,e5d684e466f870bd3c19b90b3624a16ba9ef55d39576abb16744d101cea638a7,CHAIN
1749538301,3430733,525ab3d07486a153177a61a3f2c1efd3b1e96555b39625eaa9622f3a06605edd,CHAIN
1749534876,3430701,31be5c42668ddc80a2dfa953bbfb16e4aaffed5950d37803569f117c239f7e43,CHAIN
1749532674,3430678,a8d885745f70917c5dbf4501032981871fdace01089c7fc1c43ffde0fe089d7c,CHAIN
1749530954,3430667,7e2d8b2322e3f22e5c21df28f4909dda352fa8d7c068aaa5873a1af33121de33,CHAIN
1749530417,3430659,05e066435a094eafddb13102191f7d5fc5028bdd679d5ac080fa6b38edc7a8b2,CHAIN
1749530097,3430653,55a106debe5f22a4d1d4066bc8d27e4652b5d94fc58f1d6e2db808567fc5dbff,CHAIN
1749529905,3430652,d6ee239769e6417a79387017deca9fb5582a4453010259358e7401b5cd77ad98,CHAIN
1749525327,3430604,8379fb72115d3f739696945be2eaff43f7d53b8b02741c1a7ccab84e1d1239b0,CHAIN
1749525271,3430603,20fe6a97b9f5398407b11ef08e3b8dcbfef6140d0f3fe4ebda516fbba1ec46db,CHAIN
1749520557,3430571,5dcd18be0d13aaa1f417ebd83effcf2615dd22cebe18c9421ceadbd48eadbb3f,CHAIN
1749516795,3430554,c6bcc2c531e7400e53d333c10c1326989b287d2c7bcadf106eff2d852eef95d4,CHAIN
1749506662,3430480,03fe8c254ff3ed14a3afd18e40743e066a4477e4dc3e46fdd5c482d16ac15f1a,CHAIN
1749506046,3430475,c381e6356df4185d0f36126387fa4680c9506999662d9d3bf449516ab8f1454f,CHAIN
1749504589,3430464,cbeaa0b033aaf97d2c87cac3b5fb5c6312c0412a4d0611b0a7d7ea3afb2509c7,CHAIN
1749502548,3430447,025f9cb7607097918c0c05e14dd4f070476f8979a325349cd074c169e689b49f,CHAIN
1749499747,3430422,17ce8ba5869da5bb8b58e3439c84ba762c052024b820340eecec35fcfb015cae,CHAIN
1749497514,3430394,23b7d0d6a32a5d7f7d456d536aec6bbb6bd03803fdeb23ab16c6d8eea8e4c65c,CHAIN
1749496065,3430385,d7055547dcb6136b919d2168b6f33d614f9096dbf1afcc39c8160e8fada04412,CHAIN
1749491822,3430345,6d117c7d5e0670a5e3c6b54382475648ff7d79621557eb5c7c288b87ae62aadb,CHAIN
1749491718,3430342,7936204275d0ee258ef34a3ab0444e74b409b9cae084249eb1ba2175bb5a9e58,CHAIN
1749485570,3430296,d808071d4ad46f89a2f26fa7e7da09953f3c35f343ad8789acd238a6ff7f18ea,CHAIN
1749481232,3430261,fda70d5ab0f8463957b8f99ca85512a934ba372f50bd535d192291028bc0bddb,CHAIN
1749481168,3430259,8b9a3303a41610337a0ea82d98f94d6f30dc2c4aa327aca9b8fdb8620833ed8b,CHAIN
1749476478,3430219,8a4b14797920a8ce878e259d4f3fe292860922c01d675ebd6a1bb0984d3f531f,CHAIN
1749475069,3430205,5c0b6a8936a813137189301c4d201f7e1762892d8feb61daf0b12ef9840d4b95,CHAIN
1749474557,3430199,6fba9b9edc481399c4cd44adbddf159ce051db10df7f5997d70f1e9c0658e1df,CHAIN
1749472756,3430177,2f95a01cf9212a15204093a81d8072833c934745e3675d2cab2d32ef08150f69,CHAIN
1749472596,3430171,8c68076bededd4c194dee119538e4532017d984e0471f188ac1febc8bccf9b90,CHAIN
1749470571,3430156,29b621ddec558fc3e9e58fb46ee21c90a8edbc8deadf95f50b849b8d7320781b,CHAIN
1749462983,3430115,35bec51e932006775b77c594c1391a70156d68c2ca567859656d682568b928d8,CHAIN
1749460886,3430098,86f1f96f8fd919d8994d331ccdb6f3a0641fced71f54cfb8656f1aa73424de43,CHAIN
1749458501,3430083,72a0338f6758ca0ebdd02c3f020929ed7eb6d139451689405aa9a769a7c403d1,CHAIN
1749457148,3430071,4bbfffc2fea4894136db83691ccf52be96e0fec0e4e0617c7d693df419070b8a,CHAIN
1749456740,3430068,bbb1b6b2ba0f4db375e5e86cb9d9eb7d085a328d458e457e69219a0300f49ab6,CHAIN
1749453210,3430032,7f5e20cf7b8b5140d2655ca55d62d10406daee8db7c9754d2d6dfbd769310cff,CHAIN
1749451362,3430016,e0c7e158bdc7251f3cb143af9ffaf5a5ae4a88121f3576e8c17bcc42374f1a12,CHAIN
1749448448,3429998,fb19cca05b3c119d21accbbe64b0f41eaf6d5d5564f1ccd8720dd4064a8a071b,CHAIN
1749446504,3429985,bf7bdb94991bf105b2ec34a58880f6882774e0980abc9c33ee0b7d4acfb5d4de,CHAIN
1749439028,3429923,af758038448f2769bea8969fe51070ffd47226004d8425355faebba390f0e024,CHAIN
1749438804,3429921,e7e8235451f6df95fd90c4918d762716bd1d2c3f5ef8c0b1a5d37dd61f506142,CHAIN
1749438628,3429918,ad34b386b621ea0a9be2cb5f452bf49f5f52484b71aa1c4d97d368168f1315fe,CHAIN
1749426671,3429831,1839211cd054218dbd385ed53eb2acf60ca9df95e727f3404902c9d1b76acdff,CHAIN
1749420788,3429781,556514bccc8536159a17f945aec4c6d2c74485fbf96ba7a7d7df3756042e6d6f,CHAIN
1749418411,3429768,ffb8b1932ace53b5f7c713da04dfb452377227de0fcbc39f6069d1f45b45c1d3,CHAIN
1749418051,3429767,59dbc77e904bca8e0386cc972a49e633fca2099db191a44eb2bcc8fd2e1cd3f9,CHAIN
1749417811,3429765,7fb2af1abacfcd3fd03ab28609841f3483505cd09bc2b7378c04070f010fd0bb,CHAIN
1749415938,3429752,83fb894fd02da55c0bd738038cb1f90682827211de66c460c9c5106fe1a543f0,CHAIN
1749414498,3429737,dae6f83363881a140ba4dcef9a6bb7c817687406d2d3b37610a46b5091938f65,CHAIN
1749411544,3429710,3613c02e6dd89b0163eb2133ebc717723d3926c37e592784e1f7205a9987bf41,CHAIN
1749409904,3429697,412ae252569ca6a4affa5a248b013e6499885b9a5c05b6b5a432f3c7f2c73b8d,CHAIN
1749407527,3429676,117702788c7a937551242e3f3f5111048ef691f2b4361443e86165e3b7d15222,CHAIN
1749406038,3429663,c2f23580811b571ac121dc975dd050b438a2ddf2a5e9f1876eb10bea6e8f732b,CHAIN
1749404037,3429643,7541624b89cf6475dfea9f0a6c20d892a54336dedc3778e79fa43ede1831871f,CHAIN
1749401532,3429613,828a2130b7175258aab1673154ebffb548f8a56d8a66c6948f67607860cf987f,CHAIN
1749389262,3429486,7733993669891d3e86a1840f808ab41620f15b6373f64131aafc32d32591e101,CHAIN
1749384876,3429439,123de3000fc7463846ce92555f2d650c05b77f8a5dd16f1895e76400d4544c09,CHAIN
1749384596,3429430,70e85f0210d878293bf95b9415480e1c4c97300980f586ab25fc8db486974b6d,CHAIN
1749384452,3429428,fbd0fa8f8058b85dff4f312b3c5280e2981ab3a73c993a17d28d7f766ee27c68,CHAIN
1749381090,3429398,e88c9500d5aacb9cde7e0520c1b81dcab9b78ec2e7311b10d487dc00e0deb5fc,CHAIN
1749378985,3429382,8090702e017c0e43b7922f963a45a33c952148cb9e67f7e99412b415245bbfb6,CHAIN
1749376336,3429348,8c04c38cb9f97b368f7ab8422361ec38d10f6cae6f263bcb2dd6857020c11a86,CHAIN
1749372022,3429299,f8fd9bccf5a5e66ee993c430bb585302bae4fff7627bf4108f22ba97c79caedd,CHAIN
1749368357,3429270,6ad1f465514119209ad46bde78439dc9c38b6166e107ad5ab4d3f4b0cd2ae501,CHAIN
1749358064,3429201,676dc33fd5fe234e4900cfdc9229425101002dda0ff933f341b1735d8b8def36,CHAIN
1749355735,3429190,22ac752c34ccdd738137c8548d32991ea6f43fec597705f0134263d47a60ee54,CHAIN
1749353934,3429179,802ab98b3eb278aec2a310ab1d9c6575ee89a45045102b35b1903490ba391a1f,CHAIN
1749345266,3429114,2d44027296be72ac14268e86c473bf34ae636525ff30db3e57a5e436a926fa48,CHAIN
1749338935,3429068,4bb37469e1b4c2e9b38eac69189d18872bc970633d68f82171c2ca5b0bcb515e,CHAIN
1749336846,3429048,0f0ffe2f3bcfb060579878ddc1f9c05719745e2b3ea3d81d9506ec24c81d0ecc,CHAIN
1749333300,3429021,f6028528dc2e39c046fbe5635133139514b617f39fe33d975e0a29b241bd6549,CHAIN
1749331067,3428996,e9bb53779be12c8d463cc25265ea51937e23732f9b69faa02e054402e1da99b2,CHAIN
1749330843,3428992,1a017736897fa705081f8648ed48b5196396323ce50a2cfc293bb26e80e5e6b5,CHAIN
1749330243,3428988,e1ead9223d3449923d812c517381582b382f6fefd37fb3e85e339d7e8d8b2649,CHAIN
1749330203,3428986,50de219479a34d35edf436e28f212bea78fc4d8c91b67b145d6989cbf4ba1b6a,CHAIN
1749325961,3428957,b8baf4f536dd7159e6bb2706e72168617329169ea545b6b3bf4e26f304a56409,CHAIN
1749315772,3428865,e79e80035a1ca0f9644a51c4a8e4fd3e8ed6f865703c69af7603ed2fe564e64f,CHAIN
1749307952,3428799,c1a387e74b6cca21fbffd303eaa2322cf09e2a3891c82957b38b1f1e95e8225f,CHAIN
1749305863,3428778,2ea1ee279f0b5406e341118f2fc057930d62970998d6aa6b5a19e87fbedb6273,CHAIN
1749300765,3428730,703de9a06192f75740c1f31938a40fa34b4e7cb041840425397403565b208eb1,CHAIN
1749290704,3428639,7c86b544060dca45f5273bb75707c4de90f4707a14747a0cd875d19b59a7b688,CHAIN
1749278538,3428543,d4859c4c1e51f6a7d5ae1757cf772f9829fea8b97a639f3429d8020e51c49b75,CHAIN
1749273095,3428485,45ae0f2b2d730dd25a5371caa486266f3e8d3ccc28680e445974bba84e55270e,CHAIN
1749272975,3428484,bbb8ea13cf41a55a1dbecfee5a2284b26cbec2cc073f3da3800bd568a0b40ac7,CHAIN
1749255287,3428325,b2ca6a90869c6d99bdd573ee45441d24d59f3db0a20131cd0b211d3d001182bf,CHAIN
1749255279,3428324,3a9415de123339d673f8c2c758ddf3abd848f26675fdc81d5435e7cb68f13268,CHAIN
1749253246,3428304,1c12ac49c4adace2095f5db7c031d2acb97b77c6b20bf7386440ce179d43562a,CHAIN
1749253222,3428303,5da40b70e7d16d99f18d335b65f054dede3c7173f20e657528e7b8eeafebef4a,CHAIN
1749250645,3428273,b0fdb487262af6da633fb447e4521e3a13e6e0a44df3f62046690a90d093f811,CHAIN
1749249204,3428263,a1c2250501c58d13b28651522c5a98087ad8852a189543f480f9a2c45e9f45f7,CHAIN
1749244810,3428236,71cda742242ef899d0b67bd996f0b22b6eb13a588a975ca86accde6d4fdb5279,CHAIN
1749236294,3428165,100983db79b85a38027a490f85a05bbca8f5cbc8483574814538e1f59648a066,CHAIN
1749234709,3428154,62fee15fd70bed0621fd54ea272a50ca7bf7d61287809aa97ed521845b8b0b79,CHAIN
1749223408,3428042,ac7f8f3c784aa7753b29eea72edb9334a58527d1e46367b4fafb98bbe700c1f0,CHAIN
1749223128,3428038,c9fa058a34435e83eab88c9bbf4152331d1b50beea46cdc63b8ab3cbb37cdd37,CHAIN
1749214803,3427957,bbd4957e0f4d82a46217913de0bc04c824fdcb0b50ca0aec5e7b8cae14890e96,CHAIN
1749208865,3427907,cfd1a180d43d1ac4df44609766ae2be090dc5eb3f2ceae71251fd268a7f41469,CHAIN
1749208328,3427902,fcae026fb519d92473bd56fcfdab0041c8bc54019773ae01eb1e90e265dff5bb,CHAIN
1749189375,3427758,7a6aabc803e3276681fd0adad66cc447e0ce253c8e62b4d40d0ef28d8bd4db53,CHAIN
1749177851,3427659,06463a72b5d76f46cd6b8d0b236fc38c921be33c9130325115c3d47f5d2d1456,CHAIN
1749171203,3427620,82a6b2e929f1c37a319030bd67f868e990410d41f04611835aa92c964b28b1f4,CHAIN
1749153715,3427505,afc7d58477a865b0463d42b7b33f1c7ccb83ead94650f04dae53a909415862c4,CHAIN
1749151778,3427491,d46a693b1c88126282ad87fc3e48d18e52486ea0c1de4e9508896ddfb2fd7b91,CHAIN
1749151586,3427489,5ca300c7b0889f9f45aa164f1a164073d963adafd764e9c528628b89dca28c00,CHAIN
1749137523,3427393,96eb7708354bb140bf4ffda9a69e32f0d0c17bce4a0a841b3d3a758a80e1545f,CHAIN
1749122845,3427282,0c5dbaffa1a5715681b7703cfd163647ab139a976c3d4405ac888b1674a6e33e,CHAIN
1749121252,3427269,bf76cdbfd424e46346154e02cf75fdd16733cae3edaad56bbcc52b4bb2f6c808,CHAIN
1749115139,3427229,517b7b3f7ef057df06547ceb30fb6e0ad67f62bc1cd6f61ee743fc768b00f224,CHAIN
1749101283,3427103,6d381007c43b2f200061f3f19f28390b80d8845c8a69e5e86689220a51b85246,CHAIN
1749090061,3427015,4737e09a14aa5db7447702b92b7f57334ced86f3030503403c2bdd27e14f872f,CHAIN
1749084154,3426963,a8735bfccd03cc14095ed3c4d55d62e543555947eb04d39d8eb8fe872e8e8a6f,CHAIN
1749074331,3426889,f4f510d922842357901d9ae91cdcd8f82110d5f5a745aff6c14871ef643e3a16,CHAIN
1749068224,3426844,255394c16b601b758999980808b498ad66151ddcca6d4dbe9e90b34aa9d92bf8,CHAIN
1749020142,3426425,07ccf9746075bc497f022167a199161194a764452ad307d703549ae94e959ad3,CHAIN
1748998303,3426252,ce451854c5a072fa7c6dbdf7db45695820e6f829292aa4183bacb2629dd94767,CHAIN
1748983977,3426129,72690bf06e6feeda63f01b59b00d6cf59fc63910ee1a88e2aeeddba01b35e081,CHAIN
1748977887,3426083,274fc908f986fc006bf966225a8a1af4be9b57c1899b35b84498a24606156af3,CHAIN
1748967932,3425999,921d6fb2bcdced92231e2ec3d3ae3ee8e06b207ddcb4db71d8e03446361aa4fb,CHAIN
1748966171,3425981,4ac480fe00ede56e8fb79929cf77ce226b759e40b298ce3cc1a523eea021dede,CHAIN
1748965883,3425978,b9abb758710bb2b8c07534e26a93a713558558f1eeea79077460c12479cb22e2,CHAIN
1748960279,3425922,19ba91a854823fe0ba89fbf3c9ab3275919e28ab9a93909681614b8f889193a5,CHAIN
1748952420,3425847,e83987b81c7cf34b3638fb6f7dd94beed5254d5fbc02fe18e2ec35b9d474c47b,CHAIN
1748948345,3425810,0cef72e57ba6db66ce953b38d8230a25c2be9e5a601845d9136e0b78cce967c2,CHAIN
1748935659,3425702,52badcf3e75362b06534ce07cc86866d9d0a242eab901ff0743fb7cf70b4e9db,CHAIN
1748926463,3425617,387f3ee84d556638b85cf7552ac316a5f892ecb4f41d7624ee3ae2c7c416bec6,CHAIN
1748924421,3425604,8dde4b0abe684cccdbfb7b25c7bd8e0d82ddac9cd0849235145716ba2f86aa30,CHAIN
1748910640,3425504,f9b3e8a3c7719c9a5aafb62d05811a032e840e238fb462c63f0c46bbcaf58998,CHAIN
1748906038,3425477,d8de5b4155b3234f60ba6bdeaac57cb629437665e67cc79e826ee7f13a594948,CHAIN
1748901508,3425437,635fe09adfc91a8a84a93fd50f6dc5d0d7e127ad8035971c93d8367775c25e5b,CHAIN
1748899371,3425419,28f9492bbf69fabe86461277ce09dbadd89ff163b7f698e81cb7e07fa8d1a66a,CHAIN
1748897274,3425407,72efefc70be0df00d48315bcb4c3e13ad04ac6962cc6e94e0ed5901cb6b05249,CHAIN
1748892280,3425373,38651364761ad2305997831366f73b48e69302d5d99230938b49bc2ebfd50ab4,CHAIN
1748888229,3425345,d50fc883d6caad26bec43c66cba13a146a113f4a08b094f7293ee694caf1c4f8,CHAIN
1748884428,3425310,db8acb84655ff158f815b07f7023810d080b4878c55d69a74c30954e9bd38a1e,CHAIN
1748881827,3425285,66f740dadf61f400c764247cd7a8e12e852b99ef954fca576109c35d18f06ac7,CHAIN
1748879458,3425265,c0b7cb39956b7e27bfab0de787c608c6e95ddde2a0ce1a70655d755c83111a13,CHAIN
1748867813,3425160,e99d2e566544c3b5e37ae9a975e19045990b83b4c74ca14bd98242f49810f8c9,CHAIN
1748866532,3425150,869cfbe8c2f0341c762dccb6e9b58aa87fd4e6ff64ec79ac8f057415f30442ea,CHAIN
1748859177,3425092,2bd3013f70c2e2d45f985966718105df5f5eb00a8d95681765b8b01aa2f453d1,CHAIN
1748859145,3425091,b12960149dfaf9895dc5cc1f84889b36ab3b88a5ba8670b790136cc7d1b2e125,CHAIN
1748851013,3425013,6abbd985f6f100b797083373973a7c554bc53e7561770b9db5ac265752876c17,CHAIN
1748849668,3424998,33179faf63f530939d1fc4d119acbf56916c854b6981c084eebb8d2ec8e4853c,CHAIN
1748849556,3424996,614dde8faa1e66a96bf9fcdb360a23fc4eaa1725e06af2788aab40116e1e1ff5,CHAIN
1748843809,3424941,906017335866f19020ecc779ba6be01d393f6c061f4f00b2ca106e19629f8afb,CHAIN
1748842184,3424921,70d60570b07e276d82e56ddf432e36cc7c4dff5e74c1224a83e56f10970c04eb,CHAIN
1748839819,3424900,17c8bd656deb0797f0728c938b4bc4ca6216f4dcdf3bed7218abfc4b9ebc887a,CHAIN
1748838186,3424884,64f5454e0f8be3014cebd8d80d48bc6c1528922bb3aff78c18e5d89650449805,CHAIN
1748823452,3424771,a179848129cf1c4fdc394d11dc6321f5cad690bd6dea08ab63a08faa59d9a7d3,CHAIN
1748821616,3424756,ddfa3f7b9a57065254d551ad12084681593b75be355c1f5dc9f754981144cde9,CHAIN
1748821496,3424754,36cd15f421d1510bcc40ea5d5f44cefe13b173e665b2a170f3285ce9d57e10d1,CHAIN
1748818009,3424728,6378899161c9c7d95f878e4807711af99fa571f43cd297dd08447b9b82a4cdf4,CHAIN
1748813006,3424689,61c04b21e5a6fd4d48f1dc860d2383104c5d426e3857e9fdcc17e92d73b8e6d1,CHAIN
1748812706,3424686,77a026a01aa60da6ba8ea6a602baf86423ec20949dcac86127823729396180a6,CHAIN
1748803649,3424622,4a42db9715200ee770d47d9cea952f48e938b68d4730189139b4f2c765830010,CHAIN
1748793318,3424544,5cfbbae5859a558de31b6492c6f5cb6d11939549f58a7092ea74bc95998e589a,CHAIN
1748792618,3424536,e5fedb1d61be38611fedd8e8cd08ad28a64821f1ecd21f8855aa4c34a714fe87,CHAIN
1748787420,3424484,eb19229e46a7ef9d41d7ecf02c6629406f142e268a8e9a20c49ec82dd8b55f48,CHAIN
1748785579,3424469,b52fa2bf4305932b5fa42382dd2e958b48cb5e92c922a6abc490e99bc4aea0af,CHAIN
1748783767,3424449,b45e45b8c457db19b4b2fa5c6e578b9bcb71682508b190b0c0b90efaa29e9325,CHAIN
1748778502,3424402,b09e4f6f062ee22a0feed1e326acbf33039ec37e6589c4bdceb85fc8f449d451,CHAIN
1748769913,3424322,ba578ef54b0dc52ae47033cfd3b71253119a55b0bc1fc5a42d486ad98e8602fa,CHAIN
1748766190,3424296,19a40e6b4154b6a85b6c45ed66d5a621e53f2bfe0e632968e30c2a451de092ec,CHAIN
1748761069,3424255,931356630ccaa5956e8006ec1acbd19f0499e3204db18ef2717178361345bf7b,CHAIN
1748753694,3424183,a276106652dcbd750667c093be58a887b4afe383217e69e26e530d1f5657896e,CHAIN
1748752922,3424174,64a3e8480800a2374e364fad73c266c0ba7077bb851098a552981cc796fd1d5d,CHAIN
1748751546,3424162,7591b672892d919fa6d5652fe77b08296a3d2550cb535f9e7c69cb6d3ae91d86,CHAIN
1748746151,3424123,f6b31d69dff0021f725abf72167402c75211d51657ff41438a1b54289c0d244d,CHAIN
1748737976,3424063,43c651984d0177fb5b6d40c4f4637398bc1de4241cdb5ee259da3a0ab006e643,CHAIN
1748730666,3424020,e580fbd1edf3504b02c37f4d33b4eb288d1bd9107d9f998758d88cf236403efb,CHAIN
1748726618,3423985,c7d45fba9d2e3abb993931891ff8d72c17344d3675fc4e5dd594a517c605d77d,CHAIN
1748719485,3423906,ef957d3b821c570d74c6e30e6db8773ddf33467fe3311c2e133cfc6989665092,CHAIN
1748719275,3423901,31b42217e730ceb9d1dd633d7c43695dd464d1214274f8a04cf27abdf921edf8,CHAIN
1748717774,3423890,6ff53e4ccafe07da49e786d85a019db9a9a00e3ae6bc47f04ce6255430257459,CHAIN
1748714232,3423857,8279a80fc4ea7358bdd1fc600be2d85cd6770691c39576ead69f21d84452f7e8,CHAIN
1748709688,3423821,d89d19f7c87371b3c0ce0c60f9eaf08f69e535f32d8fd586f557818f53e45974,CHAIN
1748679728,3423577,2563d0981129cd1c2b45b0537bcb4b47780c2904d95e0706f4ccb9bee055ff76,CHAIN
1748677121,3423556,e956537dd01ca9841fab8eabeda0225d7f25b549249568484911a59d6b940d0b,CHAIN
1748671252,3423498,d13019ee7e779c9b28abe8ce32909f6fa8ab0d48dcff9b7df8eb045d6578a599,CHAIN
1748660176,3423409,b930beb14ec688a398abb9a52ba1ca376021c2165f7291ffd6dd36602c5256e4,CHAIN
1748658580,3423391,dacda55dc87d161dd097557c20210e2945e849b15d29410ecb2dff3da7ed7a3d,CHAIN
1748646083,3423290,ec025008aadabde7f3a0d6a3b76e6d8bff190905ac18c23ae3b3666b4712df32,CHAIN
1748645727,3423287,96a4f714eba6e660191e2c5da34150d2fb3543574c333bb598493e7445f87577,CHAIN
1748633904,3423205,45049fd0f79949bbef0a07fa47aab58fc40ed7d4d99930ff7692fca20dc7227c,CHAIN
1748626013,3423129,74288c032fb675c5e4238d755f7b07892a941d6e6da538a741fbf81858e10c37,CHAIN
1748584524,3422816,b74de0674df2b3084ad988512ce8d2b963dbab58614ee1c4c821d5e204fd4948,CHAIN
1748582954,3422796,6328cb6b32a3f43726dcce5c54b33e2a8f035d1be9aa653fa07072a07851dddd,CHAIN
1748575271,3422731,b8b9b4d11aff0c3f8c92f7769e4994f290ce025f576935c942614f43de378ae2,CHAIN
1748570859,3422678,52e252fd52bf1f6cff919e925e99be857d73b42af533d94bc469478ca1da2eea,CHAIN
1748570509,3422676,c5ea2ac4482b3835e4cdf91cf9eb8fd7f5b1e0fc928500a5edb2b7ce7ae5ce7b,CHAIN
1748564106,3422615,de3d5bd31a53d21535a505c7328752d6bb508ee0e4a39ffd0f228bf19d80b9a7,CHAIN
1748560130,3422575,c18f807da6c55983781eaee152ec99a57508a66aca943878500c6b8a0ac3266b,CHAIN
1748550696,3422494,7f4b158c78da6d9ff9935744b6a2eb12a208fe8676327eec37f01463394f4cb0,CHAIN
1748544209,3422426,5708fd32671e242dc15c166ccc806359801dbb85006b32783cf1a819621a0c64,CHAIN
1748516930,3422194,06b85582f3e3c96e6fb44e8b12a94c3ab68e1448f90ad624e50d536bcb1b7b5a,CHAIN
1748510678,3422139,53f8c5e5fdd4f8f709aa072ff5e7c230a35df8c5e8145fc5f047a07670699a85,CHAIN
1748506846,3422105,2d0dc5a7b87d0baed5fa55a53e9bac5b78f2c0c9abd4c5cbffd9d9debf342f99,CHAIN
1748503065,3422073,c5886240d851436d0814dd124645a63aea4d68d06d9afe63a24dd3653a608aee,CHAIN
1748477705,3421875,c4e7b47ae495b71a719c7b98dcec723be86d0b65d3db470ddf10e925f570743e,CHAIN
1748455306,3421707,5b9e7b09da890485f80ca408e916116bc09f72749ce978956f2bb92feea663e9,CHAIN
1748450544,3421677,6464f8c6da2a6db116748054d49b80e07db4a2f024e8313b40985bef26f5cf32,CHAIN
1748424079,3421489,8cba1f09f592a934627d48b20cd77772266b59f76862e1f900aa9940d444a482,CHAIN
1748422988,3421482,289900f5ab29363b42b9de4f396fcaca7f96ea836d0fe566422c431513e5ef25,CHAIN
1748418607,3421445,3f410b37bebd358bd2eed102b28e5d28ebac0c1ad93fa89b509cea6a71ece367,CHAIN
1748416416,3421422,167751eb4e7f5c4b315c23ae4462ff8c508d35c93ba913a7b7d4a452f80531dc,CHAIN
1748397128,3421273,7ab761dc3b4d11c8eba6eeb01058910b0e8d24b26f2589c594b30183e3e5e937,CHAIN
1748392886,3421237,ebe8bce0fbeb87e019212a2946e84fbf8294d51a28320a637cab7cb37e04a534,CHAIN
1748367538,3421063,d112f2f77109c049bfb9b7b35e695ba9462d0a4a3f79e6fd1dc492eb5b95be4a,CHAIN
1748361365,3421018,3701eac88423110f5412d09f96e695cef029b229a01b54843282709b469755d6,CHAIN
1748342784,3420855,5404c57b45a86905a5d3bb5b45d2beb804bc74fba3c030158d6bd9e48d638dc0,CHAIN
1748337962,3420810,d1c0f14ece06de661d4edbabb8301314185848adc18c9f05a70d788b9ffe2824,CHAIN
1748337892,3420809,d851c3c7966eb80152cfe2a12175925309759f37c70207ce2c1a5220ddb8a36d,CHAIN
1748327478,3420714,5793b5c786b67b2b761219f4666e3ff8aa0e3a008db84fd9faef5a9770a7464c,CHAIN
1748323095,3420670,d70d72e8483b259cf818d9c0f0d958f8c2f8f415708376ca6c1d6d368de2f320,CHAIN
1748316252,3420613,b8653f307f5d258d036a6a25c9215add0757bdac231861995cfc71752f5b385d,CHAIN
1748299626,3420482,fad8e5eded808499ca9cefc8d01a29125f5814e5c14a5431fddbeb7c3a6a99c4,CHAIN
1748293634,3420449,49b4e11eb1fa46d5d6a44f240a18143191ed54ba03f1580e7401874155ae3df1,CHAIN
1748280118,3420351,25912e537c1542d5ec51f69fdbeddd7d044f817425f4bdb7078b10272155d23e,CHAIN
1748269324,3420275,225c0f39136fb9f5ba2a9ae88c11e5251e4140339115ddfe47a6f369fd1c00e9,CHAIN
1748256609,3420172,123909f95b163068fcbd36df0a8bfc17a6d361c05c7c778bab1bb14df982f918,CHAIN
1748248015,3420094,197922b1f69a4fc22e2408a037531f18d3ca568a86b791df43ba484765115804,CHAIN
1748239952,3420024,15cfc3a0a13cf657972371cedd183f0dadf7bc71813939bfb1001bdb69d5f979,CHAIN
1748220135,3419845,f1cd271bf1eda61fadcd6e90ef52636e81fe422c8dccb2cb8f3e6b7aaf6679b8,CHAIN
1748194824,3419657,737bf77854fa8b0ef8a6e558ae5adaa78c462607f86fd0f18542c744265f7d27,CHAIN
1748193424,3419644,e1f17a5863dcb5db6dbf2d3571912e7ddc707e2314948b4e808b866c3a6a319d,CHAIN
1748186200,3419577,749a7ff35e569946bb65d530334913fde14dab26511ccfde3b3d96165255168f,CHAIN
1748186140,3419575,24eb323097c5bb5fcfb46ee49bcd3ff8036f2dc7dd499a5ae44f2515caa8ae7c,CHAIN
1748176216,3419499,c50b9d0a507a511ac516efb092810780605bd71426b568ef5351f677be38a912,CHAIN
1748166831,3419411,57282ae8574db72b43080a60120c9dfed366ea0dcb74521af7161f7de4c3bea3,CHAIN
1748164460,3419390,c583b32471dd6453449215aa16b7df77dd78fec106dcd88d8d9b6d50c9f956d5,CHAIN
1748157022,3419326,42d2a681802458fb4858971e739ba0b3e1d905d15fd3946f15a4adf774c41bde,CHAIN
1748146738,3419237,af77096fad6b5ea2e9c1775a07319ff63db74ceae5085a1ed89bd02d103037d6,CHAIN
1748144717,3419221,86ccdd4c7edb10cbac379c845497c5e3878460f1240619274914146a47924448,CHAIN
1748142126,3419190,86793696fc147f550a074daebbf1647e98a46e2ff979ccf959e7e0e8e0094c0a,CHAIN
1748132921,3419112,e8ba09312baffe7b87ba3def8bf257d583ab9f625390b11a8b6c6eb5348a8f3e,CHAIN
1748114712,3418952,e2ea2f6ea26ac42baaa312bf1664bfa4c768010c33e119c28e9888d238d1ac34,CHAIN
1748110560,3418919,1f06e32803406da18b30d24f5e7bac051d7332ffe87212c3f7735ac0a9567529,CHAIN
1748105064,3418862,187e29c62809ef7e4cc2949233c17fdda98ca53de176cff14a361745881fd0e4,CHAIN
1748102703,3418836,008b457691f9ad4064f3a414a82c4e382ea89baa940258107cf4f15fed5a5b7f,CHAIN
1748096370,3418778,4c9b1d52446829e5db87454dbd00fb4ef9e86a71aefa5c3bfc369896fcc5941b,CHAIN
1748077071,3418584,652ca05960f43bef4c45406bd449b66aaef53dd9f25e0368bf5eaf89282cfb60,CHAIN
1748067291,3418515,cdf3740f4086a8571c8467f081252eee65dcb3996bf4670e640171459b8b5893,CHAIN
1748063009,3418475,a40e19255e0b8f36a395d106b16f424ad7943bb2cd4fb3d4e638f6db1e6c1d87,CHAIN
1748061008,3418458,ab32cb21e5bd6810c23e00a116d69a1a56d8d0eec064c39de1ac847b36c47040,CHAIN
1748058958,3418438,408389f0f2951c5b7b460bebbbf9cd6ddb42addd196efbfee5dc6aa55e1113cc,CHAIN
1748053055,3418382,dde0b104b078ea97ced92224866f2525c847d93dc54b33a5113d6b0f96ed0dfd,CHAIN
1748048653,3418356,9362d4745eb811d186ffa4a7b4df21973c02805f15bb88c242a4ece221411a96,CHAIN
1748046872,3418336,8d1a4a557493195f5adcd813b07d955d498447204b8d6a8b3130b5377d0ccd49,CHAIN
1748042090,3418305,aa95c0f7f4324e9cbf554188b6fc83604b95ac45c534f191de02cea58c42c2ba,CHAIN
1748042050,3418304,47f21c70dd97b6403205735f1debcf6ad13ffa35102695a537de6ef5b96e55cb,CHAIN
1748009531,3418071,8567c65c80d25e2d4bad7461bf51df88bb748abbcf018096402078f41fa47338,CHAIN
1747980288,3417785,b70b2e58d89a35ce1772a2c85941501119b2512c6903caaf2043e6e0aff48686,CHAIN
1747963966,3417617,793d75e22265e99d96205e24df5be4d73295c36869b99bc5f046b984d6dfad60,CHAIN
1747952130,3417500,08aa386a0c6a80365c40c1d37ae4dcd7ec80837283c4aefa8f2f19620873a36a,CHAIN
1747951360,3417494,74ea063669afac9ee8b0c255f2226d697df25035c08e5c5c3819d62433356642,CHAIN
1747944287,3417440,e996f04a6ff83b02d67c33cef27c83a8f7603e4b286f85aa9000a96626537074,CHAIN
1747937404,3417401,f640707c7ff85ace20750c02c41284f87c6da143687a1b8d4dcebd4954c0c113,CHAIN
1747914393,3417217,9570472d5dd5c7d89af7194d9758f48270f2b6994df947e6a9bf62a2812b1eb6,CHAIN
1747899556,3417110,2fba2357f73059dcbb9a59af38e52c0a7357dec1b764b34ec321a5b50fa4b368,CHAIN
1747894034,3417060,27b4879a5ce127928a5ab82296cde963b1f453811e23538754b56076b6e70adc,CHAIN
1747890272,3417018,2d5ee4cb18d2c4dfead7fbaf5ffca9e01f7768e1043e56ec3f47dac41ce84e7c,CHAIN
1747885620,3416973,d297f32a3ecec323731ae6b1e4fc1809c79c2b8ece6b22c35cc0c634a691019f,CHAIN
1747763892,3415969,233924e2d5bbc2b84bdf2bbc06e4fb72e0e3ac0cbb2bdb90ad69d656e66ef4a9,CHAIN
1747760170,3415937,f1304d4cf865f52a06978efd9534a25a3524f7c583a25a141d6a95be98e6392c,CHAIN
1747743713,3415836,d338dbefec99153bf0f56e0547db751a4c6038f2ca79b80dfe38edb58d1085ad,CHAIN
1747675888,3415260,f6b25b2fcae528cae4366c65ab95afce790586fdcc54712b8678d9f39986de09,CHAIN
1747651835,3415034,447843898784023379f620c3b363e0aeb856a16c88619475de851c9ed5531b95,CHAIN
1747583743,3414529,4c2ec93104a3980ae3b5187967afd708ea1ff9f4f6edd734281467cba221263f,CHAIN
1747581451,3414502,36fd4212886883484ce2b10a0766ea7c319c99a3dc3dd556c5126322f09e93d1,CHAIN
1747468604,3413527,1624d4f43b36cd92fd4bccf6f3fa644d70edf825d505cd09013211b3b61957de,CHAIN
1747425132,3413153,fd166293427433fc218967aa0f6bb702ce01fca3e5995a7eac9e3a14b602406d,CHAIN
