height,honest_h_time,qubic_h1_time,diff_seconds,is_leakage
3468654,2025-08-02 00:26:23,2025-08-02 00:27:08,-45.0,False
3469670,2025-08-03 08:54:05,2025-08-03 08:56:59,-174.0,False
3471456,2025-08-05 21:32:17,2025-08-05 21:32:30,-13.0,False
3472098,2025-08-06 19:34:04,2025-08-06 19:34:54,-50.0,False
3472099,2025-08-06 19:34:40,2025-08-06 19:35:50,-70.0,False
3472148,2025-08-06 20:51:21,2025-08-06 20:52:41,-80.0,False
3472176,2025-08-06 21:53:35,2025-08-06 21:54:11,-36.0,False
3472864,2025-08-07 19:20:25,2025-08-07 19:22:24,-119.0,False
3473321,2025-08-08 09:55:11,2025-08-08 09:50:44,267.0,True
3473345,2025-08-08 10:41:52,2025-08-08 10:42:15,-23.0,False
3474251,2025-08-09 17:37:44,2025-08-09 17:38:01,-17.0,False
3474262,2025-08-09 18:04:27,2025-08-09 18:03:45,42.0,True
3474267,2025-08-09 18:18:56,2025-08-09 18:16:41,135.0,True
3474269,2025-08-09 18:19:09,2025-08-09 18:20:57,-108.0,False
3474284,2025-08-09 18:43:14,2025-08-09 18:42:33,41.0,True
3474287,2025-08-09 18:53:58,2025-08-09 18:46:01,477.0,True
3474324,2025-08-09 19:57:32,2025-08-09 19:56:18,74.0,True
3474341,2025-08-09 20:24:47,2025-08-09 20:25:06,-19.0,False
3474343,2025-08-09 20:29:03,2025-08-09 20:28:43,20.0,True
3474354,2025-08-09 20:53:45,2025-08-09 20:54:03,-18.0,False
3475528,2025-08-11 12:15:53,2025-08-11 12:16:28,-35.0,False
3475544,2025-08-11 12:55:14,2025-08-11 12:57:24,-130.0,False
3475562,2025-08-11 13:30:58,2025-08-11 13:28:28,150.0,True
3475563,2025-08-11 13:33:25,2025-08-11 13:35:08,-103.0,False
3475576,2025-08-11 14:10:28,2025-08-11 14:10:53,-25.0,False
3475582,2025-08-11 14:21:43,2025-08-11 14:23:57,-134.0,False
3475589,2025-08-11 14:54:47,2025-08-11 14:45:49,538.0,True
3475590,2025-08-11 15:10:47,2025-08-11 14:55:04,943.0,True
3475591,2025-08-11 15:10:54,2025-08-11 15:09:25,89.0,True
3475608,2025-08-11 15:45:19,2025-08-11 15:50:46,-327.0,False
3475667,2025-08-11 17:34:51,2025-08-11 17:32:47,124.0,True
3475674,2025-08-11 17:49:30,2025-08-11 17:49:43,-13.0,False
3475680,2025-08-11 17:55:16,2025-08-11 17:56:15,-59.0,False
3475685,2025-08-11 18:07:43,2025-08-11 18:06:31,72.0,True
3475687,2025-08-11 18:15:46,2025-08-11 18:16:39,-53.0,False
3475695,2025-08-11 18:28:42,2025-08-11 18:26:55,107.0,True
3475705,2025-08-11 18:51:51,2025-08-11 18:53:12,-81.0,False
3475716,2025-08-11 19:20:13,2025-08-11 19:13:44,389.0,True
3475717,2025-08-11 19:20:48,2025-08-11 19:18:40,128.0,True
3475737,2025-08-11 20:05:45,2025-08-11 20:07:04,-79.0,False
3475739,2025-08-11 20:10:27,2025-08-11 20:10:56,-29.0,False
3475743,2025-08-11 20:16:35,2025-08-11 20:16:32,3.0,True
3475746,2025-08-11 20:25:15,2025-08-11 20:24:48,27.0,True
3475762,2025-08-11 21:12:29,2025-08-11 21:12:49,-20.0,False
3475769,2025-08-11 21:30:11,2025-08-11 21:29:29,42.0,True
3475774,2025-08-11 21:42:52,2025-08-11 21:46:17,-205.0,False
3475780,2025-08-11 21:58:41,2025-08-11 21:58:57,-16.0,False
3475784,2025-08-11 22:19:45,2025-08-11 22:14:26,319.0,True
3475785,2025-08-11 22:27:18,2025-08-11 22:15:30,708.0,True
3475786,2025-08-11 22:34:55,2025-08-11 22:16:10,1125.0,True
3475787,2025-08-11 22:35:28,2025-08-11 22:18:10,1038.0,True
3475788,2025-08-11 22:47:14,2025-08-11 22:20:10,1624.0,True
3475789,2025-08-11 22:51:20,2025-08-11 22:20:42,1838.0,True
3475790,2025-08-11 22:52:14,2025-08-11 22:28:02,1452.0,True
3475798,2025-08-11 23:07:51,2025-08-11 23:05:46,125.0,True
3475799,2025-08-11 23:08:42,2025-08-11 23:06:42,120.0,True
3475801,2025-08-11 23:17:28,2025-08-11 23:15:06,142.0,True
3475802,2025-08-11 23:20:42,2025-08-11 23:17:38,184.0,True
3475803,2025-08-11 23:21:16,2025-08-11 23:19:54,82.0,True
3475806,2025-08-11 23:27:29,2025-08-11 23:24:26,183.0,True
3475818,2025-08-11 23:56:56,2025-08-11 23:55:47,69.0,True
3475822,2025-08-12 00:09:38,2025-08-12 00:03:39,359.0,True
3475823,2025-08-12 00:12:09,2025-08-12 00:10:19,110.0,True
3475824,2025-08-12 00:13:30,2025-08-12 00:10:43,167.0,True
3475837,2025-08-12 00:46:59,2025-08-12 00:45:39,80.0,True
3475838,2025-08-12 00:47:58,2025-08-12 00:46:35,83.0,True
3475840,2025-08-12 00:56:46,2025-08-12 00:54:03,163.0,True
3475845,2025-08-12 01:08:54,2025-08-12 01:02:51,363.0,True
3475846,2025-08-12 01:10:49,2025-08-12 01:05:39,310.0,True
3475847,2025-08-12 01:12:29,2025-08-12 01:07:15,314.0,True
3475848,2025-08-12 01:15:12,2025-08-12 01:10:11,301.0,True
3475853,2025-08-12 01:25:16,2025-08-12 01:25:55,-39.0,False
3475858,2025-08-12 01:33:24,2025-08-12 01:32:35,49.0,True
3475865,2025-08-12 01:41:32,2025-08-12 01:41:16,16.0,True
3475872,2025-08-12 01:55:22,2025-08-12 01:57:08,-106.0,False
3475886,2025-08-12 02:40:25,2025-08-12 02:30:36,589.0,True
3475887,2025-08-12 02:40:53,2025-08-12 02:32:12,521.0,True
3475888,2025-08-12 02:42:59,2025-08-12 02:38:36,263.0,True
3475889,2025-08-12 02:48:18,2025-08-12 02:40:36,462.0,True
3475890,2025-08-12 02:53:54,2025-08-12 02:42:44,670.0,True
3475891,2025-08-12 02:53:56,2025-08-12 02:45:00,536.0,True
3475896,2025-08-12 02:55:11,2025-08-12 02:57:56,-165.0,False
3475901,2025-08-12 03:13:18,2025-08-12 03:12:52,26.0,True
3475906,2025-08-12 03:17:49,2025-08-12 03:21:25,-216.0,False
3475908,2025-08-12 03:28:03,2025-08-12 03:27:25,38.0,True
3475909,2025-08-12 03:28:05,2025-08-12 03:27:57,8.0,True
3475912,2025-08-12 03:38:43,2025-08-12 03:42:05,-202.0,False
3475916,2025-08-12 03:57:44,2025-08-12 03:50:13,451.0,True
3475920,2025-08-12 04:01:38,2025-08-12 04:01:17,21.0,True
3475933,2025-08-12 04:20:37,2025-08-12 04:21:33,-56.0,False
3475944,2025-08-12 04:43:47,2025-08-12 04:41:01,166.0,True
3475946,2025-08-12 04:44:19,2025-08-12 04:45:49,-90.0,False
3475947,2025-08-12 04:51:12,2025-08-12 04:47:25,227.0,True
3475977,2025-08-12 05:58:07,2025-08-12 05:51:18,409.0,True
3475978,2025-08-12 05:58:41,2025-08-12 05:56:38,123.0,True
3475980,2025-08-12 05:59:07,2025-08-12 06:00:46,-99.0,False
3475982,2025-08-12 06:05:12,2025-08-12 06:03:50,82.0,True
3475985,2025-08-12 06:13:25,2025-08-12 06:16:22,-177.0,False
3475993,2025-08-12 06:20:57,2025-08-12 06:21:02,-5.0,False
3475995,2025-08-12 06:27:41,2025-08-12 06:23:42,239.0,True
3475996,2025-08-12 06:31:43,2025-08-12 06:24:38,425.0,True
3475997,2025-08-12 06:35:21,2025-08-12 06:29:02,379.0,True
3475998,2025-08-12 06:35:29,2025-08-12 06:31:50,219.0,True
3475999,2025-08-12 06:39:27,2025-08-12 06:31:58,449.0,True
3476000,2025-08-12 06:39:40,2025-08-12 06:36:30,190.0,True
3478385,2025-08-15 10:15:44,2025-08-15 10:16:22,-38.0,False
3479208,2025-08-16 16:22:04,2025-08-16 16:19:29,155.0,True
3479209,2025-08-16 16:23:20,2025-08-16 16:20:49,151.0,True
3479241,2025-08-16 17:41:11,2025-08-16 17:38:58,133.0,True
3479250,2025-08-16 17:52:47,2025-08-16 18:00:18,-451.0,False
3479406,2025-08-16 23:04:16,2025-08-16 22:59:10,306.0,True
3479407,2025-08-16 23:04:59,2025-08-16 22:59:58,301.0,True
3479408,2025-08-16 23:05:00,2025-08-16 23:01:10,230.0,True
3479409,2025-08-16 23:07:32,2025-08-16 23:02:22,310.0,True
3479410,2025-08-16 23:09:28,2025-08-16 23:02:46,402.0,True
3479411,2025-08-16 23:17:32,2025-08-16 23:07:18,614.0,True
3479412,2025-08-16 23:19:04,2025-08-16 23:07:58,666.0,True
3479436,2025-08-17 00:06:56,2025-08-17 00:07:35,-39.0,False
3479451,2025-08-17 00:37:54,2025-08-17 00:35:35,139.0,True
3479613,2025-08-17 06:07:01,2025-08-17 05:52:59,842.0,True
3479614,2025-08-17 06:08:14,2025-08-17 05:54:51,803.0,True
3479615,2025-08-17 06:11:31,2025-08-17 05:59:07,744.0,True
3479616,2025-08-17 06:13:17,2025-08-17 06:02:43,634.0,True
3479617,2025-08-17 06:15:15,2025-08-17 06:07:15,480.0,True
3479618,2025-08-17 06:18:46,2025-08-17 06:08:35,611.0,True
3479619,2025-08-17 06:19:17,2025-08-17 06:16:35,162.0,True
3479620,2025-08-17 06:20:06,2025-08-17 06:17:23,163.0,True
3479628,2025-08-17 06:38:42,2025-08-17 06:41:47,-185.0,False
3480278,2025-08-18 04:06:15,2025-08-18 04:07:17,-62.0,False
3480526,2025-08-18 12:30:01,2025-08-18 12:31:26,-85.0,False
3480635,2025-08-18 15:40:01,2025-08-18 15:40:56,-55.0,False
3482747,2025-08-21 14:49:36,2025-08-21 14:51:25,-109.0,False
3482750,2025-08-21 14:58:47,2025-08-21 14:58:37,10.0,True
3482757,2025-08-21 15:24:14,2025-08-21 15:25:41,-87.0,False
3482768,2025-08-21 15:42:17,2025-08-21 15:40:37,100.0,True
3482771,2025-08-21 15:48:49,2025-08-21 15:46:21,148.0,True
3482772,2025-08-21 15:49:10,2025-08-21 15:46:53,137.0,True
3482773,2025-08-21 15:49:42,2025-08-21 15:47:49,113.0,True
3482775,2025-08-21 15:51:15,2025-08-21 15:51:17,-2.0,False
3482785,2025-08-21 16:09:52,2025-08-21 16:07:02,170.0,True
3482789,2025-08-21 16:14:25,2025-08-21 16:14:22,3.0,True
3482799,2025-08-21 16:33:27,2025-08-21 16:31:43,104.0,True
3482809,2025-08-21 16:43:50,2025-08-21 16:42:38,72.0,True
3482812,2025-08-21 16:50:02,2025-08-21 16:53:50,-228.0,False
3482818,2025-08-21 17:08:22,2025-08-21 17:07:26,56.0,True
3482833,2025-08-21 17:49:19,2025-08-21 17:41:51,448.0,True
3482834,2025-08-21 17:55:10,2025-08-21 17:43:03,727.0,True
3482835,2025-08-21 18:00:42,2025-08-21 17:45:59,883.0,True
3482836,2025-08-21 18:05:06,2025-08-21 17:54:47,619.0,True
3482837,2025-08-21 18:05:26,2025-08-21 17:55:59,567.0,True
3482838,2025-08-21 18:06:10,2025-08-21 17:57:51,499.0,True
3482839,2025-08-21 18:06:39,2025-08-21 17:58:15,504.0,True
3482844,2025-08-21 18:14:36,2025-08-21 18:15:43,-67.0,False
3482852,2025-08-21 18:24:09,2025-08-21 18:27:43,-214.0,False
3482864,2025-08-21 18:58:43,2025-08-21 18:54:07,276.0,True
3482865,2025-08-21 19:00:19,2025-08-21 18:57:11,188.0,True
3482902,2025-08-21 20:24:40,2025-08-21 20:24:24,16.0,True
3482922,2025-08-21 20:50:00,2025-08-21 20:50:01,-1.0,False
3482933,2025-08-21 21:18:44,2025-08-21 21:08:57,587.0,True
3482934,2025-08-21 21:27:34,2025-08-21 21:09:37,1077.0,True
3482935,2025-08-21 21:32:16,2025-08-21 21:24:57,439.0,True
3482936,2025-08-21 21:33:17,2025-08-21 21:27:37,340.0,True
3482939,2025-08-21 21:38:24,2025-08-21 21:40:09,-105.0,False
3482951,2025-08-21 21:58:33,2025-08-21 21:58:17,16.0,True
3482971,2025-08-21 22:38:44,2025-08-21 22:40:50,-126.0,False
3482991,2025-08-21 23:24:16,2025-08-21 23:26:58,-162.0,False
3483002,2025-08-21 23:45:50,2025-08-21 23:47:38,-108.0,False
3483008,2025-08-21 23:54:16,2025-08-21 23:56:34,-138.0,False
3483020,2025-08-22 00:17:05,2025-08-22 00:21:07,-242.0,False
3483033,2025-08-22 00:41:54,2025-08-22 00:47:15,-321.0,False
3483112,2025-08-22 03:21:55,2025-08-22 03:21:49,6.0,True
3483114,2025-08-22 03:23:04,2025-08-22 03:23:33,-29.0,False
3485664,2025-08-25 16:57:52,2025-08-25 16:58:45,-53.0,False
3485673,2025-08-25 17:15:54,2025-08-25 17:14:18,96.0,True
3485698,2025-08-25 18:13:44,2025-08-25 18:11:38,126.0,True
3485699,2025-08-25 18:13:51,2025-08-25 18:13:10,41.0,True
3485704,2025-08-25 18:25:02,2025-08-25 18:28:55,-233.0,False
3485706,2025-08-25 18:34:32,2025-08-25 18:34:48,-16.0,False
3485708,2025-08-25 18:39:55,2025-08-25 18:37:33,142.0,True
3485709,2025-08-25 18:42:51,2025-08-25 18:38:14,277.0,True
3485710,2025-08-25 18:46:21,2025-08-25 18:38:28,473.0,True
3485711,2025-08-25 18:52:03,2025-08-25 18:42:32,571.0,True
3485712,2025-08-25 18:53:57,2025-08-25 18:48:48,309.0,True
3485713,2025-08-25 18:54:59,2025-08-25 18:50:18,281.0,True
3485714,2025-08-25 18:55:04,2025-08-25 18:50:44,260.0,True
3485715,2025-08-25 18:56:00,2025-08-25 18:52:49,191.0,True
3485716,2025-08-25 18:56:48,2025-08-25 18:54:18,150.0,True
3485721,2025-08-25 19:00:29,2025-08-25 19:01:10,-41.0,False
3485723,2025-08-25 19:02:32,2025-08-25 19:03:16,-44.0,False
3485726,2025-08-25 19:11:20,2025-08-25 19:09:23,117.0,True
3485727,2025-08-25 19:12:15,2025-08-25 19:09:57,138.0,True
3485728,2025-08-25 19:20:28,2025-08-25 19:11:35,533.0,True
3485729,2025-08-25 19:21:42,2025-08-25 19:15:34,368.0,True
3485730,2025-08-25 19:22:06,2025-08-25 19:18:15,231.0,True
3485731,2025-08-25 19:25:40,2025-08-25 19:20:03,337.0,True
3485732,2025-08-25 19:25:47,2025-08-25 19:21:57,230.0,True
3485733,2025-08-25 19:27:43,2025-08-25 19:25:31,132.0,True
3485734,2025-08-25 19:27:58,2025-08-25 19:25:35,143.0,True
3485742,2025-08-25 19:48:25,2025-08-25 19:48:06,19.0,True
3485743,2025-08-25 19:49:11,2025-08-25 19:48:12,59.0,True
3485749,2025-08-25 20:07:32,2025-08-25 19:58:16,556.0,True
3485750,2025-08-25 20:08:00,2025-08-25 20:01:41,379.0,True
3485751,2025-08-25 20:11:18,2025-08-25 20:05:26,352.0,True
3485759,2025-08-25 20:28:58,2025-08-25 20:28:41,17.0,True
3485760,2025-08-25 20:29:24,2025-08-25 20:28:53,31.0,True
3485764,2025-08-25 20:34:41,2025-08-25 20:33:52,49.0,True
3485787,2025-08-25 21:23:38,2025-08-25 21:22:44,54.0,True
3485791,2025-08-25 21:32:41,2025-08-25 21:33:28,-47.0,False
3485794,2025-08-25 21:35:41,2025-08-25 21:39:42,-241.0,False
3485799,2025-08-25 21:48:02,2025-08-25 21:46:57,65.0,True
3485806,2025-08-25 22:18:52,2025-08-25 22:18:39,13.0,True
3485808,2025-08-25 22:34:38,2025-08-25 22:22:15,743.0,True
3485809,2025-08-25 22:41:01,2025-08-25 22:23:32,1049.0,True
3485810,2025-08-25 22:45:40,2025-08-25 22:25:22,1218.0,True
3485811,2025-08-25 22:46:45,2025-08-25 22:25:31,1274.0,True
3485812,2025-08-25 22:49:22,2025-08-25 22:32:05,1037.0,True
3485813,2025-08-25 22:49:56,2025-08-25 22:33:31,985.0,True
3485814,2025-08-25 22:51:05,2025-08-25 22:36:05,900.0,True
3485815,2025-08-25 23:02:02,2025-08-25 22:41:48,1214.0,True
3485816,2025-08-25 23:04:48,2025-08-25 22:42:51,1317.0,True
3485831,2025-08-25 23:16:43,2025-08-25 23:17:47,-64.0,False
3485834,2025-08-25 23:22:17,2025-08-25 23:20:31,106.0,True
3485835,2025-08-25 23:28:00,2025-08-25 23:20:41,439.0,True
3485836,2025-08-25 23:32:27,2025-08-25 23:24:47,460.0,True
3485837,2025-08-25 23:32:33,2025-08-25 23:28:32,241.0,True
3485838,2025-08-25 23:34:28,2025-08-25 23:30:49,219.0,True
3485843,2025-08-25 23:41:52,2025-08-25 23:40:03,109.0,True
3485847,2025-08-25 23:48:44,2025-08-25 23:50:11,-87.0,False
3485850,2025-08-25 23:56:35,2025-08-25 23:55:54,41.0,True
3485851,2025-08-25 23:59:07,2025-08-25 23:56:31,156.0,True
3485861,2025-08-26 00:12:48,2025-08-26 00:15:52,-184.0,False
3485863,2025-08-26 00:21:47,2025-08-26 00:21:35,12.0,True
3485868,2025-08-26 00:27:58,2025-08-26 00:27:34,24.0,True
3485870,2025-08-26 00:34:51,2025-08-26 00:31:37,194.0,True
3485871,2025-08-26 00:35:13,2025-08-26 00:34:40,33.0,True
3485873,2025-08-26 00:40:12,2025-08-26 00:38:11,121.0,True
3485878,2025-08-26 00:51:24,2025-08-26 00:51:20,4.0,True
3485908,2025-08-26 01:40:30,2025-08-26 01:39:53,37.0,True
3485909,2025-08-26 01:41:30,2025-08-26 01:40:26,64.0,True
3485942,2025-08-26 02:45:56,2025-08-26 02:45:21,35.0,True
3485948,2025-08-26 02:51:12,2025-08-26 02:51:32,-20.0,False
3485961,2025-08-26 03:22:22,2025-08-26 03:19:00,202.0,True
3485963,2025-08-26 03:29:26,2025-08-26 03:25:08,258.0,True
3485964,2025-08-26 03:31:45,2025-08-26 03:27:46,239.0,True
3485965,2025-08-26 03:35:11,2025-08-26 03:29:14,357.0,True
3485966,2025-08-26 03:39:43,2025-08-26 03:33:06,397.0,True
3485967,2025-08-26 03:43:44,2025-08-26 03:35:05,519.0,True
3485968,2025-08-26 03:52:48,2025-08-26 03:40:53,715.0,True
3485969,2025-08-26 03:53:50,2025-08-26 03:43:37,613.0,True
3485970,2025-08-26 03:58:57,2025-08-26 03:44:53,844.0,True
3485971,2025-08-26 04:01:12,2025-08-26 03:46:36,876.0,True
3485976,2025-08-26 04:08:39,2025-08-26 04:10:39,-120.0,False
3485987,2025-08-26 04:24:27,2025-08-26 04:25:43,-76.0,False
3485989,2025-08-26 04:34:57,2025-08-26 04:36:36,-99.0,False
3485994,2025-08-26 04:51:22,2025-08-26 04:53:40,-138.0,False
3486004,2025-08-26 05:14:49,2025-08-26 05:14:07,42.0,True
3486005,2025-08-26 05:14:57,2025-08-26 05:14:30,27.0,True
3486010,2025-08-26 05:22:59,2025-08-26 05:24:41,-102.0,False
3486032,2025-08-26 06:01:49,2025-08-26 06:04:47,-178.0,False
3486073,2025-08-26 07:20:58,2025-08-26 07:20:56,2.0,True
3487257,2025-08-28 00:24:53,2025-08-28 00:24:42,11.0,True
3487278,2025-08-28 01:23:58,2025-08-28 01:24:33,-35.0,False
3487287,2025-08-28 01:40:02,2025-08-28 01:39:13,49.0,True
3487291,2025-08-28 01:52:03,2025-08-28 01:50:18,105.0,True
3487648,2025-08-28 12:09:38,2025-08-28 12:10:21,-43.0,False
3487658,2025-08-28 12:26:26,2025-08-28 12:28:26,-120.0,False
3487663,2025-08-28 12:36:05,2025-08-28 12:36:29,-24.0,False
3487666,2025-08-28 12:43:42,2025-08-28 12:44:28,-46.0,False
3487683,2025-08-28 13:18:59,2025-08-28 13:12:49,370.0,True
3487684,2025-08-28 13:23:44,2025-08-28 13:14:46,538.0,True
3487689,2025-08-28 13:38:28,2025-08-28 13:30:29,479.0,True
3487690,2025-08-28 13:39:10,2025-08-28 13:37:49,81.0,True
3487691,2025-08-28 13:39:12,2025-08-28 13:41:38,-146.0,False
3487692,2025-08-28 13:41:22,2025-08-28 13:42:52,-90.0,False
3487726,2025-08-28 14:53:54,2025-08-28 14:53:07,47.0,True
3487727,2025-08-28 14:54:55,2025-08-28 14:53:23,92.0,True
3487740,2025-08-28 15:21:38,2025-08-28 15:26:04,-266.0,False
3487743,2025-08-28 15:39:58,2025-08-28 15:40:32,-34.0,False
3487754,2025-08-28 15:54:21,2025-08-28 15:56:33,-132.0,False
3487757,2025-08-28 16:04:52,2025-08-28 16:05:14,-22.0,False
3487762,2025-08-28 16:10:56,2025-08-28 16:10:55,1.0,True
3487776,2025-08-28 16:48:33,2025-08-28 16:38:35,598.0,True
3487777,2025-08-28 16:49:15,2025-08-28 16:47:18,117.0,True
3487778,2025-08-28 16:50:41,2025-08-28 16:48:58,103.0,True
3487784,2025-08-28 16:58:57,2025-08-28 16:58:53,4.0,True
3487791,2025-08-28 17:19:57,2025-08-28 17:18:43,74.0,True
3487792,2025-08-28 17:22:11,2025-08-28 17:19:36,155.0,True
3487793,2025-08-28 17:23:13,2025-08-28 17:20:45,148.0,True
3487800,2025-08-28 17:31:58,2025-08-28 17:32:10,-12.0,False
3487802,2025-08-28 17:39:50,2025-08-28 17:37:39,131.0,True
3487803,2025-08-28 17:40:23,2025-08-28 17:37:46,157.0,True
3487805,2025-08-28 17:43:49,2025-08-28 17:47:48,-239.0,False
3487807,2025-08-28 17:49:49,2025-08-28 17:50:10,-21.0,False
3487810,2025-08-28 17:53:29,2025-08-28 17:55:33,-124.0,False
3487823,2025-08-28 18:23:36,2025-08-28 18:23:02,34.0,True
3487825,2025-08-28 18:24:42,2025-08-28 18:25:37,-55.0,False
3487839,2025-08-28 18:48:39,2025-08-28 18:48:11,28.0,True
3487853,2025-08-28 19:11:36,2025-08-28 19:11:30,6.0,True
3487855,2025-08-28 19:14:53,2025-08-28 19:16:56,-123.0,False
3487858,2025-08-28 19:17:30,2025-08-28 19:18:41,-71.0,False
3487859,2025-08-28 19:25:57,2025-08-28 19:24:11,106.0,True
3487867,2025-08-28 19:34:09,2025-08-28 19:34:14,-5.0,False
3487884,2025-08-28 20:07:11,2025-08-28 20:06:59,12.0,True
3487886,2025-08-28 20:10:33,2025-08-28 20:10:36,-3.0,False
3487893,2025-08-28 20:24:55,2025-08-28 20:25:59,-64.0,False
3487895,2025-08-28 20:30:11,2025-08-28 20:30:51,-40.0,False
3487899,2025-08-28 20:36:39,2025-08-28 20:34:32,127.0,True
3487905,2025-08-28 20:46:00,2025-08-28 20:45:45,15.0,True
3487917,2025-08-28 21:13:33,2025-08-28 21:14:05,-32.0,False
3487920,2025-08-28 21:22:19,2025-08-28 21:28:34,-375.0,False
3487926,2025-08-28 21:40:59,2025-08-28 21:40:33,26.0,True
3487943,2025-08-28 22:16:40,2025-08-28 22:17:38,-58.0,False
3487947,2025-08-28 22:22:33,2025-08-28 22:24:13,-100.0,False
3487959,2025-08-28 22:47:43,2025-08-28 22:48:02,-19.0,False
3487961,2025-08-28 22:52:48,2025-08-28 22:52:26,22.0,True
3487962,2025-08-28 22:58:34,2025-08-28 22:53:39,295.0,True
3487963,2025-08-28 23:00:01,2025-08-28 22:56:01,240.0,True
3487964,2025-08-28 23:01:44,2025-08-28 22:58:06,218.0,True
3487968,2025-08-28 23:04:58,2025-08-28 23:06:09,-71.0,False
3487974,2025-08-28 23:08:13,2025-08-28 23:09:55,-102.0,False
3487982,2025-08-28 23:30:38,2025-08-28 23:31:10,-32.0,False
3487987,2025-08-28 23:41:18,2025-08-28 23:40:11,67.0,True
3487988,2025-08-28 23:41:29,2025-08-28 23:41:12,17.0,True
3487994,2025-08-29 00:03:21,2025-08-29 00:05:30,-129.0,False
3487998,2025-08-29 00:15:33,2025-08-29 00:14:14,79.0,True
3487999,2025-08-29 00:15:55,2025-08-29 00:15:31,24.0,True
3488001,2025-08-29 00:26:15,2025-08-29 00:26:21,-6.0,False
3488003,2025-08-29 00:41:15,2025-08-29 00:39:31,104.0,True
3488015,2025-08-29 00:58:41,2025-08-29 00:58:27,14.0,True
3488026,2025-08-29 01:22:08,2025-08-29 01:24:29,-141.0,False
3488028,2025-08-29 01:30:37,2025-08-29 01:27:02,215.0,True
3488036,2025-08-29 01:51:02,2025-08-29 01:51:46,-44.0,False
3488040,2025-08-29 01:53:10,2025-08-29 01:59:49,-399.0,False
3488051,2025-08-29 02:15:52,2025-08-29 02:18:56,-184.0,False
3488057,2025-08-29 02:26:54,2025-08-29 02:27:11,-17.0,False
3488059,2025-08-29 02:33:54,2025-08-29 02:34:33,-39.0,False
3488075,2025-08-29 03:06:19,2025-08-29 03:05:37,42.0,True
3488076,2025-08-29 03:06:58,2025-08-29 03:06:01,57.0,True
3488078,2025-08-29 03:08:54,2025-08-29 03:12:16,-202.0,False
3488080,2025-08-29 03:12:25,2025-08-29 03:13:33,-68.0,False
3488094,2025-08-29 03:55:04,2025-08-29 03:51:28,216.0,True
3488125,2025-08-29 05:17:47,2025-08-29 05:17:50,-3.0,False
3488127,2025-08-29 05:18:52,2025-08-29 05:19:53,-61.0,False
3488136,2025-08-29 05:37:32,2025-08-29 05:36:31,61.0,True
3488137,2025-08-29 05:40:04,2025-08-29 05:36:36,208.0,True
3488138,2025-08-29 05:41:24,2025-08-29 05:37:35,229.0,True
3488139,2025-08-29 05:44:43,2025-08-29 05:40:57,226.0,True
3488140,2025-08-29 05:45:07,2025-08-29 05:44:07,60.0,True
3488145,2025-08-29 05:48:18,2025-08-29 05:48:47,-29.0,False
3488147,2025-08-29 05:50:51,2025-08-29 05:54:55,-244.0,False
3488149,2025-08-29 05:56:25,2025-08-29 05:55:59,26.0,True
3488151,2025-08-29 06:05:08,2025-08-29 06:04:14,54.0,True
3488160,2025-08-29 06:20:17,2025-08-29 06:18:04,133.0,True
3488183,2025-08-29 06:59:54,2025-08-29 06:59:51,3.0,True
3488205,2025-08-29 07:41:50,2025-08-29 07:41:03,47.0,True
3488208,2025-08-29 07:49:00,2025-08-29 07:48:04,56.0,True
3488216,2025-08-29 08:05:20,2025-08-29 08:01:34,226.0,True
3488235,2025-08-29 08:45:16,2025-08-29 08:43:02,134.0,True
3488516,2025-08-29 17:12:52,2025-08-29 17:13:25,-33.0,False
3488527,2025-08-29 17:28:23,2025-08-29 17:29:28,-65.0,False
3489104,2025-08-30 12:55:57,2025-08-30 12:57:22,-85.0,False
3489187,2025-08-30 15:02:24,2025-08-30 15:03:02,-38.0,False
3489191,2025-08-30 15:07:53,2025-08-30 15:10:56,-183.0,False
3489194,2025-08-30 15:15:09,2025-08-30 15:14:49,20.0,True
3489196,2025-08-30 15:17:42,2025-08-30 15:16:55,47.0,True
3489216,2025-08-30 15:55:42,2025-08-30 15:56:53,-71.0,False
3489218,2025-08-30 15:59:14,2025-08-30 15:59:25,-11.0,False
3489228,2025-08-30 16:14:08,2025-08-30 16:13:29,39.0,True
3489235,2025-08-30 16:29:24,2025-08-30 16:29:44,-20.0,False
3489243,2025-08-30 16:44:41,2025-08-30 16:43:08,93.0,True
3489259,2025-08-30 17:10:03,2025-08-30 17:13:40,-217.0,False
3489264,2025-08-30 17:21:39,2025-08-30 17:19:31,128.0,True
3489288,2025-08-30 18:06:27,2025-08-30 18:03:02,205.0,True
3489289,2025-08-30 18:07:25,2025-08-30 18:06:01,84.0,True
3489292,2025-08-30 18:19:25,2025-08-30 18:16:55,150.0,True
3489294,2025-08-30 18:20:49,2025-08-30 18:22:35,-106.0,False
3489303,2025-08-30 18:48:01,2025-08-30 18:47:12,49.0,True
3489309,2025-08-30 18:58:43,2025-08-30 18:59:44,-61.0,False
3489317,2025-08-30 19:19:01,2025-08-30 19:12:45,376.0,True
3489329,2025-08-30 19:39:39,2025-08-30 19:38:55,44.0,True
3489336,2025-08-30 19:45:13,2025-08-30 19:47:47,-154.0,False
3489338,2025-08-30 19:54:51,2025-08-30 19:51:49,182.0,True
3489348,2025-08-30 20:14:53,2025-08-30 20:21:20,-387.0,False
3489354,2025-08-30 20:34:43,2025-08-30 20:36:40,-117.0,False
3489356,2025-08-30 20:42:51,2025-08-30 20:42:32,19.0,True
3489358,2025-08-30 20:47:49,2025-08-30 20:47:30,19.0,True
3489363,2025-08-30 20:54:24,2025-08-30 20:55:20,-56.0,False
3489365,2025-08-30 21:00:33,2025-08-30 20:57:03,210.0,True
3489366,2025-08-30 21:02:11,2025-08-30 20:57:52,259.0,True
3489367,2025-08-30 21:02:51,2025-08-30 20:57:58,293.0,True
3489369,2025-08-30 21:03:13,2025-08-30 21:07:12,-239.0,False
3489377,2025-08-30 21:16:50,2025-08-30 21:16:30,20.0,True
3489387,2025-08-30 21:38:26,2025-08-30 21:38:48,-22.0,False
3489393,2025-08-30 21:50:19,2025-08-30 21:47:47,152.0,True
3489394,2025-08-30 21:50:33,2025-08-30 21:50:05,28.0,True
3489404,2025-08-30 22:07:10,2025-08-30 22:08:51,-101.0,False
3489406,2025-08-30 22:12:44,2025-08-30 22:10:23,141.0,True
3489407,2025-08-30 22:14:55,2025-08-30 22:11:09,226.0,True
3489408,2025-08-30 22:16:59,2025-08-30 22:11:41,318.0,True
3489409,2025-08-30 22:18:09,2025-08-30 22:13:30,279.0,True
3489411,2025-08-30 22:25:19,2025-08-30 22:23:58,81.0,True
3489413,2025-08-30 22:29:25,2025-08-30 22:27:36,109.0,True
3489414,2025-08-30 22:31:51,2025-08-30 22:28:16,215.0,True
3489418,2025-08-30 22:39:37,2025-08-30 22:39:39,-2.0,False
3489427,2025-08-30 23:00:01,2025-08-30 22:59:03,58.0,True
3489428,2025-08-30 23:17:38,2025-08-30 23:00:43,1015.0,True
3489429,2025-08-30 23:18:44,2025-08-30 23:01:14,1050.0,True
3489430,2025-08-30 23:20:41,2025-08-30 23:04:28,973.0,True
3489431,2025-08-30 23:22:05,2025-08-30 23:06:51,914.0,True
3489432,2025-08-30 23:30:43,2025-08-30 23:08:28,1335.0,True
3489433,2025-08-30 23:30:51,2025-08-30 23:20:39,612.0,True
3489434,2025-08-30 23:32:40,2025-08-30 23:22:41,599.0,True
3489435,2025-08-30 23:35:42,2025-08-30 23:25:10,632.0,True
3489439,2025-08-30 23:37:07,2025-08-30 23:37:24,-17.0,False
3489443,2025-08-30 23:44:38,2025-08-30 23:45:26,-48.0,False
3489453,2025-08-31 00:14:00,2025-08-31 00:12:39,81.0,True
3489459,2025-08-31 00:28:27,2025-08-31 00:23:26,301.0,True
3489460,2025-08-31 00:28:55,2025-08-31 00:23:44,311.0,True
3489461,2025-08-31 00:31:11,2025-08-31 00:25:13,358.0,True
3489462,2025-08-31 00:40:05,2025-08-31 00:26:42,803.0,True
3489463,2025-08-31 00:41:29,2025-08-31 00:32:49,520.0,True
3489466,2025-08-31 00:48:39,2025-08-31 00:42:25,374.0,True
3489467,2025-08-31 00:51:52,2025-08-31 00:45:43,369.0,True
3489468,2025-08-31 00:52:19,2025-08-31 00:49:40,159.0,True
3489471,2025-08-31 00:55:23,2025-08-31 00:56:02,-39.0,False
3489479,2025-08-31 01:05:19,2025-08-31 01:09:46,-267.0,False
3489490,2025-08-31 01:45:49,2025-08-31 01:48:02,-133.0,False
3489496,2025-08-31 01:58:50,2025-08-31 02:00:22,-92.0,False
3489499,2025-08-31 02:03:01,2025-08-31 02:04:23,-82.0,False
3489535,2025-08-31 03:20:26,2025-08-31 03:21:19,-53.0,False
3489538,2025-08-31 03:26:17,2025-08-31 03:26:58,-41.0,False
3489572,2025-08-31 04:43:57,2025-08-31 04:41:30,147.0,True
3489573,2025-08-31 04:57:19,2025-08-31 04:42:52,867.0,True
3489574,2025-08-31 04:59:22,2025-08-31 04:49:26,596.0,True
3489575,2025-08-31 05:01:56,2025-08-31 04:51:30,626.0,True
3489576,2025-08-31 05:17:07,2025-08-31 04:54:36,1351.0,True
3489577,2025-08-31 05:18:40,2025-08-31 05:06:04,756.0,True
3489578,2025-08-31 05:19:34,2025-08-31 05:07:25,729.0,True
3489579,2025-08-31 05:20:09,2025-08-31 05:09:30,639.0,True
3489580,2025-08-31 05:24:12,2025-08-31 05:12:24,708.0,True
3489586,2025-08-31 05:41:29,2025-08-31 05:37:07,262.0,True
3489587,2025-08-31 05:44:10,2025-08-31 05:40:41,209.0,True
3489588,2025-08-31 05:46:00,2025-08-31 05:41:36,264.0,True
3489589,2025-08-31 05:47:34,2025-08-31 05:45:39,115.0,True
3489601,2025-08-31 06:12:22,2025-08-31 06:08:04,258.0,True
3489617,2025-08-31 06:51:50,2025-08-31 06:46:19,331.0,True
3489618,2025-08-31 06:53:09,2025-08-31 06:47:35,334.0,True
3489619,2025-08-31 06:53:47,2025-08-31 06:48:34,313.0,True
3489620,2025-08-31 07:01:06,2025-08-31 06:52:13,533.0,True
3489621,2025-08-31 07:03:37,2025-08-31 06:53:18,619.0,True
3489622,2025-08-31 07:05:18,2025-08-31 06:55:43,575.0,True
3489623,2025-08-31 07:07:09,2025-08-31 07:00:31,398.0,True
3489624,2025-08-31 07:11:42,2025-08-31 07:01:04,638.0,True
3489625,2025-08-31 07:12:25,2025-08-31 07:08:38,227.0,True
3489630,2025-08-31 07:20:59,2025-08-31 07:19:42,77.0,True
3489642,2025-08-31 07:51:25,2025-08-31 07:51:26,-1.0,False
3489661,2025-08-31 08:25:56,2025-08-31 08:26:11,-15.0,False
3489664,2025-08-31 08:36:36,2025-08-31 08:36:19,17.0,True
3489666,2025-08-31 08:38:02,2025-08-31 08:45:30,-448.0,False
3489668,2025-08-31 08:49:38,2025-08-31 08:48:40,58.0,True
3489671,2025-08-31 08:51:28,2025-08-31 08:54:57,-209.0,False
3489676,2025-08-31 09:03:40,2025-08-31 09:00:40,180.0,True
3489678,2025-08-31 09:07:13,2025-08-31 09:09:27,-134.0,False
3489681,2025-08-31 09:11:08,2025-08-31 09:18:31,-443.0,False
3489688,2025-08-31 09:27:29,2025-08-31 09:26:30,59.0,True
3489690,2025-08-31 09:31:56,2025-08-31 09:32:05,-9.0,False
3489718,2025-08-31 10:46:45,2025-08-31 10:45:03,102.0,True
3489721,2025-08-31 10:53:33,2025-08-31 10:53:31,2.0,True
3489724,2025-08-31 10:56:44,2025-08-31 10:59:54,-190.0,False
3489730,2025-08-31 11:05:50,2025-08-31 11:04:31,79.0,True
3489737,2025-08-31 11:19:54,2025-08-31 11:18:55,59.0,True
3489743,2025-08-31 11:31:36,2025-08-31 11:30:09,87.0,True
3489750,2025-08-31 11:38:34,2025-08-31 11:38:50,-16.0,False
3489762,2025-08-31 12:02:08,2025-08-31 11:59:29,159.0,True
3489772,2025-08-31 12:27:09,2025-08-31 12:23:15,234.0,True
3489773,2025-08-31 12:28:16,2025-08-31 12:26:40,96.0,True
3489775,2025-08-31 12:29:53,2025-08-31 12:29:51,2.0,True
3489777,2025-08-31 12:34:12,2025-08-31 12:34:04,8.0,True
3489780,2025-08-31 12:35:31,2025-08-31 12:36:57,-86.0,False
3489784,2025-08-31 12:46:23,2025-08-31 12:46:21,2.0,True
3489805,2025-08-31 13:27:40,2025-08-31 13:28:18,-38.0,False
3489815,2025-08-31 13:38:06,2025-08-31 13:40:55,-169.0,False
3489819,2025-08-31 13:48:19,2025-08-31 13:53:45,-326.0,False
3489820,2025-08-31 13:58:11,2025-08-31 13:54:17,234.0,True
3489883,2025-08-31 15:43:27,2025-08-31 15:44:08,-41.0,False
3489888,2025-08-31 15:57:08,2025-08-31 15:59:10,-122.0,False
3490226,2025-09-01 01:43:47,2025-09-01 01:45:52,-125.0,False
3490230,2025-09-01 01:51:58,2025-09-01 01:54:47,-169.0,False
3490614,2025-09-01 14:01:59,2025-09-01 13:57:41,258.0,True
3490621,2025-09-01 14:15:57,2025-09-01 14:12:51,186.0,True
3490631,2025-09-01 14:31:11,2025-09-01 14:35:54,-283.0,False
3490646,2025-09-01 14:54:22,2025-09-01 14:56:02,-100.0,False
3490659,2025-09-01 15:14:32,2025-09-01 15:15:27,-55.0,False
3490664,2025-09-01 15:22:12,2025-09-01 15:20:21,111.0,True
3490671,2025-09-01 15:40:51,2025-09-01 15:42:13,-82.0,False
3490673,2025-09-01 15:45:24,2025-09-01 15:45:07,17.0,True
3490674,2025-09-01 15:49:27,2025-09-01 15:46:34,173.0,True
3490675,2025-09-01 15:50:23,2025-09-01 15:46:36,227.0,True
3490676,2025-09-01 15:53:23,2025-09-01 15:46:46,397.0,True
3490677,2025-09-01 15:55:25,2025-09-01 15:46:58,507.0,True
3490732,2025-09-01 17:32:00,2025-09-01 17:32:20,-20.0,False
3490740,2025-09-01 17:48:34,2025-09-01 17:47:59,35.0,True
3490749,2025-09-01 18:05:32,2025-09-01 18:11:02,-330.0,False
3490756,2025-09-01 18:19:43,2025-09-01 18:22:59,-196.0,False
3490800,2025-09-01 19:38:59,2025-09-01 19:36:20,159.0,True
3490801,2025-09-01 19:44:44,2025-09-01 19:37:06,458.0,True
3490802,2025-09-01 19:46:05,2025-09-01 19:37:24,521.0,True
3490803,2025-09-01 19:54:09,2025-09-01 19:42:57,672.0,True
3490804,2025-09-01 19:58:38,2025-09-01 19:44:56,822.0,True
3490805,2025-09-01 19:58:57,2025-09-01 19:50:18,519.0,True
3490811,2025-09-01 20:03:26,2025-09-01 20:07:50,-264.0,False
3490812,2025-09-01 20:09:15,2025-09-01 20:08:49,26.0,True
3490813,2025-09-01 20:17:09,2025-09-01 20:12:10,299.0,True
3490818,2025-09-01 20:24:17,2025-09-01 20:22:27,110.0,True
3490820,2025-09-01 20:26:32,2025-09-01 20:26:06,26.0,True
3490821,2025-09-01 20:30:42,2025-09-01 20:27:01,221.0,True
3490826,2025-09-01 20:36:02,2025-09-01 20:41:45,-343.0,False
3490832,2025-09-01 20:53:26,2025-09-01 20:51:46,100.0,True
3490848,2025-09-01 21:18:34,2025-09-01 21:19:08,-34.0,False
3490853,2025-09-01 21:30:00,2025-09-01 21:30:24,-24.0,False
3490861,2025-09-01 21:50:13,2025-09-01 21:52:52,-159.0,False
3490868,2025-09-01 22:00:02,2025-09-01 21:57:33,149.0,True
3490869,2025-09-01 22:04:23,2025-09-01 21:59:58,265.0,True
3490870,2025-09-01 22:06:32,2025-09-01 22:01:09,323.0,True
3490873,2025-09-01 22:13:16,2025-09-01 22:11:02,134.0,True
3490874,2025-09-01 22:13:19,2025-09-01 22:14:34,-75.0,False
3490875,2025-09-01 22:23:00,2025-09-01 22:19:09,231.0,True
3490876,2025-09-01 22:28:50,2025-09-01 22:20:41,489.0,True
3490877,2025-09-01 22:29:03,2025-09-01 22:24:24,279.0,True
3490878,2025-09-01 22:39:00,2025-09-01 22:28:19,641.0,True
3490879,2025-09-01 22:39:04,2025-09-01 22:31:30,454.0,True
3490882,2025-09-01 22:50:40,2025-09-01 22:54:33,-233.0,False
3490884,2025-09-01 22:55:04,2025-09-01 22:58:29,-205.0,False
3490888,2025-09-01 23:10:16,2025-09-01 23:08:53,83.0,True
3490894,2025-09-01 23:22:18,2025-09-01 23:24:28,-130.0,False
3490900,2025-09-01 23:30:07,2025-09-01 23:27:25,162.0,True
3490906,2025-09-01 23:48:13,2025-09-01 23:44:42,211.0,True
3490907,2025-09-01 23:51:25,2025-09-01 23:45:12,373.0,True
3490908,2025-09-01 23:51:49,2025-09-01 23:47:05,284.0,True
3490911,2025-09-02 00:00:26,2025-09-02 00:03:28,-182.0,False
3490913,2025-09-02 00:05:23,2025-09-02 00:10:36,-313.0,False
3490918,2025-09-02 00:15:51,2025-09-02 00:18:59,-188.0,False
3490920,2025-09-02 00:20:39,2025-09-02 00:22:25,-106.0,False
3490925,2025-09-02 00:37:16,2025-09-02 00:34:30,166.0,True
3490926,2025-09-02 00:37:59,2025-09-02 00:36:39,80.0,True
3490930,2025-09-02 00:44:16,2025-09-02 00:44:05,11.0,True
3490936,2025-09-02 00:59:28,2025-09-02 01:00:08,-40.0,False
3490942,2025-09-02 01:16:19,2025-09-02 01:14:10,129.0,True
3490946,2025-09-02 01:25:04,2025-09-02 01:22:08,176.0,True
3490951,2025-09-02 01:53:37,2025-09-02 01:45:41,476.0,True
3490952,2025-09-02 01:53:38,2025-09-02 01:46:12,446.0,True
3490953,2025-09-02 01:54:47,2025-09-02 01:47:55,412.0,True
3490982,2025-09-02 03:02:11,2025-09-02 03:00:49,82.0,True
3490983,2025-09-02 03:05:35,2025-09-02 03:01:48,227.0,True
3490984,2025-09-02 03:06:40,2025-09-02 03:03:52,168.0,True
3490991,2025-09-02 03:22:39,2025-09-02 03:14:36,483.0,True
3490992,2025-09-02 03:22:40,2025-09-02 03:21:26,74.0,True
3491008,2025-09-02 04:07:21,2025-09-02 04:07:59,-38.0,False
3491018,2025-09-02 04:27:15,2025-09-02 04:28:03,-48.0,False
3491026,2025-09-02 04:42:10,2025-09-02 04:45:03,-173.0,False
3491028,2025-09-02 04:46:59,2025-09-02 04:52:19,-320.0,False
3491033,2025-09-02 05:12:50,2025-09-02 05:09:01,229.0,True
3491046,2025-09-02 05:36:12,2025-09-02 05:36:07,5.0,True
3491054,2025-09-02 05:58:24,2025-09-02 05:51:40,404.0,True
3491055,2025-09-02 06:00:40,2025-09-02 05:55:43,297.0,True
3491060,2025-09-02 06:13:56,2025-09-02 06:15:27,-91.0,False
3491065,2025-09-02 06:26:06,2025-09-02 06:26:00,6.0,True
3491070,2025-09-02 06:43:17,2025-09-02 06:46:58,-221.0,False
3491074,2025-09-02 06:57:27,2025-09-02 06:58:04,-37.0,False
3491078,2025-09-02 07:04:27,2025-09-02 07:05:32,-65.0,False
3491083,2025-09-02 07:18:39,2025-09-02 07:16:52,107.0,True
3491085,2025-09-02 07:19:05,2025-09-02 07:24:51,-346.0,False
3491089,2025-09-02 07:28:09,2025-09-02 07:27:54,15.0,True
3491104,2025-09-02 07:57:30,2025-09-02 07:59:28,-118.0,False
3491120,2025-09-02 08:37:32,2025-09-02 08:35:18,134.0,True
3491121,2025-09-02 08:39:48,2025-09-02 08:37:43,125.0,True
3491129,2025-09-02 08:52:30,2025-09-02 08:54:04,-94.0,False
3491131,2025-09-02 08:56:40,2025-09-02 08:55:24,76.0,True
3491132,2025-09-02 08:57:04,2025-09-02 08:56:37,27.0,True
3491136,2025-09-02 09:06:42,2025-09-02 09:04:30,132.0,True
3491143,2025-09-02 09:17:46,2025-09-02 09:17:46,0.0,False
3491145,2025-09-02 09:19:52,2025-09-02 09:20:15,-23.0,False
3491157,2025-09-02 09:36:21,2025-09-02 09:39:07,-166.0,False
3491159,2025-09-02 09:44:20,2025-09-02 09:41:47,153.0,True
3491160,2025-09-02 09:44:35,2025-09-02 09:42:22,133.0,True
3491177,2025-09-02 10:21:42,2025-09-02 10:25:37,-235.0,False
3491179,2025-09-02 10:30:43,2025-09-02 10:31:31,-48.0,False
3491186,2025-09-02 10:45:58,2025-09-02 10:46:13,-15.0,False
3491194,2025-09-02 11:00:01,2025-09-02 11:00:32,-31.0,False
3491199,2025-09-02 11:08:54,2025-09-02 11:12:37,-223.0,False
3491201,2025-09-02 11:14:09,2025-09-02 11:16:49,-160.0,False
3491203,2025-09-02 11:17:31,2025-09-02 11:18:21,-50.0,False
3491206,2025-09-02 11:21:30,2025-09-02 11:20:13,77.0,True
3491207,2025-09-02 11:21:57,2025-09-02 11:20:15,102.0,True
3491208,2025-09-02 11:25:31,2025-09-02 11:21:37,234.0,True
3491209,2025-09-02 11:25:40,2025-09-02 11:22:29,191.0,True
3491227,2025-09-02 12:01:49,2025-09-02 12:03:19,-90.0,False
3492845,2025-09-04 15:43:07,2025-09-04 15:46:04,-177.0,False
3492878,2025-09-04 17:18:50,2025-09-04 17:15:51,179.0,True
3492879,2025-09-04 17:20:20,2025-09-04 17:16:18,242.0,True
3492880,2025-09-04 17:21:28,2025-09-04 17:18:25,183.0,True
3492885,2025-09-04 17:24:44,2025-09-04 17:26:15,-91.0,False
3492894,2025-09-04 17:49:33,2025-09-04 17:49:46,-13.0,False
3492904,2025-09-04 18:11:46,2025-09-04 18:11:35,11.0,True
3492906,2025-09-04 18:16:24,2025-09-04 18:13:29,175.0,True
3492907,2025-09-04 18:16:57,2025-09-04 18:14:13,164.0,True
3492909,2025-09-04 18:18:12,2025-09-04 18:22:45,-273.0,False
3492917,2025-09-04 18:42:01,2025-09-04 18:43:46,-105.0,False
3492920,2025-09-04 18:51:27,2025-09-04 18:51:46,-19.0,False
3492928,2025-09-04 19:12:53,2025-09-04 19:09:11,222.0,True
3492929,2025-09-04 19:20:30,2025-09-04 19:09:25,665.0,True
3492930,2025-09-04 19:20:58,2025-09-04 19:14:56,362.0,True
3492931,2025-09-04 19:21:12,2025-09-04 19:18:16,176.0,True
3492952,2025-09-04 19:56:16,2025-09-04 19:55:04,72.0,True
3492959,2025-09-04 20:09:47,2025-09-04 20:09:00,47.0,True
3492961,2025-09-04 20:14:34,2025-09-04 20:12:40,114.0,True
3492964,2025-09-04 20:23:47,2025-09-04 20:20:03,224.0,True
3492967,2025-09-04 20:40:30,2025-09-04 20:37:28,182.0,True
3492968,2025-09-04 20:45:25,2025-09-04 20:38:58,387.0,True
3492969,2025-09-04 20:45:51,2025-09-04 20:39:26,385.0,True
3492970,2025-09-04 20:48:08,2025-09-04 20:40:58,430.0,True
3492971,2025-09-04 20:49:12,2025-09-04 20:44:38,274.0,True
3492975,2025-09-04 20:51:53,2025-09-04 20:51:45,8.0,True
3492977,2025-09-04 20:52:54,2025-09-04 20:53:54,-60.0,False
3492981,2025-09-04 21:07:57,2025-09-04 21:18:09,-612.0,False
3492987,2025-09-04 21:33:29,2025-09-04 21:33:39,-10.0,False
3492992,2025-09-04 21:49:01,2025-09-04 21:44:22,279.0,True
3492993,2025-09-04 21:52:02,2025-09-04 21:47:53,249.0,True
3493000,2025-09-04 22:29:50,2025-09-04 22:28:02,108.0,True
3493002,2025-09-04 22:38:50,2025-09-04 22:36:36,134.0,True
3493003,2025-09-04 22:39:06,2025-09-04 22:36:56,130.0,True
3493004,2025-09-04 22:43:12,2025-09-04 22:37:44,328.0,True
3493006,2025-09-04 22:46:12,2025-09-04 22:51:12,-300.0,False
3493008,2025-09-04 22:53:33,2025-09-04 22:54:04,-31.0,False
3493010,2025-09-04 23:03:10,2025-09-04 23:03:53,-43.0,False
3493022,2025-09-04 23:27:58,2025-09-04 23:27:30,28.0,True
3493025,2025-09-04 23:45:24,2025-09-04 23:33:22,722.0,True
3493026,2025-09-04 23:49:57,2025-09-04 23:36:06,831.0,True
3493027,2025-09-04 23:56:12,2025-09-04 23:40:27,945.0,True
3493028,2025-09-05 00:03:22,2025-09-04 23:45:35,1067.0,True
3493029,2025-09-05 00:13:38,2025-09-04 23:46:33,1625.0,True
3493030,2025-09-05 00:14:16,2025-09-04 23:50:18,1438.0,True
3493031,2025-09-05 00:18:21,2025-09-04 23:55:47,1354.0,True
3493032,2025-09-05 00:20:23,2025-09-04 23:55:49,1474.0,True
3493116,2025-09-05 03:24:20,2025-09-05 03:24:18,2.0,True
3493121,2025-09-05 03:30:45,2025-09-05 03:29:37,68.0,True
3493128,2025-09-05 03:41:45,2025-09-05 03:42:47,-62.0,False
3493133,2025-09-05 03:53:14,2025-09-05 03:53:38,-24.0,False
3493137,2025-09-05 04:13:21,2025-09-05 04:13:25,-4.0,False
3493147,2025-09-05 04:32:28,2025-09-05 04:32:13,15.0,True
3493149,2025-09-05 04:36:45,2025-09-05 04:36:10,35.0,True
3493153,2025-09-05 04:50:19,2025-09-05 04:47:37,162.0,True
3493164,2025-09-05 05:06:32,2025-09-05 05:03:55,157.0,True
3493165,2025-09-05 05:07:25,2025-09-05 05:04:23,182.0,True
3493166,2025-09-05 05:07:35,2025-09-05 05:07:07,28.0,True
3493174,2025-09-05 05:19:08,2025-09-05 05:18:35,33.0,True
3493182,2025-09-05 05:31:07,2025-09-05 05:32:33,-86.0,False
3493185,2025-09-05 05:43:28,2025-09-05 05:38:22,306.0,True
3493188,2025-09-05 05:47:39,2025-09-05 05:48:49,-70.0,False
3493200,2025-09-05 06:15:50,2025-09-05 06:17:38,-108.0,False
3493205,2025-09-05 06:21:43,2025-09-05 06:24:56,-193.0,False
3493210,2025-09-05 06:34:24,2025-09-05 06:31:49,155.0,True
3493211,2025-09-05 06:36:15,2025-09-05 06:32:47,208.0,True
3493212,2025-09-05 06:38:39,2025-09-05 06:34:15,264.0,True
3493220,2025-09-05 06:45:52,2025-09-05 06:47:52,-120.0,False
3493222,2025-09-05 06:56:46,2025-09-05 06:50:40,366.0,True
3493223,2025-09-05 06:58:36,2025-09-05 06:51:09,447.0,True
3493224,2025-09-05 06:58:57,2025-09-05 06:52:24,393.0,True
3493237,2025-09-05 07:27:24,2025-09-05 07:27:34,-10.0,False
3493242,2025-09-05 07:32:51,2025-09-05 07:30:06,165.0,True
3493245,2025-09-05 07:36:07,2025-09-05 07:35:12,55.0,True
3493251,2025-09-05 07:49:17,2025-09-05 07:49:09,8.0,True
3493255,2025-09-05 08:01:49,2025-09-05 07:57:00,289.0,True
3493256,2025-09-05 08:02:44,2025-09-05 07:57:35,309.0,True
3493257,2025-09-05 08:02:53,2025-09-05 08:04:24,-91.0,False
3493261,2025-09-05 08:11:59,2025-09-05 08:13:28,-89.0,False
3493266,2025-09-05 08:20:23,2025-09-05 08:17:40,163.0,True
3493267,2025-09-05 08:21:07,2025-09-05 08:17:52,195.0,True
3493268,2025-09-05 08:22:48,2025-09-05 08:18:51,237.0,True
3493270,2025-09-05 08:27:32,2025-09-05 08:27:06,26.0,True
3493272,2025-09-05 08:32:41,2025-09-05 08:32:22,19.0,True
3493285,2025-09-05 08:44:43,2025-09-05 08:44:39,4.0,True
3493298,2025-09-05 09:06:43,2025-09-05 09:10:02,-199.0,False
3493308,2025-09-05 09:26:36,2025-09-05 09:24:25,131.0,True
3493311,2025-09-05 09:36:11,2025-09-05 09:38:25,-134.0,False
3493314,2025-09-05 09:46:18,2025-09-05 09:41:19,299.0,True
3493315,2025-09-05 09:59:41,2025-09-05 09:42:06,1055.0,True
3493316,2025-09-05 10:00:01,2025-09-05 09:54:40,321.0,True
3493321,2025-09-05 10:20:50,2025-09-05 10:16:08,282.0,True
3493322,2025-09-05 10:25:04,2025-09-05 10:16:13,531.0,True
3493323,2025-09-05 10:27:48,2025-09-05 10:17:37,611.0,True
3493324,2025-09-05 10:28:19,2025-09-05 10:23:17,302.0,True
3493325,2025-09-05 10:32:20,2025-09-05 10:24:06,494.0,True
3493326,2025-09-05 10:32:47,2025-09-05 10:25:34,433.0,True
3493331,2025-09-05 10:38:49,2025-09-05 10:42:21,-212.0,False
3493347,2025-09-05 11:11:03,2025-09-05 11:11:24,-21.0,False
3493362,2025-09-05 11:46:25,2025-09-05 11:46:50,-25.0,False
3493368,2025-09-05 11:54:38,2025-09-05 11:59:07,-269.0,False
3493371,2025-09-05 12:01:20,2025-09-05 12:01:47,-27.0,False
3493396,2025-09-05 12:50:02,2025-09-05 12:56:36,-394.0,False
3493449,2025-09-05 14:53:37,2025-09-05 14:57:18,-221.0,False
3493456,2025-09-05 15:09:32,2025-09-05 15:09:24,8.0,True
3493476,2025-09-05 15:47:22,2025-09-05 15:49:31,-129.0,False
3493500,2025-09-05 16:44:38,2025-09-05 16:42:34,124.0,True
3493520,2025-09-05 17:20:55,2025-09-05 17:21:54,-59.0,False
3493522,2025-09-05 17:26:06,2025-09-05 17:25:17,49.0,True
3493566,2025-09-05 18:43:52,2025-09-05 18:45:34,-102.0,False
3493599,2025-09-05 19:37:43,2025-09-05 19:32:03,340.0,True
3493601,2025-09-05 19:41:40,2025-09-05 19:39:21,139.0,True
3493602,2025-09-05 19:43:17,2025-09-05 19:40:30,167.0,True
3493603,2025-09-05 19:43:37,2025-09-05 19:43:24,13.0,True
3493702,2025-09-05 23:13:49,2025-09-05 23:12:18,91.0,True
3493727,2025-09-05 23:59:19,2025-09-05 23:56:41,158.0,True
3493747,2025-09-06 00:47:29,2025-09-06 00:48:13,-44.0,False
3493751,2025-09-06 00:50:36,2025-09-06 00:51:59,-83.0,False
3493793,2025-09-06 02:19:54,2025-09-06 02:25:29,-335.0,False
3493804,2025-09-06 02:51:39,2025-09-06 02:55:22,-223.0,False
3493809,2025-09-06 03:01:23,2025-09-06 03:05:13,-230.0,False
3493811,2025-09-06 03:09:47,2025-09-06 03:09:18,29.0,True
3493837,2025-09-06 04:35:35,2025-09-06 04:34:34,61.0,True
3493838,2025-09-06 04:35:59,2025-09-06 04:35:36,23.0,True
3493853,2025-09-06 05:07:13,2025-09-06 05:09:37,-144.0,False
3493884,2025-09-06 05:52:15,2025-09-06 05:51:11,64.0,True
3493885,2025-09-06 05:53:19,2025-09-06 05:52:01,78.0,True
3493890,2025-09-06 06:00:49,2025-09-06 06:01:16,-27.0,False
3493894,2025-09-06 06:05:46,2025-09-06 06:06:58,-72.0,False
3493928,2025-09-06 07:25:45,2025-09-06 07:23:37,128.0,True
3493930,2025-09-06 07:28:54,2025-09-06 07:31:07,-133.0,False
3493933,2025-09-06 07:35:58,2025-09-06 07:37:18,-80.0,False
3493947,2025-09-06 08:15:05,2025-09-06 08:15:20,-15.0,False
3493968,2025-09-06 08:52:32,2025-09-06 08:53:07,-35.0,False
3493970,2025-09-06 08:56:36,2025-09-06 09:00:29,-233.0,False
3493999,2025-09-06 09:45:44,2025-09-06 09:46:16,-32.0,False
3494050,2025-09-06 11:15:45,2025-09-06 11:14:51,54.0,True
3494053,2025-09-06 11:18:46,2025-09-06 11:20:42,-116.0,False
3494085,2025-09-06 12:10:31,2025-09-06 12:10:39,-8.0,False
3494100,2025-09-06 12:32:41,2025-09-06 12:33:24,-43.0,False
3494104,2025-09-06 12:44:47,2025-09-06 12:44:13,34.0,True
3494128,2025-09-06 13:31:42,2025-09-06 13:38:10,-388.0,False
3494146,2025-09-06 14:02:36,2025-09-06 14:01:15,81.0,True
3494147,2025-09-06 14:03:35,2025-09-06 14:02:09,86.0,True
3494152,2025-09-06 14:10:23,2025-09-06 14:12:16,-113.0,False
3494160,2025-09-06 14:27:58,2025-09-06 14:26:59,59.0,True
3494167,2025-09-06 14:37:54,2025-09-06 14:37:30,24.0,True
3494173,2025-09-06 14:50:51,2025-09-06 14:50:33,18.0,True
3494175,2025-09-06 14:54:43,2025-09-06 14:53:18,85.0,True
3494177,2025-09-06 14:58:41,2025-09-06 14:57:12,89.0,True
3494179,2025-09-06 14:59:51,2025-09-06 15:07:14,-443.0,False
3494184,2025-09-06 15:14:28,2025-09-06 15:13:40,48.0,True
3494185,2025-09-06 15:14:30,2025-09-06 15:13:42,48.0,True
3494186,2025-09-06 15:17:43,2025-09-06 15:13:54,229.0,True
3494193,2025-09-06 15:27:22,2025-09-06 15:27:47,-25.0,False
3494196,2025-09-06 15:32:11,2025-09-06 15:32:07,4.0,True
3494202,2025-09-06 15:40:04,2025-09-06 15:41:02,-58.0,False
3494204,2025-09-06 15:42:45,2025-09-06 15:42:36,9.0,True
3494214,2025-09-06 15:57:54,2025-09-06 15:59:37,-103.0,False
3494217,2025-09-06 15:59:48,2025-09-06 16:04:06,-258.0,False
3494218,2025-09-06 16:07:04,2025-09-06 16:04:40,144.0,True
3494219,2025-09-06 16:10:40,2025-09-06 16:05:29,311.0,True
3494229,2025-09-06 16:18:40,2025-09-06 16:18:49,-9.0,False
3494238,2025-09-06 16:34:30,2025-09-06 16:34:27,3.0,True
3494240,2025-09-06 16:37:56,2025-09-06 16:36:29,87.0,True
3494253,2025-09-06 17:03:20,2025-09-06 16:58:10,310.0,True
3494259,2025-09-06 17:13:46,2025-09-06 17:13:32,14.0,True
3494261,2025-09-06 17:16:16,2025-09-06 17:17:25,-69.0,False
3494268,2025-09-06 17:32:28,2025-09-06 17:35:04,-156.0,False
3494271,2025-09-06 17:37:34,2025-09-06 17:38:39,-65.0,False
3494274,2025-09-06 17:47:34,2025-09-06 17:44:14,200.0,True
3494280,2025-09-06 17:53:10,2025-09-06 17:53:13,-3.0,False
3494281,2025-09-06 17:53:19,2025-09-06 17:53:15,4.0,True
3494306,2025-09-06 18:30:23,2025-09-06 18:30:17,6.0,True
3494322,2025-09-06 18:48:45,2025-09-06 18:49:11,-26.0,False
3494326,2025-09-06 18:56:03,2025-09-06 18:55:58,5.0,True
3494336,2025-09-06 19:09:44,2025-09-06 19:05:04,280.0,True
3494337,2025-09-06 19:10:31,2025-09-06 19:06:13,258.0,True
3494338,2025-09-06 19:15:41,2025-09-06 19:06:30,551.0,True
3494339,2025-09-06 19:23:40,2025-09-06 19:10:30,790.0,True
3494340,2025-09-06 19:24:06,2025-09-06 19:15:54,492.0,True
3494341,2025-09-06 19:26:02,2025-09-06 19:17:20,522.0,True
3494342,2025-09-06 19:26:05,2025-09-06 19:20:46,319.0,True
3494344,2025-09-06 19:30:11,2025-09-06 19:38:02,-471.0,False
3494352,2025-09-06 19:50:47,2025-09-06 19:52:35,-108.0,False
3494366,2025-09-06 20:10:26,2025-09-06 20:07:26,180.0,True
3494379,2025-09-06 20:24:53,2025-09-06 20:25:52,-59.0,False
3494387,2025-09-06 20:37:13,2025-09-06 20:40:28,-195.0,False
3494394,2025-09-06 21:00:19,2025-09-06 21:00:52,-33.0,False
3494398,2025-09-06 21:02:16,2025-09-06 21:04:06,-110.0,False
3494410,2025-09-06 21:24:38,2025-09-06 21:22:41,117.0,True
3494418,2025-09-06 21:36:05,2025-09-06 21:36:27,-22.0,False
3494421,2025-09-06 21:45:08,2025-09-06 21:43:47,81.0,True
3494424,2025-09-06 21:52:03,2025-09-06 21:49:37,146.0,True
3494431,2025-09-06 22:05:18,2025-09-06 22:02:12,186.0,True
3494437,2025-09-06 22:12:37,2025-09-06 22:15:13,-156.0,False
3494443,2025-09-06 22:25:27,2025-09-06 22:24:18,69.0,True
3494450,2025-09-06 22:32:44,2025-09-06 22:33:13,-29.0,False
3494455,2025-09-06 22:39:34,2025-09-06 22:42:15,-161.0,False
3494457,2025-09-06 22:44:14,2025-09-06 22:47:10,-176.0,False
3494459,2025-09-06 22:53:35,2025-09-06 22:52:41,54.0,True
3494460,2025-09-06 22:54:00,2025-09-06 22:53:25,35.0,True
3494462,2025-09-06 22:59:23,2025-09-06 23:01:35,-132.0,False
3494466,2025-09-06 23:10:41,2025-09-06 23:08:52,109.0,True
3494471,2025-09-06 23:19:02,2025-09-06 23:20:29,-87.0,False
3494477,2025-09-06 23:28:39,2025-09-06 23:29:05,-26.0,False
3494478,2025-09-06 23:29:19,2025-09-06 23:30:03,-44.0,False
3494483,2025-09-06 23:38:56,2025-09-06 23:34:55,241.0,True
3494490,2025-09-06 23:59:46,2025-09-06 23:51:53,473.0,True
3494496,2025-09-07 00:08:02,2025-09-07 00:09:52,-110.0,False
3494504,2025-09-07 00:21:17,2025-09-07 00:21:23,-6.0,False
3494512,2025-09-07 00:46:25,2025-09-07 00:44:29,116.0,True
3494533,2025-09-07 01:47:56,2025-09-07 01:46:42,74.0,True
3494538,2025-09-07 02:05:06,2025-09-07 02:03:53,73.0,True
3494539,2025-09-07 02:10:09,2025-09-07 02:05:19,290.0,True
3494540,2025-09-07 02:11:34,2025-09-07 02:05:44,350.0,True
3494541,2025-09-07 02:12:29,2025-09-07 02:07:13,316.0,True
3494542,2025-09-07 02:15:28,2025-09-07 02:07:34,474.0,True
3494543,2025-09-07 02:16:36,2025-09-07 02:07:43,533.0,True
3494544,2025-09-07 02:19:25,2025-09-07 02:08:33,652.0,True
3494545,2025-09-07 02:22:17,2025-09-07 02:10:24,713.0,True
3494552,2025-09-07 02:33:09,2025-09-07 02:31:48,81.0,True
3494553,2025-09-07 02:34:18,2025-09-07 02:32:50,88.0,True
3494558,2025-09-07 02:37:30,2025-09-07 02:47:05,-575.0,False
3494560,2025-09-07 02:52:05,2025-09-07 02:51:31,34.0,True
3494569,2025-09-07 03:07:50,2025-09-07 03:04:10,220.0,True
3494570,2025-09-07 03:09:46,2025-09-07 03:06:13,213.0,True
3494576,2025-09-07 03:21:29,2025-09-07 03:15:28,361.0,True
3494577,2025-09-07 03:25:08,2025-09-07 03:16:34,514.0,True
3494578,2025-09-07 03:26:56,2025-09-07 03:17:02,594.0,True
3494579,2025-09-07 03:28:50,2025-09-07 03:19:03,587.0,True
3494580,2025-09-07 03:29:43,2025-09-07 03:19:25,618.0,True
3494581,2025-09-07 03:30:06,2025-09-07 03:27:15,171.0,True
3494582,2025-09-07 03:30:13,2025-09-07 03:27:20,173.0,True
3494588,2025-09-07 03:48:48,2025-09-07 03:51:01,-133.0,False
3494591,2025-09-07 03:51:57,2025-09-07 04:01:06,-549.0,False
3494594,2025-09-07 04:15:35,2025-09-07 04:09:09,386.0,True
3494599,2025-09-07 04:27:14,2025-09-07 04:26:40,34.0,True
3494601,2025-09-07 04:35:09,2025-09-07 04:33:37,92.0,True
3494603,2025-09-07 04:43:36,2025-09-07 04:44:12,-36.0,False
3494610,2025-09-07 04:53:19,2025-09-07 04:54:04,-45.0,False
3494615,2025-09-07 05:07:38,2025-09-07 05:07:51,-13.0,False
3494623,2025-09-07 05:19:42,2025-09-07 05:20:40,-58.0,False
3494628,2025-09-07 05:39:34,2025-09-07 05:32:17,437.0,True
3494629,2025-09-07 05:43:42,2025-09-07 05:34:21,561.0,True
3494630,2025-09-07 05:45:14,2025-09-07 05:34:42,632.0,True
3494631,2025-09-07 05:46:10,2025-09-07 05:43:29,161.0,True
3494646,2025-09-07 06:20:33,2025-09-07 06:20:25,8.0,True
3494647,2025-09-07 06:22:48,2025-09-07 06:20:34,134.0,True
3494648,2025-09-07 06:23:30,2025-09-07 06:21:08,142.0,True
3494650,2025-09-07 06:26:04,2025-09-07 06:27:00,-56.0,False
3494654,2025-09-07 06:44:31,2025-09-07 06:41:39,172.0,True
3494662,2025-09-07 07:00:56,2025-09-07 07:00:32,24.0,True
3494663,2025-09-07 07:01:02,2025-09-07 07:00:39,23.0,True
3494683,2025-09-07 07:54:16,2025-09-07 07:56:34,-138.0,False
3494685,2025-09-07 08:01:09,2025-09-07 07:59:30,99.0,True
3494686,2025-09-07 08:01:46,2025-09-07 08:00:16,90.0,True
3494701,2025-09-07 08:43:42,2025-09-07 08:43:26,16.0,True
3494706,2025-09-07 08:54:51,2025-09-07 08:52:23,148.0,True
3494707,2025-09-07 08:56:11,2025-09-07 08:52:54,197.0,True
3494709,2025-09-07 09:01:35,2025-09-07 08:57:49,226.0,True
3494710,2025-09-07 09:02:25,2025-09-07 09:00:16,129.0,True
3494711,2025-09-07 09:02:31,2025-09-07 09:00:54,97.0,True
3494719,2025-09-07 09:15:14,2025-09-07 09:10:24,290.0,True
3494720,2025-09-07 09:15:46,2025-09-07 09:13:16,150.0,True
3494721,2025-09-07 09:21:19,2025-09-07 09:13:47,452.0,True
3494724,2025-09-07 09:23:03,2025-09-07 09:25:10,-127.0,False
3494726,2025-09-07 09:32:03,2025-09-07 09:31:37,26.0,True
3494727,2025-09-07 09:37:20,2025-09-07 09:32:36,284.0,True
3494729,2025-09-07 09:45:12,2025-09-07 09:44:42,30.0,True
3494736,2025-09-07 09:54:53,2025-09-07 09:55:12,-19.0,False
3494745,2025-09-07 10:03:59,2025-09-07 10:05:21,-82.0,False
3494750,2025-09-07 10:16:11,2025-09-07 10:16:11,0.0,False
3494772,2025-09-07 10:59:02,2025-09-07 10:59:02,0.0,False
3494775,2025-09-07 11:00:59,2025-09-07 11:03:02,-123.0,False
3494777,2025-09-07 11:07:04,2025-09-07 11:05:20,104.0,True
3494778,2025-09-07 11:08:33,2025-09-07 11:06:07,146.0,True
3494779,2025-09-07 11:12:20,2025-09-07 11:08:30,230.0,True
3494783,2025-09-07 11:13:17,2025-09-07 11:13:13,4.0,True
3494800,2025-09-07 11:35:31,2025-09-07 11:39:22,-231.0,False
3494808,2025-09-07 11:53:39,2025-09-07 11:50:19,200.0,True
3494888,2025-09-07 14:16:16,2025-09-07 14:16:18,-2.0,False
3494899,2025-09-07 14:35:25,2025-09-07 14:35:14,11.0,True
3494934,2025-09-07 15:20:58,2025-09-07 15:21:17,-19.0,False
3494935,2025-09-07 15:25:01,2025-09-07 15:21:22,219.0,True
3494936,2025-09-07 15:26:19,2025-09-07 15:21:27,292.0,True
3494940,2025-09-07 15:30:23,2025-09-07 15:32:52,-149.0,False
3494947,2025-09-07 15:43:11,2025-09-07 15:43:33,-22.0,False
3494950,2025-09-07 15:51:25,2025-09-07 15:52:39,-74.0,False
3494963,2025-09-07 16:26:35,2025-09-07 16:22:18,257.0,True
3494964,2025-09-07 16:27:22,2025-09-07 16:24:42,160.0,True
3494965,2025-09-07 16:27:48,2025-09-07 16:25:07,161.0,True
3494985,2025-09-07 17:08:31,2025-09-07 17:08:53,-22.0,False
3494987,2025-09-07 17:18:15,2025-09-07 17:17:28,47.0,True
3495006,2025-09-07 18:02:54,2025-09-07 18:04:00,-66.0,False
3495008,2025-09-07 18:07:49,2025-09-07 18:09:41,-112.0,False
3495036,2025-09-07 18:54:01,2025-09-07 18:55:31,-90.0,False
3495055,2025-09-07 19:22:34,2025-09-07 19:25:39,-185.0,False
3495057,2025-09-07 19:27:14,2025-09-07 19:29:48,-154.0,False
3495059,2025-09-07 19:32:40,2025-09-07 19:31:53,47.0,True
3495061,2025-09-07 19:35:37,2025-09-07 19:35:06,31.0,True
3495064,2025-09-07 19:38:54,2025-09-07 19:38:52,2.0,True
3495077,2025-09-07 20:11:44,2025-09-07 20:12:31,-47.0,False
3495086,2025-09-07 20:26:07,2025-09-07 20:24:30,97.0,True
3495100,2025-09-07 20:52:09,2025-09-07 20:53:54,-105.0,False
3495103,2025-09-07 21:02:52,2025-09-07 20:57:55,297.0,True
3495104,2025-09-07 21:06:20,2025-09-07 20:58:55,445.0,True
3495105,2025-09-07 21:10:45,2025-09-07 21:03:00,465.0,True
3495115,2025-09-07 21:44:05,2025-09-07 21:41:03,182.0,True
3495116,2025-09-07 21:44:45,2025-09-07 21:41:28,197.0,True
3495117,2025-09-07 21:45:23,2025-09-07 21:42:34,169.0,True
3495120,2025-09-07 21:53:48,2025-09-07 21:51:08,160.0,True
3495121,2025-09-07 21:55:52,2025-09-07 21:51:19,273.0,True
3495133,2025-09-07 22:24:38,2025-09-07 22:25:43,-65.0,False
3495136,2025-09-07 22:29:56,2025-09-07 22:29:29,27.0,True
3495138,2025-09-07 22:31:47,2025-09-07 22:30:51,56.0,True
3495153,2025-09-07 23:08:52,2025-09-07 23:10:08,-76.0,False
3495161,2025-09-07 23:25:53,2025-09-07 23:26:26,-33.0,False
3495172,2025-09-08 00:01:03,2025-09-07 23:57:44,199.0,True
3495175,2025-09-08 00:10:46,2025-09-08 00:06:35,251.0,True
3495188,2025-09-08 00:49:12,2025-09-08 00:42:34,398.0,True
3495189,2025-09-08 00:57:33,2025-09-08 00:45:23,730.0,True
3495199,2025-09-08 01:33:29,2025-09-08 01:32:57,32.0,True
3495243,2025-09-08 02:58:42,2025-09-08 02:58:21,21.0,True
3495245,2025-09-08 03:00:40,2025-09-08 02:59:47,53.0,True
3495247,2025-09-08 03:03:08,2025-09-08 03:04:27,-79.0,False
3495249,2025-09-08 03:07:11,2025-09-08 03:07:01,10.0,True
3495251,2025-09-08 03:13:42,2025-09-08 03:13:27,15.0,True
3495267,2025-09-08 03:46:16,2025-09-08 03:49:22,-186.0,False
3495269,2025-09-08 03:52:42,2025-09-08 03:52:11,31.0,True
3495273,2025-09-08 03:56:21,2025-09-08 03:56:00,21.0,True
3495294,2025-09-08 04:32:18,2025-09-08 04:29:29,169.0,True
3495298,2025-09-08 04:37:44,2025-09-08 04:40:29,-165.0,False
3495329,2025-09-08 05:15:21,2025-09-08 05:16:26,-65.0,False
3495350,2025-09-08 06:03:42,2025-09-08 06:03:25,17.0,True
3495352,2025-09-08 06:10:22,2025-09-08 06:09:04,78.0,True
3495411,2025-09-08 07:56:25,2025-09-08 08:05:21,-536.0,False
3495412,2025-09-08 08:07:26,2025-09-08 08:05:34,112.0,True
3495468,2025-09-08 10:22:07,2025-09-08 10:22:46,-39.0,False
3495500,2025-09-08 11:04:56,2025-09-08 11:04:52,4.0,True
3495507,2025-09-08 11:18:13,2025-09-08 11:16:51,82.0,True
3495531,2025-09-08 11:55:50,2025-09-08 11:56:10,-20.0,False
3495546,2025-09-08 12:29:40,2025-09-08 12:32:42,-182.0,False
3495554,2025-09-08 12:46:05,2025-09-08 12:42:32,213.0,True
3495555,2025-09-08 12:49:58,2025-09-08 12:45:23,275.0,True
3495556,2025-09-08 12:50:04,2025-09-08 12:47:24,160.0,True
3495574,2025-09-08 13:19:12,2025-09-08 13:15:34,218.0,True
3495575,2025-09-08 13:22:52,2025-09-08 13:15:36,436.0,True
3495576,2025-09-08 13:24:27,2025-09-08 13:15:43,524.0,True
3495579,2025-09-08 13:27:56,2025-09-08 13:28:23,-27.0,False
3495584,2025-09-08 13:33:47,2025-09-08 13:35:02,-75.0,False
3495586,2025-09-08 13:37:16,2025-09-08 13:38:40,-84.0,False
3495593,2025-09-08 13:49:07,2025-09-08 13:51:01,-114.0,False
3495598,2025-09-08 13:55:58,2025-09-08 13:56:16,-18.0,False
3495600,2025-09-08 14:10:31,2025-09-08 14:09:10,81.0,True
3495621,2025-09-08 14:54:50,2025-09-08 14:53:23,87.0,True
3495622,2025-09-08 15:01:02,2025-09-08 14:54:23,399.0,True
3495623,2025-09-08 15:02:49,2025-09-08 15:00:22,147.0,True
3495624,2025-09-08 15:03:51,2025-09-08 15:00:58,173.0,True
3495625,2025-09-08 15:05:30,2025-09-08 15:02:24,186.0,True
3495626,2025-09-08 15:05:45,2025-09-08 15:03:07,158.0,True
3495633,2025-09-08 15:08:30,2025-09-08 15:19:34,-664.0,False
3495635,2025-09-08 15:33:32,2025-09-08 15:23:45,587.0,True
3495663,2025-09-08 16:30:41,2025-09-08 16:27:57,164.0,True
3495680,2025-09-08 17:08:45,2025-09-08 17:08:45,0.0,False
3495684,2025-09-08 17:20:17,2025-09-08 17:20:08,9.0,True
3495692,2025-09-08 17:38:14,2025-09-08 17:37:10,64.0,True
3495713,2025-09-08 18:14:12,2025-09-08 18:14:04,8.0,True
3495730,2025-09-08 18:48:22,2025-09-08 18:50:54,-152.0,False
3495741,2025-09-08 19:14:13,2025-09-08 19:18:02,-229.0,False
3495743,2025-09-08 19:19:21,2025-09-08 19:24:18,-297.0,False
3495747,2025-09-08 19:35:17,2025-09-08 19:34:53,24.0,True
3495766,2025-09-08 20:15:18,2025-09-08 20:20:03,-285.0,False
3495778,2025-09-08 20:44:07,2025-09-08 20:44:28,-21.0,False
3495780,2025-09-08 20:45:57,2025-09-08 20:46:34,-37.0,False
3495791,2025-09-08 21:11:23,2025-09-08 21:07:20,243.0,True
3495792,2025-09-08 21:12:30,2025-09-08 21:09:02,208.0,True
3495806,2025-09-08 21:26:49,2025-09-08 21:27:45,-56.0,False
3495824,2025-09-08 22:05:25,2025-09-08 22:06:33,-68.0,False
3495834,2025-09-08 22:29:26,2025-09-08 22:29:59,-33.0,False
3495837,2025-09-08 22:33:39,2025-09-08 22:33:46,-7.0,False
3495847,2025-09-08 22:49:54,2025-09-08 22:52:58,-184.0,False
3495849,2025-09-08 22:57:24,2025-09-08 23:00:27,-183.0,False
3495853,2025-09-08 23:01:09,2025-09-08 23:04:56,-227.0,False
3495859,2025-09-08 23:14:29,2025-09-08 23:13:39,50.0,True
3495861,2025-09-08 23:22:31,2025-09-08 23:23:51,-80.0,False
3495884,2025-09-09 00:18:46,2025-09-09 00:13:40,306.0,True
3495885,2025-09-09 00:19:16,2025-09-09 00:15:08,248.0,True
3495886,2025-09-09 00:19:30,2025-09-09 00:15:44,226.0,True
3495900,2025-09-09 00:38:47,2025-09-09 00:38:36,11.0,True
3495902,2025-09-09 00:43:52,2025-09-09 00:43:09,43.0,True
3495903,2025-09-09 00:45:32,2025-09-09 00:43:38,114.0,True
3495904,2025-09-09 00:50:11,2025-09-09 00:44:00,371.0,True
3495953,2025-09-09 02:09:44,2025-09-09 02:09:00,44.0,True
3495956,2025-09-09 02:15:09,2025-09-09 02:15:26,-17.0,False
3495968,2025-09-09 02:33:28,2025-09-09 02:35:24,-116.0,False
3495978,2025-09-09 02:55:40,2025-09-09 03:03:29,-469.0,False
3495979,2025-09-09 03:01:23,2025-09-09 03:04:05,-162.0,False
3495982,2025-09-09 03:09:26,2025-09-09 03:07:16,130.0,True
3495997,2025-09-09 03:50:06,2025-09-09 03:55:27,-321.0,False
3496001,2025-09-09 04:07:06,2025-09-09 03:59:51,435.0,True
3496002,2025-09-09 04:10:17,2025-09-09 04:02:45,452.0,True
3496003,2025-09-09 04:10:34,2025-09-09 04:08:30,124.0,True
3496008,2025-09-09 04:16:32,2025-09-09 04:18:34,-122.0,False
3496013,2025-09-09 04:38:32,2025-09-09 04:34:23,249.0,True
3496029,2025-09-09 05:14:32,2025-09-09 05:14:29,3.0,True
3496032,2025-09-09 05:21:46,2025-09-09 05:24:21,-155.0,False
3496052,2025-09-09 05:54:36,2025-09-09 05:54:27,9.0,True
3496054,2025-09-09 05:58:33,2025-09-09 05:59:26,-53.0,False
3496079,2025-09-09 06:47:25,2025-09-09 06:49:09,-104.0,False
3496099,2025-09-09 07:21:16,2025-09-09 07:22:48,-92.0,False
3496109,2025-09-09 07:38:36,2025-09-09 07:39:12,-36.0,False
3496114,2025-09-09 07:50:40,2025-09-09 07:48:39,121.0,True
3496121,2025-09-09 08:01:08,2025-09-09 08:02:33,-85.0,False
3496123,2025-09-09 08:07:11,2025-09-09 08:06:20,51.0,True
3496125,2025-09-09 08:10:19,2025-09-09 08:11:45,-86.0,False
3496131,2025-09-09 08:19:09,2025-09-09 08:19:52,-43.0,False
3496141,2025-09-09 08:35:33,2025-09-09 08:36:21,-48.0,False
3496146,2025-09-09 08:37:46,2025-09-09 08:40:49,-183.0,False
3496150,2025-09-09 08:51:14,2025-09-09 08:48:25,169.0,True
3496151,2025-09-09 08:52:44,2025-09-09 08:49:35,189.0,True
3496152,2025-09-09 08:52:47,2025-09-09 08:52:04,43.0,True
3496153,2025-09-09 08:58:12,2025-09-09 08:52:15,357.0,True
3496157,2025-09-09 08:58:36,2025-09-09 09:05:36,-420.0,False
3496170,2025-09-09 09:30:20,2025-09-09 09:33:35,-195.0,False
3496183,2025-09-09 10:19:35,2025-09-09 10:07:48,707.0,True
3496185,2025-09-09 10:30:08,2025-09-09 10:26:03,245.0,True
3496186,2025-09-09 10:30:37,2025-09-09 10:26:41,236.0,True
3496188,2025-09-09 10:33:36,2025-09-09 10:32:34,62.0,True
3496189,2025-09-09 10:33:58,2025-09-09 10:33:44,14.0,True
3496190,2025-09-09 10:34:01,2025-09-09 10:36:53,-172.0,False
3496194,2025-09-09 10:42:04,2025-09-09 10:42:06,-2.0,False
3496198,2025-09-09 10:51:43,2025-09-09 10:50:54,49.0,True
3496206,2025-09-09 11:03:59,2025-09-09 11:03:31,28.0,True
3496215,2025-09-09 11:22:25,2025-09-09 11:17:47,278.0,True
3496216,2025-09-09 11:23:59,2025-09-09 11:19:53,246.0,True
3496218,2025-09-09 11:28:06,2025-09-09 11:28:29,-23.0,False
3496224,2025-09-09 11:34:22,2025-09-09 11:34:38,-16.0,False
3496229,2025-09-09 11:40:35,2025-09-09 11:40:37,-2.0,False
3496243,2025-09-09 12:07:27,2025-09-09 12:07:31,-4.0,False
3496245,2025-09-09 12:07:55,2025-09-09 12:09:06,-71.0,False
3496250,2025-09-09 12:14:57,2025-09-09 12:14:35,22.0,True
3496254,2025-09-09 12:23:21,2025-09-09 12:23:04,17.0,True
3496256,2025-09-09 12:24:51,2025-09-09 12:24:49,2.0,True
3496322,2025-09-09 14:28:57,2025-09-09 14:27:47,70.0,True
3496323,2025-09-09 14:31:14,2025-09-09 14:28:39,155.0,True
3496325,2025-09-09 14:35:40,2025-09-09 14:33:06,154.0,True
3496326,2025-09-09 14:35:44,2025-09-09 14:33:21,143.0,True
3496327,2025-09-09 14:36:06,2025-09-09 14:34:30,96.0,True
3496345,2025-09-09 15:07:40,2025-09-09 15:08:23,-43.0,False
3496351,2025-09-09 15:13:38,2025-09-09 15:14:58,-80.0,False
3496373,2025-09-09 16:02:58,2025-09-09 16:02:50,8.0,True
3496416,2025-09-09 17:17:04,2025-09-09 17:19:24,-140.0,False
3496465,2025-09-09 18:54:22,2025-09-09 18:51:13,189.0,True
3496494,2025-09-09 19:40:01,2025-09-09 19:39:37,24.0,True
3496496,2025-09-09 19:46:25,2025-09-09 19:42:59,206.0,True
3496518,2025-09-09 20:22:58,2025-09-09 20:24:11,-73.0,False
3496522,2025-09-09 20:26:06,2025-09-09 20:28:23,-137.0,False
3496538,2025-09-09 21:07:00,2025-09-09 21:01:02,358.0,True
3496539,2025-09-09 21:08:09,2025-09-09 21:06:22,107.0,True
3496540,2025-09-09 21:10:38,2025-09-09 21:07:20,198.0,True
3496566,2025-09-09 21:55:11,2025-09-09 21:54:35,36.0,True
3496582,2025-09-09 22:29:40,2025-09-09 22:29:55,-15.0,False
3496602,2025-09-09 23:15:30,2025-09-09 23:15:23,7.0,True
3496619,2025-09-09 23:51:26,2025-09-09 23:48:56,150.0,True
3496622,2025-09-09 23:57:49,2025-09-09 23:54:37,192.0,True
3496636,2025-09-10 00:40:46,2025-09-10 00:41:42,-56.0,False
3496638,2025-09-10 00:43:58,2025-09-10 00:42:33,85.0,True
3496639,2025-09-10 00:44:05,2025-09-10 00:42:48,77.0,True
3496669,2025-09-10 02:01:03,2025-09-10 01:58:13,170.0,True
3496670,2025-09-10 02:08:56,2025-09-10 02:00:00,536.0,True
3496679,2025-09-10 02:36:36,2025-09-10 02:44:04,-448.0,False
3496682,2025-09-10 02:51:10,2025-09-10 02:50:49,21.0,True
3496683,2025-09-10 02:51:28,2025-09-10 02:51:03,25.0,True
3496700,2025-09-10 03:22:56,2025-09-10 03:22:31,25.0,True
3496707,2025-09-10 03:34:40,2025-09-10 03:36:28,-108.0,False
3496728,2025-09-10 04:04:03,2025-09-10 04:09:08,-305.0,False
3496758,2025-09-10 05:03:06,2025-09-10 04:57:48,318.0,True
3496769,2025-09-10 05:34:17,2025-09-10 05:30:47,210.0,True
3496770,2025-09-10 05:35:40,2025-09-10 05:31:53,227.0,True
3496787,2025-09-10 06:29:52,2025-09-10 06:26:51,181.0,True
3496801,2025-09-10 06:56:24,2025-09-10 06:58:50,-146.0,False
3496806,2025-09-10 07:03:28,2025-09-10 07:12:24,-536.0,False
3496809,2025-09-10 07:14:43,2025-09-10 07:15:17,-34.0,False
3496826,2025-09-10 07:55:22,2025-09-10 07:55:27,-5.0,False
3496874,2025-09-10 09:12:18,2025-09-10 09:11:50,28.0,True
3496894,2025-09-10 09:55:02,2025-09-10 09:53:25,97.0,True
3496897,2025-09-10 10:02:28,2025-09-10 09:58:50,218.0,True
3496916,2025-09-10 10:49:04,2025-09-10 10:46:44,140.0,True
3496924,2025-09-10 11:16:10,2025-09-10 11:13:51,139.0,True
3496955,2025-09-10 12:32:30,2025-09-10 12:32:16,14.0,True
3496958,2025-09-10 12:40:58,2025-09-10 12:40:00,58.0,True
3496959,2025-09-10 12:41:57,2025-09-10 12:40:06,111.0,True
3496977,2025-09-10 13:25:20,2025-09-10 13:22:48,152.0,True
3496978,2025-09-10 13:25:22,2025-09-10 13:28:30,-188.0,False
3496983,2025-09-10 13:35:05,2025-09-10 13:35:53,-48.0,False
3496985,2025-09-10 13:36:04,2025-09-10 13:36:40,-36.0,False
3497005,2025-09-10 14:14:57,2025-09-10 14:19:33,-276.0,False
3497008,2025-09-10 14:26:11,2025-09-10 14:25:24,47.0,True
3497022,2025-09-10 15:08:20,2025-09-10 15:08:03,17.0,True
3497039,2025-09-10 15:35:56,2025-09-10 15:34:25,91.0,True
3497083,2025-09-10 17:02:32,2025-09-10 17:02:08,24.0,True
3497110,2025-09-10 18:02:18,2025-09-10 18:03:37,-79.0,False
3497170,2025-09-10 20:08:44,2025-09-10 20:04:27,257.0,True
3497172,2025-09-10 20:10:34,2025-09-10 20:11:08,-34.0,False
3497185,2025-09-10 20:40:46,2025-09-10 20:38:31,135.0,True
3497191,2025-09-10 20:46:53,2025-09-10 20:48:36,-103.0,False
3497217,2025-09-10 21:25:40,2025-09-10 21:25:35,5.0,True
3497258,2025-09-10 22:51:42,2025-09-10 22:53:55,-133.0,False
3497274,2025-09-10 23:32:03,2025-09-10 23:32:01,2.0,True
3497281,2025-09-10 23:42:16,2025-09-10 23:41:25,51.0,True
3497328,2025-09-11 01:04:26,2025-09-11 00:58:18,368.0,True
3497329,2025-09-11 01:06:05,2025-09-11 01:02:47,198.0,True
3497344,2025-09-11 01:38:40,2025-09-11 01:39:54,-74.0,False
3497365,2025-09-11 02:24:08,2025-09-11 02:24:05,3.0,True
3497367,2025-09-11 02:26:48,2025-09-11 02:27:20,-32.0,False
3497369,2025-09-11 02:35:07,2025-09-11 02:31:31,216.0,True
3497393,2025-09-11 03:41:14,2025-09-11 03:39:26,108.0,True
3497398,2025-09-11 03:45:46,2025-09-11 03:46:57,-71.0,False
3497424,2025-09-11 04:27:01,2025-09-11 04:26:51,10.0,True
3497427,2025-09-11 04:30:51,2025-09-11 04:30:43,8.0,True
3497492,2025-09-11 06:23:42,2025-09-11 06:24:38,-56.0,False
3497518,2025-09-11 06:56:29,2025-09-11 06:55:16,73.0,True
3497538,2025-09-11 07:32:45,2025-09-11 07:33:26,-41.0,False
3497540,2025-09-11 07:33:31,2025-09-11 07:35:42,-131.0,False
3497547,2025-09-11 07:50:07,2025-09-11 07:53:02,-175.0,False
3497549,2025-09-11 07:53:40,2025-09-11 07:56:54,-194.0,False
3497570,2025-09-11 08:29:05,2025-09-11 08:33:03,-238.0,False
3497572,2025-09-11 08:39:06,2025-09-11 08:37:01,125.0,True
3497573,2025-09-11 08:39:09,2025-09-11 08:40:26,-77.0,False
3497587,2025-09-11 08:53:47,2025-09-11 08:50:45,182.0,True
3497588,2025-09-11 08:55:05,2025-09-11 08:51:23,222.0,True
3497589,2025-09-11 08:56:15,2025-09-11 08:51:24,291.0,True
3497596,2025-09-11 09:07:37,2025-09-11 09:07:15,22.0,True
3497597,2025-09-11 09:12:18,2025-09-11 09:07:26,292.0,True
3497598,2025-09-11 09:16:25,2025-09-11 09:10:16,369.0,True
3497602,2025-09-11 09:25:25,2025-09-11 09:21:36,229.0,True
3497621,2025-09-11 10:07:06,2025-09-11 09:58:50,496.0,True
3497622,2025-09-11 10:10:11,2025-09-11 10:01:40,511.0,True
3497623,2025-09-11 10:14:31,2025-09-11 10:05:05,566.0,True
3497624,2025-09-11 10:14:55,2025-09-11 10:09:08,347.0,True
3497625,2025-09-11 10:15:19,2025-09-11 10:13:05,134.0,True
3497626,2025-09-11 10:15:34,2025-09-11 10:13:11,143.0,True
3497638,2025-09-11 10:38:23,2025-09-11 10:35:24,179.0,True
3497639,2025-09-11 10:38:27,2025-09-11 10:35:55,152.0,True
3497640,2025-09-11 10:40:25,2025-09-11 10:36:57,208.0,True
3497645,2025-09-11 10:47:11,2025-09-11 10:46:49,22.0,True
3497651,2025-09-11 10:58:51,2025-09-11 10:56:51,120.0,True
3497660,2025-09-11 11:07:42,2025-09-11 11:07:59,-17.0,False
3497676,2025-09-11 11:43:04,2025-09-11 11:31:40,684.0,True
3497677,2025-09-11 11:44:10,2025-09-11 11:33:16,654.0,True
3497678,2025-09-11 11:45:12,2025-09-11 11:34:50,622.0,True
3497682,2025-09-11 11:58:09,2025-09-11 11:58:43,-34.0,False
3497683,2025-09-11 12:02:15,2025-09-11 12:02:05,10.0,True
3497688,2025-09-11 12:12:32,2025-09-11 12:10:11,141.0,True
3497689,2025-09-11 12:13:40,2025-09-11 12:10:14,206.0,True
3497692,2025-09-11 12:18:06,2025-09-11 12:19:42,-96.0,False
3497694,2025-09-11 12:24:00,2025-09-11 12:24:28,-28.0,False
3497696,2025-09-11 12:30:18,2025-09-11 12:31:14,-56.0,False
3497721,2025-09-11 13:21:21,2025-09-11 13:14:38,403.0,True
3497722,2025-09-11 13:21:41,2025-09-11 13:18:13,208.0,True
3497723,2025-09-11 13:22:41,2025-09-11 13:19:54,167.0,True
3497725,2025-09-11 13:28:36,2025-09-11 13:27:37,59.0,True
3497726,2025-09-11 13:28:43,2025-09-11 13:28:04,39.0,True
3497727,2025-09-11 13:37:32,2025-09-11 13:30:58,394.0,True
3497728,2025-09-11 13:37:42,2025-09-11 13:35:18,144.0,True
3497740,2025-09-11 13:58:57,2025-09-11 13:59:15,-18.0,False
3497753,2025-09-11 14:13:40,2025-09-11 14:15:41,-121.0,False
3497762,2025-09-11 14:31:45,2025-09-11 14:32:20,-35.0,False
3497769,2025-09-11 14:44:55,2025-09-11 14:42:46,129.0,True
3497781,2025-09-11 15:09:17,2025-09-11 15:11:07,-110.0,False
3497797,2025-09-11 15:43:57,2025-09-11 15:43:59,-2.0,False
3497817,2025-09-11 16:07:13,2025-09-11 16:07:51,-38.0,False
3497829,2025-09-11 16:31:16,2025-09-11 16:28:56,140.0,True
3497873,2025-09-11 17:48:17,2025-09-11 17:46:09,128.0,True
3497874,2025-09-11 17:51:09,2025-09-11 17:47:08,241.0,True
3497882,2025-09-11 18:16:32,2025-09-11 18:16:39,-7.0,False
3497895,2025-09-11 18:39:17,2025-09-11 18:36:48,149.0,True
3497900,2025-09-11 18:51:26,2025-09-11 18:52:27,-61.0,False
3497906,2025-09-11 19:02:43,2025-09-11 19:02:14,29.0,True
3497908,2025-09-11 19:07:53,2025-09-11 19:04:43,190.0,True
3497918,2025-09-11 19:26:06,2025-09-11 19:24:26,100.0,True
3497919,2025-09-11 19:27:02,2025-09-11 19:25:00,122.0,True
3497930,2025-09-11 19:55:52,2025-09-11 19:57:37,-105.0,False
3497941,2025-09-11 20:22:20,2025-09-11 20:22:58,-38.0,False
3497943,2025-09-11 20:24:17,2025-09-11 20:29:56,-339.0,False
3497948,2025-09-11 20:42:19,2025-09-11 20:40:26,113.0,True
3497949,2025-09-11 20:43:04,2025-09-11 20:40:41,143.0,True
3497960,2025-09-11 21:01:03,2025-09-11 21:03:08,-125.0,False
3497961,2025-09-11 21:09:24,2025-09-11 21:04:45,279.0,True
3497962,2025-09-11 21:12:16,2025-09-11 21:08:27,229.0,True
3497967,2025-09-11 21:17:05,2025-09-11 21:20:23,-198.0,False
3497975,2025-09-11 21:27:16,2025-09-11 21:35:54,-518.0,False
3497977,2025-09-11 21:36:48,2025-09-11 21:37:12,-24.0,False
3497979,2025-09-11 21:39:39,2025-09-11 21:40:41,-62.0,False
3497981,2025-09-11 21:43:25,2025-09-11 21:45:10,-105.0,False
3497983,2025-09-11 21:45:23,2025-09-11 21:53:07,-464.0,False
3498000,2025-09-11 22:28:01,2025-09-11 22:25:34,147.0,True
3498001,2025-09-11 22:28:31,2025-09-11 22:31:18,-167.0,False
3498023,2025-09-11 23:13:45,2025-09-11 23:15:22,-97.0,False
3498025,2025-09-11 23:20:10,2025-09-11 23:18:37,93.0,True
3498028,2025-09-11 23:22:00,2025-09-11 23:24:19,-139.0,False
3498030,2025-09-11 23:27:34,2025-09-11 23:28:19,-45.0,False
3498035,2025-09-11 23:42:11,2025-09-11 23:40:07,124.0,True
3498036,2025-09-11 23:42:59,2025-09-11 23:41:22,97.0,True
3498037,2025-09-11 23:45:12,2025-09-11 23:41:52,200.0,True
3498043,2025-09-11 23:58:43,2025-09-12 00:00:04,-81.0,False
3498055,2025-09-12 00:19:41,2025-09-12 00:17:21,140.0,True
3498068,2025-09-12 00:47:37,2025-09-12 00:46:09,88.0,True
3498083,2025-09-12 01:07:47,2025-09-12 01:10:38,-171.0,False
3498088,2025-09-12 01:25:37,2025-09-12 01:25:23,14.0,True
3498107,2025-09-12 01:55:00,2025-09-12 01:54:33,27.0,True
3498109,2025-09-12 01:56:07,2025-09-12 01:55:58,9.0,True
3498118,2025-09-12 02:11:20,2025-09-12 02:12:59,-99.0,False
3498123,2025-09-12 02:18:50,2025-09-12 02:22:04,-194.0,False
3498126,2025-09-12 02:24:44,2025-09-12 02:29:33,-289.0,False
3498138,2025-09-12 02:51:04,2025-09-12 02:52:35,-91.0,False
3498140,2025-09-12 03:00:47,2025-09-12 03:03:26,-159.0,False
3498144,2025-09-12 03:10:46,2025-09-12 03:28:02,-1036.0,False
3498162,2025-09-12 04:01:01,2025-09-12 04:06:52,-351.0,False
3498165,2025-09-12 04:11:12,2025-09-12 04:11:08,4.0,True
3498173,2025-09-12 04:32:53,2025-09-12 04:26:28,385.0,True
3498174,2025-09-12 04:35:01,2025-09-12 04:32:25,156.0,True
3498178,2025-09-12 04:41:45,2025-09-12 04:40:30,75.0,True
3498185,2025-09-12 04:55:53,2025-09-12 04:56:42,-49.0,False
3498200,2025-09-12 05:24:15,2025-09-12 05:23:49,26.0,True
3498205,2025-09-12 05:37:31,2025-09-12 05:34:56,155.0,True
3498206,2025-09-12 05:37:48,2025-09-12 05:35:14,154.0,True
3498209,2025-09-12 05:42:41,2025-09-12 05:45:07,-146.0,False
3498212,2025-09-12 05:49:22,2025-09-12 05:51:30,-128.0,False
3498214,2025-09-12 05:58:16,2025-09-12 05:52:47,329.0,True
3498215,2025-09-12 06:01:37,2025-09-12 05:55:42,355.0,True
3498216,2025-09-12 06:01:45,2025-09-12 05:55:58,347.0,True
3498218,2025-09-12 06:07:33,2025-09-12 06:08:11,-38.0,False
3498222,2025-09-12 06:19:06,2025-09-12 06:20:39,-93.0,False
3498237,2025-09-12 06:51:36,2025-09-12 06:50:34,62.0,True
3498239,2025-09-12 06:56:37,2025-09-12 06:54:46,111.0,True
3498245,2025-09-12 07:08:44,2025-09-12 07:10:53,-129.0,False
3498249,2025-09-12 07:19:41,2025-09-12 07:30:27,-646.0,False
3498257,2025-09-12 07:47:01,2025-09-12 07:44:45,136.0,True
3498258,2025-09-12 07:48:34,2025-09-12 07:45:33,181.0,True
3498272,2025-09-12 08:07:33,2025-09-12 08:07:23,10.0,True
3498276,2025-09-12 08:13:30,2025-09-12 08:13:43,-13.0,False
3498280,2025-09-12 08:18:30,2025-09-12 08:16:57,93.0,True
3498294,2025-09-12 08:53:42,2025-09-12 08:52:28,74.0,True
3498295,2025-09-12 08:54:04,2025-09-12 08:52:36,88.0,True
3498330,2025-09-12 10:04:50,2025-09-12 10:01:37,193.0,True
3498337,2025-09-12 10:15:06,2025-09-12 10:16:18,-72.0,False
3498343,2025-09-12 10:30:26,2025-09-12 10:28:02,144.0,True
3498344,2025-09-12 10:31:36,2025-09-12 10:29:50,106.0,True
3498345,2025-09-12 10:35:27,2025-09-12 10:30:36,291.0,True
3498369,2025-09-12 11:07:35,2025-09-12 11:09:49,-134.0,False
3498383,2025-09-12 11:33:24,2025-09-12 11:34:54,-90.0,False
3498388,2025-09-12 11:44:11,2025-09-12 11:45:40,-89.0,False
3498395,2025-09-12 11:53:07,2025-09-12 11:52:19,48.0,True
3498400,2025-09-12 12:03:01,2025-09-12 12:05:51,-170.0,False
3498402,2025-09-12 12:05:55,2025-09-12 12:07:24,-89.0,False
3498404,2025-09-12 12:12:23,2025-09-12 12:07:49,274.0,True
3498417,2025-09-12 12:41:25,2025-09-12 12:48:20,-415.0,False
3498418,2025-09-12 12:48:14,2025-09-12 12:50:10,-116.0,False
3498439,2025-09-12 13:28:32,2025-09-12 13:28:49,-17.0,False
3498463,2025-09-12 14:09:10,2025-09-12 14:09:12,-2.0,False
3498466,2025-09-12 14:15:41,2025-09-12 14:13:36,125.0,True
3498490,2025-09-12 15:04:01,2025-09-12 15:00:38,203.0,True
3498491,2025-09-12 15:04:37,2025-09-12 15:02:46,111.0,True
3498494,2025-09-12 15:08:51,2025-09-12 15:09:15,-24.0,False
3498508,2025-09-12 15:43:44,2025-09-12 15:46:22,-158.0,False
3498522,2025-09-12 16:28:17,2025-09-12 16:22:11,366.0,True
3498523,2025-09-12 16:30:30,2025-09-12 16:23:38,412.0,True
3498524,2025-09-12 16:30:44,2025-09-12 16:28:45,119.0,True
3498540,2025-09-12 17:05:15,2025-09-12 17:06:13,-58.0,False
3498583,2025-09-12 18:30:28,2025-09-12 18:29:21,67.0,True
3498591,2025-09-12 18:41:55,2025-09-12 18:41:38,17.0,True
3498593,2025-09-12 18:44:17,2025-09-12 18:46:08,-111.0,False
3498600,2025-09-12 19:12:39,2025-09-12 19:14:25,-106.0,False
3498607,2025-09-12 19:28:35,2025-09-12 19:28:41,-6.0,False
3498637,2025-09-12 20:15:45,2025-09-12 20:13:59,106.0,True
3498654,2025-09-12 20:45:33,2025-09-12 20:45:38,-5.0,False
3498657,2025-09-12 20:51:53,2025-09-12 20:53:18,-85.0,False
3498658,2025-09-12 20:53:09,2025-09-12 20:54:21,-72.0,False
3498678,2025-09-12 21:29:59,2025-09-12 21:29:30,29.0,True
3498681,2025-09-12 21:37:08,2025-09-12 21:35:01,127.0,True
3498682,2025-09-12 21:40:42,2025-09-12 21:36:23,259.0,True
3498710,2025-09-12 22:54:39,2025-09-12 22:51:18,201.0,True
3498711,2025-09-12 22:56:26,2025-09-12 22:53:27,179.0,True
3498712,2025-09-12 22:56:45,2025-09-12 22:56:17,28.0,True
3498718,2025-09-12 23:07:56,2025-09-12 23:03:09,287.0,True
3498738,2025-09-12 23:47:02,2025-09-12 23:49:13,-131.0,False
3498739,2025-09-12 23:53:23,2025-09-12 23:49:55,208.0,True
3498752,2025-09-13 00:25:12,2025-09-13 00:17:02,490.0,True
3498753,2025-09-13 00:34:28,2025-09-13 00:23:04,684.0,True
3498754,2025-09-13 00:34:32,2025-09-13 00:24:37,595.0,True
3498755,2025-09-13 00:36:51,2025-09-13 00:25:41,670.0,True
3498779,2025-09-13 01:09:03,2025-09-13 01:09:12,-9.0,False
3498783,2025-09-13 01:14:03,2025-09-13 01:15:26,-83.0,False
3498831,2025-09-13 02:26:46,2025-09-13 02:28:18,-92.0,False
3498835,2025-09-13 02:42:42,2025-09-13 02:40:49,113.0,True
3498836,2025-09-13 02:42:44,2025-09-13 02:41:11,93.0,True
3498849,2025-09-13 03:20:15,2025-09-13 03:15:13,302.0,True
3498894,2025-09-13 04:58:44,2025-09-13 04:58:39,5.0,True
3498904,2025-09-13 05:25:05,2025-09-13 05:24:56,9.0,True
3498907,2025-09-13 05:33:35,2025-09-13 05:35:42,-127.0,False
3498928,2025-09-13 06:09:14,2025-09-13 06:09:08,6.0,True
3498930,2025-09-13 06:12:16,2025-09-13 06:13:04,-48.0,False
3498952,2025-09-13 06:52:43,2025-09-13 06:54:38,-115.0,False
3498954,2025-09-13 07:02:32,2025-09-13 06:58:05,267.0,True
3498956,2025-09-13 07:03:24,2025-09-13 07:04:15,-51.0,False
3498958,2025-09-13 07:06:43,2025-09-13 07:09:56,-193.0,False
3498973,2025-09-13 07:38:56,2025-09-13 07:39:39,-43.0,False
3498980,2025-09-13 07:48:23,2025-09-13 07:49:18,-55.0,False
3498995,2025-09-13 08:21:31,2025-09-13 08:20:32,59.0,True
3499047,2025-09-13 09:52:51,2025-09-13 09:53:03,-12.0,False
3499079,2025-09-13 10:43:54,2025-09-13 10:42:51,63.0,True
3499080,2025-09-13 10:47:10,2025-09-13 10:43:04,246.0,True
3499095,2025-09-13 11:23:47,2025-09-13 11:28:21,-274.0,False
3499122,2025-09-13 12:25:58,2025-09-13 12:23:16,162.0,True
3499124,2025-09-13 12:29:11,2025-09-13 12:29:26,-15.0,False
3499145,2025-09-13 13:01:04,2025-09-13 12:59:19,105.0,True
3499147,2025-09-13 13:02:49,2025-09-13 13:07:48,-299.0,False
3499157,2025-09-13 13:21:06,2025-09-13 13:22:22,-76.0,False
3499175,2025-09-13 13:42:31,2025-09-13 13:45:10,-159.0,False
3499181,2025-09-13 13:56:14,2025-09-13 13:56:30,-16.0,False
3499186,2025-09-13 14:02:13,2025-09-13 14:05:13,-180.0,False
3499196,2025-09-13 14:19:52,2025-09-13 14:22:19,-147.0,False
3499205,2025-09-13 14:41:28,2025-09-13 14:41:20,8.0,True
3499208,2025-09-13 14:42:37,2025-09-13 14:44:34,-117.0,False
3499214,2025-09-13 15:06:55,2025-09-13 15:04:40,135.0,True
3499215,2025-09-13 15:07:05,2025-09-13 15:06:03,62.0,True
3499220,2025-09-13 15:22:17,2025-09-13 15:17:10,307.0,True
3499221,2025-09-13 15:25:32,2025-09-13 15:18:41,411.0,True
3499222,2025-09-13 15:25:58,2025-09-13 15:19:40,378.0,True
3499232,2025-09-13 15:34:55,2025-09-13 15:36:36,-101.0,False
3499238,2025-09-13 15:50:15,2025-09-13 15:53:43,-208.0,False
3499240,2025-09-13 15:58:12,2025-09-13 15:56:17,115.0,True
3499241,2025-09-13 15:59:14,2025-09-13 15:56:38,156.0,True
3499244,2025-09-13 16:01:49,2025-09-13 16:11:28,-579.0,False
3499247,2025-09-13 16:17:32,2025-09-13 16:15:07,145.0,True
3499249,2025-09-13 16:20:00,2025-09-13 16:19:09,51.0,True
3499255,2025-09-13 16:33:34,2025-09-13 16:29:16,258.0,True
3499256,2025-09-13 16:37:20,2025-09-13 16:30:11,429.0,True
3499257,2025-09-13 16:38:41,2025-09-13 16:30:48,473.0,True
3499258,2025-09-13 16:41:04,2025-09-13 16:32:38,506.0,True
3499259,2025-09-13 16:42:43,2025-09-13 16:33:10,573.0,True
3499260,2025-09-13 16:43:02,2025-09-13 16:35:03,479.0,True
3499261,2025-09-13 16:43:47,2025-09-13 16:36:07,460.0,True
3499262,2025-09-13 16:44:02,2025-09-13 16:38:31,331.0,True
3499273,2025-09-13 16:55:28,2025-09-13 16:55:33,-5.0,False
3499280,2025-09-13 17:01:05,2025-09-13 17:03:24,-139.0,False
3499305,2025-09-13 17:35:42,2025-09-13 17:35:38,4.0,True
3499319,2025-09-13 18:05:19,2025-09-13 17:57:37,462.0,True
3499320,2025-09-13 18:05:32,2025-09-13 18:00:20,312.0,True
3499321,2025-09-13 18:11:09,2025-09-13 18:01:38,571.0,True
3499322,2025-09-13 18:11:46,2025-09-13 18:05:17,389.0,True
3499323,2025-09-13 18:11:59,2025-09-13 18:06:04,355.0,True
3499325,2025-09-13 18:12:30,2025-09-13 18:20:09,-459.0,False
3499336,2025-09-13 18:43:34,2025-09-13 18:37:26,368.0,True
3499340,2025-09-13 18:55:03,2025-09-13 18:52:54,129.0,True
3499341,2025-09-13 18:57:17,2025-09-13 18:54:05,192.0,True
3499342,2025-09-13 18:58:23,2025-09-13 18:55:38,165.0,True
3499352,2025-09-13 19:16:17,2025-09-13 19:16:54,-37.0,False
3499355,2025-09-13 19:21:04,2025-09-13 19:22:24,-80.0,False
3499367,2025-09-13 19:42:38,2025-09-13 19:41:25,73.0,True
3499371,2025-09-13 19:56:07,2025-09-13 19:50:51,316.0,True
3499387,2025-09-13 20:30:29,2025-09-13 20:30:30,-1.0,False
3499396,2025-09-13 20:54:20,2025-09-13 20:54:31,-11.0,False
3499409,2025-09-13 21:14:00,2025-09-13 21:15:41,-101.0,False
3499412,2025-09-13 21:22:53,2025-09-13 21:24:46,-113.0,False
3499420,2025-09-13 21:36:21,2025-09-13 21:39:30,-189.0,False
3499422,2025-09-13 21:45:27,2025-09-13 21:44:45,42.0,True
3499427,2025-09-13 21:50:16,2025-09-13 21:50:22,-6.0,False
3499435,2025-09-13 22:07:55,2025-09-13 22:09:37,-102.0,False
3499446,2025-09-13 22:25:42,2025-09-13 22:24:37,65.0,True
3499456,2025-09-13 22:40:57,2025-09-13 22:37:52,185.0,True
3499458,2025-09-13 22:44:28,2025-09-13 22:46:02,-94.0,False
3499460,2025-09-13 22:49:28,2025-09-13 22:49:20,8.0,True
3499470,2025-09-13 23:03:00,2025-09-13 23:05:12,-132.0,False
3499474,2025-09-13 23:15:35,2025-09-13 23:13:42,113.0,True
3499475,2025-09-13 23:15:50,2025-09-13 23:13:44,126.0,True
3499476,2025-09-13 23:17:47,2025-09-13 23:15:29,138.0,True
3499477,2025-09-13 23:18:28,2025-09-13 23:16:44,104.0,True
3499484,2025-09-13 23:38:39,2025-09-13 23:39:49,-70.0,False
3499502,2025-09-14 00:06:44,2025-09-14 00:06:57,-13.0,False
3499505,2025-09-14 00:12:18,2025-09-14 00:09:09,189.0,True
3499506,2025-09-14 00:12:24,2025-09-14 00:11:59,25.0,True
3499508,2025-09-14 00:15:28,2025-09-14 00:15:49,-21.0,False
3499515,2025-09-14 00:23:39,2025-09-14 00:22:14,85.0,True
3499517,2025-09-14 00:25:19,2025-09-14 00:28:29,-190.0,False
3499527,2025-09-14 00:44:33,2025-09-14 00:48:13,-220.0,False
3499529,2025-09-14 01:04:43,2025-09-14 01:07:13,-150.0,False
3499531,2025-09-14 01:07:34,2025-09-14 01:08:26,-52.0,False
3499534,2025-09-14 01:12:11,2025-09-14 01:13:51,-100.0,False
3499548,2025-09-14 01:37:28,2025-09-14 01:39:16,-108.0,False
3499598,2025-09-14 03:03:18,2025-09-14 03:01:53,85.0,True
3499599,2025-09-14 03:03:24,2025-09-14 03:05:20,-116.0,False
3499607,2025-09-14 03:28:15,2025-09-14 03:26:51,84.0,True
3499613,2025-09-14 03:37:30,2025-09-14 03:37:27,3.0,True
3499621,2025-09-14 03:49:11,2025-09-14 03:50:15,-64.0,False
3499623,2025-09-14 03:53:41,2025-09-14 03:55:26,-105.0,False
3499631,2025-09-14 04:09:09,2025-09-14 04:11:20,-131.0,False
3499637,2025-09-14 04:24:41,2025-09-14 04:23:46,55.0,True
3499638,2025-09-14 04:26:34,2025-09-14 04:23:54,160.0,True
3499639,2025-09-14 04:30:34,2025-09-14 04:25:12,322.0,True
3499645,2025-09-14 04:43:25,2025-09-14 04:39:26,239.0,True
3499646,2025-09-14 04:43:38,2025-09-14 04:41:40,118.0,True
3499647,2025-09-14 04:51:13,2025-09-14 04:41:56,557.0,True
3499648,2025-09-14 04:52:29,2025-09-14 04:44:49,460.0,True
3499656,2025-09-14 05:06:42,2025-09-14 05:05:44,58.0,True
3499659,2025-09-14 05:08:52,2025-09-14 05:13:05,-253.0,False
3499660,2025-09-14 05:23:26,2025-09-14 05:16:00,446.0,True
3499661,2025-09-14 05:27:37,2025-09-14 05:21:51,346.0,True
3499662,2025-09-14 05:30:33,2025-09-14 05:22:35,478.0,True
3499663,2025-09-14 05:31:49,2025-09-14 05:23:06,523.0,True
3499664,2025-09-14 05:32:09,2025-09-14 05:23:33,516.0,True
3499665,2025-09-14 05:32:15,2025-09-14 05:24:20,475.0,True
3499666,2025-09-14 05:36:46,2025-09-14 05:24:53,713.0,True
3499667,2025-09-14 05:39:30,2025-09-14 05:27:14,736.0,True
3499668,2025-09-14 05:40:38,2025-09-14 05:30:54,584.0,True
3499669,2025-09-14 05:49:26,2025-09-14 05:33:02,984.0,True
3499670,2025-09-14 05:53:11,2025-09-14 05:36:34,997.0,True
3499671,2025-09-14 06:00:53,2025-09-14 05:43:08,1065.0,True
3499672,2025-09-14 06:08:24,2025-09-14 05:46:05,1339.0,True
3499673,2025-09-14 06:08:39,2025-09-14 05:50:01,1118.0,True
3499674,2025-09-14 06:09:18,2025-09-14 05:52:07,1031.0,True
3499675,2025-09-14 06:15:52,2025-09-14 05:55:12,1240.0,True
3499676,2025-09-14 06:20:45,2025-09-14 06:03:15,1050.0,True
3499692,2025-09-14 07:00:13,2025-09-14 06:56:02,251.0,True
3499706,2025-09-14 07:19:05,2025-09-14 07:21:10,-125.0,False
3499711,2025-09-14 07:26:58,2025-09-14 07:30:24,-206.0,False
3499713,2025-09-14 07:32:07,2025-09-14 07:32:09,-2.0,False
3499748,2025-09-14 08:33:35,2025-09-14 08:32:27,68.0,True
3499749,2025-09-14 08:33:42,2025-09-14 08:32:30,72.0,True
3499750,2025-09-14 08:34:14,2025-09-14 08:32:41,93.0,True
3499790,2025-09-14 09:46:50,2025-09-14 09:47:44,-54.0,False
3499804,2025-09-14 10:13:01,2025-09-14 10:11:29,92.0,True
3499815,2025-09-14 10:24:57,2025-09-14 10:26:25,-88.0,False
3499818,2025-09-14 10:31:26,2025-09-14 10:29:42,104.0,True
3499832,2025-09-14 10:53:41,2025-09-14 10:52:27,74.0,True
3499840,2025-09-14 10:57:58,2025-09-14 10:59:15,-77.0,False
3499843,2025-09-14 11:16:13,2025-09-14 11:06:28,585.0,True
3499844,2025-09-14 11:16:40,2025-09-14 11:07:28,552.0,True
3499845,2025-09-14 11:16:56,2025-09-14 11:09:58,418.0,True
3499849,2025-09-14 11:24:21,2025-09-14 11:24:16,5.0,True
3499851,2025-09-14 11:38:09,2025-09-14 11:33:28,281.0,True
3499852,2025-09-14 11:39:32,2025-09-14 11:36:11,201.0,True
3499853,2025-09-14 11:40:27,2025-09-14 11:40:25,2.0,True
3499879,2025-09-14 12:18:31,2025-09-14 12:20:54,-143.0,False
3499941,2025-09-14 14:28:37,2025-09-14 14:29:30,-53.0,False
3499958,2025-09-14 15:05:10,2025-09-14 15:08:58,-228.0,False
3499975,2025-09-14 15:54:43,2025-09-14 15:53:48,55.0,True
3500014,2025-09-14 17:24:32,2025-09-14 17:25:23,-51.0,False
3500048,2025-09-14 18:39:25,2025-09-14 18:40:45,-80.0,False
3500072,2025-09-14 19:28:47,2025-09-14 19:27:06,101.0,True
3500073,2025-09-14 19:32:07,2025-09-14 19:27:09,298.0,True
3500074,2025-09-14 19:42:19,2025-09-14 19:27:13,906.0,True
3500087,2025-09-14 20:11:19,2025-09-14 20:06:46,273.0,True
3500088,2025-09-14 20:11:42,2025-09-14 20:07:25,257.0,True
3500089,2025-09-14 20:22:07,2025-09-14 20:08:24,823.0,True
3500090,2025-09-14 20:23:22,2025-09-14 20:17:46,336.0,True
3500108,2025-09-14 20:52:55,2025-09-14 20:53:53,-58.0,False
3500109,2025-09-14 21:01:44,2025-09-14 20:54:23,441.0,True
3500110,2025-09-14 21:03:02,2025-09-14 20:55:51,431.0,True
3500139,2025-09-14 22:17:25,2025-09-14 22:20:23,-178.0,False
3500141,2025-09-14 22:25:53,2025-09-14 22:23:05,168.0,True
3500142,2025-09-14 22:32:37,2025-09-14 22:26:10,387.0,True
3500143,2025-09-14 22:33:54,2025-09-14 22:28:30,324.0,True
3500157,2025-09-14 23:05:55,2025-09-14 23:06:48,-53.0,False
3500170,2025-09-14 23:49:08,2025-09-14 23:47:32,96.0,True
3500172,2025-09-14 23:50:11,2025-09-14 23:50:58,-47.0,False
3500176,2025-09-14 23:54:46,2025-09-14 23:59:21,-275.0,False
3500196,2025-09-15 00:33:44,2025-09-15 00:33:49,-5.0,False
3500198,2025-09-15 00:36:20,2025-09-15 00:39:34,-194.0,False
3500201,2025-09-15 00:43:36,2025-09-15 00:46:10,-154.0,False
3500214,2025-09-15 01:19:57,2025-09-15 01:15:17,280.0,True
3500215,2025-09-15 01:20:45,2025-09-15 01:17:39,186.0,True
3500239,2025-09-15 01:56:09,2025-09-15 01:55:12,57.0,True
3500264,2025-09-15 02:36:01,2025-09-15 02:39:39,-218.0,False
3500266,2025-09-15 02:45:06,2025-09-15 02:41:08,238.0,True
3500267,2025-09-15 02:46:01,2025-09-15 02:44:58,63.0,True
3500283,2025-09-15 03:20:44,2025-09-15 03:20:33,11.0,True
3500285,2025-09-15 03:22:29,2025-09-15 03:23:46,-77.0,False
3500301,2025-09-15 03:58:58,2025-09-15 03:56:30,148.0,True
3502204,2025-09-17 17:31:48,2025-09-17 17:33:37,-109.0,False
3502205,2025-09-17 17:36:44,2025-09-17 17:34:34,130.0,True
3502206,2025-09-17 17:37:32,2025-09-17 17:36:15,77.0,True
3502207,2025-09-17 17:37:35,2025-09-17 17:38:14,-39.0,False
3502254,2025-09-17 19:25:05,2025-09-17 19:26:01,-56.0,False
3502260,2025-09-17 19:35:44,2025-09-17 19:35:56,-12.0,False
3502280,2025-09-17 19:59:32,2025-09-17 19:59:49,-17.0,False
3502335,2025-09-17 22:54:04,2025-09-17 22:50:00,244.0,True
3502385,2025-09-18 00:38:06,2025-09-18 00:39:51,-105.0,False
3502401,2025-09-18 01:07:19,2025-09-18 01:05:01,138.0,True
3502426,2025-09-18 01:58:03,2025-09-18 01:56:05,118.0,True
3502746,2025-09-18 12:34:14,2025-09-18 12:35:07,-53.0,False
3502751,2025-09-18 12:45:38,2025-09-18 12:45:00,38.0,True
3502758,2025-09-18 13:00:52,2025-09-18 13:02:54,-122.0,False
3502765,2025-09-18 13:16:01,2025-09-18 13:14:45,76.0,True
3502766,2025-09-18 13:16:04,2025-09-18 13:15:47,17.0,True
3502768,2025-09-18 13:19:09,2025-09-18 13:18:23,46.0,True
3502774,2025-09-18 13:31:39,2025-09-18 13:31:39,0.0,False
3502781,2025-09-18 13:43:21,2025-09-18 13:44:08,-47.0,False
3502790,2025-09-18 14:02:22,2025-09-18 14:04:10,-108.0,False
3502798,2025-09-18 14:17:08,2025-09-18 14:17:03,5.0,True
3502808,2025-09-18 14:33:12,2025-09-18 14:28:28,284.0,True
3502809,2025-09-18 14:35:31,2025-09-18 14:30:42,289.0,True
3502810,2025-09-18 14:38:27,2025-09-18 14:34:25,242.0,True
3502823,2025-09-18 15:09:37,2025-09-18 15:10:23,-46.0,False
3502831,2025-09-18 15:28:31,2025-09-18 15:27:44,47.0,True
3502835,2025-09-18 15:34:51,2025-09-18 15:35:55,-64.0,False
3502837,2025-09-18 15:38:17,2025-09-18 15:39:57,-100.0,False
3502845,2025-09-18 15:50:22,2025-09-18 15:50:39,-17.0,False
3502854,2025-09-18 16:23:24,2025-09-18 16:15:25,479.0,True
3502855,2025-09-18 16:25:07,2025-09-18 16:21:26,221.0,True
3502860,2025-09-18 16:34:21,2025-09-18 16:31:58,143.0,True
3502869,2025-09-18 16:45:07,2025-09-18 16:44:27,40.0,True
3502871,2025-09-18 16:48:49,2025-09-18 16:47:06,103.0,True
3502872,2025-09-18 16:57:59,2025-09-18 16:51:58,361.0,True
3502873,2025-09-18 17:04:28,2025-09-18 16:54:43,585.0,True
3502874,2025-09-18 17:07:08,2025-09-18 16:55:48,680.0,True
3502875,2025-09-18 17:16:53,2025-09-18 16:57:22,1171.0,True
3502876,2025-09-18 17:17:06,2025-09-18 17:00:05,1021.0,True
3502877,2025-09-18 17:18:28,2025-09-18 17:06:02,746.0,True
3502878,2025-09-18 17:24:14,2025-09-18 17:08:39,935.0,True
3502879,2025-09-18 17:29:04,2025-09-18 17:09:44,1160.0,True
3502880,2025-09-18 17:29:09,2025-09-18 17:21:26,463.0,True
3502887,2025-09-18 17:35:07,2025-09-18 17:36:44,-97.0,False
3502892,2025-09-18 17:40:51,2025-09-18 17:40:52,-1.0,False
3502895,2025-09-18 17:50:24,2025-09-18 17:49:22,62.0,True
3502902,2025-09-18 17:58:54,2025-09-18 17:58:59,-5.0,False
3502908,2025-09-18 18:14:53,2025-09-18 18:18:58,-245.0,False
3502914,2025-09-18 18:31:09,2025-09-18 18:28:03,186.0,True
3502918,2025-09-18 18:33:09,2025-09-18 18:36:44,-215.0,False
3502924,2025-09-18 18:49:04,2025-09-18 18:51:06,-122.0,False
3502937,2025-09-18 19:10:18,2025-09-18 19:07:04,194.0,True
3502938,2025-09-18 19:12:30,2025-09-18 19:07:25,305.0,True
3502939,2025-09-18 19:13:01,2025-09-18 19:09:46,195.0,True
3502940,2025-09-18 19:13:10,2025-09-18 19:11:51,79.0,True
3502942,2025-09-18 19:17:50,2025-09-18 19:18:26,-36.0,False
3502945,2025-09-18 19:22:10,2025-09-18 19:22:37,-27.0,False
3502951,2025-09-18 19:27:59,2025-09-18 19:28:04,-5.0,False
3502961,2025-09-18 19:47:41,2025-09-18 19:55:38,-477.0,False
3502964,2025-09-18 20:03:25,2025-09-18 20:07:06,-221.0,False
3502968,2025-09-18 20:12:31,2025-09-18 20:15:42,-191.0,False
3502971,2025-09-18 20:23:02,2025-09-18 20:21:14,108.0,True
3502981,2025-09-18 20:58:23,2025-09-18 20:57:37,46.0,True
3502992,2025-09-18 21:09:59,2025-09-18 21:12:50,-171.0,False
3502999,2025-09-18 21:18:17,2025-09-18 21:18:15,2.0,True
3503003,2025-09-18 21:21:50,2025-09-18 21:20:27,83.0,True
3503006,2025-09-18 21:27:51,2025-09-18 21:28:18,-27.0,False
3503023,2025-09-18 22:06:50,2025-09-18 22:01:23,327.0,True
3503024,2025-09-18 22:10:14,2025-09-18 22:02:04,490.0,True
3503025,2025-09-18 22:12:04,2025-09-18 22:02:24,580.0,True
3503035,2025-09-18 22:34:28,2025-09-18 22:33:53,35.0,True
3503038,2025-09-18 22:46:50,2025-09-18 22:45:18,92.0,True
3503050,2025-09-18 23:01:41,2025-09-18 23:01:56,-15.0,False
3503052,2025-09-18 23:03:19,2025-09-18 23:05:03,-104.0,False
3503055,2025-09-18 23:13:49,2025-09-18 23:19:05,-316.0,False
3503067,2025-09-18 23:38:29,2025-09-18 23:38:21,8.0,True
3503072,2025-09-18 23:53:33,2025-09-18 23:50:46,167.0,True
3503073,2025-09-18 23:53:36,2025-09-18 23:52:57,39.0,True
3503074,2025-09-18 23:53:41,2025-09-18 23:53:23,18.0,True
3503075,2025-09-19 00:00:11,2025-09-18 23:54:52,319.0,True
3503076,2025-09-19 00:00:22,2025-09-18 23:55:04,318.0,True
3503085,2025-09-19 00:12:09,2025-09-19 00:10:10,119.0,True
3503086,2025-09-19 00:15:41,2025-09-19 00:10:46,295.0,True
3503089,2025-09-19 00:23:47,2025-09-19 00:20:28,199.0,True
3503090,2025-09-19 00:25:24,2025-09-19 00:23:12,132.0,True
3503092,2025-09-19 00:30:06,2025-09-19 00:32:14,-128.0,False
3503116,2025-09-19 01:11:03,2025-09-19 01:09:50,73.0,True
3503126,2025-09-19 01:32:21,2025-09-19 01:43:55,-694.0,False
3503129,2025-09-19 01:45:44,2025-09-19 01:45:53,-9.0,False
3503146,2025-09-19 02:16:42,2025-09-19 02:11:03,339.0,True
3503147,2025-09-19 02:20:14,2025-09-19 02:13:53,381.0,True
3503148,2025-09-19 02:22:54,2025-09-19 02:15:15,459.0,True
3503151,2025-09-19 02:28:43,2025-09-19 02:27:14,89.0,True
3503152,2025-09-19 02:28:57,2025-09-19 02:27:22,95.0,True
3503170,2025-09-19 02:48:00,2025-09-19 02:48:42,-42.0,False
3503181,2025-09-19 03:11:50,2025-09-19 03:12:56,-66.0,False
3503184,2025-09-19 03:14:59,2025-09-19 03:19:03,-244.0,False
3503218,2025-09-19 04:17:08,2025-09-19 04:15:53,75.0,True
3503222,2025-09-19 04:22:06,2025-09-19 04:21:10,56.0,True
3503234,2025-09-19 04:45:40,2025-09-19 04:44:26,74.0,True
3503243,2025-09-19 04:58:46,2025-09-19 04:59:11,-25.0,False
3503250,2025-09-19 05:15:26,2025-09-19 05:14:59,27.0,True
3503264,2025-09-19 05:37:33,2025-09-19 05:38:13,-40.0,False
3503267,2025-09-19 05:41:31,2025-09-19 05:43:05,-94.0,False
3503269,2025-09-19 05:46:45,2025-09-19 05:46:09,36.0,True
3503275,2025-09-19 06:01:33,2025-09-19 06:02:44,-71.0,False
3503280,2025-09-19 06:15:54,2025-09-19 06:08:03,471.0,True
3503281,2025-09-19 06:17:23,2025-09-19 06:08:32,531.0,True
3503282,2025-09-19 06:18:29,2025-09-19 06:12:50,339.0,True
3503283,2025-09-19 06:21:56,2025-09-19 06:14:00,476.0,True
3503292,2025-09-19 06:46:32,2025-09-19 06:40:22,370.0,True
3503293,2025-09-19 06:48:38,2025-09-19 06:40:49,469.0,True
3503294,2025-09-19 06:52:11,2025-09-19 06:43:23,528.0,True
3503303,2025-09-19 07:12:45,2025-09-19 07:12:07,38.0,True
3503331,2025-09-19 07:56:14,2025-09-19 07:56:16,-2.0,False
3503337,2025-09-19 08:02:36,2025-09-19 08:03:55,-79.0,False
3503522,2025-09-19 13:01:51,2025-09-19 13:02:29,-38.0,False
3510824,2025-09-29 16:55:26,2025-09-29 17:02:12,-406.0,False
3515286,2025-10-05 23:45:45,2025-10-05 23:48:00,-135.0,False
3515294,2025-10-06 00:09:50,2025-10-06 00:06:23,207.0,True
3515295,2025-10-06 00:11:38,2025-10-06 00:08:33,185.0,True
3515323,2025-10-06 01:33:12,2025-10-06 01:31:47,85.0,True
3515353,2025-10-06 02:29:06,2025-10-06 02:27:31,95.0,True
3515415,2025-10-06 04:42:00,2025-10-06 04:42:54,-54.0,False
3515442,2025-10-06 05:33:35,2025-10-06 05:34:51,-76.0,False
3515464,2025-10-06 06:26:16,2025-10-06 06:27:20,-64.0,False
3515467,2025-10-06 06:32:54,2025-10-06 06:33:55,-61.0,False
3515484,2025-10-06 06:54:04,2025-10-06 06:55:13,-69.0,False
3515486,2025-10-06 06:57:25,2025-10-06 06:57:13,12.0,True
3515500,2025-10-06 07:18:45,2025-10-06 07:21:50,-185.0,False
3515530,2025-10-06 08:44:37,2025-10-06 08:46:45,-128.0,False
3515542,2025-10-06 09:10:26,2025-10-06 09:11:32,-66.0,False
3515584,2025-10-06 10:56:32,2025-10-06 10:59:47,-195.0,False
3515595,2025-10-06 11:23:41,2025-10-06 11:22:12,89.0,True
3515610,2025-10-06 11:48:13,2025-10-06 11:49:13,-60.0,False
3515638,2025-10-06 12:48:56,2025-10-06 12:49:01,-5.0,False
3515643,2025-10-06 12:58:12,2025-10-06 13:01:44,-212.0,False
3515664,2025-10-06 13:37:44,2025-10-06 13:37:38,6.0,True
3515675,2025-10-06 13:51:41,2025-10-06 13:51:59,-18.0,False
3515680,2025-10-06 13:58:11,2025-10-06 13:57:41,30.0,True
3515706,2025-10-06 14:50:23,2025-10-06 14:49:52,31.0,True
3515719,2025-10-06 15:22:32,2025-10-06 15:22:36,-4.0,False
3515726,2025-10-06 15:33:47,2025-10-06 15:35:19,-92.0,False
3515747,2025-10-06 16:16:37,2025-10-06 16:18:20,-103.0,False
3515758,2025-10-06 16:29:49,2025-10-06 16:29:49,0.0,False
3515763,2025-10-06 16:39:51,2025-10-06 16:43:06,-195.0,False
3515787,2025-10-06 17:33:30,2025-10-06 17:33:57,-27.0,False
3515801,2025-10-06 17:59:25,2025-10-06 17:58:18,67.0,True
3515814,2025-10-06 18:24:03,2025-10-06 18:30:07,-364.0,False
3515816,2025-10-06 18:31:42,2025-10-06 18:31:38,4.0,True
3515823,2025-10-06 18:42:30,2025-10-06 18:45:45,-195.0,False
3515847,2025-10-06 19:36:31,2025-10-06 19:38:15,-104.0,False
3515851,2025-10-06 19:49:13,2025-10-06 19:51:46,-153.0,False
3515863,2025-10-06 20:07:06,2025-10-06 20:06:59,7.0,True
3515865,2025-10-06 20:10:18,2025-10-06 20:09:50,28.0,True
3515901,2025-10-06 21:32:51,2025-10-06 21:31:03,108.0,True
3515902,2025-10-06 21:32:57,2025-10-06 21:32:20,37.0,True
3515920,2025-10-06 22:30:58,2025-10-06 22:31:22,-24.0,False
3515931,2025-10-06 22:52:24,2025-10-06 22:54:31,-127.0,False
3515933,2025-10-06 22:56:38,2025-10-06 22:57:52,-74.0,False
3515935,2025-10-06 22:59:40,2025-10-06 23:03:59,-259.0,False
3515938,2025-10-06 23:06:50,2025-10-06 23:06:23,27.0,True
3515946,2025-10-06 23:30:16,2025-10-06 23:26:37,219.0,True
3515947,2025-10-06 23:33:08,2025-10-06 23:28:48,260.0,True
3515948,2025-10-06 23:33:59,2025-10-06 23:28:58,301.0,True
3515949,2025-10-06 23:36:20,2025-10-06 23:30:15,365.0,True
3515950,2025-10-06 23:38:29,2025-10-06 23:32:34,355.0,True
3515966,2025-10-07 00:08:05,2025-10-07 00:08:13,-8.0,False
3515977,2025-10-07 00:30:26,2025-10-07 00:31:20,-54.0,False
3515993,2025-10-07 01:12:39,2025-10-07 01:11:40,59.0,True
3516011,2025-10-07 01:52:43,2025-10-07 01:52:48,-5.0,False
3516019,2025-10-07 02:24:20,2025-10-07 02:16:08,492.0,True
3516020,2025-10-07 02:26:25,2025-10-07 02:17:48,517.0,True
3516021,2025-10-07 02:26:34,2025-10-07 02:20:10,384.0,True
3516022,2025-10-07 02:31:34,2025-10-07 02:20:11,683.0,True
3516023,2025-10-07 02:35:21,2025-10-07 02:23:49,692.0,True
3516031,2025-10-07 02:55:00,2025-10-07 02:54:31,29.0,True
3516037,2025-10-07 03:06:15,2025-10-07 03:04:56,79.0,True
3516046,2025-10-07 03:22:36,2025-10-07 03:22:31,5.0,True
3516050,2025-10-07 03:33:01,2025-10-07 03:34:01,-60.0,False
3516056,2025-10-07 03:50:38,2025-10-07 03:47:42,176.0,True
3516057,2025-10-07 03:57:31,2025-10-07 03:50:08,443.0,True
3516058,2025-10-07 03:57:33,2025-10-07 03:51:18,375.0,True
3516068,2025-10-07 04:15:52,2025-10-07 04:18:18,-146.0,False
3516083,2025-10-07 04:57:05,2025-10-07 04:49:54,431.0,True
3516084,2025-10-07 04:57:14,2025-10-07 04:56:35,39.0,True
3516085,2025-10-07 04:59:11,2025-10-07 04:57:54,77.0,True
3516091,2025-10-07 05:07:13,2025-10-07 05:05:17,116.0,True
3516092,2025-10-07 05:07:14,2025-10-07 05:05:23,111.0,True
3516100,2025-10-07 05:26:56,2025-10-07 05:27:06,-10.0,False
3516108,2025-10-07 05:38:09,2025-10-07 05:37:02,67.0,True
3516110,2025-10-07 05:41:04,2025-10-07 05:44:22,-198.0,False
3516120,2025-10-07 06:09:06,2025-10-07 06:05:32,214.0,True
3516122,2025-10-07 06:09:56,2025-10-07 06:11:27,-91.0,False
3516126,2025-10-07 06:18:25,2025-10-07 06:16:01,144.0,True
3516127,2025-10-07 06:18:47,2025-10-07 06:16:03,164.0,True
3516128,2025-10-07 06:19:38,2025-10-07 06:18:38,60.0,True
3516153,2025-10-07 06:56:02,2025-10-07 06:56:49,-47.0,False
3516157,2025-10-07 07:00:07,2025-10-07 07:05:46,-339.0,False
3516173,2025-10-07 07:26:07,2025-10-07 07:27:15,-68.0,False
3516187,2025-10-07 07:49:15,2025-10-07 07:44:13,302.0,True
3516189,2025-10-07 07:52:15,2025-10-07 07:52:52,-37.0,False
3516191,2025-10-07 07:57:15,2025-10-07 07:59:03,-108.0,False
3516202,2025-10-07 08:23:19,2025-10-07 08:26:01,-162.0,False
3516205,2025-10-07 08:35:44,2025-10-07 08:30:01,343.0,True
3516206,2025-10-07 08:36:28,2025-10-07 08:32:43,225.0,True
3516207,2025-10-07 08:38:23,2025-10-07 08:34:01,262.0,True
3516208,2025-10-07 08:39:09,2025-10-07 08:34:27,282.0,True
3516209,2025-10-07 08:39:29,2025-10-07 08:36:19,190.0,True
3516215,2025-10-07 08:45:34,2025-10-07 08:47:26,-112.0,False
3516223,2025-10-07 09:06:43,2025-10-07 09:01:00,343.0,True
3516225,2025-10-07 09:08:42,2025-10-07 09:09:59,-77.0,False
3516239,2025-10-07 09:39:45,2025-10-07 09:38:24,81.0,True
3516246,2025-10-07 09:49:26,2025-10-07 09:50:29,-63.0,False
3516252,2025-10-07 09:58:48,2025-10-07 09:59:50,-62.0,False
3516263,2025-10-07 10:15:07,2025-10-07 10:15:08,-1.0,False
3516311,2025-10-07 11:44:12,2025-10-07 11:48:22,-250.0,False
3516315,2025-10-07 11:51:28,2025-10-07 11:59:04,-456.0,False
3523876,2025-10-17 23:16:17,2025-10-17 23:18:35,-138.0,False
