height,block_hash,block_timestamp,job_timestamp,delay_seconds
3508533,6a87b6872bdf61f23973273370df2a1c7ee7406d4507fd2726b333658c603c83,2025-09-26 11:49:35,2025-09-26 11:49:39,4.0
3508536,7a76d8b9d8f667e5b6c3bb90f636c4217201adfbc4243ebfaa5e4137b77900fe,2025-09-26 11:56:24,2025-09-26 11:56:39,15.0
3508537,d35ce227d4a15d1dc8dbebe3e645f2906af27260110e0e5402b700d5ef278f7b,2025-09-26 11:57:52,2025-09-26 11:57:55,3.0
3508538,c8d8cee7fb4e6e87ccdd0bf502b9b0ee2b1ac703a4891d9a1c1e9046b4836317,2025-09-26 11:58:10,2025-09-26 11:58:19,9.0
3508542,9516d5f96ec20d42cbcfbb97403dc61feeb10fa38f50a165e0b5725abb95fde8,2025-09-26 12:06:28,2025-09-26 12:06:36,8.0
3508550,c4b7c8ea455a130da66d11e355064d5794bc2cfd3afb72b9f426d1c4253a7003,2025-09-26 12:26:25,2025-09-26 12:26:29,4.0
3508564,25b080ae115c809e39bbb8396bcaa299921c4bbe0eb5a892d81f54418a91fe39,2025-09-26 12:58:35,2025-09-26 12:58:40,5.0
3508575,c041867fbccfcca917783c4d3f9286571822eacf310ba2453b6e17c457cef337,2025-09-26 13:20:33,2025-09-26 13:20:40,7.0
3508582,c52da5a91844979383b6c610e96415c997e618ec9774da988b9ead252de6a258,2025-09-26 13:29:39,2025-09-26 13:29:43,4.0
3508593,8c324d79b25c45332d27b786d2ebdadc2936cd0c6d421e8337395c72d0226b4c,2025-09-26 13:54:50,2025-09-26 13:54:56,6.0
3508602,5a7dfb761a32fb0eb5c53790af3ad886567c8d8f83b6b4b71cfbe29c24b4b8cb,2025-09-26 14:05:21,2025-09-26 14:05:22,1.0
3508607,ed0acfeccc1affde62c25081de93373d4fc05e82b8d5d0cb92f7c9be92fc5c32,2025-09-26 14:11:08,2025-09-26 14:11:17,9.0
3508608,8ad9df2f2ae8825a75bcb9695106ff1a92a63f9ba824ee9ba838a0d0197da61a,2025-09-26 14:13:09,2025-09-26 14:13:18,9.0
3508620,a7fa7dbb4bf81b5b9f07fe182ad7c4ebd83d70dd638415c5ef223d0b798cd330,2025-09-26 14:38:03,2025-09-26 14:38:11,8.0
3508641,1a9d4fc865bd67159ffadf1208ed09aa9909ece08d9812a3e4754fff09fda95f,2025-09-26 15:31:31,2025-09-26 15:31:40,9.0
3508644,eb87ec3c9de150cfb9826566f573b47f555ed4654acabd7f16b31436882b93c9,2025-09-26 15:33:49,2025-09-26 15:33:51,2.0
3508658,86f08d433bfc0a458224747b9a4218b5b10e00859a2e696c5cd851bc05aace83,2025-09-26 15:59:46,2025-09-26 15:59:49,3.0
3508669,1ccce2c48c3c5c81d50dfaf6dadf866d35c7c3071c5a067af9976e298d9028d9,2025-09-26 16:23:45,2025-09-26 16:23:49,4.0
3508671,dcc6e2dc60abacc595d21e60d4b6345b165b8dfd642fd24392f92c4e55c022ad,2025-09-26 16:30:04,2025-09-26 16:30:14,10.0
3508690,ac8213a8c5fdd3a984b985deb6b5249494af70057d800f103f51697c534bf364,2025-09-26 17:33:32,2025-09-26 17:33:40,8.0
3508704,3b46807e5a7b0b3a7b7e3784a2923688c596411e57f648ed5ecff5f12092b3b5,2025-09-26 18:06:00,2025-09-26 18:06:09,9.0
3508715,84d6ab21602f11a346cebc7c69c0cb6e5480be096c07ea7d7e6c46d5488589aa,2025-09-26 18:23:38,2025-09-26 18:23:47,9.0
3508719,542be5f5a265d4c2ee083e7ae0f69ed3976642ec1c76cb2b6f41e4024b0a5552,2025-09-26 18:50:34,2025-09-26 18:50:43,9.0
3508722,3616115ebdbb705fce2cedb5b7311b16ec13f7b19d6fa7534cd7cabef0e62fa8,2025-09-26 18:56:04,2025-09-26 18:56:12,8.0
3508730,10ad27d229a6f3cbde5f8aea93cbae5bcbbbe017731d00d77a12faa9f3062bdc,2025-09-26 19:19:43,2025-09-26 19:19:47,4.0
3508732,47c851b6c55ad6a5163a51a92d23443402e5f3844ec4008d83664460ac1b3cfa,2025-09-26 19:22:42,2025-09-26 19:22:49,7.0
3508733,76b3681632291bf604d796dd9c6473f0c4cdeee7e2a8b451a04620431119f6c6,2025-09-26 19:22:57,2025-09-26 19:22:59,2.0
3508758,c7048f5d43598f753bdd11f17b92f22a5ffd5d7daca20bf7f04200d37e927aae,2025-09-26 20:12:49,2025-09-26 20:12:57,8.0
3508770,b744ee2dae5fde3e8b0928fcc5dac08b5bbc2d89802488a4fdb65484c27d0233,2025-09-26 20:42:41,2025-09-26 20:42:43,2.0
3508771,a8bd2d5c5a856e7cef57879576327f1432044aa68d6e7c5df9dfeb2a0aa06805,2025-09-26 20:42:52,2025-09-26 20:42:58,6.0
3508783,cadf8826677aea8a6bcd6862d9ea6fcca8703d9fe0e012dc8c5b0d60e3cee1de,2025-09-26 21:03:18,2025-09-26 21:03:27,9.0
3508789,143797cb5a5431664c361d07a553171ab4c7801c7ec58f6dbe35172c9412b760,2025-09-26 21:14:22,2025-09-26 21:14:25,3.0
3508797,1e5093c69eb4f486140fe5ceb193cf3137bfd6065032118987afd237eff2c927,2025-09-26 21:31:51,2025-09-26 21:32:01,10.0
3508799,bdefd0155944c66f6c1d13e4628f4e9b3f32b21e39fdf2624cffccd38f18e6b7,2025-09-26 21:34:08,2025-09-26 21:34:12,4.0
3508802,5d5bd51ed728d486206e37d25a2bcfe4a8db22524dcda2b1b60c8da43ff27c73,2025-09-26 21:40:46,2025-09-26 21:40:52,6.0
3508803,61e3b64b6a2b2f6c955f7800571f8500f52ed70d01a6afad2ba666eedb863c25,2025-09-26 21:41:47,2025-09-26 21:41:56,9.0
3508806,b9d6d440884c82aa07a56cf4d4e474494a0b3e3810a7f254086b56ab0f9d2f29,2025-09-26 22:03:22,2025-09-26 22:03:27,5.0
3508815,30373eb4d1b16ca76af267d1a2d753e8fc432ba50bbe9bcd2aef6ffa0d9d0863,2025-09-26 22:29:26,2025-09-26 22:29:34,8.0
3508816,8f475340b717e2562fa7b211b0b9673a2430c1ef0b17c91f599d758240f12ea2,2025-09-26 22:32:45,2025-09-26 22:32:51,6.0
3508823,829730f56f6650274215b12d4055986ea109115243172f7bc2d2bfb7127bd668,2025-09-26 23:03:07,2025-09-26 23:03:12,5.0
3508850,c128b47d0fdd7447539350fc9b31a95ba4d25ea0a50cad9480b27dbcf42bc4c3,2025-09-27 00:15:10,2025-09-27 00:15:19,9.0
3508852,5a57555aaa92a099964cb9e509f8fcd32a7481cf989ce4578838b892f5bf9eff,2025-09-27 00:16:18,2025-09-27 00:16:24,6.0
3508853,d064773cc43391f4c29dbe6a977f3fbc26547cd9ed07dcd58d7687402768b968,2025-09-27 00:17:11,2025-09-27 00:17:18,7.0
3508858,f82095fdd355a257f176b6f274703490d4d1d6c685b80b56cf6cdc757c725883,2025-09-27 00:40:49,2025-09-27 00:40:57,8.0
3508865,979f53e6fc329f5692e917365fb60e7962840f1b5d606f1cc17be035d1bfba6e,2025-09-27 01:12:23,2025-09-27 01:12:29,6.0
3508867,2037ec0657d136458a192ee60a3d6bf6677455b53d344eed8037de2df9a98bca,2025-09-27 01:16:09,2025-09-27 01:16:17,8.0
3508868,4dbe433f15d1ea1b9ea95d7c92cc6e766313b49e5487939130bf3c0054e9ca7f,2025-09-27 01:18:40,2025-09-27 01:18:48,8.0
3508882,4621530f2f84eb859f27f50696d19d00a56ad690fa4089a61b026be24eee8106,2025-09-27 02:04:08,2025-09-27 02:04:14,6.0
3508885,324025d3597143bc6e3ce52edaaaec1a663cb9ca41d3f30139d45de542afaa69,2025-09-27 02:10:07,2025-09-27 02:10:09,2.0
3508898,92036a2a08e91dcea467f1b655fd529eaa12dedf4243581cd2705ac96e5cf12d,2025-09-27 02:25:42,2025-09-27 02:25:50,8.0
3508914,1d32421fcc50d9d4d6c27e6566dd9fc458dad96c145f6ab8aae5fef4977db011,2025-09-27 02:53:45,2025-09-27 02:53:51,6.0
3508933,7742277db738626bac281f85de5d16da04dfc85c06e6ad85fa3cfb8c4dc044f5,2025-09-27 03:45:25,2025-09-27 03:45:31,6.0
3508936,b87707d41eb3db3eda31211efa18e6d9a5f48e0111170934c08b730486620712,2025-09-27 03:46:51,2025-09-27 03:46:58,7.0
3508940,5093d2c1d578661dd7362f5b30e22c8c53a90cdeb090d4a9e6ce22bb968f0012,2025-09-27 03:55:16,2025-09-27 03:55:19,3.0
3508950,ddcdda124e79d7e967cce52da80bfa233f937135f94497818533b195805ee594,2025-09-27 04:15:55,2025-09-27 04:15:59,4.0
3508952,d5a3618ad207bcbd841d918db5faf566a5af49b9198a5cad8fc1b54f0d2d6c40,2025-09-27 04:20:56,2025-09-27 04:20:59,3.0
3508962,a18bc6646f6035b8a0ee85c13d99aa6df5eab1ce32790f846f8a4ad211c39fef,2025-09-27 04:41:16,2025-09-27 04:41:18,2.0
3508963,69bb742aa54112c2ffa1754def0dafb16858702d5b3a16e3ba8d8e697f60b788,2025-09-27 04:44:07,2025-09-27 04:44:09,2.0
3508974,7cedcea4d55e3b9fd4fc708f328faaddb329bff5c4b758886a5a56fc2ec880e4,2025-09-27 05:06:42,2025-09-27 05:06:50,8.0
3508976,9461172170825d913995b6deae03ee3155836a8eda87996a7142041895bfd3ff,2025-09-27 05:10:19,2025-09-27 05:10:23,4.0
3508977,590aa0fe17cb5978b01d9aebe77fd32a08de0af0e543a47eecc7bc8888cb5ecf,2025-09-27 05:11:36,2025-09-27 05:11:43,7.0
3508980,1c764501c9a7d1611928f0e12f8e09f7375bbae12c69b14b1e42bb55a6c31082,2025-09-27 05:14:03,2025-09-27 05:14:08,5.0
3508986,7e9037cc42b71b0ff01749b7297a7dacdd99cc1578ee0f576b92b93b480f4fa9,2025-09-27 05:32:37,2025-09-27 05:32:40,3.0
3508988,2942df72c02d96296adcf76498a590dd7e20dda9ef71285124c9e33a58d1d6ca,2025-09-27 05:39:24,2025-09-27 05:39:28,4.0
3509001,aef56905fd5c6dfc00aa0610f4dc8b398b4164ecf730d83d8e6de7c9efe3a34e,2025-09-27 05:59:50,2025-09-27 05:59:59,9.0
3509002,d4572025ae2fdf59701801e60741b0349edd3570b07a4269616c41f86d59e85e,2025-09-27 06:02:38,2025-09-27 06:02:48,10.0
3509022,735c4be92a5dc3def4b44d9d66262f60aea85d982d32950c3086a7507c30afa8,2025-09-27 06:53:16,2025-09-27 06:53:21,5.0
3509024,cc2079f1471ce6a4478cc8bb994651395c5a19b81b824e02710b58acdce94426,2025-09-27 06:56:38,2025-09-27 06:56:44,6.0
3509039,a8b7a9953ee0cd7280ce4047d0e9a70462dff70620d473b49305596d64542d12,2025-09-27 07:24:03,2025-09-27 07:24:09,6.0
3509040,8061caf77463b3009780d15bce6482313ab710cd8bb94498b2ce3696a604d7cd,2025-09-27 07:24:16,2025-09-27 07:24:26,10.0
3509043,c10dacbd08bed12ce50a4af3571fbddee5f63b50c01315bb0599d49527c3dbbd,2025-09-27 07:29:49,2025-09-27 07:29:51,2.0
3509044,b9c17a45d546c8c56d522a04cb073f091a25e1b32e08964fc56fbac3b988fe6b,2025-09-27 07:31:04,2025-09-27 07:31:05,1.0
3509050,04ddb86f8df8f3ef7cfe3d912e9f0ea3199f0896615f937c4f899608097540b4,2025-09-27 07:52:07,2025-09-27 07:52:10,3.0
3509051,1c21a05d86bbabfd9896634dd1ba4d8c7fbb144e46433ebd8010e726d04b0b9a,2025-09-27 07:54:42,2025-09-27 07:54:50,8.0
3509054,d93a4368fd2c3660f2c74d909d29a7d1e2335099d11289cdb945d7c6b7fb7a5a,2025-09-27 07:59:04,2025-09-27 07:59:09,5.0
3509076,eb6a7781eafb3683fd66f853ee42f42e39c8dd6b87fec663219ca4df2cb4373e,2025-09-27 08:43:41,2025-09-27 08:43:45,4.0
3509082,7c8c8c8d9f555648a1590510e5ec7b3c67d5229857eb602afbedc87ed74a5ebf,2025-09-27 09:06:22,2025-09-27 09:06:27,5.0
3509086,105a213a869363d1c9c8ddb2f2ede8160d1724b1ebf861e8431de9cd6d5d853f,2025-09-27 09:12:14,2025-09-27 09:12:18,4.0
3509119,c3cf6ee48f9c6e3905634edd66c8c6a31006968dad746f65385aa500869b292b,2025-09-27 10:29:21,2025-09-27 10:29:26,5.0
3509120,c67fbd725a19af88e1c8c9cfa2e1850fc23a4888abea310ad6b529dea9adfd29,2025-09-27 10:30:45,2025-09-27 10:30:50,5.0
3509121,3eca650859e8a751d7f555b382cea5f1253b280740898ce0853b4e93f745a5c8,2025-09-27 10:31:38,2025-09-27 10:31:41,3.0
3509136,d186d640ce7d5ece83de9d70a63ea255eedc0e3635bfb3a6dda54257905f2f86,2025-09-27 10:56:24,2025-09-27 10:56:29,5.0
3509137,8f98a072b207c14aaf2dda7600f4faef3e072c55085efe55edee5a9fe76cb5f7,2025-09-27 11:00:05,2025-09-27 11:00:07,2.0
3509143,bfdd1131a01585c5f10431bd3b2b3dcb5a45d1b34706c70b407fcfe4a25050c5,2025-09-27 11:04:53,2025-09-27 11:04:57,4.0
3509158,5fb0c98441107cc0f0545959c8c5e076af1ee4d2a6b4e3c1a8c5e21f0857b3af,2025-09-27 11:27:17,2025-09-27 11:27:23,6.0
3509160,dadc5c338f48b3eb2dab58ec73c76bded5ad1a386c93f07f8f8280e38ffc2986,2025-09-27 11:28:46,2025-09-27 11:28:51,5.0
3509161,6fbd33074d24ce708a644e43c78fbaee1c74fc3d1d458538acbf4b6976ad3456,2025-09-27 11:28:58,2025-09-27 11:29:04,6.0
3509163,5c00907f6ebccb11f39f39a7d88a90a08e69b79373ec69e450c2884241d9c9b4,2025-09-27 11:31:52,2025-09-27 11:32:01,9.0
3509172,3cee49180b8575ae172eafe62885d356450c247b76b937e75fb8e0ad7c13f3d4,2025-09-27 11:48:38,2025-09-27 11:48:42,4.0
3509181,8dab74f700efe6fc691a6e12cb05d4ea5ac0c4aca95291dc8746bbf305e57568,2025-09-27 12:03:12,2025-09-27 12:03:18,6.0
3509182,7051f17ab9e85fc10af1240db5640816431ca19f37f24e2af9a5a50134cf5b28,2025-09-27 12:03:42,2025-09-27 12:03:47,5.0
3509184,8b45b8fb4c1daac4cd9f5f262bc9eae855d569debf27eef2e77ca3ef3ef14354,2025-09-27 12:09:27,2025-09-27 12:09:35,8.0
3509185,0ca93297833756d549da253da8288f53f3977ac720c1ec252c9c18f7a84c1cb6,2025-09-27 12:11:58,2025-09-27 12:12:07,9.0
3509189,7dac31eadd7909df47fd57fed58d6a0db9ff88828932db0a04ebd84043ce9889,2025-09-27 12:18:21,2025-09-27 12:18:29,8.0
3509190,ecfd75f56770669a253d6e3e0c81ef15dd29a9421e93e7af8dbf6ddacbe29ae6,2025-09-27 12:29:57,2025-09-27 12:30:02,5.0
3509191,16fe68e0841f73d1e479aedec6c24dab926c90f7a45aa7bc6df3b387fd73588e,2025-09-27 12:31:22,2025-09-27 12:31:31,9.0
3509217,9756ee5e6555d74abc9bfe5b1671918bedf834c228fa912828fc9e62aedffd1f,2025-09-27 13:10:40,2025-09-27 13:10:48,8.0
3509222,ed66bbdc71c66726918c73ee64ceeb4309c55e88059979bd5b9726ae748499ad,2025-09-27 13:19:38,2025-09-27 13:19:44,6.0
3509228,3050d1f405655906253146f21914ccb786ee2d4f88a27b8c705300b2c13d0fdc,2025-09-27 13:23:06,2025-09-27 13:23:09,3.0
3509234,08360e21e49216d976258ca3a420e8a64ff811f8ccdb09350bb02274ae4e5c1c,2025-09-27 13:36:02,2025-09-27 13:36:04,2.0
3509236,b02115d246907b0d1eb502ac6d94daaa8c00a94b73ad90d2e273883449b79d10,2025-09-27 13:37:01,2025-09-27 13:37:06,5.0
3509238,b2a5898f4f6754f5cf8807671cf869ccbe6e61c929372cd9ade837e41bf09bce,2025-09-27 13:38:12,2025-09-27 13:38:15,3.0
3509239,64e9d00065723f7654d13937dbb338b17adff3c40d6a8a15d8a953c2c48f262c,2025-09-27 13:39:34,2025-09-27 13:39:38,4.0
3509242,f71617a075b7b0bb407beac4da2efc09f688c5f5f50a8cea0f6ee306b2b20788,2025-09-27 13:42:24,2025-09-27 13:42:32,8.0
3509246,14c80ae71d5bb269afa30bb323e5f348c576989a8567950b288daf9c81d5869c,2025-09-27 13:49:37,2025-09-27 13:49:40,3.0
3509253,2fad83a016043af6fefd81123880b837efb84e02b6354f8fb2c6ce8d657167e1,2025-09-27 14:03:38,2025-09-27 14:03:40,2.0
3509254,31339b5b3ba81688c5e6aa87aa79d374bfab951085f19a28a58f05d91bc3010a,2025-09-27 14:04:43,2025-09-27 14:04:48,5.0
3509255,b177c45a6ecf2dec1e8c64e615fc98959f65d7621458671138a673b74f7309ba,2025-09-27 14:06:32,2025-09-27 14:06:37,5.0
3509256,6702744c5f8058a20413ca3cdb09f66ea30983bdc92e4176f2721c33f98a1b25,2025-09-27 14:10:21,2025-09-27 14:10:26,5.0
3509257,923d3f6a42b92ada1454c096adc6ccd20a7bb8955da2dd7ac8185550bc8a0be7,2025-09-27 14:12:50,2025-09-27 14:12:51,1.0
3509259,54557332fc1fc2c0131e6d5c080e505dfb9310140329a99fbed14a4d0ff5ca29,2025-09-27 14:16:05,2025-09-27 14:16:08,3.0
3509261,95913c44230de8f62d5db596f89b1fa99d950b8621794587e1bde7ae1ffe245e,2025-09-27 14:22:59,2025-09-27 14:23:05,6.0
3509262,2b53fc2f7efef1e4a87aba51996b0a9dcae20e80094027309243c1f1b7a4a8e7,2025-09-27 14:25:29,2025-09-27 14:25:37,8.0
3509268,b7776909a2f67498d51c7cf944ba7a3518f4ff1ae4791d37e7e560d21ddcba18,2025-09-27 14:33:31,2025-09-27 14:33:38,7.0
3509273,f8d9430da48483784d9c6439cf0338f24815e93f0f8af9af551ed7b347de9134,2025-09-27 14:39:20,2025-09-27 14:39:25,5.0
3509283,b7bb2d5859dd0ed9bdb6042ec29758758b7fead52f46c0d747d469fe603449c2,2025-09-27 14:58:02,2025-09-27 14:58:05,3.0
3509285,7866e0d2d6513c82220d67c5c5e48574622738cf270d44546bc1cd3c3f0dd558,2025-09-27 15:00:04,2025-09-27 15:00:12,8.0
3509293,9d915cc31db173873b22157d2cd1599a3be1a7df727b97899e774629055d4688,2025-09-27 15:08:03,2025-09-27 15:08:07,4.0
3509294,8ae4bc0cee90372ad2187487ae7afc99ed22a2c5716be27cda5ff781ba744ab3,2025-09-27 15:08:14,2025-09-27 15:08:22,8.0
3509299,1a62c670aab51ccf3b739aaeefcfea4af35d959b4e6056384aed525dbeec8cef,2025-09-27 15:16:14,2025-09-27 15:16:22,8.0
3509301,b715867b3c18df5dd946afb5aca5f9666485140a942563f7ad0aaf767a6a61f4,2025-09-27 15:25:41,2025-09-27 15:25:43,2.0
3509302,d41985a6a2099fb403f9d35c6681207f7f43d8ee8d01cf0ab4249bd11429e5ea,2025-09-27 15:26:23,2025-09-27 15:26:27,4.0
3509306,fb343b6611d28340b796760a50d03448e4a7a2b311d0b4bff7519f8550772c5c,2025-09-27 15:41:06,2025-09-27 15:41:11,5.0
3509314,cba36a9b9fe8180d2ebd7d1b035fbadc8fc0b3edd9a43682569fe0f3c867d278,2025-09-27 15:58:48,2025-09-27 15:58:52,4.0
3509320,cdb993c1b3831c32672aa0e60b7d2598057a9d96153e3efdb04ec3294844d2af,2025-09-27 16:15:42,2025-09-27 16:15:51,9.0
3509321,602972e4c604983265537472806468fcc1223452f264c996059993efa8053fb5,2025-09-27 16:17:50,2025-09-27 16:17:57,7.0
3509322,c466a7d4fa8a6c319b60cef064fbafc71f48a07fdc04516624302a4dee0402f8,2025-09-27 16:18:28,2025-09-27 16:18:37,9.0
3509325,5eccfee183f5e0bacf5f21b596699792bf83babe30dc067c97ca718b2f4189c1,2025-09-27 16:21:38,2025-09-27 16:21:46,8.0
3509329,b9c79b464f49ee3704013cd96075f6468e7b574d82963aa5fd8125e7a2f3b304,2025-09-27 16:27:19,2025-09-27 16:27:21,2.0
3509343,3423789f09ddc3780e316eeeae6b426bfdc07ff10a521c409685456fc14805e6,2025-09-27 16:57:21,2025-09-27 16:57:26,5.0
3509345,67ea8b4363517f7c333aef5e1c81db62d826434e98874de6f30350e5f08839ff,2025-09-27 17:00:48,2025-09-27 17:00:57,9.0
3509352,71eaa73c7372b08ec1c29dc685c6d8126d72e736a613a33daaae64a529b3d539,2025-09-27 17:14:14,2025-09-27 17:14:18,4.0
3509355,6c0d6e389cab7799df1f8cee5029135c275c91810d81e06a09f5bfdfbdb65b33,2025-09-27 17:16:32,2025-09-27 17:16:37,5.0
3509357,c447d0f8f50d081e344dcc14b3d22a7c4b6d2a2d9b2035abb5aca1dc41a93937,2025-09-27 17:20:09,2025-09-27 17:20:15,6.0
3509358,418997168234d5523e688fde0529cf45b83270c670df6704aaa88ff99884f05d,2025-09-27 17:20:14,2025-09-27 17:20:16,2.0
3509359,7a7e35311b8bb3fe9f63e17a3459c7bc995c4a536386d992d123bb2c5c2a36fa,2025-09-27 17:23:04,2025-09-27 17:23:07,3.0
3509362,b0357f1af808662e695905460726eb8c63b18aa60e8f6e8491fa7f999d1c58d4,2025-09-27 17:26:11,2025-09-27 17:26:18,7.0
3509368,509f6702b4b3d3192c68d830ef420415a4bfbc3bb57aa9d37609bfb4e5a1ef6a,2025-09-27 17:33:35,2025-09-27 17:33:40,5.0
3509372,91e42966cb55426455257448334e7bfd7b14963630e7ba72549c56ad02130507,2025-09-27 17:38:49,2025-09-27 17:38:51,2.0
3509373,897d5de8b51d2767ecfe9e55368827fb5e024225a91b6a2a7a14856f93db2cce,2025-09-27 17:42:51,2025-09-27 17:42:58,7.0
3509376,238e7abafcae5a71fe6471b21c8b263f60eca965be2a295293419e7d12d13bfb,2025-09-27 17:52:01,2025-09-27 17:52:02,1.0
3509377,7ecb14d9e40366c58b3e9ccb84eeb3744c8ae9d73b045e90b638836ddc4c38e8,2025-09-27 17:52:02,2025-09-27 17:52:05,3.0
3509384,ecd94cfa090adce8fcb273b1977daaa8847b094815fa9d713a4407b16589b30c,2025-09-27 18:07:12,2025-09-27 18:07:19,7.0
3509388,f59c4ab3035970b3f8ecf554759e6d1a33b492bbcb8b2632cc5ad2b2804c6c6c,2025-09-27 18:17:47,2025-09-27 18:17:52,5.0
3509390,19a847b70ed9c68d5be71c28f851b59c08b5353a6c3f863f2f73a4d855757cc5,2025-09-27 18:26:23,2025-09-27 18:26:31,8.0
3509391,4d4f2c80bb01df9cb9bb93790eb5202edc83d45d0252f9286a17b92a94a5820a,2025-09-27 18:26:47,2025-09-27 18:26:55,8.0
3509394,b1a51b09ee755e2a3b4e2e633929f23c22d5728580fbdc027b82c0ec0757557a,2025-09-27 18:28:59,2025-09-27 18:29:02,3.0
3509395,b5a35d15705587f32eb86eed16e87cd4904f41082a59c94bda6f59ed6ca9aa8b,2025-09-27 18:29:18,2025-09-27 18:29:24,6.0
3509397,564da8be9afd3c938b760e45df1fdd0da970997a3be0aa53de0266668b850468,2025-09-27 18:34:10,2025-09-27 18:34:15,5.0
3509399,ba08001c666f2274924b1065f303ec7a2bd7da0959111b392f1124bb22e8671c,2025-09-27 18:36:01,2025-09-27 18:36:08,7.0
3509403,44122cdf574d347df0272d8712962301eba543510f60f851d06f286260df65b2,2025-09-27 18:39:32,2025-09-27 18:39:37,5.0
3509404,c60e694be280c230b339d77394a51a489ac687d3d5a5e96960ec220257af373b,2025-09-27 18:41:04,2025-09-27 18:41:08,4.0
3509406,10ff46a2d2ba2336ec8e1bd55a62e55528baf4696a0a575b50857f8b74df41be,2025-09-27 18:45:50,2025-09-27 18:45:55,5.0
3509407,81e3163375c19956309b6934a82875d977bee6d18fccf6b3b970afb4baf55909,2025-09-27 18:46:42,2025-09-27 18:46:48,6.0
3509414,c667b58382a25189fffa4ac5d6a0de03ec4aea69f52fde01b2a565133324b779,2025-09-27 18:59:48,2025-09-27 18:59:50,2.0
3509415,f5b204d8aeefed2e0b3f3c1e1adabf6d1ef767e00742471e8afb0238e6905c89,2025-09-27 19:01:02,2025-09-27 19:01:06,4.0
3509427,267649c7453abb3261c2a97964b8479d1b7769ca6fd8814815d4a6ac5cc172bc,2025-09-27 19:32:10,2025-09-27 19:32:19,9.0
3509428,a2851fe44ccc935b296e8085310103869e2a8842634cebeb75df1adbc16eb552,2025-09-27 19:33:54,2025-09-27 19:33:57,3.0
3509431,e8a9e6a8a7f2765e520cf3377328073d2dd9de01a2613d1d153c42cc5ad127b5,2025-09-27 19:36:32,2025-09-27 19:36:36,4.0
3509434,68392c49fc41c03fcefab2feccf4cb4e725471f9cac4e58583a490fdb44b6bad,2025-09-27 19:43:24,2025-09-27 19:43:30,6.0
3509436,04299a6222ad0cc206d94f798545c2bf8a0c05aa46e2eacbcf4684db1c933cb8,2025-09-27 19:49:06,2025-09-27 19:49:14,8.0
3509440,7ced855e874c8a783ff446bcafb619e9a459fae9dbdbf0c9e2724177f4759d6e,2025-09-27 19:57:01,2025-09-27 19:57:09,8.0
3509441,38aa741b200ef94699b0889a48f502b4f27bc297e2d4e91cd7bffc6079ad31f0,2025-09-27 19:57:08,2025-09-27 19:57:11,3.0
3509442,1184ab98f4fc4ffffc9f90191d6a0cafa08945ad5f9c4346123ff4f3c00cd635,2025-09-27 20:00:54,2025-09-27 20:01:01,7.0
3509445,d4744c1bd849a05f9dc3e5925711721a25af279f64119839eb4850d417b43704,2025-09-27 20:04:01,2025-09-27 20:04:06,5.0
3509447,2549bab5b10c37330ede30ebe264eb55893fa1e239afe0ce398f418fde750bd7,2025-09-27 20:13:15,2025-09-27 20:13:21,6.0
3509451,61f10a21e4365d3c400df5eb070de81e6fb225c339752da7a14884d76f04f69f,2025-09-27 20:17:14,2025-09-27 20:17:22,8.0
3509452,0623bd98714ae1d9cc147719d6d242bad9cf5c6ada571317f411c172fad7a773,2025-09-27 20:18:42,2025-09-27 20:18:49,7.0
3509461,942c7db32bf0756383781a94b20e042ca5a2522bf04bcaf5f98429d60835d8bc,2025-09-27 20:31:36,2025-09-27 20:31:39,3.0
3509464,eed6c470a14f779836d31b8be18d6cae254ffab866d3e702e203de8480c317a3,2025-09-27 20:36:15,2025-09-27 20:36:16,1.0
3509478,1530e663e38df254c621909f242733921e56a4fdd42cd48f182291b60b8c831c,2025-09-27 20:50:40,2025-09-27 20:50:47,7.0
3509479,385ca592f4623b48a2f8be957cd08c2a9cb648ec23cc83848642af7ce6c8e545,2025-09-27 20:51:02,2025-09-27 20:51:04,2.0
3509480,404c6ddbd95a7b6479bb57b4557a1046cda34183350208341ad5590946802d2e,2025-09-27 20:55:27,2025-09-27 20:55:31,4.0
3509482,6f7583018a76977759d3f38fa828d14dd42523cf99b8f6fb8ccb03f8558c05bb,2025-09-27 20:56:40,2025-09-27 20:56:42,2.0
3509484,fc4248ea26ca1815888080a827fe163be7e6777f9783065b8bb040569a111e59,2025-09-27 20:58:06,2025-09-27 20:58:12,6.0
3509485,893cacfce217be1d02496a5590a5f9ed79e71c130db698c3b2f7e29352bc618b,2025-09-27 20:58:12,2025-09-27 20:58:18,6.0
3509487,a58bce24dd9aee3ba1ab0f418b66532ab8a14256d76c9d1679869905b8290e08,2025-09-27 20:58:52,2025-09-27 20:58:59,7.0
3509489,bb371df1b5021623c4197830a87ce2b3a6430bdf5f425f4499d9cf6b6f2cf1f5,2025-09-27 21:00:56,2025-09-27 21:00:59,3.0
3509492,4b9ee81aec3d7fc2844a024830c1d62ab66d46b5ddd3572b2059d75c1bb24585,2025-09-27 21:07:36,2025-09-27 21:07:45,9.0
3509496,f6799889d69daf85b382351b31b9370f5b514a84285d95c1172b4673fa9107b5,2025-09-27 21:14:48,2025-09-27 21:14:57,9.0
3509498,b7ecb9701cdf8aac675f9d717fdb50e6ae315aafe876f7a8b40fd1061efbe15e,2025-09-27 21:27:37,2025-09-27 21:27:44,7.0
3509524,542b94cb9e041ce68c2ca4d0840ec9fd8970d6b3b670ce38aa28ff316cb13ea9,2025-09-27 22:04:41,2025-09-27 22:04:47,6.0
3509525,d392b76c04484382ffc95d2a56be9221e3594bcc610ca64c9b3c97a7e724e61a,2025-09-27 22:06:47,2025-09-27 22:06:52,5.0
3509528,6e9e67487c27944e5ad823e44b6f7e1d9c8a42c069f001c629b582851487427c,2025-09-27 22:13:10,2025-09-27 22:13:15,5.0
3509532,e85a3f2f0858a12a76a207500ad0c3cb19c4cb62f18de2a188dbed5b9bf27d41,2025-09-27 22:16:18,2025-09-27 22:16:22,4.0
3509537,ea68116832eedf25566899be1fcdf457cb354537b6d4d86b26e17717eaa87a37,2025-09-27 22:21:04,2025-09-27 22:21:10,6.0
3509543,11525423aa48d2a7c2b00c84d13526d804db799645dbdcad7d9cceefcf77a80c,2025-09-27 22:30:20,2025-09-27 22:30:23,3.0
3509548,2f7e697b32e117b707ac25d25a603c704fb363d2c79a46d3a8775b18dad91146,2025-09-27 22:47:26,2025-09-27 22:47:34,8.0
3509551,c6b3cd5350ae2901bfd9d0587886acdb301df7aebaff4219e46b62334ac192a3,2025-09-27 22:50:26,2025-09-27 22:50:29,3.0
3509553,e8969af4c0e74ce50b4dda4798830666d17a6b5143c9897d2d624a9df208db10,2025-09-27 22:55:46,2025-09-27 22:55:57,11.0
3509554,897df510c3efc2f2cbcb20ae931edccf27275514eb4725da296d8d417f219186,2025-09-27 22:57:40,2025-09-27 22:57:45,5.0
3509557,cb6533209184ae76c07c38627dba95981cd44ad9239d5e2635160b5ddbd032cd,2025-09-27 23:01:35,2025-09-27 23:01:41,6.0
3509559,709321b53ed314983a24987bf1103874029b176202cfb6f766c7fd68c6ccba42,2025-09-27 23:05:47,2025-09-27 23:05:56,9.0
3509561,a42660e1355287ab1b269aa24ffcf316e1f6aedd323e630187d3de9230f1fa89,2025-09-27 23:10:00,2025-09-27 23:10:11,11.0
3509563,49411c9c81ad2edc08a650927d95bf3cd1a320e51579ca05f0edae3c2c5eca97,2025-09-27 23:11:46,2025-09-27 23:11:49,3.0
3509567,b22db07cdfe52bb2c4ecef3ea4c702ad16ed9347727ce489d48756ab7c4ca7d7,2025-09-27 23:17:11,2025-09-27 23:17:13,2.0
3509580,a9cff6470cf77b4e3b6dcd06e5fc0984d99fb5a08b3206a9a465e62c85a6a738,2025-09-27 23:36:49,2025-09-27 23:36:54,5.0
3509581,31ab50a5eb48b51c9ef231d1f73ed24fd17dd7ab0d90804736cf8ec5bb916005,2025-09-27 23:37:26,2025-09-27 23:37:30,4.0
3509582,048cdb30b781348f3bae46470cd7d7566d641be73b548f811b34bb798dc6896b,2025-09-27 23:37:54,2025-09-27 23:38:00,6.0
3509584,d111b85650b0a81ce0ed3fc853ed1d649d7118c46a4b2e2e3ec22f4ed9b0c697,2025-09-27 23:44:20,2025-09-27 23:44:26,6.0
3509587,1393b4ec6bf1084b12ead933350a477cc2933de786014f1448b77076265d3126,2025-09-27 23:47:16,2025-09-27 23:47:24,8.0
3509591,ca003d50a4701bfe7306b092c9c4b9eb0a555ee6022c3a74e2c05a1caa336912,2025-09-27 23:57:40,2025-09-27 23:57:44,4.0
3509592,44bc273de8dda879acbae0bd8895d5bde92b1363d8b79b0fbd3d07a80d3f7374,2025-09-28 00:00:15,2025-09-28 00:00:17,2.0
3509598,c2270416ff2894974113f6a9cceb9a8449196863988b4a052eef886c288d4cb3,2025-09-28 00:10:25,2025-09-28 00:10:33,8.0
3509608,1d303d87459fb576bff54e2cb02cc79a9ef9d30b097f941956b905f0cab40890,2025-09-28 00:26:09,2025-09-28 00:26:17,8.0
3509613,222e6b726fa8713c3ae07ef205410b0dc48ad451548fc6d16cc6d1607b48623d,2025-09-28 00:37:42,2025-09-28 00:37:48,6.0
3509617,738369ab24576bf00dd89cf29d13cc8bcc7a7e46f536bfcf633a7e5f42d1ad81,2025-09-28 00:48:05,2025-09-28 00:48:08,3.0
3509625,c6b6ef25f780ffaa613b093f6adc877b9b6e14234f763683a939ae6b683980bc,2025-09-28 01:22:22,2025-09-28 01:22:28,6.0
3509627,de7a3a1d73ea24acddd9159de4a373471f46c43f32552cee7f28dc2eff9ee6ef,2025-09-28 01:24:27,2025-09-28 01:24:32,5.0
3509635,d663b7557cf8c9584969d1d3e6b5eebc9954bc301cdfd8374e3c8984f41aa3b5,2025-09-28 01:43:16,2025-09-28 01:43:25,9.0
3509636,c4362e49479686038c3ef93904dbf683beb7bc055f37d407a93fd8cf7b560beb,2025-09-28 01:43:48,2025-09-28 01:43:55,7.0
3509641,228fbec623aa9bc3a4670840022b91d3a089885a4128134234d08ec6f20a75f5,2025-09-28 01:49:14,2025-09-28 01:49:17,3.0
3509642,e0c56f35f3b84caa80354dc76c9405fd17111d3c58e7812fffe19457b8290c8e,2025-09-28 01:51:16,2025-09-28 01:51:19,3.0
3509644,7cff1dde278e88089ad358afecb9679df7f81feff211232cf3af492437330d45,2025-09-28 01:53:26,2025-09-28 01:53:32,6.0
3509648,187196d7f0f22dcfd4f2edebd2d10dd2be16122a6e59e9cf0265a7a0466776d2,2025-09-28 02:01:45,2025-09-28 02:01:49,4.0
3509651,bf8d9af01c182894b8986a68f997635464b38f73089980d881ed07ae7146e0f9,2025-09-28 02:04:22,2025-09-28 02:04:24,2.0
3509655,37250be244bb333c0bc256bbd5bb1d50e0cc363fe330e53f1e1547fdb23bf813,2025-09-28 02:11:54,2025-09-28 02:12:00,6.0
3509658,ad6c89de76fd2a61235e4fe6d8ddb5cc3110b634ffaf3e0cf135092f4f1bd44a,2025-09-28 02:18:01,2025-09-28 02:18:10,9.0
3509662,1a93c1b19ba84242f01094198592b160f0d89a75ba3c0eddaf8f2510c9ddc2fa,2025-09-28 02:23:12,2025-09-28 02:23:16,4.0
3509663,94d870a1aa09a624803e3a4052fafd3d5d3629d8d67e753a5be8a4fb84a1b069,2025-09-28 02:23:56,2025-09-28 02:24:05,9.0
3509668,230f4e1426da14f03948427a83df7aab22663e29f1e6df3c3104901674bba9be,2025-09-28 02:28:16,2025-09-28 02:28:21,5.0
3509669,6fd8e71b5e6dfe4db4c7e09399651c24156e3b295be85b756111a9f0743effc6,2025-09-28 02:30:28,2025-09-28 02:30:34,6.0
3509672,c3fd4d427d740f32cfc7bb1697ed2cde57a3bf8b70f804378189fd127389750b,2025-09-28 02:33:03,2025-09-28 02:33:08,5.0
3509678,be9aafc1efa0fa8d185f1710a9708de6db482f4bc5bac98d7e4ddf18eb8c7dc9,2025-09-28 02:38:39,2025-09-28 02:38:43,4.0
3509681,bde16489d9129bccb802ea911f65d9f1764cf6829b06ab15849481496f356a45,2025-09-28 02:42:46,2025-09-28 02:42:54,8.0
3509682,2f8ad4d519dfa0927956eecd5e9fc6ccf230231f9b0e370a97415425fac09c62,2025-09-28 02:43:43,2025-09-28 02:43:51,8.0
3509683,cd1be7dca31ea6e023b477a3dd4b9474baaa7e896559861c8b2d79ef058657e2,2025-09-28 02:50:55,2025-09-28 02:51:01,6.0
3509685,3c2c593957b829cda88c26e6a18d6c7bc978530fc9690244f9c89029bcd56eab,2025-09-28 02:53:38,2025-09-28 02:53:39,1.0
3509698,9185eeb2c0829486a6db3529e2b187ed9f785915b77af3b98eb1f872485fbd24,2025-09-28 03:21:19,2025-09-28 03:21:27,8.0
3509703,80ef13170db508c69510e5840e6dfa6959f54ef461b9161b9984b11894290166,2025-09-28 03:30:37,2025-09-28 03:30:39,2.0
3509708,60a08279f074a7df974fe3b8ecaf4a8022a8c32cec59bfb4a3bc62c2936aacd7,2025-09-28 03:38:54,2025-09-28 03:38:58,4.0
3509710,0606815d96edec7d77640d590dccd9c33e85dee5ab76b17b5970afbef0ba7b2f,2025-09-28 03:40:33,2025-09-28 03:40:36,3.0
3509711,ab2e6b77365917574dd35e6a0ae58f364459ca27e04d7401675780b6116c5f0f,2025-09-28 03:44:35,2025-09-28 03:44:43,8.0
3509714,5c63c9c56cc25855aa6e257788b82f2964f76ff61a304262d16d75fd2b8f06c3,2025-09-28 03:52:06,2025-09-28 03:52:10,4.0
3509719,0a9bc7a72181eae5371a7ff7bdb224273c33948517146fa82460af8b0c91eacb,2025-09-28 03:55:47,2025-09-28 03:55:52,5.0
3509723,6f086522333418189720d8e85ddb5e197cb44fa239f71a5a79a867c2f75071fd,2025-09-28 03:58:14,2025-09-28 03:58:24,10.0
3509729,51d688264fcdf7d19ade2d5fd94902505137490cdf9ec1cab436673e03800f0c,2025-09-28 04:19:17,2025-09-28 04:19:21,4.0
3509730,b9b13430015f4aa5a539126aeb117f4bcf9645de8c452146f9b8a450993e25b7,2025-09-28 04:22:42,2025-09-28 04:22:47,5.0
3509734,aa91f2e07b411426ec39ea7e0f1245112784a76895e39a88592a0ddfb036c822,2025-09-28 04:31:50,2025-09-28 04:31:53,3.0
3509739,da4dacd29077b3fe51af7d1b1077c19ecfc170fca58499222962b1e97c094d9e,2025-09-28 04:36:18,2025-09-28 04:36:27,9.0
3509741,452215bacb446542647bae80e74c038560a04f4276072c8ed3ebd70978369844,2025-09-28 04:39:27,2025-09-28 04:39:32,5.0
3509742,4daeb44a132d7b0f4a8ce2a829c4acdf6df99ac9419336f20892809c193eed94,2025-09-28 04:39:56,2025-09-28 04:39:58,2.0
3509743,d4603e75b7d5afb684eab352bbe8805e5581c14505eba068da6089f0e9ba7d56,2025-09-28 04:40:37,2025-09-28 04:40:44,7.0
3509746,70faa364512900451db0c25c80e8eb9e39853e24e0e73049007a5b1ae39a8cea,2025-09-28 04:47:28,2025-09-28 04:47:35,7.0
3509764,029d05be7a718b0bef500748ab75fa61c44f56579763fe165533fce848f6ddca,2025-09-28 05:08:00,2025-09-28 05:08:06,6.0
3509770,34721f7b0413ae49a21f1cf3f528aa5c96d64ce68861b9fbab1f983ba71cde6d,2025-09-28 05:16:19,2025-09-28 05:16:27,8.0
3509771,d44cab90e00b81a63555ccb075f2fec1552f443a00c7693d3a88570785b338aa,2025-09-28 05:18:26,2025-09-28 05:18:28,2.0
3509776,db86c516472cd746c0dc9863f8d89504c748fd89ed372d20d8fac6d981a900e2,2025-09-28 05:32:54,2025-09-28 05:33:02,8.0
3509778,72fee270e072901458ba9e82098a2c28a6438f5ddd00022ac73b4e163f4674bd,2025-09-28 05:34:59,2025-09-28 05:35:02,3.0
3509780,fcc408b81c173a446fbfd41256d504dcf32c562d4b031204afa0d193ad6ce08d,2025-09-28 05:35:51,2025-09-28 05:35:54,3.0
3509783,1271af7deb0788f32938d55ac1165c32935f5f10483addc7d47fe2fd0b9407b0,2025-09-28 05:42:58,2025-09-28 05:43:01,3.0
3509785,37901d8cb0c5478c001d3a104e64c02da214c36ba9f4c21f2a12434e937436ee,2025-09-28 05:45:08,2025-09-28 05:45:11,3.0
3509786,7c83c41fc58711e01ef32d27762e0b3bd55684fc784a027eb6f4680401b413ad,2025-09-28 05:46:47,2025-09-28 05:46:51,4.0
3509792,914d4f86915b2546cd6fb38552b65daf4795fe2283d2cd8c937bbd007c48df28,2025-09-28 05:58:08,2025-09-28 05:58:17,9.0
3509793,013525f57352e0294de497b22468b2f6e6be48cd741afd79ed1d7011ecceb892,2025-09-28 05:58:16,2025-09-28 05:58:21,5.0
3509805,dab0c157667b46e8677505afc923257e34dad0859b3fec0574084a6fdfaca312,2025-09-28 06:27:50,2025-09-28 06:27:55,5.0
3509809,bf129d7047cbb1791ac805d6fda9c9677af25cc07bd55fb999df6581f7e249c1,2025-09-28 06:41:16,2025-09-28 06:41:19,3.0
3509812,e51bba0d5bb64e9e0f955a67712b12d2889c313252f20dd0b1ee485a6f1038e2,2025-09-28 06:51:25,2025-09-28 06:51:31,6.0
3509815,0c73adf2d19a0e7cd505b0569f034771ef6c78c51c3ff962f0c59b71a5e5d12d,2025-09-28 06:56:31,2025-09-28 06:56:38,7.0
3509820,3f099ab505c249b614d12b7a954580532cefa5364eec2400999cddcc05c37ad0,2025-09-28 07:05:42,2025-09-28 07:05:50,8.0
3509822,c6644e5fbf9e54d1d67692d4a511fd9d0d086e8e333d64282c6d94fb581c4b9f,2025-09-28 07:08:15,2025-09-28 07:08:24,9.0
3509824,02d08b2ddba6ddf0ee10c3152e1e444624fd006ab62a438e5dda50b347e7ae97,2025-09-28 07:13:31,2025-09-28 07:13:35,4.0
3509835,70e6e5c27bbed74f6b46cf07c0d4f3fac83b9c922a82fac72f99f7f6129ac97f,2025-09-28 07:30:51,2025-09-28 07:30:53,2.0
3509845,34451915141c5ee3e92ade3bfeafca9bd512469ce195f51b6d465f2de555c961,2025-09-28 07:46:13,2025-09-28 07:46:19,6.0
3509847,e693d3fce0086d7d29e904934609b3d27b0de252590d9235f425888bc53c708c,2025-09-28 07:56:03,2025-09-28 07:56:12,9.0
3509848,6a43600993fe0eb685c41a5afefe258c15ba6af4387e71441ac6799e2376b6e5,2025-09-28 08:05:23,2025-09-28 08:05:30,7.0
3509857,e7442992c973e6382e16d8662f5a8bfebbdf50b2d6d785709dc7d4967a3360c6,2025-09-28 08:25:32,2025-09-28 08:25:37,5.0
3509861,0a5f43cc7406267baa1d81fb1975d9613986aa25603c4cb40ee51371a5c17d55,2025-09-28 08:34:36,2025-09-28 08:34:42,6.0
3509864,3075d475c4de11d3c145df4a580fffcfabcc43ff4f1f4f7993475c7494c9ce88,2025-09-28 08:40:53,2025-09-28 08:41:03,10.0
3509866,e2e6021b14bfdf97a0aef0c7bc05e3919d686b654febb78fae64a5730205fbfc,2025-09-28 08:43:01,2025-09-28 08:43:06,5.0
3509868,dec80fe7b06a325fc2d940342d3ccb8fcbdeddd3949806a207210071a564aab6,2025-09-28 08:46:38,2025-09-28 08:46:43,5.0
3509882,4b86a012a06d78b91d6d94b78aa5b2a59f4a82349a32e80b2047944ab24d2906,2025-09-28 09:07:45,2025-09-28 09:07:50,5.0
3509884,e181873add154c7031117ffc2e3d6ab5d246aa0ef329ff3c63346bac0fd11693,2025-09-28 09:08:49,2025-09-28 09:08:54,5.0
3509890,b535b3182e2705eae666d8d2761d0ed3add56b59612b03c1df4f436919946209,2025-09-28 09:15:13,2025-09-28 09:15:15,2.0
3509894,646cc6089a2dbf9dd3686472e0976a2764cbd6ea646d1c77a07b7be5a48a0c92,2025-09-28 09:23:54,2025-09-28 09:23:55,1.0
3509897,b0f4af4f2e0e5df5043037bb826d8ddcde8af786da4454c9a21cb6e942cfae28,2025-09-28 09:26:15,2025-09-28 09:26:19,4.0
3509902,fb1c686402c574dd8c9718dfe360328c897cf6f995cada74721185e6e69be55a,2025-09-28 09:32:34,2025-09-28 09:32:37,3.0
3509914,6843d7203510d0cb7f872d9c3e6dec882b500876a318c24ddc8144308376c0f4,2025-09-28 09:53:13,2025-09-28 09:53:20,7.0
3509916,ebcd9c0711048efa36244a4f03524b2e66f98119d09300490e8a89bc3c79f988,2025-09-28 09:55:41,2025-09-28 09:55:44,3.0
3509922,b1497bac9fc3d9cd0b7b60dcc8f576612044b3b1de8fb61c78af48a03ebee13f,2025-09-28 10:07:48,2025-09-28 10:07:59,11.0
3509923,1e07dc18e12b5ba6e065877b509c4222a8843a0d66c953a513cd63c25c8e3314,2025-09-28 10:09:18,2025-09-28 10:09:24,6.0
3509929,b78eaa0ec00943a4b9c5f25ef7b046499c160cef9860b0e94870319272438fdb,2025-09-28 10:22:00,2025-09-28 10:22:09,9.0
3509935,72fc8572323c91cdcb51cf64b87e0af69274960778e597e191477e9718fc8b93,2025-09-28 10:23:38,2025-09-28 10:23:43,5.0
3509938,0b092c9062b269c6da45fb2bfc762a5048aad7eb8bd1606b6c5e974fb7b3c447,2025-09-28 10:26:54,2025-09-28 10:26:56,2.0
3509939,24831d9b079b76b20b338bc79bcb8848b8868fd74fb7a45aeab8da4c54009524,2025-09-28 10:32:49,2025-09-28 10:32:54,5.0
3509945,9b94db835fb13f8b322664c539e95566c2f931bfa1869efc9238aa55549f6bcd,2025-09-28 10:42:11,2025-09-28 10:42:20,9.0
3509948,a5566d5e62cadd8b0716872fd1626d43d1f6ea0c9e847e437239c966a69b8ed2,2025-09-28 10:47:02,2025-09-28 10:47:12,10.0
3509951,526c4a08aa2075b7cc7f96f603ae72ad5cde633371d46f5f05e46292fec04e58,2025-09-28 10:48:30,2025-09-28 10:48:37,7.0
3509962,33737b16d1ec329c670defe32f6bb25de86451f7fb0b50054445010b07d266f4,2025-09-28 11:13:55,2025-09-28 11:13:59,4.0
3509966,208258dfb34f6e793261e5ab0a4bbd3aca23bcb07444b642233194854b124b7f,2025-09-28 11:17:47,2025-09-28 11:17:50,3.0
3509967,8802091ecb31e159d63350d5bdf49e84c9695d0dfb52f27e2a20a480308aad56,2025-09-28 11:18:21,2025-09-28 11:18:27,6.0
3509974,6c36594f38b16c4f922e9a92b6d8b8ce4a1852f5446f605f0413875b8c90652f,2025-09-28 11:26:14,2025-09-28 11:26:22,8.0
3509979,17454282b59504c785cc216f94aacd2fde005270f93ddfa5832b3a8015edf4e2,2025-09-28 11:33:31,2025-09-28 11:33:40,9.0
3509981,d2194ad7028605faf77bb4b171546c2483564c574b866a1619d6c0c95e4c9a23,2025-09-28 11:40:55,2025-09-28 11:40:58,3.0
3509983,aacdff4aea5c9eae036d0663017a579e5eb254ae491fa9e44f7523b2ad3d082b,2025-09-28 11:44:00,2025-09-28 11:44:04,4.0
3509987,e1b677549daae13b93b07a0c5020761c25151d3c1859fe10e98a72c494263470,2025-09-28 11:46:40,2025-09-28 11:46:43,3.0
3509993,c1fa8a044473ebbfe9ff45dfcb7a5e2a371aa52c3828eefd4b2a8a2052f53813,2025-09-28 11:55:22,2025-09-28 11:55:29,7.0
3509994,5877906f872050e00def055a46ceb97dbad55e48d07b3393d3d2cbd53b5862af,2025-09-28 11:55:29,2025-09-28 11:55:33,4.0
3509995,367ade1f78361feb45f78b425b8221563b698d1e3139b6839629cd54aecf58bf,2025-09-28 11:57:50,2025-09-28 11:57:52,2.0
3510012,7f480388bc49c3989c29cb5d641bb8bc79d440d09e878a2246fd91eaa830af33,2025-09-28 12:24:20,2025-09-28 12:24:26,6.0
3510014,d116ba58e8bc3e37452d0748585fade415854d4fac7900d0964451962faacbad,2025-09-28 12:26:22,2025-09-28 12:26:26,4.0
3510016,35999b106a00aee53bc2ced8b34441e49bd121c98a54881d29bdd39d12130c35,2025-09-28 12:30:53,2025-09-28 12:31:00,7.0
3510026,0461b93cc76bc5f765b391d8512b9fba9b6b422059e55814ecf012fa68f5e962,2025-09-28 12:48:08,2025-09-28 12:48:12,4.0
3510030,da7df1878ce041cbd5b80d91108df4efbb34a9b06f89590bfcb69caa6efc1770,2025-09-28 12:53:53,2025-09-28 12:53:59,6.0
3510053,3a71b88cab948aeac075da4aa9e789562c80d6eea8103a22c65b1184b3f39b7b,2025-09-28 13:52:41,2025-09-28 13:52:42,1.0
3510060,075184414d2e409034b44bdc5be9dbbb265b4ddffe6983db6ba2295ab6cd7fb7,2025-09-28 14:06:41,2025-09-28 14:06:48,7.0
3510061,be15987209eab74fad63943ca733fc6cca58e9a28c39c3af650192dec3464e17,2025-09-28 14:07:27,2025-09-28 14:07:33,6.0
3510067,c741e7ab2b547fbe04324d5f55a093da3ed8e10fc02bd9e240e110940b2db4e0,2025-09-28 14:18:43,2025-09-28 14:18:53,10.0
3510069,d971e1dad77b843f87b574cab2d7ed04aeb6944c8b31fce62a779e32c8528f07,2025-09-28 14:21:20,2025-09-28 14:21:23,3.0
3510072,7d232c2f778d6972fa78d99796c50e8df0ceb483397152a1650cfa467f372e56,2025-09-28 14:40:10,2025-09-28 14:40:13,3.0
3510080,478ba315ed7281c736ba1ee42a9ce591d896af669aec66f0bc4387346f87576a,2025-09-28 15:06:35,2025-09-28 15:06:41,6.0
3510112,d530ddf1f22cd64ad98fada04acc8efe8fd35109ec61174d4fab312fabf41aae,2025-09-28 16:25:49,2025-09-28 16:25:54,5.0
3510116,3cfb53839f58f7339acf32e1bb19999479b54c86e8ca32fa99efe425a2da4d85,2025-09-28 16:30:24,2025-09-28 16:30:32,8.0
3510126,7396d6583024fd724f416164882d4fc55d03a06845c84b1e3213233b3dbf5f9d,2025-09-28 16:48:34,2025-09-28 16:48:43,9.0
3510128,6a71dcec9da5319f0c2f263d1e7683c8b262caa720a92d1258621ab36a335c88,2025-09-28 16:52:07,2025-09-28 16:52:15,8.0
3510131,e9e074772100b7eac25ee5c46954a46ad805fc4ee8eb233f2886e741fa060f2e,2025-09-28 16:54:53,2025-09-28 16:55:01,8.0
3510137,cc2210734fe098348c1228dbd9d6269556cbd84242e1ad15a047e8b2ced79a0d,2025-09-28 17:13:14,2025-09-28 17:13:19,5.0
3510138,61ff72ab429a706f561c312c8490eb64afdb2e77a8d2ba37c33551d73eeffde2,2025-09-28 17:17:59,2025-09-28 17:18:07,8.0
3510140,4a02e5138d183cae42edb7663f07962341e4393125f7f172afda0ff805319395,2025-09-28 17:20:10,2025-09-28 17:20:15,5.0
3510141,35d80e816b2cb26e49455a85c1e70aab403f30b0062fad5e39c763031ad64fb0,2025-09-28 17:22:23,2025-09-28 17:22:29,6.0
3510156,4dcfce44bf99a2de775c11c8492a1ac23067ae58ec894eb87ff72a05bdbf4f00,2025-09-28 17:53:19,2025-09-28 17:53:23,4.0
3510157,f65f4ddd3adcb99d3f4401b5cf5866cad739ab1749eebf277feadba96d02d616,2025-09-28 17:54:10,2025-09-28 17:54:18,8.0
3510163,6f99d349167200cc85eb0d0fe000c68157871d12c2374e339217c7b2ea2fb174,2025-09-28 18:11:29,2025-09-28 18:11:33,4.0
3510164,ce29823aab7cafc8016675540b034fce2d3155caaa823d9d45caadd74f44d118,2025-09-28 18:21:10,2025-09-28 18:21:15,5.0
3510167,a4b6ae3c72e728b00d447cb8a7c6c55f53399a07506589c00fd4163b1edbba26,2025-09-28 18:27:25,2025-09-28 18:27:27,2.0
3510168,f92fe393a583768ba3b472f7a440d62bfb0f59c154126a9b83f6cb99dabd1cb8,2025-09-28 18:27:51,2025-09-28 18:27:58,7.0
3510172,753967861a7de9fb57a7f56a1111348315f698d5349509d8bf128c7239e5934d,2025-09-28 18:41:51,2025-09-28 18:41:54,3.0
3510179,6a43093bb06a16b70220171702ee8a6c019847392dbe9e381b1c5b1bd6145d14,2025-09-28 18:50:43,2025-09-28 18:50:49,6.0
3510180,56bf3a5e484854ca90faca6a7e89ed83706eec363524f8b9248e7ddf49b0b677,2025-09-28 18:51:29,2025-09-28 18:51:36,7.0
3510196,0d03088c3db66ddbe7ace81312dff2b28fba3330b7639f1b7b91564759ce3104,2025-09-28 19:33:04,2025-09-28 19:33:11,7.0
3510198,ee849f67c6e6f605906e29690888a3d1fccb1a05965538fe8837516f4ad75493,2025-09-28 19:41:11,2025-09-28 19:41:20,9.0
3510233,d7e1e7b04426a1dd9a5f7dd9041c7be2b8946c47515f6006d0b2737118cd2d11,2025-09-28 20:58:36,2025-09-28 20:58:41,5.0
3510236,0e3191403b1d69e8636abb541ed12979fc567e0fcade13a9d96aa5d25d95696f,2025-09-28 21:01:24,2025-09-28 21:01:30,6.0
3510242,dace53dacd203a1140b1b07e32d6055fdb6d52768a480df48715187d1c691865,2025-09-28 21:18:45,2025-09-28 21:18:53,8.0
3510250,1d11b161535f9983e0b08685c6de57fe47d05ad14a05e2e91fbca450d3ec7544,2025-09-28 21:45:53,2025-09-28 21:46:02,9.0
3510251,cc12a2a666448a462ba0bd5290349692f231597e9310a529a7b97d2f65f07bf7,2025-09-28 21:46:01,2025-09-28 21:46:07,6.0
3510254,ea3c2a090a30462bd77af9be1ec01513776a4adc5874d69879c716ac20b7b145,2025-09-28 21:46:46,2025-09-28 21:46:51,5.0
3510262,e49e6f8a6495ae50213384cbe1e35323fe2aff795a4e089beb917de389fa5d69,2025-09-28 22:10:54,2025-09-28 22:11:00,6.0
3510269,54ccd7a158edf9b13820c94640fb4dacfc9089a638d5dd1f01cb5610eb04ff3c,2025-09-28 22:36:49,2025-09-28 22:36:57,8.0
3510281,1e75e6192d1b8d9876f3fa9140d38ebdf0d9b37e0b48f5f2f75256fb8a28eca8,2025-09-28 23:08:10,2025-09-28 23:08:15,5.0
3510287,f77968a92f10433d703df7c491e1dfd9da5c9f287ad709caad3d73e0e238c3fe,2025-09-28 23:33:04,2025-09-28 23:33:08,4.0
3510291,771ba4c9d80e67fa008e60702b774f9d795c97d8b25bff261a6712a1b487ede3,2025-09-28 23:37:01,2025-09-28 23:37:04,3.0
3510295,21a78f90ab432c586aa03039141212d54e28bfc55a1305d25b73f3f5f3a6a650,2025-09-28 23:45:22,2025-09-28 23:45:29,7.0
3510306,b6e5b84694d15b10cc4480fd25b642038f15aedced15275d3dfd26f4f5c7a384,2025-09-29 00:11:27,2025-09-29 00:11:34,7.0
3510313,dcb8698fa49f55fa580543cf0a92d958d30cb78f0f7108a610f584d47f83b544,2025-09-29 00:35:33,2025-09-29 00:35:43,10.0
3510323,ec7210a81a474bd21f6667888f6c74c1a29d64d93dcc8e40c1478fe8d7b5a6be,2025-09-29 01:01:20,2025-09-29 01:01:28,8.0
3510333,e9de87ffbfd807e88c770e05ac14a11fa36bf63b28cfa3ee37817de960f017a2,2025-09-29 01:28:03,2025-09-29 01:28:09,6.0
3510336,40c9e9a8a4946db1469dc7f7900c872e4b9bcf051ce326d5c5f98af937790670,2025-09-29 01:34:43,2025-09-29 01:34:48,5.0
3510354,f2081546481f61de766a76487f04e579c7f12e577509fb63fc9f85dea2c4d3de,2025-09-29 02:21:54,2025-09-29 02:21:57,3.0
3510360,fcb7b0d1bf4db50026000f085c63e26acbb490a55f271e5dbca717afb5abc686,2025-09-29 02:44:44,2025-09-29 02:44:54,10.0
3510374,17efbe44d2dc27dcc013c7b18ffba04a8407f2726905a9428ecd5191a02a0573,2025-09-29 03:09:23,2025-09-29 03:09:27,4.0
3510376,0b26b63284de87bf5468c0dfcd740f73d3e2759590da3feda887619af53af2fe,2025-09-29 03:11:18,2025-09-29 03:11:24,6.0
3510386,6b029daba740589daa87c80e2bb844b8c7b9ba9e8b86a856e567f0764670fb38,2025-09-29 03:40:18,2025-09-29 03:40:32,14.0
3510389,37228f15835f42837ef7d98d5c9d78cf7be75e8350276c7c45233c8e04889b93,2025-09-29 03:55:37,2025-09-29 03:55:42,5.0
3510394,44446a9f560002db0cadc2b04e3e00472b41ab6ae463880e6600e7e5d24da3c0,2025-09-29 03:59:08,2025-09-29 03:59:15,7.0
3510397,8d8a0ac0e2b93e0f0352723ac75123d6f53357fe0e1b203d91f943a6e7c6811d,2025-09-29 04:01:56,2025-09-29 04:02:01,5.0
3510399,b0b8cc8db72be2add1e4e89bb8dcdb9c1cc0ae3843bac2f6c3563285a658f1f6,2025-09-29 04:06:12,2025-09-29 04:06:16,4.0
3510408,f533fefa0f4035712bc280bb73ea9a23321279824518bf9a7a89f6dabbc17452,2025-09-29 04:22:21,2025-09-29 04:22:23,2.0
3510409,bfe6ddc08e33020cb77cd296783a6cc0e4198ba7bca06792fda2588b3fa66560,2025-09-29 04:22:47,2025-09-29 04:22:56,9.0
3510411,af0b594e156b8bae49972fb7c2b58d512950904cbaaddea03c5ae77e079cde69,2025-09-29 04:30:40,2025-09-29 04:30:47,7.0
3510414,7ad14ba622621550ab24e0dfb94cb2fa1ec5fcd18613c1896b72ee39aca9cd49,2025-09-29 04:32:32,2025-09-29 04:32:34,2.0
3510422,ae61747649579f1324dd36d30fe448e0cff1db859d7fc349bb80dbb17d2e70a7,2025-09-29 04:40:34,2025-09-29 04:40:41,7.0
3510423,cfdd03b9b44888aadaaa3fabd75a28900bee68412b117d966a263a598fa33f80,2025-09-29 04:41:29,2025-09-29 04:41:33,4.0
3510426,438a4acdfee8815c6f882316c6f53d79a1a8feaa03e87d51246bb2831b45029f,2025-09-29 04:47:48,2025-09-29 04:47:53,5.0
3510435,68fd9744c16571675c0bffe204caaa9f201b4357add3539316c6dde5e510a7b4,2025-09-29 05:14:17,2025-09-29 05:14:23,6.0
3510448,688fddbbafdd13cf736028f9bbbe2b12b276b39e6a65916aa5297a4eb914dd34,2025-09-29 05:44:16,2025-09-29 05:44:23,7.0
3510450,3e79130c85a55db1ed96b7bba1760f6f41b73d8304c060accf775e6a19479732,2025-09-29 05:47:43,2025-09-29 05:47:46,3.0
3510456,cf0f483b066291f77378990d571d24697d71a6603b7620aa1cc223d95a44c74b,2025-09-29 06:03:24,2025-09-29 06:03:31,7.0
3510469,ab7d052fd8311c21ae6e2fb3918d6708b47fc097334f9251df56edba86aa16a4,2025-09-29 06:41:07,2025-09-29 06:41:11,4.0
3510471,1fd77ebd5828e3acbc10ef03ab877ac28fa1133ee9329fc71632d7101e2529a5,2025-09-29 06:41:58,2025-09-29 06:42:06,8.0
3510482,92157897a481a3f7184fa6c084035f17942d1abc99bf3d4450c3e41356aa4e4e,2025-09-29 07:05:15,2025-09-29 07:05:23,8.0
3510494,c592e98689e7d9e62b395bf9860770ba6daf1c5eef66d4378306ba5815c8e971,2025-09-29 07:29:11,2025-09-29 07:29:20,9.0
3510495,f225a232dee4d55d23c2fd9fdf35877c3db942b564a59935ace7470c12194c85,2025-09-29 07:30:24,2025-09-29 07:30:27,3.0
3510498,8bf40785759c4bff36bdb966a58fe510bf6f7bdb1d4e9ed7f0257910b14d5003,2025-09-29 07:33:09,2025-09-29 07:33:14,5.0
3510499,c91dc5e37aca0118045914d98f823065d05ed893cdf83999d26377e87649c13a,2025-09-29 07:34:09,2025-09-29 07:34:16,7.0
3510500,96521aba7f8f3aa72ea5acb877fe7b6e79e81a36b3b6b299f3daf2d7009a9358,2025-09-29 07:34:16,2025-09-29 07:34:18,2.0
3510501,0384177c6958f29fea6e0a28439bda604ccb8bd397df7c4f9dc848919aff01a4,2025-09-29 07:37:13,2025-09-29 07:37:19,6.0
3510503,a3e679df696988049876704e0ff9dbaf01f0f4aed6d71fe9e7815d6363a1484d,2025-09-29 07:38:08,2025-09-29 07:38:16,8.0
3510515,f3f533158c5242d332240565f9c2a0f0d76804980577347d6e8fd12e87c21f09,2025-09-29 07:57:06,2025-09-29 07:57:09,3.0
3510520,25bebaa52332bffba2a97a94a6bcb6709bc72f8080f5463276b049459e47254d,2025-09-29 08:02:21,2025-09-29 08:02:24,3.0
3510523,f232f9f9365b4c6520c21ffd970c04a8a7597802216cdd4a2585e1207104b381,2025-09-29 08:06:12,2025-09-29 08:06:14,2.0
3510531,135c198add145d5a270adc658bd86c1f45d353205a3480cfed7662adc51985c9,2025-09-29 08:25:00,2025-09-29 08:25:07,7.0
3510532,8276c105855f39980826a3b28b7ec68731c97a2a1f6c23d537ed5572229d4a5c,2025-09-29 08:25:46,2025-09-29 08:25:52,6.0
3510539,171bede7aa3e441f8a5ca8ea2c3d47261db2465558926a196127b7e6748df05c,2025-09-29 08:37:18,2025-09-29 08:37:20,2.0
3510562,03243ecf401ce2fdda536094d511990531ba83b5e724ef75eb781c68d0387e69,2025-09-29 09:21:41,2025-09-29 09:21:51,10.0
3510563,04c71e631ca6dd96d240cd31208ee588ab1a58833b1a97a235a0bb22ba0dfc5c,2025-09-29 09:25:02,2025-09-29 09:25:11,9.0
3510604,91a14f8e73e12655b6103c4bdc606e58cb3aef4cad016507b439e52140a45416,2025-09-29 10:51:21,2025-09-29 10:51:23,2.0
3510606,f7bfd59db4b6c0c49737f93e9cb9d88432b8728510136195c1b519f8fb581351,2025-09-29 10:52:34,2025-09-29 10:52:41,7.0
3510620,ff4534f28ee85fd43d7c409ea00dc395d18702f4c49c8488a81afb9fa8c1dacb,2025-09-29 11:13:39,2025-09-29 11:13:42,3.0
3510622,a0abf126317d04d1d4a1a36be2389f952d31267df8ce2bbee18353059792b097,2025-09-29 11:18:04,2025-09-29 11:18:09,5.0
3510623,0ffacb1e4661ac0011ad9f2e1378651495438078a60db6562f97e7961f8cd2d9,2025-09-29 11:18:49,2025-09-29 11:18:53,4.0
3510631,c50fdb473171f5296bc8b2e9b30d5f6bb67007792af9b9125e02369b8cb6d352,2025-09-29 11:25:12,2025-09-29 11:25:19,7.0
3510648,2bbdbc06e678b4fb2aaf3413b17d08fc22c45e82b24a036538de9c29c1871fab,2025-09-29 12:04:37,2025-09-29 12:04:46,9.0
3510649,a2b57c86a49b74c0d13fefe22fdd6000c94e7d25f78e4820c2954ca38d3a82e4,2025-09-29 12:05:09,2025-09-29 12:05:16,7.0
3510650,9a0627cf767e026d3a60ee181c72c345efc8d4be3a3cd32638c9eeb7a712fcff,2025-09-29 12:11:31,2025-09-29 12:11:34,3.0
3510652,5bb5ec9163694038dd02bb82d5562f094c8dfaf84c2b9b1282a5c032197456fe,2025-09-29 12:13:37,2025-09-29 12:13:41,4.0
3510662,6b94180e8a87b81d5d901f15e195c3dccc7b57ef5aa7e8460ae1e72550ef13a4,2025-09-29 12:31:35,2025-09-29 12:31:45,10.0
3510666,955050cd5520e1ee9fe0328e94038fd166f24fc09815b99d6e6c2a36a9690632,2025-09-29 12:41:31,2025-09-29 12:41:34,3.0
3510678,f48294fb73b4688978b1b4ee4a5fcce82da3cb8791b2694096ea9af9456c1411,2025-09-29 13:01:17,2025-09-29 13:01:23,6.0
3510681,9cdf07363cd5dd61fe5b80df69cf68a997f340219eb01b8a6c0211db5732e1c4,2025-09-29 13:03:47,2025-09-29 13:03:53,6.0
3510686,696a800893b2b80d50f45c1867149d7c8d5741b0ec0ea37fb67306d56aa12c5a,2025-09-29 13:09:21,2025-09-29 13:09:29,8.0
3510687,6c89d4f60ac371eeeb09bf7c9631b132160688217284eb6341c549c2e530cb85,2025-09-29 13:11:37,2025-09-29 13:11:40,3.0
3510694,f2c3171320f7c047308f20ecb2ea12f9b34459a543a1fc469741b118acbdb6fd,2025-09-29 13:23:07,2025-09-29 13:23:09,2.0
3510702,19c4f737a4522d9f536e5cdfda84aa89cd680ddbea532ad83883db25608393ce,2025-09-29 13:42:09,2025-09-29 13:42:15,6.0
3510703,d9255583e8f17b6b8af567d3b11cbc4644ca565714f8514f4675c0bcb532f4aa,2025-09-29 13:42:56,2025-09-29 13:43:04,8.0
3510710,9302e6d67c076aaa2c30254522702a63f67a2cf30747f8aa520664d99cfa8483,2025-09-29 13:55:27,2025-09-29 13:55:33,6.0
3510729,1524b73bbbc3938c0206e11491addfd207e400d054fa09214fa4570c5693bdb3,2025-09-29 14:20:19,2025-09-29 14:20:24,5.0
3510730,bac9b3273e2f0d807ec2c31c2507207e2cf2da145e40c2f9ee42698a3ce5362c,2025-09-29 14:20:47,2025-09-29 14:20:52,5.0
3510736,718261484d281ce9db32d0a5ce524bd96ae653e547d3db15dafbc3bb86a3907f,2025-09-29 14:30:25,2025-09-29 14:30:27,2.0
3510740,0586ba3814d725f8bb22fe0cdad7700fdba610f93d0e1aef51c0386ee65cc108,2025-09-29 14:35:50,2025-09-29 14:35:54,4.0
3510743,b1948251720193f36cbf1ca5860bf9a62ecc33465b92d6f87913a7026a3a92cb,2025-09-29 14:41:28,2025-09-29 14:41:30,2.0
3510745,42f867be67784b38b7ec85e95cbcaac2d9e7d29b461fd989caec53f0d9efe70f,2025-09-29 14:45:17,2025-09-29 14:45:26,9.0
3510750,b29f6d821fdf9b5b0888623af1239dcc573182eaa09eb1f6dd975ba53a96e898,2025-09-29 14:53:19,2025-09-29 14:53:25,6.0
3510752,2c2913db6250f26af20a69751471e09dc28437ff97bb10cf3efa916bbdc6a038,2025-09-29 15:00:22,2025-09-29 15:00:29,7.0
3510764,73b1475a5dd007246e39bf6e2ee6d623ac1ef6461220d3274672081b68da314d,2025-09-29 15:21:38,2025-09-29 15:21:42,4.0
3510767,d3c38493ce980c4bbc3e3c723ed830305689ddd03173064ca8b059d545e8d366,2025-09-29 15:25:58,2025-09-29 15:26:06,8.0
3510769,79b7ca79061a857628671b9b42a995441405fcb3f0ac9806074966de75e0dabb,2025-09-29 15:28:47,2025-09-29 15:28:51,4.0
3510770,b21d7adb5bfb45ead4ae79de1b2f6062026036fd5f8ceb510665ca9ead71f27d,2025-09-29 15:30:20,2025-09-29 15:30:26,6.0
3510772,37b3f89dadad84d665e5045c87b2713ef09357bf6cd883f7de5951b1389c64d0,2025-09-29 15:32:02,2025-09-29 15:32:08,6.0
3510779,c9eea689c5003e0a9bc0b5cfe08f2063a915b21f8575569f3a2edc7e904d49e0,2025-09-29 15:40:16,2025-09-29 15:40:21,5.0
3510780,d271f206007c5624c9d83b6cf9d76a3d870971c8f0a68ee17279758026ed7e68,2025-09-29 15:40:28,2025-09-29 15:40:34,6.0
3510784,b27180e3d6f073042cb2572302cad5cdb53cea0c7740815817ce324fb7874de7,2025-09-29 15:47:13,2025-09-29 15:47:22,9.0
3510786,da5083b7989b19093adabc6d8e1fcdcf7161be188aff21aa7032be7706f6dce7,2025-09-29 15:49:54,2025-09-29 15:49:58,4.0
3510787,dc4b24b7f5e64865b3b4742043a68cf7910d4db6ae922140ed3dfaee069268e2,2025-09-29 15:50:54,2025-09-29 15:51:02,8.0
3510789,242d261c7ea08422f2823e59db31e742a9769165f95662fc491075b9bd04b1e1,2025-09-29 15:51:46,2025-09-29 15:51:48,2.0
3510790,02bd1ca863377d3a4b514f753209b2875a65571afc07e65a96acc7e88a104a81,2025-09-29 15:58:12,2025-09-29 15:58:15,3.0
3510791,2e95856fc455fab535e4ebd97bca33bceebb1f3b5dfcbb89b4ebd6af3ec676c6,2025-09-29 15:59:11,2025-09-29 15:59:18,7.0
3510793,bcc2e49b2564bb5d4c389bdf580d13b3013d3038ba772227d67d20ad7f36e781,2025-09-29 16:08:59,2025-09-29 16:09:04,5.0
3510809,7eb56d9193b6e4bea0e6889d331988910c8175a2219e6599bdd434a6226f7e20,2025-09-29 16:27:38,2025-09-29 16:27:46,8.0
3510815,f348b6121b5f30d20bb7f2e0e2576cecfa11c87af8d353df59e4edfd1225683a,2025-09-29 16:36:56,2025-09-29 16:36:59,3.0
3510816,d1df84507b4129dd665d09d71fc680c1bc495c833284d7ac77b5f36e0b4cbe72,2025-09-29 16:39:07,2025-09-29 16:39:12,5.0
3510817,db0a57e9ffd89b8c0ee3c0df3f46582dc26fa1deeb463ffcfca7c7d8c71e0693,2025-09-29 16:43:05,2025-09-29 16:43:08,3.0
3510821,3d2f642e0054cb26b9c27876746d71bbbfc8230afc4b947e9a467e8ea27c5db8,2025-09-29 16:50:11,2025-09-29 16:50:16,5.0
3510824,9709e440574ebb82c8aceaa870312de67ed8ef2ce8d6fd3776b3ce425447a906,2025-09-29 16:55:31,2025-09-29 16:55:39,8.0
3510825,bf9dd2ea027788427c2a1115036bb9660796eea8b408623981f0ccf705831732,2025-09-29 17:02:12,2025-09-29 17:02:18,6.0
3510826,fc06cf76f6713b2ef14642d22db44fe1c8d4987172891a412a402cbdf500c837,2025-09-29 17:05:46,2025-09-29 17:05:54,8.0
3510827,d93fb7072f9608def73a5b94b992f2ac1d32bcef346f252bd29f3cda5b4fa0dd,2025-09-29 17:07:13,2025-09-29 17:07:22,9.0
3510829,da3e53ac1ac6089dc4cced12ee9d829914e5a93f5f2d442fcaff09b1003dcff8,2025-09-29 17:11:11,2025-09-29 17:11:18,7.0
3510836,32af4575fd7ccc2ead6b2640689aac02d43d8810ad35c0b279460baba5ca30da,2025-09-29 17:23:08,2025-09-29 17:23:14,6.0
3510839,7883f1ade5ccc0f1f40bf78d2ebd52490f79c02d9772e412673f9a0b7a92b81a,2025-09-29 17:27:23,2025-09-29 17:27:32,9.0
3510842,05b00731ca7a1309321e002c93823b21209bb9458190dacc4d59c586e30f93ad,2025-09-29 17:30:32,2025-09-29 17:30:35,3.0
3510846,40edd48d907a8eacd379483b469b4aef373becea1654608a40af460f6452eb78,2025-09-29 17:46:07,2025-09-29 17:46:10,3.0
3510849,f016b72a60b82f865b641fe825db27e812f59e240c46b0d0ecbf9f3b9b1d9313,2025-09-29 17:53:00,2025-09-29 17:53:07,7.0
3510856,9a25ec74eed7d6f9c13461e176a6e970bd8fcdb57752b76f4611d519464ef634,2025-09-29 17:58:24,2025-09-29 17:58:27,3.0
3510860,8339abcbcb6dbf48617c935a64e5cfa63e9e54c9044d024e32233b1b93ad93b1,2025-09-29 18:03:13,2025-09-29 18:03:17,4.0
3510863,60fc5ff7fd94062ab9536adbc15b22f5cd1212c1e6cabeaae2c8ae58a7363fcf,2025-09-29 18:10:08,2025-09-29 18:10:15,7.0
3510869,4aa5de7a74c67c04b5944e5630ffe57d5e4a5b6bd9b503afbdaa0158cca5e9f9,2025-09-29 18:16:31,2025-09-29 18:16:41,10.0
3510871,e899581e559eee7ac300bc6926223824a9010ffd9ed7903e8c9bf0342eb4eb90,2025-09-29 18:22:47,2025-09-29 18:22:54,7.0
3510876,ae8b4dc35dd3306a0c25e5aed09cc80bf0ef6d84813e5552db16fd5ea0dbcbf1,2025-09-29 18:27:22,2025-09-29 18:27:30,8.0
3510879,d9e480342f996592216e2b2f554463dde48b7d6593b904a99adeb6930d706acd,2025-09-29 18:35:50,2025-09-29 18:35:54,4.0
3510881,a22997b41d156241bcd90a09526cfc03bbcd80a9669c773900b59bf97126120c,2025-09-29 18:37:12,2025-09-29 18:37:15,3.0
3510886,f508f8af74dcaff1ffae1ee1475cdbbd08854f088f77b6e37662b329334d2bf1,2025-09-29 18:47:55,2025-09-29 18:48:01,6.0
3510890,6c407d9ba7c978848b64708c007d1b7f96dce8f426f41c58030f491efa7921d2,2025-09-29 18:57:55,2025-09-29 18:58:03,8.0
3510892,1c810214adfc794c45ae6198b789f3e2264155f89f7be384bb4de1da02143665,2025-09-29 19:05:53,2025-09-29 19:06:01,8.0
3510899,000ec17684e867ff155c26765074918fb9b1628c3b22aebd69c85e85c1ae1955,2025-09-29 19:17:11,2025-09-29 19:17:15,4.0
3510917,2f10de1d1c20074ed890560b94451c0abe40abfcebcb0ad12650383b8398a41d,2025-09-29 19:52:17,2025-09-29 19:52:24,7.0
3510918,7d48d214100a2947cd4411fa41cf038b000ec88a22a6bf7477c61624403219f0,2025-09-29 19:52:24,2025-09-29 19:52:26,2.0
3510920,cdb11f78f35b428771c6a3346115a04f324e58feb2e62b58189903df0367de27,2025-09-29 19:55:41,2025-09-29 19:55:43,2.0
3510927,a7cbdd29809285bdd11b87abb7cd270e28ad5d9bcc8ab03f5aa52ff6c0b39d74,2025-09-29 20:08:30,2025-09-29 20:08:36,6.0
3510928,224636786c2870b7c5ccae0d56331bc0ea76c8c450c2d9311f04a3a5a4769ab3,2025-09-29 20:09:40,2025-09-29 20:09:46,6.0
3510943,b3bc56c94350dc079f5e9f9af457b2468e686a72a2052fbf9a32f8bdfb164db7,2025-09-29 20:48:44,2025-09-29 20:48:48,4.0
3510944,fa539842ab58605c7162b300c095934b27289d31297834f4120d44c41685cb01,2025-09-29 20:50:23,2025-09-29 20:50:26,3.0
3510950,bc4cb264253d0c4c9f03441fd6f41ffbeb486948440b695c221f5b503c3e06b5,2025-09-29 20:58:59,2025-09-29 20:59:03,4.0
3510964,0e50ea769c85467358315fe1bcfefcf16444c404ca02b177f676453b41510f6a,2025-09-29 21:26:16,2025-09-29 21:26:22,6.0
3510967,1d72768be00041067a2938478c67983d975ef5e92a33c5f192c97f47d17cdc73,2025-09-29 21:32:23,2025-09-29 21:32:25,2.0
3510972,01b91eaccb5bc3e21037f76be5b94a628b09a501914a3c13bade7f156e0dbb77,2025-09-29 21:44:41,2025-09-29 21:44:47,6.0
3510974,c757d6bc9137ba51f087877822db53d0ffba297f61362c0a22644b31de4ecd42,2025-09-29 21:52:37,2025-09-29 21:52:41,4.0
3510976,ae3844fe3a2fba42effd729daf2a4026fc8bb00db39044f89091dd3735b745c6,2025-09-29 21:55:39,2025-09-29 21:55:42,3.0
3510977,bd0776e5a4c724b784a555a09399de2be6134393cf142a55a4e29b20338de564,2025-09-29 22:00:13,2025-09-29 22:00:21,8.0
3510978,2632836c8155d4a183b41d29c36ac005dc70ebbb691185b26984be5ee2b02656,2025-09-29 22:00:44,2025-09-29 22:00:50,6.0
3510994,06284b382857de591702dead9948a7abee96a4f2f80abf5537e155de93b03c27,2025-09-29 22:43:39,2025-09-29 22:43:41,2.0
3510996,93e70bd566df33513f099e27cfd1ef865b69641b4438d4181da49f184870d9bf,2025-09-29 22:45:25,2025-09-29 22:45:28,3.0
3511004,3f0064cf0bb37f11cb9e52913127bf6887f8c6bd20265dc28004d77633cc6443,2025-09-29 23:00:31,2025-09-29 23:00:41,10.0
3511009,d10353121bf87fe2a920483f4f9626ed82754305c997e1abb26d2a1048dabcd9,2025-09-29 23:24:05,2025-09-29 23:24:09,4.0
3511012,5ecd74ba40acf7978873e66ec10b54e171e5271101296cdefbdadffa97013e25,2025-09-29 23:34:49,2025-09-29 23:34:58,9.0
3511019,f65af29def87063955387bbbd16e8ba57c5000ca082f9296542b887f25dd1123,2025-09-29 23:58:57,2025-09-29 23:59:02,5.0
3511024,385eda1cb5bf0ccf2b29027b1435a74a264c261133126511e7ae5b941e38e1a1,2025-09-30 00:09:53,2025-09-30 00:09:56,3.0
3511025,a626d48c1f3e3693530fcd3cfaab37f2fe2a11c1a7087ce1860101222d00d951,2025-09-30 00:16:59,2025-09-30 00:17:04,5.0
3511027,6a054802960fe92199d43779894359daf78edc1470ef7c17b40d11a82130769e,2025-09-30 00:23:45,2025-09-30 00:23:53,8.0
3511029,e455e22c19b54eaa6dba6f8ba38af2328a78ffab07dd206766f28fd34bc97b79,2025-09-30 00:25:41,2025-09-30 00:25:51,10.0
3511032,82f95014a9a170ecbef7cbaf005f4538e95ecdfc8ab9d7cd9fd8bd14fd2460e9,2025-09-30 00:31:26,2025-09-30 00:31:33,7.0
3511038,76e097dea0365836619a3ca10bbefed700c504fa91b7b12fc51909ad39386ea9,2025-09-30 00:46:39,2025-09-30 00:46:45,6.0
3511052,2a5ade75c784143d5a49174827fcfb2c5577b5b78964aa8727a7e3ef9fc6f333,2025-09-30 01:14:50,2025-09-30 01:14:53,3.0
3511058,bbb2efb242f7a90ece70e18860baba6915963c82aae5237948d5e33dbcf6a8d0,2025-09-30 01:37:14,2025-09-30 01:37:16,2.0
3511062,52de01bb3ca07d048e2c2cf4c57b1bd9d36e90f1231fde31a580e53961c55b4d,2025-09-30 01:42:25,2025-09-30 01:42:36,11.0
3511065,277f5e6480d62aff1d554cb536da7519c659178f20486bb4452212dd6855518a,2025-09-30 01:45:03,2025-09-30 01:45:05,2.0
3511069,6314c7352c340dbdfee134fc502d6e026f2131b22e288a8964c3e539febbc1b2,2025-09-30 01:53:50,2025-09-30 01:53:54,4.0
3511073,71453cabcc4f688e28546e11bca60a30db258c1f27adc8970df39e61190a9736,2025-09-30 02:00:05,2025-09-30 02:00:16,11.0
3511078,17901683c77c2e414f5c4acc452eada7f6e18e1c140bc93e6a5e07a8d5aecf3e,2025-09-30 02:13:58,2025-09-30 02:14:04,6.0
3511079,1eb2b3b327af791ba98d2b6edff286f8f3bb632820f04f03007def228037833d,2025-09-30 02:18:45,2025-09-30 02:18:50,5.0
3511081,5981d0986f96a00a9663066dae88dd4344548ea7e77df8dc249cd38dc28c51c2,2025-09-30 02:25:12,2025-09-30 02:25:14,2.0
3511084,50df4577c7999a84e0d57c714863c8f2d8e308b245db72815792697f372e6fa9,2025-09-30 02:28:03,2025-09-30 02:28:10,7.0
3511090,9774ec97930bc0ff37f42124babc3e4174ab001fb856f22ed5d4d880279c4bb0,2025-09-30 02:33:02,2025-09-30 02:33:08,6.0
3511092,221175bcda083d7aaccb4fd5204affff49f8e5c36aeff15111e809fc4fb92b05,2025-09-30 02:34:43,2025-09-30 02:34:49,6.0
3511100,09fc671dc3007298279e2f8146b854761444bdbf7d121782b91397f444102185,2025-09-30 02:55:22,2025-09-30 02:55:31,9.0
3511112,1452e01b223de1997ff95850985931a4911e1dc308f554c782ac4d32c4de3da9,2025-09-30 03:16:18,2025-09-30 03:16:21,3.0
3511119,8e15b590d487a0949af2c757aa263e08052c36c1d58f67c88e7483db970f357d,2025-09-30 03:33:25,2025-09-30 03:33:28,3.0
3511120,f675c39250c19e069fe1e669311bce3da1b2830c8d83c3eec33e89d0a94800c2,2025-09-30 03:34:24,2025-09-30 03:34:27,3.0
3511123,e7ae998fa44a44e60ea2e42ab8fe957c5101b67b0730a7422a93d0d72a826612,2025-09-30 03:43:52,2025-09-30 03:44:00,8.0
3511124,6e22bb68a213e0e9203c1ce3dc62c7f1bf15e338eef457df8d704dd83938b8e2,2025-09-30 03:45:12,2025-09-30 03:45:18,6.0
3511128,34f4b68823a4bf0c679d2f3d9777d28ace498b6926b1ea93f716ebdca403f1bf,2025-09-30 03:52:54,2025-09-30 03:52:59,5.0
3511141,7c55cfefe8b807af056d13eebe08dad08b819c5cebd9fbf590d3f76b4fed6edd,2025-09-30 04:11:31,2025-09-30 04:11:35,4.0
3511143,7dd5c6b7d2ca33152b27763de1aeec621b3b8d0f29100568742cd243dd1e821f,2025-09-30 04:16:04,2025-09-30 04:16:11,7.0
3511147,8e624af7b128422d0f1ba7c8e6a2b9f4c5701da62815c41d250be4b38939e722,2025-09-30 04:24:36,2025-09-30 04:24:43,7.0
3511155,89ed3797ba59b08b9b9bd2ccbeba963a0812bdd388f963ca6958b6e7db354330,2025-09-30 04:37:35,2025-09-30 04:37:42,7.0
3511163,1af86d6440f9252c48b2b8500f8b01ab3ced8cc714d38d6e5e7bf35c56ce9f45,2025-09-30 04:52:14,2025-09-30 04:52:22,8.0
3511164,9fc814e038eb5953eaff4a3806ae28d5aeabd7111ffc07cf84bf60abb4acff73,2025-09-30 04:55:57,2025-09-30 04:55:59,2.0
3511168,8c7ea71b103eb7439ad90e7a1a5203572eaac37dcad8b26dbc76e7cce26996f0,2025-09-30 05:02:25,2025-09-30 05:02:32,7.0
3511171,4956376a603d9ba72121f137ab4c071134a88568101022046fc87aedda210085,2025-09-30 05:05:08,2025-09-30 05:05:13,5.0
3511176,e4c57f94d0229cd9d10a0473dcd8e07949558d8811fa977e91921b4f04792ea1,2025-09-30 05:09:40,2025-09-30 05:09:43,3.0
3511177,4878a9fde678c05f7ea949fed57218494a43a718c10beef73e9f53956c0105ec,2025-09-30 05:14:06,2025-09-30 05:14:12,6.0
3511185,c279ea8a5c5939341196501309976a378d979523a56cdc861ba64fa39e17e8b2,2025-09-30 05:30:47,2025-09-30 05:30:56,9.0
3511197,bdaad3a1072b6c46a6100e0dd469232814e96398abf7eb9cfdf9d83857147ed4,2025-09-30 05:57:55,2025-09-30 05:58:01,6.0
3511202,1d4a75cf3ebb20049c339a81b3321fd2c84255c82cc38309e5fa6c2738460a22,2025-09-30 06:09:54,2025-09-30 06:10:00,6.0
3511208,b05593e3feb55833ccd54f2dd2c004c4621f04caba44516109ffcff27b850eb7,2025-09-30 06:21:54,2025-09-30 06:22:04,10.0
3511211,0caf82a2ef07eceec70b2ac6b3c23c4b244fdb4e54696bf9a76f696aad18d036,2025-09-30 06:27:46,2025-09-30 06:27:51,5.0
3511217,f0d54ec1a39f444e34abd95a1e8822dc5617f5563f42253b35196ddb38b478a8,2025-09-30 06:46:26,2025-09-30 06:46:33,7.0
3511220,31dc2c9bd447afe3bb0149b3f6f2d70656cb087c8ac891a8a14441adacd0e9d2,2025-09-30 06:55:15,2025-09-30 06:55:20,5.0
3511223,23533bd4a22745d079952a5a1cdb589afa647831d0ddd0272fc52e7054cdfd88,2025-09-30 06:59:07,2025-09-30 06:59:09,2.0
3511232,2c93d59c2f04dda725abf8f4ad827e6b97e0acbf7f3dc16a4c760267a5725bf0,2025-09-30 07:20:41,2025-09-30 07:20:50,9.0
3511233,9d6b995c0ff81607937390eb74375dc8cb0e99d4e1154acd27ae90bce3cac597,2025-09-30 07:21:29,2025-09-30 07:21:35,6.0
3511234,c5398570c6ef4cb6e06fc9d4b12e3a2c48106345cfa3bcb2bb9180a46883c19a,2025-09-30 07:21:35,2025-09-30 07:21:43,8.0
3511238,49326cb0dd903cca96bd74c76ff2cde9432ddb77ebadb6f8b77711c7d7aaa5d4,2025-09-30 07:28:18,2025-09-30 07:28:22,4.0
3511240,a6b9d4ca69ae7a8645acb52963ba8306eba26758f701c6f0bc300b570239211c,2025-09-30 07:28:38,2025-09-30 07:28:41,3.0
3511244,0654c800467ac6d33e7491c4da4613b408b1201ee7669a12ce00425595015c0a,2025-09-30 07:34:06,2025-09-30 07:34:15,9.0
3511246,d722e3be3db0a1e1f34b9ff53b64e25159131091e0bc56702d8297b69bb17475,2025-09-30 07:41:25,2025-09-30 07:41:34,9.0
3511248,9524a6d629c2fa31903eaef3ddc4dc4064b05373c68f5d9887a9dd96cc6f58df,2025-09-30 07:41:59,2025-09-30 07:42:08,9.0
3511250,3e853e0febef60f52f95000538bed42e7d77ac1448491e7e313531e8a509147f,2025-09-30 07:47:58,2025-09-30 07:48:03,5.0
3511254,7936f6e1b918620586916eb7e3921122af0709e046502e9fd79675f5c64a1cf2,2025-09-30 07:59:43,2025-09-30 07:59:48,5.0
3511263,28192a18bb06117e50e7419447e6ec30c2f3ed858c486d23d71a1cadab4d4994,2025-09-30 08:15:04,2025-09-30 08:15:08,4.0
3511266,6381037925c2a95eff69e5661af023a18b9d382fe65a1f946d22f6771026eb88,2025-09-30 08:19:02,2025-09-30 08:19:10,8.0
3511269,b3fd1ed84b9d11efbdb57e5430d5ecb4cbb7a8fba022fa0dde111a58458e13e5,2025-09-30 08:26:43,2025-09-30 08:26:52,9.0
3511275,3baac173249bf4325e3efc1a577c63500bb7ddf10ee028bee53a948c1e166d9b,2025-09-30 08:38:07,2025-09-30 08:38:09,2.0
3511280,871df44b67e8d27bc19ac26d8c5af4daff42e80185db5830c69647128aca1d0c,2025-09-30 08:46:55,2025-09-30 08:46:58,3.0
3511284,703350ce562c3c754dfcebd6f8e4302d78e8c9f3e1d45e2df5f8da426f9a5557,2025-09-30 08:53:12,2025-09-30 08:53:19,7.0
3511285,bf9b255f6f945d72c4ac74e5ad455ee8fcfebf4f9ae31eea8197ad3bc8bedfb0,2025-09-30 08:53:42,2025-09-30 08:53:47,5.0
3511286,f6cc88eba5587b059013625d472928dfd0bc468e7ff316d73df1c478b529ba21,2025-09-30 08:54:02,2025-09-30 08:54:12,10.0
3511294,515e98bba3ff1f333d05f10b6fe2f6b42b2dac69a21c22e03f9dfc547a867662,2025-09-30 09:05:09,2025-09-30 09:05:14,5.0
3511307,1aed7677147cca0403de9a93b693c73ee6e1735b8cb1df42db48f139d9cc3cfd,2025-09-30 09:35:36,2025-09-30 09:35:38,2.0
3511308,98d420269a5fd4e3dc194f4bb81f637b4fa0c248cbfec2d1ae5dbca438bbb5c7,2025-09-30 09:40:57,2025-09-30 09:41:01,4.0
3511311,da31af9bb1502ba94b919ed05cda73635588890737f39fa2249f69b14211c026,2025-09-30 09:53:01,2025-09-30 09:53:05,4.0
3511314,511738e35edb1a55347bce09dfeaae9c188ab49b4de73160b22553009343cd5e,2025-09-30 09:56:44,2025-09-30 09:56:48,4.0
3511315,84ebf28b6f6153be4c47a10f05980334079b11df708619c876779db84d818c75,2025-09-30 09:59:53,2025-09-30 09:59:59,6.0
3511318,14b5d9be2eb1c751a395384daa40f3da0e213c00d4e9be961fdfe6d58ad02fc6,2025-09-30 10:02:49,2025-09-30 10:02:51,2.0
3511319,be1e161d7751c86176a0f3d8e2094adfc623ef8237a3a0e886358c0924e37113,2025-09-30 10:02:50,2025-09-30 10:03:00,10.0
3511322,522dfbe69eae51a50ca4e966a4cdfdd3e1388c7f1d878ca7aa1af08662442a5c,2025-09-30 10:09:20,2025-09-30 10:09:23,3.0
3511323,dd2a8e2bd1f42a3f2534466df6234df437e54dced291dfc4fe3c024bb8b82212,2025-09-30 10:09:47,2025-09-30 10:09:50,3.0
3511908,d780f773ca2fbcfb39bf3a57df94468a14356fc9cc46e2d9629d920a2b025247,2025-10-01 07:02:16,2025-10-01 07:02:22,6.0
3511912,78a8d582fdbffc717188fd1cf8e6888be525ae466624e0d73b2050c56cf940b9,2025-10-01 07:07:33,2025-10-01 07:07:39,6.0
3511928,902876b6e73f9b89966bd85ecc86ddc8178eb65ffb3b51e234f44b1ac620eca2,2025-10-01 07:36:13,2025-10-01 07:36:21,8.0
3511936,ed61d6f7e714d5800fc7fba18c30768999b5d522022be9f32b50ce73db8e03fd,2025-10-01 07:57:53,2025-10-01 07:57:57,4.0
3511937,642a2e6d9cee00311b6c38e7eed98a3ac313c5f6875edc279ead8ffcca5ec67c,2025-10-01 08:01:00,2025-10-01 08:01:04,4.0
3511941,5c496373c9a52042389dc6e220b9859243f30d5b43cc5875f47eb93002d35af5,2025-10-01 08:06:13,2025-10-01 08:06:20,7.0
3511956,ca9d209e0f9b148c4e78b975ade7b5b4f0369f248027468d8e73911d2361707d,2025-10-01 08:27:30,2025-10-01 08:27:33,3.0
3511975,18fd7c2cf9bed0e59b33f48e802dfa2a20b99a8b5bd4d8b481767a8367983eed,2025-10-01 09:02:04,2025-10-01 09:02:09,5.0
3511986,92121f7d6da35204eff7a70f4d057d49a9c7746a00f25e6e36c7fb107fbb0e94,2025-10-01 09:25:33,2025-10-01 09:25:36,3.0
3512004,5a1ba324cbdd3ed90eed1f563194900405058ea4e8f883a0645d9f27443f26e8,2025-10-01 09:51:20,2025-10-01 09:51:24,4.0
3512007,0b3accb89ab90838bbad263b3e5c04dbebee9f11ffc4184af7edb2d366d9430b,2025-10-01 09:54:57,2025-10-01 09:55:00,3.0
3512008,b2c4525e8aa2cdfba24cacc56b7c4972c09347f2d783bbde8eb9a156d18e2f21,2025-10-01 09:56:27,2025-10-01 09:56:36,9.0
3512010,a4f72427c9573a47b082678ce884f7198644b1df05db25912fbe753c6db74a12,2025-10-01 09:59:30,2025-10-01 09:59:34,4.0
3512025,9eeb4979f8c9129f7a478eaa4ffd3a3ba624182f2e29099ae01a2c380bc24d17,2025-10-01 10:19:08,2025-10-01 10:19:16,8.0
3512029,856dc6b77a0793bf4ffb3f03b038ea2cf72b8a6d3c4945313082ec512732d585,2025-10-01 10:25:01,2025-10-01 10:25:06,5.0
3512031,4aca276e66c08d8f72462dae656e0ded32d5114c48f57011fe2909b33ff7e450,2025-10-01 10:28:06,2025-10-01 10:28:11,5.0
3512032,5e85065d38e5ea2596c47ddeb26d556c129d3df1bf723ebb49cf5ee63f712422,2025-10-01 10:29:47,2025-10-01 10:29:52,5.0
3512043,82beffa2f4acb55e5b2c2cb63bde0eef59645137231697094313bd8ec67e7e1b,2025-10-01 10:57:13,2025-10-01 10:57:20,7.0
3512051,372b4203c489448bcdb283fc8ff24a0239335929bbc0b477e8dba5c551d27706,2025-10-01 11:18:05,2025-10-01 11:18:10,5.0
3512068,992dc6d083d6135ba0c6542e8a55695771ea3ded2cc99a3625c1a812f710e687,2025-10-01 11:44:18,2025-10-01 11:44:25,7.0
3512085,5a7bf4bfab1ae4fd2623e4fb93ee5841639d2e34e3e7b9d035b7895b7b3eae86,2025-10-01 12:15:09,2025-10-01 12:15:18,9.0
3512087,6e0f48afc4b532297eb71f2a7f9aed13fcdb56137f7b0d88a1c15b0c5d37035e,2025-10-01 12:26:15,2025-10-01 12:26:17,2.0
3512089,4b3cc075fb8eb754a62aac3210a06bfafb9e72e5f80fe9c2bfb6f65cbc2cc055,2025-10-01 12:28:24,2025-10-01 12:28:28,4.0
3512105,227a662246d4fed4c2a11f2136cb1b6fb188c11394170a5808b8d5221a9c5d2e,2025-10-01 12:52:21,2025-10-01 12:52:24,3.0
3512106,b1c526f2cdc8af981bc58b9165a5149d395db74683c863842fbc117aa3ad8384,2025-10-01 12:53:19,2025-10-01 12:53:27,8.0
3512119,5ba29bd2112ed53b2b7a8f13b3056958f0e5659da127e51756ddaebde9bef118,2025-10-01 13:24:31,2025-10-01 13:24:38,7.0
3512127,ab7515be6e171d87f1c6d2969683cac132408235753f00b78bd8adb9c548b003,2025-10-01 14:08:04,2025-10-01 14:08:05,1.0
3512130,09bd1b741ea23742df2df6eb89f44a3cf6343e4f01c0d2a2de9c7182ad140002,2025-10-01 14:11:25,2025-10-01 14:11:27,2.0
3512131,6853d32fc4f79f097e86ca7aaa3d7bee5ee96652c6cd9098aafc264980c21fa2,2025-10-01 14:18:47,2025-10-01 14:18:53,6.0
3512132,9f5e684bc79aaa77cbc6990dcb606f330ba4d71775097c0e5db27f40f2b0ed7d,2025-10-01 14:19:00,2025-10-01 14:19:09,9.0
3512140,5d0fbe8fdb76a9743633274f4383449aeca007882ecab89b85feb8638dff921a,2025-10-01 14:42:14,2025-10-01 14:42:21,7.0
3512142,7ce8094f7d6bba38681618695781c0cfa5af171124a158d54f867d54007752d9,2025-10-01 14:44:00,2025-10-01 14:44:02,2.0
3512148,5d67bd33b5efb1db15a9e9ebc056abb3d17035e9eb2e6ca5c8b83c350d12339b,2025-10-01 15:02:19,2025-10-01 15:02:26,7.0
3512168,7f7ffcc1807e67a4c0bffe414a2d18e7e935009a3c9f91edb424c7724cc2d1f4,2025-10-01 15:52:42,2025-10-01 15:52:50,8.0
3512169,c55b567bc54a927e7f6432e5d760cc2dbfcbe4e1534ceb6dc2882c57c083d015,2025-10-01 15:53:39,2025-10-01 15:53:46,7.0
3512170,6776bfd8a3beef306fb9a325dffe07e2aac71ebb8cc1f360166e059bff0ab4e2,2025-10-01 15:55:30,2025-10-01 15:55:37,7.0
3512184,389163c0a79ba5cc2769eb47e6e09e6fbeebb6d36134103af14cb7c37c6e3698,2025-10-01 16:22:31,2025-10-01 16:22:35,4.0
3512194,f52ec5a1407415bd9e860eda686316745e2e17dad86afbdf94e452052570ca87,2025-10-01 17:00:06,2025-10-01 17:00:08,2.0
3512205,fb874af8e17816eea4211b1b9ba4e9cfdbe4cc975b4478fe64c5874a0a1c9444,2025-10-01 17:26:25,2025-10-01 17:26:31,6.0
3512207,f431965602b82e5324089533bfa20dee551b6d6e680f2953943ccebffb354c81,2025-10-01 17:29:06,2025-10-01 17:29:09,3.0
3512213,b8bc608e08b840d080fd6b3b28c4c336cf1e728bbea3ebdf09becbddde831aed,2025-10-01 17:48:41,2025-10-01 17:48:48,7.0
3512223,055ee2cbb8a981038a5cb91469bbd533900dca0428c25b4e31109dc623da03d3,2025-10-01 17:54:43,2025-10-01 17:54:52,9.0
3512224,a3a0c7c07f162d94731adf67d45f36087698190d843f0c4e5ffe72a842b8d895,2025-10-01 17:55:48,2025-10-01 17:55:51,3.0
3512243,4a7dc7b8715019fc55108282ac3e524688d5677cde91b10c4918b7c28f6b99c8,2025-10-01 18:23:53,2025-10-01 18:24:03,10.0
3512250,0f1f3ef5a3ba1cd97cac236b74dc4e7e02a629343d4b488b05162468033b6a54,2025-10-01 18:42:37,2025-10-01 18:42:44,7.0
3512252,3a8434f28e169ba194cc4a879a13d6e2c9ad75e3668ac5e7cbb05b49cc4c5cf6,2025-10-01 18:49:22,2025-10-01 18:49:25,3.0
3512254,d1f9e9787a48f83608477134593aebc1282cfd18fb7f81cf3f9fc54d07e4d368,2025-10-01 18:50:46,2025-10-01 18:50:54,8.0
3512255,d50436b8da8d096efc8061c76860cda6ae014a799a2411891c9ff639b3cd62b2,2025-10-01 18:51:10,2025-10-01 18:51:15,5.0
3512263,7aa8a3cd2d6705760c4beec243b875c7376977390f50dd1044899aa8c6eb21e4,2025-10-01 19:05:14,2025-10-01 19:05:21,7.0
3512265,5ba42c0dee8236c56adb32a797ce1d1a210bac62073e39db701dee80c6ec557a,2025-10-01 19:10:29,2025-10-01 19:10:34,5.0
3512266,d1c37ac5d27e0275daea7becb042bfc3d311c7f7b71a499506d091fa93eaa629,2025-10-01 19:10:41,2025-10-01 19:10:44,3.0
3512267,3573793041a0de03ecc3a811d2301ce162bb89f67637a54e81819ba3b125b5cd,2025-10-01 19:13:39,2025-10-01 19:13:46,7.0
3512281,562bc77cc892250b655ec7f16d58cf77bd28076f1685a3123e6e4caecac84acd,2025-10-01 19:43:40,2025-10-01 19:43:46,6.0
3512295,49887b1034c618ae8123a050316229db646d6a45d709fd534fae7d58c6ef8d7d,2025-10-01 20:12:02,2025-10-01 20:12:06,4.0
3512296,c6e6941d25398e29ada79195705c9b0377a8013473abfd5038b04c0d67084b8e,2025-10-01 20:14:37,2025-10-01 20:14:41,4.0
3512322,3f565daf4b0b1cecf17fd6f40756463d0ea9e969fe146e18dc0312fcd402cb3b,2025-10-01 21:27:57,2025-10-01 21:28:06,9.0
3512329,28c08a824c0b10dbe2418caa599ff3c738333326df83341b5591fd2d681a98a2,2025-10-01 21:32:17,2025-10-01 21:32:25,8.0
3512341,eb6bbbcd134066656b25e11da51302232ee4af004f6d67b47f06c5e25933ef80,2025-10-01 21:57:09,2025-10-01 21:57:18,9.0
3512343,aade01f24d450845031ba9b1badebde0f6a37a69203dcb5514faaf7402697074,2025-10-01 21:58:37,2025-10-01 21:58:43,6.0
3512354,8ef42781ed1b068f92b291b977d1157913913589f4afc681f665758d5484d4de,2025-10-01 22:18:03,2025-10-01 22:18:06,3.0
3512370,1b928aed4c2e7a7b54249cffd41864db907fe305f304fb4393e52fa750a2b6c7,2025-10-01 22:48:47,2025-10-01 22:48:55,8.0
3512379,232e147d10ccc12921a5c1e28b0b1a9cc9db5374db6f14cdb49951f85416aac1,2025-10-01 23:04:14,2025-10-01 23:04:24,10.0
3512380,500c66391319e4e98fec0e1881a19c35993972725c9714d1ed33044ef329d52f,2025-10-01 23:06:31,2025-10-01 23:06:36,5.0
3512383,eaa4c65ff723407be55209f6b0a0a8372b07fd0bc60a4eccd251ed9bcbb768df,2025-10-01 23:12:38,2025-10-01 23:12:44,6.0
3512385,8f146537bce1439ab9bfd21825682c656f32c35a4114b97b3c3e41f005e325b2,2025-10-01 23:14:47,2025-10-01 23:14:50,3.0
3512386,72062a17befdc73ac50a2e0009615d580fd5dc4e8a5c8817fda7212ffaaf73ff,2025-10-01 23:15:06,2025-10-01 23:15:13,7.0
3512390,33a59201942c30d9157ef97848a503f4f830b173d77993ab8b2c169157a3f248,2025-10-01 23:30:06,2025-10-01 23:30:10,4.0
3512394,de623f2bc8896812c76cdba738384976468d73caf4b1c98282fc20b1ed39cf19,2025-10-01 23:33:53,2025-10-01 23:34:01,8.0
3512395,bac4aac96f85def8f36fdafaef2136551809e0e771b259adb95e2f1718460846,2025-10-01 23:34:16,2025-10-01 23:34:22,6.0
3512396,ff9be66f3c48afbd49e9eb36554e27d9dc938387689af022f05d21b62ecc7bb7,2025-10-01 23:36:45,2025-10-01 23:36:52,7.0
3512397,68d122cdd97091c54d9bd5fe8ec74f9dcf3eb12ab9c718bdea278bc107fed3a4,2025-10-01 23:37:40,2025-10-01 23:37:48,8.0
3512407,503315baf6fdebceeff3ff9212b07abe14998a7f085b1f2381257627a8139d57,2025-10-02 00:01:31,2025-10-02 00:01:39,8.0
3512408,40b813dceec379e912c0a27b4e5cd38b431f4b10b8198497b3bf4d03891a7cbb,2025-10-02 00:01:55,2025-10-02 00:02:00,5.0
3512416,7d4e26574b2784a1e884a58babaa92603916f9bf1b26ec9f859d02df50487dcc,2025-10-02 00:20:04,2025-10-02 00:20:07,3.0
3512431,a8f4d5fc7a91a03b7adfe73c5087a066431640ae780a576bbb05b54dc19baa66,2025-10-02 00:50:33,2025-10-02 00:50:37,4.0
3512439,192daaf6d1d20a4679ae61d0ca839e7e11c44821a0a18df57c5bd783dc3e8268,2025-10-02 01:11:51,2025-10-02 01:11:58,7.0
3512440,c3c23b83804f53fa3175183323a239bc3f8cbf1d4278df6cd20ed6a62882ded7,2025-10-02 01:13:02,2025-10-02 01:13:05,3.0
3512450,f04512b3809f91f4544c231ded84f10575a13f979c4742945296e90e8de52dc3,2025-10-02 01:39:48,2025-10-02 01:39:57,9.0
3512462,47405af7036bca79546655ccfbff39eea6347af3878b97a4cd125def1dc62b00,2025-10-02 02:03:44,2025-10-02 02:03:47,3.0
3512463,5536f783aee0534bee7e7d15b006da2bab45564c9004c8f8a73f0be9993f087c,2025-10-02 02:05:14,2025-10-02 02:05:16,2.0
3512465,61895f83bce1201560b9a13e40b35d5f8ead3f68cefa1fe6d19aa41c4c54a519,2025-10-02 02:06:32,2025-10-02 02:06:35,3.0
3512466,1c2c74a3e7bea2040e45d902465867b45eb05ab468a5499c0479966960f244c2,2025-10-02 02:07:38,2025-10-02 02:07:43,5.0
3512477,6eeca27b7648684ffe955cbe1553e4ae267e843f788054338b347dab837a6f52,2025-10-02 02:34:29,2025-10-02 02:34:33,4.0
3512488,3bc41d2447e86c82568a21eb3c851bff6dfe0643a66e2fd1710fc815e193ba48,2025-10-02 02:51:27,2025-10-02 02:51:32,5.0
3512492,c0a0a60b3501082a4a4a47686ec3a07f4ce5ad315242ec183573e7a8aedaf34a,2025-10-02 02:54:26,2025-10-02 02:54:28,2.0
3512493,4adc490f1c7389c34dbc9a1285feeabae52688624eb2ba446087ababe40d4393,2025-10-02 02:56:44,2025-10-02 02:56:53,9.0
3512503,f5a00c0c19c02fd2fba62b659b67b0e8cb0c7177612723c512783cf4039292e8,2025-10-02 03:19:12,2025-10-02 03:19:14,2.0
3512504,43ee88265558e47567eb013aa540e78c2eeef0ca445357ad6f88df352e843927,2025-10-02 03:22:50,2025-10-02 03:22:59,9.0
3512509,5922246d1d8e2ba30df60f121f8679980de11aff6d2a2adaeefd5f1f30a2ffa0,2025-10-02 03:40:10,2025-10-02 03:40:17,7.0
3512514,69a911cdb905a6459ed95ef4266512f157b78d06c6f8e085403b6797bd262adf,2025-10-02 03:43:40,2025-10-02 03:43:47,7.0
3512515,d69e6cc992aafefacd063a515e30491236b2950f02807d6bb7cc577565f4a34e,2025-10-02 03:45:22,2025-10-02 03:45:28,6.0
3512519,01c38eaf399acf8279957cbfd705e72ad68128d6d0f3fde724929072fa022b22,2025-10-02 03:47:36,2025-10-02 03:47:43,7.0
3512531,fc2cc5aa0b7a1287db2c9005411d06ef290238f1fd7fa554cba7523038b6abbd,2025-10-02 04:12:05,2025-10-02 04:12:10,5.0
3512537,a4542f09a2fd856abbc7db06338fc28d86dee0a17642743b27d10e8b65f455a0,2025-10-02 04:28:33,2025-10-02 04:28:38,5.0
3512549,0a8b2d75f4fe6dd7b5c3077e2d4a502526953a0c643fe075ec0da9dc2170e1a1,2025-10-02 04:57:14,2025-10-02 04:57:20,6.0
3512563,12f89966cd7418340d9c5e7b176273598aa7aabbaf28b1305c1568a14c94d9dc,2025-10-02 05:29:08,2025-10-02 05:29:11,3.0
3512575,78cebad69c9af71cea3118c36f79374b0595f1ad568010677125a6cd724c8592,2025-10-02 06:07:59,2025-10-02 06:08:05,6.0
3512580,0d579970c97b3794d29fd4c0b79cd8e5768404ae38415269eca8f5ca3b8911cd,2025-10-02 06:11:13,2025-10-02 06:11:14,1.0
3512594,ed88b2b3898e29478f15eb7917e324407890aa00d863526532e74ea3de191628,2025-10-02 06:42:07,2025-10-02 06:42:13,6.0
3512603,932022bf477f9a6c781b6bba62ff7903542ae89c4b7da0dcd1c7e126d6adcbf1,2025-10-02 07:09:44,2025-10-02 07:09:47,3.0
3512605,44cb0dca6a10a3d3ed62030f7566ef32d834d9bbd402a35f6d18155a43959d6c,2025-10-02 07:16:13,2025-10-02 07:16:16,3.0
3512606,d5dc655427558569973fb5c193914cf64dd462429829c8cd04ac09f6e850896e,2025-10-02 07:20:07,2025-10-02 07:20:14,7.0
3512615,bcb2d561894581aeff53bbde9545875b80d59a31edaa42842d7f50efe1d2ac74,2025-10-02 07:42:34,2025-10-02 07:42:42,8.0
3512631,b044020569bc0891d846a0a9007a079b8e7a7522c6aa9260a5aed3833570ae22,2025-10-02 08:12:57,2025-10-02 08:13:05,8.0
3512632,215542f11acec7f283c48b5b2cf53d77ab7ba22e856b77fcf8286d7310af847d,2025-10-02 08:13:13,2025-10-02 08:13:22,9.0
3512633,487dc8af7cf47fb32647fa9969171ce417cab322516be1937222679794c5e795,2025-10-02 08:14:58,2025-10-02 08:14:59,1.0
3512635,573c2bf0e09bc2623910eab227d91387d104677f11893e984cdc4d8db8b56cf9,2025-10-02 08:15:11,2025-10-02 08:15:15,4.0
3512639,66ba6cee6c59907b098f2e476514003682dbb974a882e6f5672fb867be1f0d95,2025-10-02 08:17:55,2025-10-02 08:17:59,4.0
3512651,e611e0d3be5ac8cc671633d017c21fdc7ceca2ccaf3a1baffab0ac1083471eef,2025-10-02 08:36:03,2025-10-02 08:36:07,4.0
3512652,d09894d7b380d998e7427c022edba3d5bdceba2232e6dbc9c7eacecc7aac5675,2025-10-02 08:37:42,2025-10-02 08:37:49,7.0
3512656,a8ca87faba470d94de06305a8b9ee685f033235f7c0a044cb7d73d0044b7822e,2025-10-02 08:44:58,2025-10-02 08:45:06,8.0
3512681,379cdadac712beadb30b4dc40691c6205c905888ff42a6b61003b1abb98f29b8,2025-10-02 09:28:14,2025-10-02 09:28:16,2.0
3512682,7dbaeb468d32f045c9660dc87e430ccae5752e34fbbf3c716e966d54f20d84a6,2025-10-02 09:29:19,2025-10-02 09:29:21,2.0
3512684,a081ace45f1f905c1ef88adde029396c4bb4882b52fe6e72f7ea46dd6b50f335,2025-10-02 09:32:24,2025-10-02 09:32:33,9.0
3512686,836bbde7059f175fcc6b4632ef87ba81f638c8b6519be372003dfb73c04251bc,2025-10-02 09:34:37,2025-10-02 09:34:41,4.0
3512689,30b96dc47710a745493b73ac19b322691fc9746e5d7b0de29b498e2aacdd27aa,2025-10-02 09:38:08,2025-10-02 09:38:11,3.0
3512704,b53adc9daa0180260944e0ca52e33d4bdb99b07c145775ae63b8b546ec962093,2025-10-02 09:59:01,2025-10-02 09:59:06,5.0
3512747,3965afea6586301c7d85f12b59632594c32d37ee014a09038ccf44ff24785b2e,2025-10-02 11:43:43,2025-10-02 11:43:51,8.0
3512750,d925a991693642643618c0183d8a199aaaf1f0f60644dbace627ee338e410b92,2025-10-02 11:46:59,2025-10-02 11:47:05,6.0
3512757,eb05df9bb5c2e28694e68b09e87f27ffc1a899b043f836b3f95d2d2ffff59d72,2025-10-02 12:02:31,2025-10-02 12:02:40,9.0
3512767,f9740a57a23d13d6cc8b8c1adb2b396145a0d688fce8007c95affe8d222a8741,2025-10-02 12:21:19,2025-10-02 12:21:25,6.0
3512769,896a9a7911e0f913615e5d2184b1132976022d644baad3e695ded7054e3fee42,2025-10-02 12:22:15,2025-10-02 12:22:21,6.0
3512774,a31599ab231cf36cbb3e6a239088c95103d0bee20e366f98f55db09b476a9105,2025-10-02 12:29:35,2025-10-02 12:29:45,10.0
3512775,f6e479c92e44952c6dfc40395b70ac452cd4a5c4afc92e0c763bad4a6932f144,2025-10-02 12:33:36,2025-10-02 12:33:40,4.0
3512776,f17d9647d9bf49f970051c94abd20932a392af52d5f160fefea0840f8cd88997,2025-10-02 12:34:12,2025-10-02 12:34:18,6.0
3512784,247348cda70060c1c18625bcdd51035219e215cd4100f3e1df5fd06a20344dc4,2025-10-02 12:43:30,2025-10-02 12:43:32,2.0
3512792,fb577d2c8b0663cbb65ea54faf24d04996bbfa95f5444453faba79d519b1f805,2025-10-02 12:56:39,2025-10-02 12:56:48,9.0
3512806,dd7fd0e5fe263c271a9507549a99afe4b0fdaa108872d77bb542bc4af1b3018d,2025-10-02 13:13:12,2025-10-02 13:13:20,8.0
3512807,2dc5fc33607d2a67383385e35b30506e5af7bf7955189f54f6f28c4cd1f7f25e,2025-10-02 13:14:15,2025-10-02 13:14:24,9.0
3512815,ae415d3e9cb26c2e8a1007062fde27b42d4312c712d21cbf5cfd6a7510e6226c,2025-10-02 13:28:32,2025-10-02 13:28:41,9.0
3512832,c452d6a731286112b5c37453ccb08d98110ab5d90787d7a7bb9c5b7f261a9607,2025-10-02 13:56:14,2025-10-02 13:56:17,3.0
3512833,722f52bf38ee5eb3b48b27b25833bb2dfa6215eb1a2794340249e08bed3e25ed,2025-10-02 13:56:32,2025-10-02 13:56:35,3.0
3512834,48f65024fdd6c1887e29df91d6c753a68ad1943bb85f557f10e85a28c0fdad54,2025-10-02 13:59:07,2025-10-02 13:59:14,7.0
3512835,60fa3849347363606d3c1804ab5df41ac16ec55baf83a1d7c26c61ed8ff7c906,2025-10-02 14:00:01,2025-10-02 14:00:11,10.0
3512837,754a00d190ea53c098c55d67b32ae1349d033d6445f5707e48f34b1be511d3bb,2025-10-02 14:00:54,2025-10-02 14:01:03,9.0
3512844,af801e541f6f71a3c1e564d32beb883d3d1c76fea4b2f84d98479fa8d478ec68,2025-10-02 14:19:12,2025-10-02 14:19:14,2.0
3512845,e8e6f95fe6f15587784ec81e0ee8aeb1882c1bab478cb831c146377c97db0a46,2025-10-02 14:21:55,2025-10-02 14:22:01,6.0
3512846,0f3c1b87b9d62aaee710946d401d6d6fa3c04d20e91dbeaca78d462a5a5ce0d2,2025-10-02 14:23:29,2025-10-02 14:23:37,8.0
3512848,e011c052935587250a38f4c84972d26af6217deb766f87b1dcbb3054e9a53916,2025-10-02 14:25:44,2025-10-02 14:25:49,5.0
3512855,5b3a857cf3a42308ab4a76de1b3e2500b4fbb69e6c87cef54cf115dbdef3e68d,2025-10-02 14:30:19,2025-10-02 14:30:24,5.0
3512856,c50d5438c13b2bffcd0ec8fa76be68701201087a1e0a3d0f9d8cc0a5e6167dc6,2025-10-02 14:33:59,2025-10-02 14:34:07,8.0
3512858,5b277ef05196116a23e70b71cfe7eb432e2bf4588e480d7209ec364e56d6dc62,2025-10-02 14:35:57,2025-10-02 14:36:04,7.0
3512860,12a530cd36de4e69f8d46a0ce4a879101d6a904b190a3a72882e4b90bcf3f3b0,2025-10-02 14:37:17,2025-10-02 14:37:21,4.0
3512861,7efb5ce318ac040c40e22fbf7a5d958bf49a78916790df59019bf396cf0b2fef,2025-10-02 14:38:16,2025-10-02 14:38:23,7.0
3512866,e45ddee9a21e340d35d6a4f530522c3936630c4ed6a14270a8f0797c627a79c7,2025-10-02 14:47:40,2025-10-02 14:47:44,4.0
3512871,8a4202a06bc6218f2c61f6cc3eac4f77713e608715c15aee502bc4c00ac0c1a0,2025-10-02 14:58:49,2025-10-02 14:58:54,5.0
3512873,e176261d881e074b00ba17b6a0115c1c3c124d52e0da765da21dd24cd2a5e7f7,2025-10-02 15:01:01,2025-10-02 15:01:10,9.0
3512874,82984b3eb96cd55395737acf1a7d239d8b580d6c2e78c4ce739f5ad582da7913,2025-10-02 15:04:30,2025-10-02 15:04:38,8.0
3512887,ab6617f4800593a59fb1a8b79eb90bd6430fe8f48c5dfc1fa6e44833adb8a907,2025-10-02 15:20:21,2025-10-02 15:20:30,9.0
3512892,7626738a940b59f894c2264be87802a20bedb42663b5026a74ecc082f0599bd7,2025-10-02 15:27:03,2025-10-02 15:27:06,3.0
3512895,951317475319efc62a37c30773abd59b807400adaf50d417ed1af11e9179f921,2025-10-02 15:36:45,2025-10-02 15:36:54,9.0
3512917,3863c503f584800ab27d45b27d07f05619de55b9aa1d25d0857ee29faf6513f3,2025-10-02 16:18:03,2025-10-02 16:18:10,7.0
3512919,f4b1cfd6815e99ca74c78a0f5bbe70424a83106e2196ac0f79f1872100b8d219,2025-10-02 16:20:23,2025-10-02 16:20:31,8.0
3512921,0cef1cc9b9c40d9a6a5e8098d85b584442f5e171cd4e2e1cf84292da6c3e7d75,2025-10-02 16:22:31,2025-10-02 16:22:34,3.0
3512924,d8be413542b6502261bf2210e1e24cf144dcea0efd60acbfe6caa1c6f5b4b245,2025-10-02 16:30:53,2025-10-02 16:30:57,4.0
3512940,45b688ccfb8c2e78a6e185946dcb08feaca715aad2d7e479cb19ac9c73fa98d1,2025-10-02 17:02:45,2025-10-02 17:02:52,7.0
3512942,84a04b8bfcf1bfedf612bb4b309142ff94721cc87efda135aa4ceac4ecd05507,2025-10-02 17:04:49,2025-10-02 17:04:54,5.0
3512946,264dec6024f8f14830282cf6b892b517bc6f2a0c1625af0cc7b04d6bc7a41c65,2025-10-02 17:08:51,2025-10-02 17:08:55,4.0
3512948,271e47319b47f728d0974af3234784b77d679085e67cc2b925e4af7ab28f6160,2025-10-02 17:10:29,2025-10-02 17:10:37,8.0
3512949,bca3f277104d2fd4bc44743a41b697095500dc5730f572f7d652f5b16ae5ef22,2025-10-02 17:11:42,2025-10-02 17:11:43,1.0
3512956,051d9ac61d2fc248e7008053e293797068de0641e291a8801e5b3489f35892b2,2025-10-02 17:23:30,2025-10-02 17:23:37,7.0
3512957,9fddb093be5bdeda688169d879218f0124efccad7650090f53e4ab67ae4ff5cc,2025-10-02 17:26:25,2025-10-02 17:26:33,8.0
3512959,fffcffbfb46a6b6b16f5b325b3fe9a9601a71fe95529785a8d1e6683d7932b87,2025-10-02 17:28:50,2025-10-02 17:28:53,3.0
3512960,3b28512cde6949734092e7b7db9673df88b38252ea1a5ffde47f0af7f6f43d38,2025-10-02 17:29:32,2025-10-02 17:29:40,8.0
3512962,603af6fc0afae1cf3a5e230687dbe4d6ea8ce8054cca560f73742c602587e9ad,2025-10-02 17:39:29,2025-10-02 17:39:36,7.0
3512967,16e536252e6771e4a7d94aa2e989eb603c8881d3420bf6b1a1bd734b64e89b50,2025-10-02 17:45:45,2025-10-02 17:45:47,2.0
3512978,f26313a3f4b84c6bfd554f59afe4f7bcfecbe79a6488e1991776f701433673b2,2025-10-02 17:58:43,2025-10-02 17:58:47,4.0
3512980,90e1f983131ae336853f196cc51c0f196f759fcdec05daded3cc896933396378,2025-10-02 17:59:43,2025-10-02 17:59:46,3.0
3512982,5f2ab176f83457e6ce0cf4609f8640976cac5f8c6fdd0dfbaaa984276937c85a,2025-10-02 18:00:06,2025-10-02 18:00:08,2.0
3512983,369933be5e786961c6cf458b9e7f4a9c20cd5cdaf2e02f4a59a8fdea21a8c25c,2025-10-02 18:00:32,2025-10-02 18:00:35,3.0
3512984,b0baa5f9de763fcd3ad1c2fd2ddb42a9d83a2a8b845ae69731c711c587e6ae5d,2025-10-02 18:05:31,2025-10-02 18:05:36,5.0
3512986,ca12b0ce10b18d9e99fc52ca4177f0981082b398f56de3fb7ba5b9a23cc998d5,2025-10-02 18:09:14,2025-10-02 18:09:20,6.0
3512989,2976e52833ee103ea4439c355c096568eddf5388e7c439949d48c397a153ed38,2025-10-02 18:12:41,2025-10-02 18:12:46,5.0
3512994,ed9f6daadb432d7d1983cb0120229fbc94928a5be5821559236ac8cd73eb643a,2025-10-02 18:15:54,2025-10-02 18:15:58,4.0
3512998,0de168128bac9ccbcacd55a62d5b9105103786775eaf5c45832de1f2f38bea1f,2025-10-02 18:25:47,2025-10-02 18:25:49,2.0
3513004,ca05db88e1e65bacddd8978402c209edba166efdf5b635726168b0a132a070c5,2025-10-02 18:35:56,2025-10-02 18:36:04,8.0
3513009,1f26d824cbaa5bfbc4418590eeb426d767497f78f4e408cbb74c73915b8aec53,2025-10-02 18:40:47,2025-10-02 18:40:54,7.0
3513011,62ccd7d1caa6891519f89f7e4c8ba64eb6115d498068175b70598b870f36b74e,2025-10-02 18:42:03,2025-10-02 18:42:11,8.0
3513013,0ebc78112968352b48cecdb972fbc4f629b93ffb98d2001003b488988b17cd01,2025-10-02 18:46:29,2025-10-02 18:46:38,9.0
3513014,450587965683710bb46614c070e6abbae62d6f6b9c2015978a71548347761aca,2025-10-02 18:46:54,2025-10-02 18:46:56,2.0
3513018,9aaaa69b5d5192395c93e7c4e18e48cf388efacf3816daf05a1d2443c7283f93,2025-10-02 18:55:59,2025-10-02 18:56:05,6.0
3513019,cbe88f368fd58782385496eea41d2440313b58b2ef94151c6c7a23445b7b5081,2025-10-02 18:57:26,2025-10-02 18:57:32,6.0
3513020,8f665b9f2b68d2de2e9ee49911514b942e861efb865e4725ac81d0d9fc5f31fb,2025-10-02 18:59:16,2025-10-02 18:59:18,2.0
3513021,9f5bea6bf38936d0be14feeb287c39746fccde017c4415e0e5206630906c7914,2025-10-02 18:59:26,2025-10-02 18:59:30,4.0
3513025,250cd499766be7831052db5a16c7cbd31bd6bd5630fa0948fa1bf75d22340a8e,2025-10-02 19:03:29,2025-10-02 19:03:34,5.0
3513030,478f65f65006f415aa493ea096e60d7f15c8db08ef8a76d03265295c77400962,2025-10-02 19:11:16,2025-10-02 19:11:22,6.0
3513033,64c15668bb10ee2e6d2330afb83597b2918032e1369abc58e756a48070f15883,2025-10-02 19:15:37,2025-10-02 19:15:41,4.0
3513037,6af2e14f8d81c8a3caab2801d0d4ca9719621e20b2a3e3fdf1c91e2cac8d2275,2025-10-02 19:19:44,2025-10-02 19:19:51,7.0
3513038,f94bff4b4030e676303c7c62f3d1d05ceda88356c42271bc6a94723060925b14,2025-10-02 19:21:42,2025-10-02 19:21:48,6.0
3513041,25390341b518c143e7d91f1ff10fc302bd024658662078c97e1013be89d4f54e,2025-10-02 19:27:23,2025-10-02 19:27:26,3.0
3513045,27702306901b1a078847f797ef3be918ab621ca9316918b1d164decb586f6761,2025-10-02 19:33:01,2025-10-02 19:33:10,9.0
3513048,e254e611a6751dc6f1c95d2cf9c196d816893f3e0e1bd5ad23283833f2375116,2025-10-02 19:39:10,2025-10-02 19:39:14,4.0
3513051,5c74bc14919667a4aa2d9b5f078cc17e81de1e8cc5d25bd77490660738d08ab6,2025-10-02 19:43:02,2025-10-02 19:43:09,7.0
3513055,1e1893701f740acbefea575bd8aab2a86084f3dea87f2bb4417454f1cf25a453,2025-10-02 19:49:32,2025-10-02 19:49:36,4.0
3513065,c5b6fa6d52feb0aa4998bf86bd967f81d0721ae4181a4ebd9a1241d32a9b1cb0,2025-10-02 20:19:04,2025-10-02 20:19:13,9.0
3513072,7b953a36eb1dc8ecb0219d84ce15f619056471e9bebbf8efa25b294c721126ac,2025-10-02 20:39:08,2025-10-02 20:39:16,8.0
3513073,4670bcb485013bbdb599dde585ddd6deda352d5317f6970e4d4be5f7e4589ac3,2025-10-02 20:41:16,2025-10-02 20:41:25,9.0
3513075,29a46bf86821aab3ba18ac868a5c88f655042d3c3ba9d8284db5bd5f3a09e049,2025-10-02 20:46:26,2025-10-02 20:46:34,8.0
3513088,487d011eb1cfa0c0410e16e343ce85e5268c49e257c8486a5a92c25b5d7837d9,2025-10-02 21:13:59,2025-10-02 21:14:04,5.0
3513092,a642439ef29b0e99cf5c2558239455af26f6d6f67791c554a92943056dbd8c91,2025-10-02 21:19:48,2025-10-02 21:19:57,9.0
3513093,83374f4d1bc525700a512b785417545256977b45e2ef6aacc63369ab49d4fc98,2025-10-02 21:22:28,2025-10-02 21:22:33,5.0
3513098,1436d2ca38f01a7bef526a4a3e84fc041969f6dbe59e2b4e6b9476aa47763492,2025-10-02 21:28:06,2025-10-02 21:28:11,5.0
3513099,452ab77f798a5e9e4707ad9cf5b649147ccaff350cd0a9f57efdd729e68c018f,2025-10-02 21:29:06,2025-10-02 21:29:15,9.0
3513101,03219bd29028bc180e8a3219a770b473b960bbbe2f68a3f5720f5a0ceec598a4,2025-10-02 21:31:18,2025-10-02 21:31:22,4.0
3513102,72ea35d1f06a60a54ac93d77d3a36892a7137e7663f92b0b595a41e6430aa003,2025-10-02 21:36:01,2025-10-02 21:36:07,6.0
3513105,d9e8336c501128535c22c8eb61995a50cfa2028ece550f1d62cdf0084646a414,2025-10-02 21:43:27,2025-10-02 21:43:32,5.0
3513115,dfa59cf5c18ba72e3dba16708c0cb35f07647fb888c592c5fa218586d6741b59,2025-10-02 22:15:45,2025-10-02 22:15:50,5.0
3513121,9dae6fed6ef67f76341a0b14e99c717dd102ef91815ad2a4f174962f4afbfcad,2025-10-02 22:31:54,2025-10-02 22:31:59,5.0
3513127,44d33604d9a36affb9218883fbf677f5a7785f6d91f50fd0da2cd185a7d7f3ab,2025-10-02 22:40:48,2025-10-02 22:40:58,10.0
3513128,463f87424270a580dc46d24bfbd5546abda65d028b00330489d138e3b8f63d15,2025-10-02 22:44:17,2025-10-02 22:44:25,8.0
3513129,09ebc2ad3261807f225f596bbf62aaf23249fc755ecd8d7d7acf781745d8a640,2025-10-02 22:46:32,2025-10-02 22:46:39,7.0
3513132,b44775b325114ea01d32477a00d5046cadf27601ab3a467df7b1de0974c2f4d5,2025-10-02 22:51:44,2025-10-02 22:51:51,7.0
3513136,4774b59b45d68a20f6900df5197f89b648ff51f4917ecd32651e330b2ab4a921,2025-10-02 22:58:50,2025-10-02 22:58:59,9.0
3513138,facf81538282c6ce6126e4a2718b487d34b3d7bf352ad511e71a5ef2129762b8,2025-10-02 23:02:04,2025-10-02 23:02:08,4.0
3513141,d673847b5593c222369bb7e84632c37629b2994de4b81232f0032863f74eec56,2025-10-02 23:07:44,2025-10-02 23:07:49,5.0
3513143,3c166956b132f5eacebe30909c73accf317ce3284f847e9f601ac502d92de294,2025-10-02 23:08:51,2025-10-02 23:09:01,10.0
3513146,61e50c2013998e4d4fda83d6705320bddd60b0e39236b9df295105e4a065c96d,2025-10-02 23:15:58,2025-10-02 23:16:05,7.0
3513147,861a69f4fe939e5edba9ddcdcd637344696ede6246db27d1f4bc5be948245330,2025-10-02 23:23:17,2025-10-02 23:23:20,3.0
3513151,e504283c45d9a97cdded6b04a207d1d6ec17bbc5a05a6fb630da54d856b2e707,2025-10-02 23:29:15,2025-10-02 23:29:18,3.0
3513159,c03b3c1e1603c75e7bf082640e22d06f2a0d118bbe15b4459e7a4c4765909ba4,2025-10-02 23:39:07,2025-10-02 23:39:11,4.0
3513163,2b86573e344dd21116b7e66674b08eec7041931599037e5189a594db4680a02e,2025-10-02 23:46:55,2025-10-02 23:47:00,5.0
3513168,d8c455b86c23a066d4a8006dfc9abca0ac8a78b7ab5257b55712b989c1895ab6,2025-10-03 00:02:38,2025-10-03 00:02:44,6.0
3513170,dcdd92f4fa838778c0e9d189decff405b46d95edd4f8c023a7f3a8cef0f0e804,2025-10-03 00:09:22,2025-10-03 00:09:31,9.0
3513171,954db2e2fe85a6020279bd08a138ba745a1f1e509e1466d95d2f3186f479507c,2025-10-03 00:09:31,2025-10-03 00:09:38,7.0
3513175,06f5b22fe9a0a3b330acb82208d7ad1ac07876f523467111ad35f2ad63ca558a,2025-10-03 00:16:44,2025-10-03 00:16:49,5.0
3513185,bf9dd04ba0ca37e2e4ce8f9a8f4c6e9859f80ccd3e26de395dcdca187dfbb699,2025-10-03 00:26:33,2025-10-03 00:26:43,10.0
3513186,f2e4b13b332e0f399b20af2a45a36940cf684c7c336681025d78eb1e3db73616,2025-10-03 00:30:50,2025-10-03 00:30:53,3.0
3513191,73e539fddd62b4d24f930d8b110230b0dac3a93fec3de3587469ddc2aefabe99,2025-10-03 00:35:55,2025-10-03 00:36:00,5.0
3513196,555364a064d51659a78b65e9bb432265bc4828296f7180f5904be0db674560a8,2025-10-03 00:52:26,2025-10-03 00:52:35,9.0
3513198,3b9bb0159a72270243ba5aabf2ab1123de282b856a404218ef587cdf3e6a145a,2025-10-03 00:57:02,2025-10-03 00:57:05,3.0
3513202,a0ccc2ff35bff86e8e6ddb12fc76270f6af3820c8d7c3d27ab4b79b8be1cc6ae,2025-10-03 01:00:32,2025-10-03 01:00:40,8.0
3513204,672e5ca17202facdafb109c58e421e27af776dead0b7108ca71651e34de1e55d,2025-10-03 01:05:36,2025-10-03 01:05:39,3.0
3513209,53182620451e4101a693770e7d848d092243056ef7d09d0d01b1a3a9d93730ea,2025-10-03 01:15:03,2025-10-03 01:15:08,5.0
3513210,b7eee4396c4301a102f60967a006fa15bbca1bc9e6d86a3236145cc4360dc663,2025-10-03 01:16:35,2025-10-03 01:16:40,5.0
3513214,a5df816c3637c247e808d5095c33e231be745ee671f2ecb3de01ea48634a9bf0,2025-10-03 01:27:43,2025-10-03 01:27:55,12.0
3513216,67c6a8bcb87d3bc78202db8545024a3686a031489640a059ef05c04e20f85a99,2025-10-03 01:30:11,2025-10-03 01:30:21,10.0
3513221,e64fca0f465c7653b96e0183aa4c8a8be079f359166abc980d3385de7f9d442a,2025-10-03 01:38:39,2025-10-03 01:38:47,8.0
3513222,c3ca85496f7174ad0a4f7d3af09ea59e4723a297ba2b8825350c86db65ae90c1,2025-10-03 01:40:06,2025-10-03 01:40:16,10.0
3513227,bdde99ed1265282173a33f5fa60b4bcaf016e178016e13b8cfd1833d2ea2e7a8,2025-10-03 01:45:15,2025-10-03 01:45:17,2.0
3513231,65256fa5c17b6b7c7ae6bd47049fb3967096ef22ef6db9c01be50f14513908f3,2025-10-03 01:52:14,2025-10-03 01:52:21,7.0
3513233,ee03e9260e01a0eb34dedfaeebc9c07679ae53f9dd6c3cb10cc644b741def9e3,2025-10-03 01:54:49,2025-10-03 01:54:54,5.0
3513234,9f1fa2eaba927263d4ab67513268a2025240c1b7ce1c0e5de56e0279c781e0fd,2025-10-03 01:57:18,2025-10-03 01:57:26,8.0
3513239,4ce1624ffe3ac2fb7dd27094aa3a76316bd8bcbd59deeb82f43c9d0e03495743,2025-10-03 02:02:36,2025-10-03 02:02:41,5.0
3513247,4c5515dd8c73d1a303c1764889efe6fa67f90a3ba8e460126b46703623341680,2025-10-03 02:19:08,2025-10-03 02:19:12,4.0
3513250,257bccbc0dd723e245fb12091df497bfcf87e7e2094913d60fde2dc0704a9ba4,2025-10-03 02:24:54,2025-10-03 02:25:00,6.0
3513251,b04d34bca19724792b30dbb686c44b5a6111b4f753d748875b4bd01fe80a239a,2025-10-03 02:25:16,2025-10-03 02:25:22,6.0
3513255,f14d07a0f76290f48a17f745f588f12ae81f0842672f5969cb823820fd66df26,2025-10-03 02:33:06,2025-10-03 02:33:13,7.0
3513256,9f6f76bed0d85caa9d886da787b127712f6868a5f0fc674c81acb45a1b592bb5,2025-10-03 02:37:13,2025-10-03 02:37:20,7.0
3513261,cdc38ad5bea17a8f3299ca7ce41f5564f1d1fd47a439c55abd01800eabdd8288,2025-10-03 02:44:35,2025-10-03 02:44:43,8.0
3513262,1ec507704850955b866bc305a06517ff1f2eb2570e33dd8c209605c1f8ec19e0,2025-10-03 02:47:14,2025-10-03 02:47:20,6.0
3513267,309d33736ad434c3976e440ece9e9b34d549847816b8ace6a1655f7e6ed254a9,2025-10-03 02:58:35,2025-10-03 02:58:40,5.0
3513274,1e75aad501986020830be0f62415c1d9d250bf35f320f312c13f657d6fa755ed,2025-10-03 03:14:08,2025-10-03 03:14:12,4.0
3513279,f3ba026a4e7ec0144b74179933006713e55800a7cc590281642a574607687cc8,2025-10-03 03:20:39,2025-10-03 03:20:42,3.0
3513282,23f605a9d6c632441c79e10efdfc3881fde15720b3ae3d4e91b459531db15284,2025-10-03 03:27:17,2025-10-03 03:27:22,5.0
3513284,05c384d516c847bcd9acf00ab55673dbb9c276bb2389ef520c157c2543c644ec,2025-10-03 03:38:21,2025-10-03 03:38:27,6.0
3513285,77d968b79504259a113ce84c1b6e873e3200692d47fc5092eff8d654b5d04686,2025-10-03 03:43:07,2025-10-03 03:43:11,4.0
3513289,f70720b3ae97d8e0bbeca94c04557ae6cb64f19ae6d940a9628a98d7739da4f4,2025-10-03 03:45:47,2025-10-03 03:45:50,3.0
3513294,0c9d28f8f832c496eb85af056e651eb3acc02c8f776da03f99838f17ace799cf,2025-10-03 04:04:37,2025-10-03 04:04:43,6.0
3513297,7a92fe8977acaf10dfa8ddc80cbbbebb0108dbe8b31373551f4a7d64e3a680bd,2025-10-03 04:23:45,2025-10-03 04:23:55,10.0
3513299,660c847328c66e01c293a89992a6830998793ffb1bbed229f4a0108d5799ec0d,2025-10-03 04:26:47,2025-10-03 04:26:49,2.0
3513302,054fc7bab27bf22ccf0c522290b61f99a351a35442354eaa632b2a26baf33316,2025-10-03 04:31:37,2025-10-03 04:31:42,5.0
3513309,4796ed13059fefc698d740bcfb7bcc943ddab46eb4ffac28eb4e16c106bf28bf,2025-10-03 04:43:07,2025-10-03 04:43:10,3.0
3513316,97b35154c19db54a4541857e6813745821ac153a21247e996df8cf517f80dd2a,2025-10-03 04:59:54,2025-10-03 04:59:59,5.0
3513317,27d6b02f70077297f2d4a7bc1438fb68ed586c73ec0a885932e9e358d7f93747,2025-10-03 05:01:50,2025-10-03 05:02:00,10.0
3513318,3dfcccd8b3294d54609f6781f4749581a2a0f264525b5c11b98ff2d36a94a39a,2025-10-03 05:01:59,2025-10-03 05:02:07,8.0
3513321,3201f6b002bd9e1506e7b55fc42c5e47d99cf243618f75d051455e8101083ee4,2025-10-03 05:08:17,2025-10-03 05:08:26,9.0
3513322,82ce91a6bf0a2602ff2be38c4d9370bbe89b48a97f273ef939c242fe06b737d1,2025-10-03 05:08:58,2025-10-03 05:09:08,10.0
3513325,32ad640e794c9e101fc241e52bf350f3420edf6a27c44a8f252fcab40772cd2b,2025-10-03 05:13:17,2025-10-03 05:13:25,8.0
3513326,9dcd74125dcb745ddf506beeea2e5ab1d372eef93c6911225c67adee959b29cf,2025-10-03 05:16:14,2025-10-03 05:16:16,2.0
3513327,1a94921116259dfeb7851e16ab7161746111baf358c04cbf0dcbb1346b14fb44,2025-10-03 05:18:56,2025-10-03 05:18:58,2.0
3513329,2575eceb08e248a81a598d48e959cbe2f5b3c38f4a249786f3f173b3de8a74cd,2025-10-03 05:20:14,2025-10-03 05:20:21,7.0
3513331,dc4ab8109c8794ac3ac5b2c63fd66e9a98cea2d99ac75090a8a08b3be1703760,2025-10-03 05:23:45,2025-10-03 05:23:49,4.0
3513333,03d60b0d952340a475998623869a37783e4aaf93d2539d54fe918e9bc73d4d63,2025-10-03 05:29:54,2025-10-03 05:30:02,8.0
3513334,0d703ecb517563e2a422df95c7d692a9a20a66b69c1964ae8117deb4b83801ca,2025-10-03 05:30:42,2025-10-03 05:30:49,7.0
3513335,6307f4cc979d55ca3c6d798c73334d31a7aa8252c7f5d171b3b1adcaebc0f420,2025-10-03 05:34:50,2025-10-03 05:34:59,9.0
3513336,b23527c482c792216f7200d7da0a4d99f8694bc10a5130c1283ede360a353a7a,2025-10-03 05:35:30,2025-10-03 05:35:34,4.0
3513338,2d1d3f881c8d5f9b95f80f58231287916786f74289a09540a3732cecf00870d2,2025-10-03 05:38:38,2025-10-03 05:38:40,2.0
3513339,d64be5cf5143235c848e0f3e41caabc7df303d78689bc77d99a37e31fef0d100,2025-10-03 05:38:48,2025-10-03 05:38:53,5.0
3513341,93780050733d470ee0db9a3cb693f0e5a4e8bc0635b61822b21c3d5bd7ac0831,2025-10-03 05:42:10,2025-10-03 05:42:12,2.0
3513342,59148fcca9d126f0acb34b1a6acd3a0ce19dbc66c1201c5c53197917934f484d,2025-10-03 05:42:20,2025-10-03 05:42:25,5.0
3513343,8da4461c4402d444c0f23a46fa9095823c3fdc207a10ac7bd9ca73a044d9b86c,2025-10-03 05:43:28,2025-10-03 05:43:34,6.0
3513345,40269e39114dec8150d2117a48a742d3f52203172fb6c3ab32c5ed1b1fa48875,2025-10-03 05:47:25,2025-10-03 05:47:28,3.0
3513349,dc121ae729bd2e6f506fdaf8321b377aeb387db00d43fe983d2eb9aea8874af7,2025-10-03 05:51:47,2025-10-03 05:51:52,5.0
3513359,1e048f85890c688bb47368d6fc3d1e50ec87a72457b49407253fc384619ef6e2,2025-10-03 06:13:53,2025-10-03 06:14:00,7.0
3513366,c03a4bf30ce8a022a5cf0c8417b17d9e35ac2c125e6808c7de54e2d0b887ca20,2025-10-03 06:27:30,2025-10-03 06:27:40,10.0
3513370,f918bf6733bb3164e776613894d4568cf456fa687c8c0d41deeaca1a75aceced,2025-10-03 06:35:57,2025-10-03 06:36:05,8.0
3513371,af181a1ce9e5d4bd0021126bc8752e451f858c11107db45f9960fccb90475d6c,2025-10-03 06:37:01,2025-10-03 06:37:06,5.0
3513376,7d6e2e7df499adb5d45a3e71b7ff414a0e15a2b00b712d74b396b70a29b13728,2025-10-03 06:44:11,2025-10-03 06:44:19,8.0
3513378,d3838359225d4ca36cf2c20282d266a53fdb0611c0f52b7f9c9c40ece2dcf7ba,2025-10-03 06:48:28,2025-10-03 06:48:31,3.0
3513386,e13ad339352965643f463b8b2187d332637d4dd05603e66ac58731434e39d435,2025-10-03 07:05:38,2025-10-03 07:05:41,3.0
3513390,733ab212cee7f73df0f1bfefd5d4010c6707abb2523d68265548e50de9ffdf2a,2025-10-03 07:15:29,2025-10-03 07:15:31,2.0
3513393,712466a54e20e7aca888db66e0f32c989a6fbba9d3becf88bea3c62d0b59007b,2025-10-03 07:18:15,2025-10-03 07:18:21,6.0
3513395,55db7556a79aaf774d050352dbfe731c96026e2b687285b0fcb2bd3bcdeeb78b,2025-10-03 07:22:27,2025-10-03 07:22:33,6.0
3513402,28f046353674aafab0d2cd472632ace04a44df76987a3cb5dbc9acd661870df3,2025-10-03 07:31:09,2025-10-03 07:31:11,2.0
3513406,92b327456f36f7e80ae18211d350ea4b85f41416cc4ec07fae6055d4d19f9e99,2025-10-03 07:36:17,2025-10-03 07:36:19,2.0
3513408,9c5f7a8573f1e2b531b760a7d7686162754884e2ee138adbcfdd6bcc78d7d20a,2025-10-03 07:39:09,2025-10-03 07:39:18,9.0
3513415,19d58ab1390fdc8d0e762258e0a5ba909bc8a2382e90f8ad21ad6a8cf3bcbf15,2025-10-03 08:02:56,2025-10-03 08:03:01,5.0
3513420,f0d3714bc45c5c455ca2b1303cb146235af64074b537377477a1f24f8e9ad0cf,2025-10-03 08:12:41,2025-10-03 08:12:44,3.0
3513422,15a0bdc402c3e1003d09d8401077dd2cae3887df9fbd8ccfe3f835850788e6df,2025-10-03 08:13:05,2025-10-03 08:13:13,8.0
3513426,454ccc4b883b47d9e86e33ba5cfc1a609b71c405b65c40b2efc36d465781b76d,2025-10-03 08:17:03,2025-10-03 08:17:11,8.0
3513430,bb57515fcdf59e836e54ec3e91609a8b5a234b6d4380d114b13b1b07d5e98f97,2025-10-03 08:20:17,2025-10-03 08:20:24,7.0
3513433,fe17c765da40825da983d7caa39c7e0cbab892a69188f880b0e752a95038d39c,2025-10-03 08:24:55,2025-10-03 08:24:57,2.0
3513435,0fcd1657daee9eecab773806d96436e549ae8ad5fb019cb8444787c430d16283,2025-10-03 08:28:21,2025-10-03 08:28:24,3.0
3513436,2f2007307d2326111646f7e150182492e5cd510a7e265f4ad1690c0f17417a8a,2025-10-03 08:29:05,2025-10-03 08:29:09,4.0
3513437,e1dff0789ed28fdb003df1cd1bda878537cf801393df311a0de6c53bef53600f,2025-10-03 08:29:18,2025-10-03 08:29:21,3.0
3513440,a62dafbac0e4980c143333d1d08efb2fcefcd107b0ff1af50ca70ea804738a01,2025-10-03 08:30:21,2025-10-03 08:30:26,5.0
3513446,cdf6ba1c484051c24133ac260b7ce969196c97f72c2b0178c1c3c04c1604ae8b,2025-10-03 08:40:26,2025-10-03 08:40:33,7.0
3513448,e9402d8d6ad325daae5ab06dd6ef0f3a8ae4d4face7903b798935542317720af,2025-10-03 08:41:26,2025-10-03 08:41:28,2.0
3513450,5345ff2aa20fa44ded5a13b8979c7889e6b5f865c6e77ad63ce8b7cea4968649,2025-10-03 08:45:37,2025-10-03 08:45:40,3.0
3513456,8e899a29b9a111f01042b9d33384eea0e02b1005874916b6626f843ebb5a23ca,2025-10-03 08:56:04,2025-10-03 08:56:05,1.0
3513458,b9566adb6f12d0f1ba72f1bfe7bb0bff618deec64577fbe387465fcdf8daf70e,2025-10-03 09:00:32,2025-10-03 09:00:35,3.0
3513463,d4a6de89dc3e986e7fb38ba1081da634f2c9e2c8bf96033f77bf143ba6a399a7,2025-10-03 09:03:42,2025-10-03 09:03:51,9.0
3513467,55a30413005c26502305701ec8504e203646c01a66a4d783e7eb81340e75e55e,2025-10-03 09:10:47,2025-10-03 09:10:49,2.0
3513473,31185ce736d1b64c7e43ccd9e7072dab355b4668d0350d31c12bc91726e89f2a,2025-10-03 09:20:26,2025-10-03 09:20:30,4.0
3513474,512bc30351238d66179c1cc09576197943c93d0e0a0881c7c785796fe1db3a0c,2025-10-03 09:23:50,2025-10-03 09:23:56,6.0
3513475,7a86ae9610315823ee444a63ded1062f36b2fcad616cf53db484d2017e79fdaa,2025-10-03 09:29:16,2025-10-03 09:29:25,9.0
3513495,d1fa95348d09d3105ef8af0cda09d4958a61f47607fd17196f2093dbb9172626,2025-10-03 10:19:00,2025-10-03 10:19:08,8.0
3513501,4be0afe500440376323bfbb9763802c52a1f600d8c9cd1031a7a7adc46175fbe,2025-10-03 10:34:30,2025-10-03 10:34:32,2.0
3513504,cbae231a8ae037faf329529bc0d8fda2d445b29e191c1775f67f3497234e6621,2025-10-03 10:38:05,2025-10-03 10:38:07,2.0
3513514,a2f9ad53dae6fc82c3710f6935dc5db8d362839ef1a1eca0c81261d90464d6aa,2025-10-03 10:59:43,2025-10-03 10:59:45,2.0
3513515,c4202bab141784cfb88b0a9931a4b6705a746bd2466e1b77315270c186cc7337,2025-10-03 11:01:21,2025-10-03 11:01:28,7.0
3513516,b30d821edadd6dd14a7ac786d0104cd7fb82847d6a8b9b535dcf2fca9d433f9d,2025-10-03 11:02:16,2025-10-03 11:02:18,2.0
3513519,548cbe40494beba3166df64979076e9aafd5d5cc267279e8617dfb2a5ebe2022,2025-10-03 11:06:06,2025-10-03 11:06:13,7.0
3513520,698fa60010fc756af65d2c4dda567cf5decaa47ee1e5bdc39cf2634398864537,2025-10-03 11:06:20,2025-10-03 11:06:29,9.0
3513524,8e6da399eb091c7dbe543a3a4b29d6d9497628173f47428608e83f3652b91a88,2025-10-03 11:18:53,2025-10-03 11:18:55,2.0
3513532,a4fd9435d6e63217daae0f4448e12057672eb048a0468b05d84412f5859bc1d1,2025-10-03 11:30:50,2025-10-03 11:30:58,8.0
3513533,8a797b494b8f3f0809e19b01ba6dd28f8f2c730496aa055bbbe28a46e1f4bfdc,2025-10-03 11:30:58,2025-10-03 11:31:05,7.0
3513537,fe2c6b3e7bce57cfc49de901ca48cf4cf367b9aeea54569ac0508638229cdb10,2025-10-03 11:35:04,2025-10-03 11:35:09,5.0
3513541,6c7bc0870332c335358ac13a6692b1ab0eb0e2f8a446b45bf38eba71475b9ed7,2025-10-03 11:45:10,2025-10-03 11:45:13,3.0
3513552,3e6c60df3e87311530e1048be2808f3ced1cc659c08d0f74b6ab19a4fd37d8d3,2025-10-03 11:57:33,2025-10-03 11:57:38,5.0
3513556,2e9612e2fe9f6a46b14637c92fe46194d8b27e88e322eb5ad9f288b53df2ab18,2025-10-03 12:09:17,2025-10-03 12:09:26,9.0
3513557,6409fb1d50b1ca94ff96c73257f7d9414cf0ec35c8d2f6b5888afd3fa5973336,2025-10-03 12:09:42,2025-10-03 12:09:52,10.0
3513566,f231d3c92a3103649dba97a55dae572c17cdcfe2f70285ae63de3b68775b6316,2025-10-03 12:37:08,2025-10-03 12:37:16,8.0
3513580,4103f1d51d5947eac797f3f1a9ed825e8dee66b7860be6850e739869480f7d19,2025-10-03 13:10:13,2025-10-03 13:10:17,4.0
3513581,bce718d83d3d48e2daa833ac801c556d2097160541cbb84c4a29999400923435,2025-10-03 13:12:24,2025-10-03 13:12:32,8.0
3513589,105afab54e7a649c8621afdd21cc39aadbf84c98a35e604e27087a3cf3bad686,2025-10-03 13:41:10,2025-10-03 13:41:18,8.0
3513599,b916656cbc5978acc7fd76ef3511eb264489453cbe4c7b8cfdf152c988e0278e,2025-10-03 14:00:17,2025-10-03 14:00:26,9.0
3513604,69b10a4d24546eed45788092d44e54be80d9661147de38fb791ed4aeebe75938,2025-10-03 14:11:35,2025-10-03 14:11:43,8.0
3513605,37a33139bbb0e772112a9d5292f47988dbeb36fb99d825bbb0d4e02172975ea3,2025-10-03 14:11:43,2025-10-03 14:11:49,6.0
3513611,33838474057f12f9bf42a19bd4f583fc8c9acf2fd09cfecee0471889abe3e317,2025-10-03 14:28:15,2025-10-03 14:28:23,8.0
3513612,b1e060188c133f473d89b07fec0aee4b5f19357b0abeb6a4651823681f70fc3a,2025-10-03 14:31:34,2025-10-03 14:31:40,6.0
3513624,df4bd9316ccbf316b52e55047c2d9387faf40a700068a962678857c9af4ad221,2025-10-03 14:54:52,2025-10-03 14:55:00,8.0
3513633,13042ebf4f8b97f0910643b4778c03793214ab6ac888e1f7687c83fa2034c097,2025-10-03 15:23:32,2025-10-03 15:23:41,9.0
3513634,49c195740649df1bf56b63010e1ab96dcaa2bf2ae51cd8d025e809e20459c294,2025-10-03 15:25:40,2025-10-03 15:25:43,3.0
3513638,19d7e830f4326da675953d729285e05037ff084efedb25f56f532e4964e8665c,2025-10-03 15:29:21,2025-10-03 15:29:30,9.0
3513645,32293602b78a6a778777a45050899baabc428de0d14cf691eb4c7e9b8ee74306,2025-10-03 15:51:24,2025-10-03 15:51:26,2.0
3513652,8ba8fe1aa3c989f4e437206bc8545ff6efdc0a5210615349025ae5a6a10891c8,2025-10-03 15:59:31,2025-10-03 15:59:38,7.0
3513665,0bbb9531005cbbb867149e78d93480cb67339f25462bf9f7df5f51941034aaf2,2025-10-03 16:20:04,2025-10-03 16:20:08,4.0
3513666,eab4b92ef37416834df08261df13f76e55e4fd3c39d4f417154e2dfce2c22ff0,2025-10-03 16:20:07,2025-10-03 16:20:11,4.0
3513674,cf8cdcd435c62ca98b42f23d4ab3690a22c44893d27968e4570804f83df3405a,2025-10-03 16:44:04,2025-10-03 16:44:12,8.0
3513676,f50906bdf27a2c9140aacab8471a9c93eb7845ab68bd9b308bcdead9b36e5909,2025-10-03 16:47:03,2025-10-03 16:47:08,5.0
3513681,72f522c06ca7b5459801d6a41cddacb1451ff51485387ea3958fa9983e46ff7c,2025-10-03 16:53:47,2025-10-03 16:53:49,2.0
3513698,7bfd39e5edee445926027260440136063a66a0add4be3676f82568ca5fb7a3da,2025-10-03 17:41:59,2025-10-03 17:42:06,7.0
3513701,bc9818fa11951acb4c81b6796e848242819c895b06da114532654ece81e71df1,2025-10-03 17:45:11,2025-10-03 17:45:13,2.0
3513704,0d0d69f5688bcfc8ceac259b042f7234b61e667e1f8c6cc42cca5bfd333459ae,2025-10-03 17:50:50,2025-10-03 17:50:56,6.0
3513705,99827c6d1406bb1440f73a4cb7adf070bc143d289418ec633f02c32c11864038,2025-10-03 17:51:11,2025-10-03 17:51:17,6.0
3513711,2d96ac959b7e57f97371462d76aa92c42571ce0f84cec3966094886ae664e8af,2025-10-03 18:05:18,2025-10-03 18:05:24,6.0
3513712,0270ec573be9e67278c5044f8605595831459f661b2e0f0fc54b6edda53707a2,2025-10-03 18:05:57,2025-10-03 18:06:00,3.0
3513716,511d7267bacfe219fe824dd61832b40fc562091139d22fd76e38b76fbfc193d3,2025-10-03 18:13:14,2025-10-03 18:13:20,6.0
3513722,2a31d153071058f29f4c068eb4552866bd22c7921283bb3285013d2b16eac94b,2025-10-03 18:27:24,2025-10-03 18:27:27,3.0
3513728,62f40467d13a1421f5e390dc12767c718f6346d750cf2f796fdb4e8025250c69,2025-10-03 18:44:27,2025-10-03 18:44:28,1.0
3513738,35806e693fc0aef753204b679f283b973279e9b330f4a67fd60194f806a5c48c,2025-10-03 19:16:12,2025-10-03 19:16:16,4.0
3513739,f8ab47647e0ae8a67c3189b2bc6a9711838474481c7ef25a79a312d9416c3d4f,2025-10-03 19:16:31,2025-10-03 19:16:37,6.0
3513741,1cc45ae786d496bf04254c1a53d4cf81d9aaf29eb52414bd72eece83fdd7694d,2025-10-03 19:18:58,2025-10-03 19:18:59,1.0
3513742,1c5ec2578b57808dfa12c9da0bb20bf29a3bf53faae15d8c453a3091e6ea34ac,2025-10-03 19:19:55,2025-10-03 19:20:02,7.0
3513743,86d87f2443e2a9d175240cf3ec9cc2f594c8852bd8e3e8ca36cc641dbe4c7e53,2025-10-03 19:21:05,2025-10-03 19:21:09,4.0
3513746,db90746c3a9431f1def29ba2c4d2b3ab7b53b80c406dc2a8f017b3d73f1bce60,2025-10-03 19:24:20,2025-10-03 19:24:28,8.0
3513756,b52699847f5d18d86997566072424ebb42950ca5a88681351aba419c35cfe62b,2025-10-03 19:47:16,2025-10-03 19:47:23,7.0
3513757,4ec1712e11ad2bed21207a5c49d945c68dc7ee45034fa8d94315b8b3cf6b0c50,2025-10-03 19:47:47,2025-10-03 19:47:53,6.0
3513760,6f9aa4a334bf9b4e309c6f28f119efd2488efb6d23ee5d8f0b82939caffcbf5a,2025-10-03 19:48:54,2025-10-03 19:48:58,4.0
3513771,e3df113c4ceee2732d894153bedcb754b1488c452fdd919d8b7aed18955b41f1,2025-10-03 20:10:16,2025-10-03 20:10:20,4.0
3513772,19260c8a2a0a2680484d0a5e5936ed13ba2c4a0d7d5a2d38e16a2af10b4582df,2025-10-03 20:15:57,2025-10-03 20:16:03,6.0
3513774,db108ee7a7cedd593d9e9606786262301343f67b2a30d930416ae7fecee7fef0,2025-10-03 20:18:01,2025-10-03 20:18:05,4.0
3513775,32f21be337ccd8b546f519d741e2f3121f12280435165c8c02c8b0ffb297cae8,2025-10-03 20:20:45,2025-10-03 20:20:49,4.0
3513798,5aaafca06a0b08952f87cccbe765cdddcf62d70f4765d2eff985141a7a7f8dda,2025-10-03 21:09:35,2025-10-03 21:09:41,6.0
3513799,3cd23c6a6bffd52bf544b910ce3b395e0d61b60c999a0421610dd3f245999400,2025-10-03 21:09:50,2025-10-03 21:09:59,9.0
3513807,856090f03567f440ba7180827b05df774d2b2e0d55e5a3c90f255753804999f2,2025-10-03 21:29:28,2025-10-03 21:29:34,6.0
3513812,a2bb510e90a29aee8acb80ec2d31f4015317f2e79510ee4173906e7b8ecbc3dc,2025-10-03 21:32:25,2025-10-03 21:32:28,3.0
3513827,2db61d93ef0610e02c3f9328d792ac7ab2930d28acc18dae4200211fbee40cc7,2025-10-03 21:59:56,2025-10-03 22:00:03,7.0
3513841,bd2912c27b7fd8f86af1dbc1a6ba7638cfa42fb090880006e1cf867cee4ee61e,2025-10-03 22:21:20,2025-10-03 22:21:25,5.0
3513845,176fab29ce567f59bc13af98a44270dc8853fcb9abd17db3c5c11ebf5fe7e011,2025-10-03 22:26:57,2025-10-03 22:27:06,9.0
3513846,2471131761964e2ee5683117842bce388191414157b3ae6e41b80de16f4a8fc4,2025-10-03 22:29:38,2025-10-03 22:29:45,7.0
3513854,2f1698abc43695ea7a5bda2522a781debb41aeeee5d382f913cc8312c64346c6,2025-10-03 22:51:33,2025-10-03 22:51:39,6.0
3513855,80c3735d9dd47c712ead0c90d4c184a1edb399b0edae217df8823fb123030f32,2025-10-03 22:52:34,2025-10-03 22:52:43,9.0
3513857,ff86e5b8d4cde126ad37324b27302f6ed8ed2f8cfe1c6a6987296232f2b0a2ca,2025-10-03 22:58:13,2025-10-03 22:58:22,9.0
3513858,0fa2aba112a9915c65a989e5c96256bd4e1b048c0c5a165a74a4f9834ac00041,2025-10-03 22:58:46,2025-10-03 22:58:49,3.0
3513877,86cec7b0e555ec307c03bcea1b568977614326b2fbbfa679d6bcd078f2316854,2025-10-03 23:47:08,2025-10-03 23:47:11,3.0
3513879,7762a2c02b410ade20887850179c22c3accc9ddbc5d20c33e4d0790d2745f563,2025-10-03 23:48:45,2025-10-03 23:48:53,8.0
3513880,6f21b146247ba0078f29377fb2ed838f7d8d5e30df3804c9b8663b05bcde9c3c,2025-10-03 23:49:01,2025-10-03 23:49:05,4.0
3513881,e738517f90180cf4673c901e30d35ba85f3388440c6ec39bb4df8455cdb0fb19,2025-10-03 23:50:17,2025-10-03 23:50:25,8.0
3513896,a50c92cb4ec5632fdd702280cec58d2c2889b0a617cd93b9df9b693a9285a1ab,2025-10-04 00:46:49,2025-10-04 00:46:52,3.0
3513909,ca1743563e42caba350ef72ec2b2d9691bb249629362a4739dc3e6292440a0d3,2025-10-04 01:44:16,2025-10-04 01:44:22,6.0
3513910,dde9943cbbcffc618bfa447640c7fc34b03e97e8ec4d568e4c23463d3e0f2a3d,2025-10-04 01:45:01,2025-10-04 01:45:09,8.0
3513915,cfa29d54d3bafe38a949999c08aec6435a42933fdbf5686ea0c5e62c3fa4b4ca,2025-10-04 01:54:46,2025-10-04 01:54:52,6.0
3513924,ab4a2daa365c8078d7b003e09278159cf92003c3c277907208c51f67f87db16d,2025-10-04 02:06:39,2025-10-04 02:06:43,4.0
3513926,5b3801bbd3b2f28365f438864a72417e5af330d49c77102f5f3613d7000cd812,2025-10-04 02:10:48,2025-10-04 02:10:53,5.0
3513927,01909956711bea3f62d5abc7eaa3837af327ed567d074c6425ade59725ac352b,2025-10-04 02:12:28,2025-10-04 02:12:35,7.0
3513931,ad1ccfd8ff0ee7dfa2b880f676ceeb7c2009d50ab5fe068704bd62056f414073,2025-10-04 02:16:23,2025-10-04 02:16:26,3.0
3513946,b2ae2ec92560bc48a39394979862dbd569b455cf7ec2e0d783e1759f9a696fbf,2025-10-04 03:02:07,2025-10-04 03:02:09,2.0
3513948,94ebf26f2a194dcb1ec50cf4ef6d824a3e41b4c05aace855e1f27fa06be28795,2025-10-04 03:02:59,2025-10-04 03:03:05,6.0
3513950,ab9c13e63246aec8d6a532d4125c667fe1075f575c73cfe12fbb55814b5e6590,2025-10-04 03:06:05,2025-10-04 03:06:09,4.0
3513954,1ec3ee055e447047827c36c2e9450d7795d8babdc5f8b8438d9c8762cddaec8d,2025-10-04 03:22:29,2025-10-04 03:22:31,2.0
3513958,2a925f6b9168ecf76f9d468fa951f0b0726f5afb0f33cb888c759bbaadb4c39f,2025-10-04 03:29:35,2025-10-04 03:29:39,4.0
3513962,615fbddadffcddcfc2e3ba05f7eeaf26619c19cca0744de626fff81dcd0fc7c9,2025-10-04 03:36:05,2025-10-04 03:36:09,4.0
3513984,0de6aa5f168f1231b6a216b2923c899e9d1432060d97a070366e9039efeff426,2025-10-04 04:33:49,2025-10-04 04:33:52,3.0
3513988,658a2baaf49e3d2e3f2d232ff6c823bac7f2c275eef7b13577c68614bf98149c,2025-10-04 04:36:04,2025-10-04 04:36:09,5.0
3513991,c6aa4863d00816f17252785759e638751863a277f1152095182d193f325b9a22,2025-10-04 04:42:49,2025-10-04 04:42:58,9.0
3513992,d9d71d93bce70bbf310ec1f0f8f3cfdf17e9ab0d6cae12dd2339df9d553ca4af,2025-10-04 04:43:46,2025-10-04 04:43:53,7.0
3513994,404e0fe5b2816bf174da98c7d71c4da0d694b0e17f8d87251729aa3a7f8a5d72,2025-10-04 04:47:21,2025-10-04 04:47:28,7.0
3513997,e09926673ad762c5061b2b2af756a3ecc30ec1a689635142e7670776597eca9a,2025-10-04 04:54:36,2025-10-04 04:54:40,4.0
3514002,1c1a71f6869ab8c39546274ece6a85391b80525b3268ff063be30bc7e52c9cf6,2025-10-04 05:01:14,2025-10-04 05:01:18,4.0
3514021,5f2304ead241dab1c022179a8f5efe6c0bbd79985227ea53ea2f7e3b60c963f5,2025-10-04 06:07:15,2025-10-04 06:07:22,7.0
3514022,dbbd3bdde617fd0e4f38855e19acf7ddc2cc0c420532336c1ceb868d9508868f,2025-10-04 06:08:49,2025-10-04 06:08:52,3.0
3514036,75454c9ba292c9b6eae1120dafbcc9d2434798aafb8abf3f1bcad0fb3a93ab73,2025-10-04 06:36:37,2025-10-04 06:36:46,9.0
3514037,1555832cd9e6ecafd17ee97f3d15ce932297ded3b4176a9ba33fdcaea0164acf,2025-10-04 06:41:34,2025-10-04 06:41:36,2.0
3514046,4d4422b0024f8e37e6721834c3eabd005969c9489a091846fe87871422b21fa6,2025-10-04 07:01:04,2025-10-04 07:01:11,7.0
3514058,d55f4a37e9768fdb2b5b659580767c5667c228d67505454109c6e2c2a0a4fca1,2025-10-04 07:36:46,2025-10-04 07:36:52,6.0
3514064,6ffdef586c49b2299c67daed08fff80ba1a27b8c16c3186bc9735e7879be839c,2025-10-04 07:55:18,2025-10-04 07:55:21,3.0
3514065,ed82fb1d7895eed63316f2ff80ce6fb4368cb5317e67045a19c023a15f55b603,2025-10-04 08:03:53,2025-10-04 08:04:02,9.0
3514073,abc143d896a217d504fa1837a48c98978c60a5655952d8b6434e5cc35215d2c2,2025-10-04 08:21:28,2025-10-04 08:21:32,4.0
3514075,62a3bdc4f19d2e96515d53116fd24ffc976fe92a1148685d7c275051a8129033,2025-10-04 08:27:20,2025-10-04 08:27:25,5.0
3514079,2f009b03c81f0f2ad86f529fcde2cad205d895f539de3c936ccba8e61ec87ad0,2025-10-04 08:32:29,2025-10-04 08:32:32,3.0
3514096,2a28b59e1906f248813a9c8616cb72c361c6f35b40f582badb6c46d66f85eddc,2025-10-04 09:12:45,2025-10-04 09:12:47,2.0
3514117,3a5ff83cd6d6c3881f9b60abd48642fba07199f5d285a03d0155769eaef2c257,2025-10-04 09:42:06,2025-10-04 09:42:15,9.0
3514119,45e978d94913fb77ee13bafd6570fba2b7c80f96ed9aeeaee84d705dc47cdab4,2025-10-04 09:46:43,2025-10-04 09:46:50,7.0
3514126,72cc4e2629ccfdc80f82adace43f85521ae39327ed8861ae39779e077c9d7f45,2025-10-04 10:12:29,2025-10-04 10:12:31,2.0
3514130,ca8331d67b4fec86ef0bc7ae2c45b4515123534e487f7c299fd27defa2002386,2025-10-04 10:16:57,2025-10-04 10:17:00,3.0
3514142,9062af55eb5d01a38a9dee612da4338ca79467da0fa17a1a7490a1480b4d32e6,2025-10-04 10:34:43,2025-10-04 10:34:47,4.0
3514146,8be9b381957cecd6884f7fcaeece2401c774056b36576d442569e1ff8e993b69,2025-10-04 10:43:13,2025-10-04 10:43:16,3.0
3514166,1a98f9a5723b88ca5b42972a9f016663b817f5c72e15d14a4c16676c87035590,2025-10-04 11:34:30,2025-10-04 11:34:37,7.0
3514167,149cea787f60bb2093ad7214a295fa423a2c3107f26bf67e016453a6a9f55495,2025-10-04 11:34:52,2025-10-04 11:34:58,6.0
3514168,c2fe2f1a50532f87f8dcf36029da006c9a25d1b5b2455bd10e8116bbb9428a6b,2025-10-04 11:37:13,2025-10-04 11:37:21,8.0
3514169,38c6d4ccbf9e69c2e9fdb689ad6b9e53c884b5f303d0d65a9e5f2abd0e139177,2025-10-04 11:37:44,2025-10-04 11:37:54,10.0
3514176,0549c31058ab7c699a96029cfbf955e32def545a45f1e53905267c75bc930272,2025-10-04 11:57:10,2025-10-04 11:57:22,12.0
3514177,ca657eaee8351fea28773712d7371cd44d6ac05bf4753f1d87f8cde90434b117,2025-10-04 11:58:38,2025-10-04 11:58:40,2.0
3514178,8e2071870a88eed2c669c378cd0a53974a67730a758d65d821e3e185883e86a9,2025-10-04 11:59:03,2025-10-04 11:59:06,3.0
3514179,f19b6c938f11f0eede691635266d001de63836ec47fa26d37235abbe36d6045d,2025-10-04 11:59:45,2025-10-04 11:59:51,6.0
3514193,a9d2209b899e78c16428a1d04b2ff01438ffcc4afa35e0db0a4977a6dc2b3cb4,2025-10-04 12:29:35,2025-10-04 12:29:42,7.0
3514196,0ba9c72d90010ae3d6837df97a72d268fca1df25e16b63bab7bca005ebbb9bff,2025-10-04 12:31:44,2025-10-04 12:31:46,2.0
3514197,bf76bece41a5ff432a2813be9e8daedd90366f51ac058f35fadad757467be00d,2025-10-04 12:33:06,2025-10-04 12:33:12,6.0
3514198,c63c20732e3e23e96a6c4ba0c4960a1de6d0f622533921d659f0687056fa1f07,2025-10-04 12:35:20,2025-10-04 12:35:21,1.0
3514204,2491de11a26f5cb8badf81f7466512382fc362c57253071528680a85d3920c68,2025-10-04 12:43:37,2025-10-04 12:43:46,9.0
3514213,0bce1ea428cf46058b2fce35e85c9dc1d824a1706c84050f393347b450cddbd7,2025-10-04 12:49:34,2025-10-04 12:49:40,6.0
3514215,63c7f64ae653716d12eb34e0397c3fa3b9280cba602fe1a74b68d837218ea285,2025-10-04 12:55:25,2025-10-04 12:55:28,3.0
3514217,2872ed4b800e35ab974da1a79d05d7d3a6a5aa0733cbebc1d548ae6910ee7458,2025-10-04 12:57:28,2025-10-04 12:57:31,3.0
3514218,78fff5aab41d380fd4957971ee4f1b1fea6a427af34e2c486ad7593693f69d0a,2025-10-04 12:58:35,2025-10-04 12:58:37,2.0
3514219,820a63f34c14e03967903953db534e221f50e3c99d5f4c1b79704b8de504e9b9,2025-10-04 13:02:52,2025-10-04 13:03:00,8.0
3514223,9aa8d5d18e59dc982a5b5e62616448a889c9748493aa60f587c69db0e867fbff,2025-10-04 13:06:49,2025-10-04 13:06:53,4.0
3514224,24917fc2238df0efc0a26fdcc9b88b7e5d6ebea13452518f03004ddb949dc07c,2025-10-04 13:07:24,2025-10-04 13:07:26,2.0
3514236,2f48cfbb6a468dd439539f1670b5d0d58d93f52c9086346f3177fa3f8d74dac2,2025-10-04 13:32:13,2025-10-04 13:32:21,8.0
3514241,875bbc85846bf06b1852c18253753f1c0087f22488c923073857d8ac03b35791,2025-10-04 13:36:01,2025-10-04 13:36:06,5.0
3514242,af6e86a9490c9c1604013fa9dc3077e2784eccd8d0175df61558984b8e6d6cf8,2025-10-04 13:36:46,2025-10-04 13:36:54,8.0
3514248,b6000c4863ea3bc77b2d934ced64d0bea955fab81e608f08072df8174082cb15,2025-10-04 13:44:04,2025-10-04 13:44:08,4.0
3514256,d87e6c3455ad54d5643e29eae10d83223f70bf080edfb0af67f7a8a48575d82b,2025-10-04 13:59:24,2025-10-04 13:59:27,3.0
3514266,1a4393e3428ec12ba6e94bea2f99db2c5a89e30d68421598447d6e345c02ddec,2025-10-04 14:15:50,2025-10-04 14:15:58,8.0
3514268,6d8d5404ea87fc6d4384b899a475ebcd95907476529d507d762772f13bd56f9d,2025-10-04 14:18:14,2025-10-04 14:18:20,6.0
3514270,267bbd8ad71a233c1f83e3ab65f95b5aace37209d774f3ec8f84de7c54eac60d,2025-10-04 14:19:14,2025-10-04 14:19:23,9.0
3514272,01b7891167c02236d03e7137a16c7e3e870237806262d2c2207c6cad445b8e75,2025-10-04 14:25:23,2025-10-04 14:25:32,9.0
3514273,354698262e39391af041d6663cf10a65c2cfab0be11bf3fd61d662a988bdb224,2025-10-04 14:26:19,2025-10-04 14:26:25,6.0
3514277,464c88f25b5a8f5561762d5e050c07c1cc4645947cb23f2e74564d9d12976870,2025-10-04 14:34:29,2025-10-04 14:34:32,3.0
3514279,9b615723426f01da0a7138e4e8b36ab5f49d4939b97c919c7c4fbf607e2f3349,2025-10-04 14:37:25,2025-10-04 14:37:33,8.0
3514280,43b02615bcf0d62e3949952535bbff2ff95578a2d54ef84d5ea99453743f9532,2025-10-04 14:40:28,2025-10-04 14:40:31,3.0
3514282,7557d963e043f3cb5b54f4d93e459fe6db9764f0f898dc335a10f223901152db,2025-10-04 14:42:08,2025-10-04 14:42:15,7.0
3514289,3c750a3eb08e1269e6a86786e532bb8660a20c7bd2da7fab06ae629c33a800c1,2025-10-04 14:51:03,2025-10-04 14:51:12,9.0
3514292,08e8fa6651e0e8e4090e1e91a6f5006cb658c5afd16182503ee6ee45142cde0e,2025-10-04 14:55:31,2025-10-04 14:55:33,2.0
3514295,494919988ede3427c5d8a2e56c4ff4da0f262b42dfcfefa8e7091fc2f6a8b198,2025-10-04 14:58:11,2025-10-04 14:58:14,3.0
3514298,258e9052fb788f3921b6cd68be499a1729140457ccea8d0d7531ee39e455d245,2025-10-04 15:02:33,2025-10-04 15:02:35,2.0
3514299,0cb1255b02fc1decc16e78a8807462201c37cdd0b5b013bd585634f9d0ca1596,2025-10-04 15:04:42,2025-10-04 15:04:46,4.0
3514304,5a41c86f1d91e6143640179d52f981ee0a80e99393c19800a2283b1e00797e61,2025-10-04 15:11:39,2025-10-04 15:11:44,5.0
3514312,1ff3a9e7d6ff665f5a5637a5fd8cb39ca53bc183154432a1099158fa006a5064,2025-10-04 15:24:23,2025-10-04 15:24:26,3.0
3514316,d43fbbfeeae2dfac38578f41501a4f01c82c781bef6e259ef0339eb9369d06f4,2025-10-04 15:27:35,2025-10-04 15:27:39,4.0
3514320,5f58cb80baca5ecaa21db8f73ce1d04c6056778e086d778d21d36f6eb5d4f82d,2025-10-04 15:35:27,2025-10-04 15:35:35,8.0
3514329,d03e9b6a000e825ededeb87dca1edb1fa75b68934e755c18b37ca01f3e06c680,2025-10-04 15:55:06,2025-10-04 15:55:13,7.0
3514330,26353abbdacd8c13bfcafe6720dd2d1622d757266968cfbcb3049b9c5a06b4bc,2025-10-04 15:55:53,2025-10-04 15:55:59,6.0
3514337,9402594cbe597a394fdbfa8f7cb4240fef5cd7cb989c1490c79a65df675f9672,2025-10-04 16:05:39,2025-10-04 16:05:48,9.0
3514338,4e888fdae71a8537c32924fcb36c7ee90bc1251d8fc57f97bc885a26d1fabc22,2025-10-04 16:06:19,2025-10-04 16:06:28,9.0
3514340,8b5b555021cc6af26f5d50c1f381e4f40e55e236a4f83e1b0cf00056eb18e519,2025-10-04 16:08:57,2025-10-04 16:09:04,7.0
3514349,2a52cec75fe84842e22bc601ab10e5730cd942e0e9e9b990780292042bf4e164,2025-10-04 16:17:09,2025-10-04 16:17:14,5.0
3514350,abe9eb7692b53af722c23380d433e13c3a77ea442ec5e52de7fa90889789405d,2025-10-04 16:18:02,2025-10-04 16:18:04,2.0
3514354,1af89ad173ff1724b85d0ecb4501b0e7b9efcf7d01b7e066def3840ae3f1f516,2025-10-04 16:25:49,2025-10-04 16:25:57,8.0
3514355,7c430b7553b6afa029455852180e6cbfb06e3d537351548e95f23d8acd5f7c74,2025-10-04 16:26:28,2025-10-04 16:26:33,5.0
3514363,c8b6ad275579bc8bdd5a11c122ccc60ab127c76b61b27da4632cf1f70f42e73f,2025-10-04 16:33:42,2025-10-04 16:33:48,6.0
3514365,6642632aac2c1e9fed57f8c092447caba356f4935129db0633ac4c5a6187ba4a,2025-10-04 16:36:04,2025-10-04 16:36:09,5.0
3514366,52d13e414d837cbe92b6b1ed498324e37f699002386760b0c7c3a50b35f9dea2,2025-10-04 16:36:17,2025-10-04 16:36:25,8.0
3514368,3f685c945db7533341ab5ce9144d4c883f6943af920a5412eb1199ab1da58a0e,2025-10-04 16:38:44,2025-10-04 16:38:48,4.0
3514372,42ac95322ba4b87e777f7322438f2d37e5911b4a35e924ed00d7564abf191a72,2025-10-04 16:41:30,2025-10-04 16:41:35,5.0
3514373,a535c05fe1b1f07a0d9fe6f23cd3c8361b2221c6f63633bac00ae597cf82787d,2025-10-04 16:43:12,2025-10-04 16:43:14,2.0
3514376,640c44505b4ae31f2e6d6093480e266702cb8b9fcfd32c78428968b0b52210ac,2025-10-04 16:47:41,2025-10-04 16:47:48,7.0
3514378,e404f08479fae4229debf669791a166d8e8c22336d3717d22fdbfb00b2b30579,2025-10-04 16:51:07,2025-10-04 16:51:09,2.0
3514386,c7511d4cff8319d000e76043627d6b86ecd779bf1a59ab3770365ab89e6df314,2025-10-04 17:03:23,2025-10-04 17:03:30,7.0
3514391,e83beb23236a6ad19d41f4405b6509b7f42ec69829d656560036481f80e51778,2025-10-04 17:09:53,2025-10-04 17:10:00,7.0
3514394,89fd3274007af0008b9644ed75735e7179bbf2d5c9cb3d23306a030064e7e84c,2025-10-04 17:15:59,2025-10-04 17:16:01,2.0
3514397,d9f0d3d4e24eaddbab320c4c83c7b19ed88afbb12e5f81556507a82dceb7dd9d,2025-10-04 17:20:31,2025-10-04 17:20:34,3.0
3514399,34a998647b84ef9721c64bb5cefe21f9b495a260bd3f028b96ec68aff3baaad3,2025-10-04 17:23:36,2025-10-04 17:23:42,6.0
3514400,fa383d4dc90b8506b88a4b120bbdd06dcaec78c4dc1da8b30fb12c2776069f43,2025-10-04 17:28:54,2025-10-04 17:29:01,7.0
3514404,21566dc6b12cd0989ddb409a1b42e1749cd8ac6d45a13b93634bcab8dc0b31c9,2025-10-04 17:33:18,2025-10-04 17:33:24,6.0
3514411,f0329decf7d2d7fc4e1fad55dcb552b73623ccb14addfca7f59c581bd66189c7,2025-10-04 17:41:00,2025-10-04 17:41:02,2.0
3514414,258278fb4721e194acff578730306a5b17e3be3f0c692128cf9d4a2a894967d7,2025-10-04 17:45:21,2025-10-04 17:45:26,5.0
3514417,12af285d8640e20939513cad5ff1659a35ee7a3b94d331508f2006b3ac706f76,2025-10-04 18:02:28,2025-10-04 18:02:37,9.0
3514418,994824d2e8ee472f8090999e77028e391caf6a76ec898d6487947a257ee077da,2025-10-04 18:03:00,2025-10-04 18:03:03,3.0
3514422,eadbdc3760febedfb90859249a86bf22566fc695c25e1f98f4b28e0cf23809f1,2025-10-04 18:09:22,2025-10-04 18:09:26,4.0
3514425,7c99034eacd2312b844b78f5a59c565bd89d770ec624bf26fcc1cf1a5f7e033e,2025-10-04 18:11:27,2025-10-04 18:11:30,3.0
3514426,15a839ac30f5326cb59b92870858f1b721304455ab7463d37f4c6e0e9043adfb,2025-10-04 18:12:09,2025-10-04 18:12:19,10.0
3514427,d4d8177c89bcba2ffe3974d4db43ccd3e7bdfa46082a1671044958f1f0385979,2025-10-04 18:14:35,2025-10-04 18:14:42,7.0
3514429,51bfd46320bafc6742adf21559adf7744a19eff4417ca32a7fa45325e9b1643d,2025-10-04 18:20:14,2025-10-04 18:20:23,9.0
3514430,1deb491ae482be6da3b1df55df3a17df797a7975e881f456a3b043c6ae70f896,2025-10-04 18:21:44,2025-10-04 18:21:46,2.0
3514431,31d635eaf61102347a02b9ba6a1e6175fa1f1634cba79da59cd88b4f7826b258,2025-10-04 18:23:22,2025-10-04 18:23:31,9.0
3514435,7e49b5387c0db7a15b50958cf8698743af52349f97f464094cf94c63b23d12cc,2025-10-04 18:27:14,2025-10-04 18:27:17,3.0
3514440,736406d132b441a2a7d557bf25b3d35a2e7c2fb21c2e5b56f397dcc74f257825,2025-10-04 18:34:37,2025-10-04 18:34:41,4.0
3514441,783d6adf3fdbe0ecdb3b892991127c5c7ae5e30e604f487e63d1c2324bbf9ee5,2025-10-04 18:35:44,2025-10-04 18:35:49,5.0
3514446,33f87c20c3d01536eac21bd0a90515a8f5a9437223d27292c63e7fecdc55102f,2025-10-04 18:43:08,2025-10-04 18:43:16,8.0
3514447,3be5fa47ad2d278b44bfdcd6f4acfb08d37c77662ee81ba599b54140901da8ab,2025-10-04 18:54:03,2025-10-04 18:54:06,3.0
3514460,ab1e3590bc1f560787575b6206a1d843bd92c2fc050f78d0d23ae720252bdef4,2025-10-04 19:19:30,2025-10-04 19:19:37,7.0
3514463,e994767976a02bdc5f12918da034b7cfdc87181da43864d53c82ec58c3a397c8,2025-10-04 19:21:07,2025-10-04 19:21:15,8.0
3514465,e2b06ae1db381aeaca01a5b1356a2547d0f3daecaba645f4624ca053e6472e04,2025-10-04 19:23:13,2025-10-04 19:23:20,7.0
3514477,6c0840e5c879d3be68de89bcd6e5e0ffe911efab406a214696afa8c6b9dd2279,2025-10-04 19:49:39,2025-10-04 19:49:46,7.0
3514484,e9461b9a32434f256054c4bb3ec8a400222f167d820808b6cddd8c8be2b77745,2025-10-04 20:06:59,2025-10-04 20:07:01,2.0
3514489,30faee0034fe20f9ca43908466b726a8787653a97aba77f8a445949aea1c2788,2025-10-04 20:15:40,2025-10-04 20:15:47,7.0
3514490,8ca13e60cb74e631a0e6ca29fb8cbdfc7f6c2c12ae1a17b0c2c25dc58ed81186,2025-10-04 20:21:38,2025-10-04 20:21:43,5.0
3514491,337a6aec58f5fe8daa4bbcef066254c2c4011ea6f02ce5fc8fabaefea5069b79,2025-10-04 20:22:47,2025-10-04 20:22:49,2.0
3514493,1e42bddfd96eea2d3be3a0a415930f5de7d943a75723f6c6d08e4bcb87e3b427,2025-10-04 20:24:51,2025-10-04 20:24:59,8.0
3514494,70602238675911e71df37c2383d4fdba57c04a5483d1288073df95e472ac9d30,2025-10-04 20:25:06,2025-10-04 20:25:08,2.0
3514497,57cf3b3f28adc28170b3cc9a72f3c2ab094127f63cfea66e5430bd15da902fbd,2025-10-04 20:26:31,2025-10-04 20:26:37,6.0
3514500,303397998fbb87a650015122824c11e516ded05fbbdd7a274240d75f7a89722c,2025-10-04 20:32:28,2025-10-04 20:32:37,9.0
3514505,a48f97f3038064d33fa91a555932e1e4d88545c6dcb428dd78819c96301b77da,2025-10-04 20:42:39,2025-10-04 20:42:46,7.0
3514506,19d38e2733fa90f0398fcabde7491b54ba6511bbfcdd741e41aefacdbe2bc322,2025-10-04 20:46:05,2025-10-04 20:46:10,5.0
3514516,d2f8f42f2562a57ee93501bec37445c48c5c234aa8ddcf61fb5f1a588da58419,2025-10-04 21:14:33,2025-10-04 21:14:38,5.0
3514523,f36cb82ff2f8edc59de3eaf47aa8c77699931e7b3578262c8d6c3ae53a8ea05b,2025-10-04 21:27:44,2025-10-04 21:27:53,9.0
3514528,57b5965fafe972fd4107b5977b4eeb66141050847ee019baa263651d7406d81b,2025-10-04 21:30:35,2025-10-04 21:30:40,5.0
3514531,dff316e30adcdc76ae7bc5285d049a8b0e621936c6f8ef40dd793708bba951a9,2025-10-04 21:32:38,2025-10-04 21:32:44,6.0
3514533,aa5f2e5ca0380cbf5efb651ef7f4e8f6b33a23e7e61814b4498dec90516b49a2,2025-10-04 21:39:33,2025-10-04 21:39:40,7.0
3514541,f13377b8bb7f782de3d99f7d5ef59b4abb1f083fbe658381ea77fee1f4f46a20,2025-10-04 21:55:51,2025-10-04 21:55:53,2.0
3514543,829ce3fde2110dd5405d1ce30f353cc46d454d5946a5c1285d60c93cc83ab0d5,2025-10-04 21:56:56,2025-10-04 21:57:00,4.0
3514546,553b88a383844b861cc0ddca1003f971060877a4ba7dc3e6405b52d690639ca6,2025-10-04 22:04:02,2025-10-04 22:04:06,4.0
3514547,ace0545305a19860cb96f6fcab9cdfab8d4ed7c7f2ebb2e7a77a8c986a1e575d,2025-10-04 22:05:18,2025-10-04 22:05:21,3.0
3514548,36aa573acb7beb22f0804b7cc0f2b87ed034d63bca906f66af36ad35111b670e,2025-10-04 22:08:16,2025-10-04 22:08:19,3.0
3514551,94e2ebf935c7ace779ed88e37bfcc6da208475912b2fa85c49a5f6e1a810760a,2025-10-04 22:17:58,2025-10-04 22:18:02,4.0
3514558,5765cfa4278cfcccaa9fbaaef1d8032fcd19438ec4c7b93bfec65664a99bcec0,2025-10-04 22:28:56,2025-10-04 22:29:01,5.0
3514559,9fd8638341414467a8a9ac20d793c416b453eee18109a08511d5ae85cc793940,2025-10-04 22:29:16,2025-10-04 22:29:19,3.0
3514562,2b56c2470f7a3cced47a2f3e91191fea22edbd2a6d1035634eebc5f7bd622b4c,2025-10-04 22:32:45,2025-10-04 22:32:52,7.0
3514574,053e1dbc4e57550f109f008c332051b1714c2eb9fc0ec20c4d7c5acfe4960470,2025-10-04 22:43:55,2025-10-04 22:43:59,4.0
3514576,dd1529f3324940e7c87e8bbdf4fa133f7a74295df9ef75addb258ebd7b05b577,2025-10-04 22:48:08,2025-10-04 22:48:16,8.0
3514577,e78cbce24ac5fdef6430a2dd8d965eb03253e2154c83ee46019b21f53f9638a1,2025-10-04 22:48:31,2025-10-04 22:48:38,7.0
3514578,324add0920e2eb59dc19987fc524cdb605e6b57c84a6cab1e12ab6eb4b2ab567,2025-10-04 22:49:33,2025-10-04 22:49:37,4.0
3514583,4a61161191c7c7f320d0c47aa9526ea808b320e602dd87844d2b030b7502c342,2025-10-04 22:58:33,2025-10-04 22:58:38,5.0
3514586,4c1bb222728fe36cfb0450ffd1d198e1265cd8f6616d0872d394806fb66d22c8,2025-10-04 23:04:05,2025-10-04 23:04:09,4.0
3514589,a432eb4dba522acf10cdf615d26ec34542d31562a782076313eefe41b7388a28,2025-10-04 23:08:00,2025-10-04 23:08:02,2.0
3514590,db7029150894d5b4dcf6e4912b32f06e7fab9e83ccee00befb97d64bf68a9c1b,2025-10-04 23:09:14,2025-10-04 23:09:20,6.0
3514591,6c71adbad593109f685465b62ebe787ae3fdbdc12130e75f7159e65a2ff40c42,2025-10-04 23:09:20,2025-10-04 23:09:29,9.0
3514593,1003b5bd32ba6dcb23891492ff9acb897989e17af72b248dd9e72d03e9aa4fef,2025-10-04 23:11:12,2025-10-04 23:11:20,8.0
3514610,035004e7cc50fef1ea10107fca02b30278cadc63d91d651945c98e435dd0367b,2025-10-04 23:42:32,2025-10-04 23:42:41,9.0
3514615,854892743b813f22d40213095735ff02827a545341bc2d45492ba3ff957acae3,2025-10-04 23:48:17,2025-10-04 23:48:26,9.0
3514616,58ca8178978e5939a6ca952d44986948264eb615e8e614587a2b8dd1b3f37883,2025-10-04 23:49:54,2025-10-04 23:50:00,6.0
3514618,ee6c39608153fe328cbe7c3839271e9960ca28817ff78c1dff3936efe472907e,2025-10-04 23:57:26,2025-10-04 23:57:31,5.0
3514619,c5552891b398441bc482bb14c23a07bd9d9b34e6ee9c72579d4fe4666345d32b,2025-10-05 00:00:34,2025-10-05 00:00:43,9.0
3514622,82a5034663e7380bdf6fcda3fca2acaae6de5cda02dbff3d20af43bb198f05b1,2025-10-05 00:04:54,2025-10-05 00:04:57,3.0
3514635,3809a9155d743d860cb875ebb0da1abca41e5258ad9a10aefc250b7dd6ab6d0e,2025-10-05 00:37:27,2025-10-05 00:37:30,3.0
3514641,9c9839c5050a97e759fcc73616a23f9417b88ca5479ef7382ac18b4834327dde,2025-10-05 00:54:29,2025-10-05 00:54:37,8.0
3514644,8a8a0cd6d00ebb8ec716c38d62b9ffa93d25084f4eedc522e174c1cbbd8aa0a7,2025-10-05 01:01:12,2025-10-05 01:01:19,7.0
3514645,cd82c519af8d4b4141f7a253fef8531c417e8ce36a4799e8ada0ddb93997f75a,2025-10-05 01:01:35,2025-10-05 01:01:37,2.0
3514646,4684d6233f0d9316f904c5f35ffcfe7a5a20a74ab71dca37aadb50b553000dbb,2025-10-05 01:04:00,2025-10-05 01:04:04,4.0
3514650,d15a2dd259d101b1a89041b1c0cb0679fd21acf5753bf9b463b9194fbdbf1c7a,2025-10-05 01:09:35,2025-10-05 01:09:39,4.0
3514652,4e65b247356386ff96fbc6bc7058985ae9714a8fa4b68c0760c5276ee404ff2d,2025-10-05 01:13:02,2025-10-05 01:13:07,5.0
3514654,214d95fe8ca6e620d912ff6d45a5c237f357d4373837b4b5b3698dd9d80ad2e9,2025-10-05 01:14:24,2025-10-05 01:14:29,5.0
3514661,63569e58bdde11ae86758f97939dac5810f926a4a4611c25084a08b3f2a5cfe6,2025-10-05 01:25:51,2025-10-05 01:25:53,2.0
3514665,339c1fe6efe043eea4ce560ffd96b7f2bf8443dd3bcc86995672fb54d8747fb0,2025-10-05 01:30:25,2025-10-05 01:30:28,3.0
3514667,5e3d0eac685b50216b89be30bdd133efcb8fbcaf691aebffe680361604aba2f7,2025-10-05 01:35:12,2025-10-05 01:35:15,3.0
3514672,e98fe202d50d6791c84c617545f48ab14508de5eccbb621c44977605b191beca,2025-10-05 01:46:18,2025-10-05 01:46:21,3.0
3514673,0d7398f1b142e842432f007929e10e879a9550bb6a0493ec12352cc33e28b5a9,2025-10-05 01:46:37,2025-10-05 01:46:43,6.0
3514675,354ee7a54655081cde66bafea141eeed4abfe64d45b3e4432c3f24effba4fcd5,2025-10-05 01:52:23,2025-10-05 01:52:33,10.0
3514679,fd2bc97c8608fb5d2193291490638d4692cb98ca4973b1716241b8c1ab9f5e44,2025-10-05 02:09:13,2025-10-05 02:09:20,7.0
3514680,3cde5b70fcc8782aac9fd4605c851426f275e678a11073efe89d5bd2b40e9d8f,2025-10-05 02:09:44,2025-10-05 02:09:51,7.0
3514683,a954fa0ea9b4cb045ce12243ee334e58ffd159d76921ccab9aebae4cf41cb5cd,2025-10-05 02:13:43,2025-10-05 02:13:47,4.0
3514685,95af4ddfec8738d12f306f02ef1c8189c1a08ff8a574f282cb9ade51544f5e8d,2025-10-05 02:14:39,2025-10-05 02:14:46,7.0
3514686,30ed63b9404daf0af7b9b7dd4ab98fd9fd3b3b1ae78e62f2b94d38095e6b65d5,2025-10-05 02:16:05,2025-10-05 02:16:12,7.0
3514687,8a1044e71399ec9694b3a99a24238a2f505e6b153541db416f0ca6471667794a,2025-10-05 02:16:52,2025-10-05 02:16:59,7.0
3514690,b771c8e3222594dc935afa7675dfbc8aae3d9b4346b1a9e4d38d3118e6e72f92,2025-10-05 02:20:35,2025-10-05 02:20:41,6.0
3514694,2f753b765efe3f639768a5310b764f35170017d23c776500327baba5090a57eb,2025-10-05 02:29:31,2025-10-05 02:29:39,8.0
3514696,0be9939d7d4f506a70af27eb8748e679055f4b7d18bd4075b6d8145d45d3ecdd,2025-10-05 02:35:22,2025-10-05 02:35:24,2.0
3514698,2fcb237712c118824e0a1235e541c0e9d198015a948a8b11a684ba87e2437732,2025-10-05 02:39:57,2025-10-05 02:40:06,9.0
3514700,e37025e1dfb3dbcf96ff4c789426871477c697c221d8dcb80b57939b7c2696bf,2025-10-05 02:42:18,2025-10-05 02:42:27,9.0
3514701,c721f18423fc72b6c2415e3791e250606af8f37e580a31e5e26b95076525e7a2,2025-10-05 02:43:31,2025-10-05 02:43:35,4.0
3514703,6bc23eab7131c559b17bdae155059c4e6b4530db19e01ef675e0017d493ae9aa,2025-10-05 02:46:53,2025-10-05 02:46:59,6.0
3514704,6f0d8917af427912be4bf4f95b9d7a25cac94f52b4ba9363e43e58d2f3b819cf,2025-10-05 02:47:23,2025-10-05 02:47:31,8.0
3514706,4c8eb3f1dad893572b911a30888c4d7214cacebdaa51ceb8a0b1ff9bdc691118,2025-10-05 02:48:56,2025-10-05 02:49:02,6.0
3514708,091bb7e22ace8cbc9f305dc3352d9b13e9ddeb6740d91bc4b6cc6f3cb23c8f5b,2025-10-05 02:51:28,2025-10-05 02:51:35,7.0
3514710,0d57298bca74b56dc5ff2f5aca714c4251f6ba794829440fbcfacb5dc290a40f,2025-10-05 02:52:33,2025-10-05 02:52:39,6.0
3514714,2b878a22ba20880e0d94add0edb05068c65bffa12387fcbacf93f1ee0e5ea9b4,2025-10-05 02:59:38,2025-10-05 02:59:40,2.0
3514718,14c03b78c08554fbb0e4487930afba93fb5f3a2af115777a56b24322665b232a,2025-10-05 03:03:55,2025-10-05 03:03:59,4.0
3514720,f070e1c418a1ead1c2cd1349e89c9ebfba4c4ac44883e55fe2b64c20135a2416,2025-10-05 03:09:06,2025-10-05 03:09:15,9.0
3514721,c533ccb07c5d12253d689e8f59975b4414b4bf4a25dbe5e7d71c8c9ad64d479e,2025-10-05 03:21:15,2025-10-05 03:21:20,5.0
3514722,49c9cc661bcbcc0b2fe0b279ed06dc6d48e053fa33cda6e8d7e34a0e20ddebb9,2025-10-05 03:21:51,2025-10-05 03:22:00,9.0
3514724,1bcdaa46fb1de6acbe82e3a32b8e245b055d9093a2365f14e2c1151a3760528f,2025-10-05 03:29:06,2025-10-05 03:29:11,5.0
3514727,a963062f8b111d0c0b54bb39b78adc0555bb9b86ba425df41278efef10e992da,2025-10-05 03:32:56,2025-10-05 03:33:02,6.0
3514737,573267587efe09591485257dab326b062f2ed9f6762919660c5d49e27c2bcafa,2025-10-05 03:52:20,2025-10-05 03:52:24,4.0
3514739,e00ca4ffa8f363c42ff24e4b36aeb64ca577445b36887ba22dcbafbc379b9878,2025-10-05 03:55:33,2025-10-05 03:55:37,4.0
3514740,9b306e489fe1daac7d61c08d8ba2ca489e7622b7fb38ce1274943963b89d9cdc,2025-10-05 03:56:25,2025-10-05 03:56:31,6.0
3514744,0b9ce7f11cfded56d59c0ca598261e7e87af3cb32ba3010a19ec0932d9b4b939,2025-10-05 04:00:55,2025-10-05 04:00:58,3.0
3514751,31808e638a990264cdf08694aa68579a9f61190548a96cc089571dc4d96bbf4a,2025-10-05 04:35:52,2025-10-05 04:35:55,3.0
3514755,29ad25d6c42f03ad8244d6de1d443f6c63181cb724e9ed6b54dc73de38ec4587,2025-10-05 04:45:44,2025-10-05 04:45:47,3.0
3514757,679861da41b63bac32e19a56a392efba05d22bb13d1e0579dc6253525054f3c3,2025-10-05 04:52:13,2025-10-05 04:52:16,3.0
3514761,fa10146ad723bfdcbff9d613f08be19a09362032e46336fd6c24a9fa4fa76dfd,2025-10-05 04:55:44,2025-10-05 04:55:49,5.0
3514765,c9d8db009b8dbcd54dc87949783ef354d32c45e92f393703a6954bdcf9f6d741,2025-10-05 05:12:55,2025-10-05 05:12:58,3.0
3514769,811fe7f9eca638fe46c0ffe913c5516f3ca0162e26c4477d639073198043eda1,2025-10-05 05:19:36,2025-10-05 05:19:38,2.0
3514772,174e2b9f2b8225f73802f54ab5f2edfd759ca0f2f3d89ef66b9e65eb68bb9309,2025-10-05 05:26:51,2025-10-05 05:26:59,8.0
3514773,175f7e0440336c44a399a6978dfb269a9bd23e54e2c2574a44563d5af6a955b2,2025-10-05 05:36:58,2025-10-05 05:37:07,9.0
3514774,2fb36c84bdf4c5a05b2c1628cb673afeabae89f4402978fb518b8f0ad7021f75,2025-10-05 05:37:14,2025-10-05 05:37:21,7.0
3514778,f51492ebcdb89be0fe9df0eafe402a4d7819d8022ef4db956a91a1e17ad1c082,2025-10-05 05:43:59,2025-10-05 05:44:04,5.0
3514779,d0df7cfe0678d981c9f3e3230ba37346e15f0bd6a295ed4551d7b84ed38d4a49,2025-10-05 05:44:04,2025-10-05 05:44:14,10.0
3514782,471cfb182da3fea355e13bbf9663de21ea7a7fa358e5d25d910b27639948d010,2025-10-05 05:54:55,2025-10-05 05:54:58,3.0
3514786,6b5cbdb6ba4180ba407aa7ec70184816fe63040a81a30ec144e359b33e1d1127,2025-10-05 06:09:02,2025-10-05 06:09:08,6.0
3514789,e0d395a30169b90b2b5f50685540facb510e3ac45b3c28d929c1037844438056,2025-10-05 06:28:05,2025-10-05 06:28:06,1.0
3514790,e502ebd681603dc3c89a087fe0ae9f3ecc683d5e0a3be75625dc87f6535817bc,2025-10-05 06:30:22,2025-10-05 06:30:31,9.0
3514796,9c3af1697c1224820bb3824364b98625d24058adf86005c0fe3ac28e654f87b8,2025-10-05 06:36:44,2025-10-05 06:36:52,8.0
3514801,143404c679eef2ab8b214ae80953adf0fe84157ed1fc4c8957b6f282cae0963a,2025-10-05 06:50:53,2025-10-05 06:50:55,2.0
3514802,96681d24262605f889f542d3a142a2dde21684734662ab05ef8a94e9ec18aa6d,2025-10-05 06:53:19,2025-10-05 06:53:22,3.0
3514804,c6dc4cf2efa4f860fc40406183ee7624a0aff6fcfd81fb180654c660a8383cb8,2025-10-05 06:54:50,2025-10-05 06:54:56,6.0
3514808,a45f02fd5cd51e46b3c6dafc521a766732ff920ac60d50ed73781d9efde0fef1,2025-10-05 07:12:22,2025-10-05 07:12:28,6.0
3514820,dc81e469dae9006aa354cf881a9d6295b8bc6774040424640b0f6db757686334,2025-10-05 07:47:41,2025-10-05 07:47:44,3.0
3514821,2f73e5ee2a2cd228d03e1be6546f79714f75c2b7e53c892da40cf850045ba1b4,2025-10-05 07:48:23,2025-10-05 07:48:26,3.0
3514826,edda711954942fe89450aac4c03033dd08b4560695c1b9286e52c683ea984da0,2025-10-05 08:03:44,2025-10-05 08:03:51,7.0
3514827,63ab81c775142f14d3293da5a6d646d62e76a432840a360a8fb189cd7f361cd5,2025-10-05 08:04:31,2025-10-05 08:04:39,8.0
3514833,f348c33bf18d7dd62526348febd71a50c6e4d9730dbec197e1b546ecb875c0bd,2025-10-05 08:21:57,2025-10-05 08:22:06,9.0
3514834,870322c65f6bf14fca08ebbfbf09bd95c0d0c58a13b22fa15fdfe85cf07178a7,2025-10-05 08:22:45,2025-10-05 08:22:52,7.0
3514836,d66859637958db882d20303aa7d133fc5d1980437ae9c983fd0d95c67088feef,2025-10-05 08:30:28,2025-10-05 08:30:32,4.0
3514840,2aab823ed0ed0d65852a1630e92e23611d90c2d396dce3f2a0d650976e45693c,2025-10-05 08:43:21,2025-10-05 08:43:26,5.0
3514842,af25c91af2d7a4e769c309fac57a62dc60e0e82767304350cefddac09a47ad87,2025-10-05 08:47:51,2025-10-05 08:47:56,5.0
3514846,24fb33b60dfc5689eb6047e3c5584d29f5708ea24838eb4ec45e3ff610790708,2025-10-05 09:02:59,2025-10-05 09:03:05,6.0
3514854,3473460f3f81f8e9d95b4efae1ad47d6105b414d611c239e16cf7e97dccccf88,2025-10-05 09:18:50,2025-10-05 09:18:52,2.0
3514855,d93515bf290bced31e75b5ce41cc09a1c4da0d2e8e2908d83fef41cba97cdbcb,2025-10-05 09:24:20,2025-10-05 09:24:25,5.0
3514861,ef2ec4315e90f334d9a2c8942cd410e4a288140e9cee4b89e43db51f494026d3,2025-10-05 09:26:36,2025-10-05 09:26:45,9.0
3514863,77cd8b03be2fb4b9a580b8c50c4e0f85af137103723420a9eab53b770958579c,2025-10-05 09:31:02,2025-10-05 09:31:08,6.0
3514865,b707ec702f14fc45c1c176dc00dd885e84d9b59127a1fd282c149bd9c12cb4aa,2025-10-05 09:40:38,2025-10-05 09:40:45,7.0
3514866,0ce468bf92f25d324760cf3d39bfc510b221f902e0082688618f4ccdab90dd30,2025-10-05 09:40:44,2025-10-05 09:40:51,7.0
3514868,1bfab89a4a0347b797d51442a3390305fbeb9f3c59b5f495e6e1dfd6d2c5f624,2025-10-05 09:45:18,2025-10-05 09:45:26,8.0
3514869,cd64c689bfb1f03cd967100a970256e8c966113e6a07a61dc120274746c5132a,2025-10-05 09:47:35,2025-10-05 09:47:43,8.0
3514872,4ef40a402e8cdc67bf6afb5cfa750ffef5dffcc4aae12466280ac4198fee74d3,2025-10-05 09:51:59,2025-10-05 09:52:04,5.0
3514877,de170c9656738cb42c0c5f299276b18b0575056f8a1589dee4432ba6df208281,2025-10-05 09:56:10,2025-10-05 09:56:18,8.0
3514883,d1f42d3c151ccd33ce77d07b51f4934f02a4c494b144994418b98edd23e4981d,2025-10-05 10:01:49,2025-10-05 10:01:58,9.0
3514886,50056e784460cf994376ec7b9cfd52d5cca26f916fc19b1968dfa9ff87521d90,2025-10-05 10:08:38,2025-10-05 10:08:44,6.0
3514887,5a44b2fe030f743972db810ea6294b95e0ef68065819a367ae569c99339e575e,2025-10-05 10:08:52,2025-10-05 10:09:01,9.0
3514898,f5a365bebd97fb1724fdbe2a25a17a2f083c799fa808c5df3d6752b39d113cd9,2025-10-05 10:29:08,2025-10-05 10:29:11,3.0
3514902,74470f873ebe3cc728ce99e8e6c8bbfdbeddcc1c1f498874e81993b18cad3296,2025-10-05 10:35:12,2025-10-05 10:35:16,4.0
3514907,66a348b27db3a6fea87520a516d9f540b3089c941f70a27b5a948f915fe6e097,2025-10-05 10:52:08,2025-10-05 10:52:10,2.0
3514914,470e2f248c048e03c3d7e29f47264982e84aa3bb59480c91f11840419117bcaf,2025-10-05 11:00:36,2025-10-05 11:00:38,2.0
3514921,b54fe8b3fc44b0fce141d508b3ad79fa08dfde47a6ea5b9e49d6ec1914dbf24f,2025-10-05 11:13:28,2025-10-05 11:13:33,5.0
3514928,4a99d82b5c0329c6b46540cd3b8c550f20e8b0051b37cf66e7903934d2b757de,2025-10-05 11:19:38,2025-10-05 11:19:44,6.0
3514934,33aab04847a06fafb9aae5db20cadb8bdbff0f5d8975b5ef45e2af330004c480,2025-10-05 11:29:08,2025-10-05 11:29:11,3.0
3514939,eef196e3d560a6c1e3ea50b5476ba560ecc2e220e5812fbe249eb8b7cee833a2,2025-10-05 11:35:58,2025-10-05 11:36:05,7.0
3514942,56b184e568111be58f943079b52a87bf95dab11878d40b7122360c27255b27f7,2025-10-05 11:48:06,2025-10-05 11:48:13,7.0
3514944,4fbc958ab156c3e59e2b8d2f06f999dbe4f88f0beeac4a519687a58eded30f77,2025-10-05 11:51:02,2025-10-05 11:51:06,4.0
3514953,eb518b6fdceff02bfe9092d7260b28f738849ba0c4c3894e35c3acdfdafb14c0,2025-10-05 12:06:43,2025-10-05 12:06:46,3.0
3514955,5fc92c6dd76e1ef94594b8dc910142cd52a32511473d404d21021f30fc7cbdb7,2025-10-05 12:08:13,2025-10-05 12:08:18,5.0
3514958,f50d4191a370370a54fa6677a027f01f257cc69dafd9f6a1dd7b47cce3581dca,2025-10-05 12:16:59,2025-10-05 12:17:08,9.0
3514977,f5a091c9ba4ed6e6b57a298d47b618eda1d3bb384ae9dad1eceeee5fa6767188,2025-10-05 12:59:48,2025-10-05 12:59:55,7.0
3514980,5c60d1dd1c8c17b511fedd4d5d4ad0783f0041389a599bac200fdc130449cb99,2025-10-05 13:07:14,2025-10-05 13:07:20,6.0
3514982,0cec712f2bc24f0c589dbc6d13ed7e777558d3e1f26e12fbb1d4cb312d38843f,2025-10-05 13:10:15,2025-10-05 13:10:24,9.0
3514994,cb149924e6c6da3807f50c463a3884c57be975784e029e28a12277968fd67e94,2025-10-05 13:35:56,2025-10-05 13:35:58,2.0
3515008,3734cdaf627685464e40226714dea8d075e094cd6cdce8f308e2fee620b259a6,2025-10-05 14:00:25,2025-10-05 14:00:32,7.0
3515010,7e73861108b46bfb47900e9450d27120258ba5fa22553eddd8509f8669198eae,2025-10-05 14:04:11,2025-10-05 14:04:16,5.0
3515026,725e463ad8423162c1a3b69e48acfcd96587d39492a9d33ef3b0d4637626737b,2025-10-05 14:53:26,2025-10-05 14:53:31,5.0
3515047,9640d2aaffed1830cec403245d77769ce308d26d82ab5ffbdffc2a6699c4bf9d,2025-10-05 15:19:05,2025-10-05 15:19:08,3.0
3515049,8148360db7b261ba56afbd4d550a0643e593c69bd2543fd0bc3cba37465b2114,2025-10-05 15:22:22,2025-10-05 15:22:30,8.0
3515050,e5cadf825ad5ffab099bdf0758d8f47cda09ae5e866a65a8858c847a187ac656,2025-10-05 15:23:18,2025-10-05 15:23:21,3.0
3515052,3625d148967f201558c74baa9446cff813f24fe767b4253ed4f38f46d5d563c0,2025-10-05 15:25:45,2025-10-05 15:25:53,8.0
3515061,0a1804a8baaf9f3e581ce3433b7b95a619a541c5e954faee2b1253c5d790d78c,2025-10-05 15:46:21,2025-10-05 15:46:29,8.0
3515067,f17cfc060540ea61ece3a3fec74a1bdfaeb9b64fd708274110394ca0cffef223,2025-10-05 15:53:53,2025-10-05 15:54:00,7.0
3515078,d75bf47c8352307cb2f71f08c77b6a80f4b707870b7ebc4b64b01de660131811,2025-10-05 16:15:38,2025-10-05 16:15:46,8.0
3515094,c8098736575368154689a69df211d79846707d978545bb7ddb3fce78fc43ff06,2025-10-05 16:41:11,2025-10-05 16:41:20,9.0
3515095,2f8dfb318624ecf452a069db8a63c04d0aeeeb37665a8b7a0b6963405bddee54,2025-10-05 16:45:37,2025-10-05 16:45:41,4.0
3515105,d4242028bf074e146b356af144f768585d7f1be7616ea1841af27278d03652fa,2025-10-05 17:06:38,2025-10-05 17:06:42,4.0
3515108,4c341d062ef6330e037592cca61cfbb92f8358dcb400effbb5c729bf27ea2db3,2025-10-05 17:08:36,2025-10-05 17:08:42,6.0
3515116,8f12ca7c57ece68b01d33815eacc797aa5b47530c0193e4afa63840878796cb1,2025-10-05 17:32:49,2025-10-05 17:32:56,7.0
3515125,84216ca1b08b458ccfbe79959183a88162f4f61099d2adb66f16eea9216c524d,2025-10-05 17:59:03,2025-10-05 17:59:09,6.0
3515126,09e59e487c666a6f4deec08d8d62758f1622020b6d36ff7da061913fc54e36a7,2025-10-05 17:59:24,2025-10-05 17:59:33,9.0
3515134,5a833b1a06f2ba333400816367ea77dfafeceba489dc3549008cec544fd25d73,2025-10-05 18:17:26,2025-10-05 18:17:28,2.0
3515136,6bd65e95c6f8e7d4b157233ef618cad1260f7bf2afa11b2dc7a03c02f67698e2,2025-10-05 18:19:11,2025-10-05 18:19:19,8.0
3515137,b33073d7fc26340bd81520530d16a20044d5c81c1c8d5f03c4661bc4e945baf4,2025-10-05 18:21:03,2025-10-05 18:21:15,12.0
3515158,ce88d33d91d7619213da1ca122623be05d744f74eeb1dd44dc9313b997d1a624,2025-10-05 18:54:50,2025-10-05 18:54:56,6.0
3515159,6a2a3bdf4514a069488c046d3fbc122c3b10813ff2e87f2b565dbce4881fe89b,2025-10-05 18:55:51,2025-10-05 18:55:58,7.0
3515171,c526c58585b5807027b4ab16a030741d50702f6b635ad9116974c9f3c2fa5351,2025-10-05 19:11:18,2025-10-05 19:11:23,5.0
3515172,363fc6f51c01b6fdea7d46ee0485f4905aa79edbb36cf9181ef602b9aa500168,2025-10-05 19:11:31,2025-10-05 19:11:37,6.0
3515187,c7b79cb288818f988ac71c0820603b28dbeac9c781cd9e094017539491bc6025,2025-10-05 19:42:31,2025-10-05 19:42:39,8.0
3515189,393f28555adcb7cbf1bf7ce9fa2a29be0564e281e576edc6345a517745f86956,2025-10-05 19:43:19,2025-10-05 19:43:24,5.0
3515197,313b4c27f262aea854d96572b38eb64f38ffc5e2bfc6503a2d7c583d3805628e,2025-10-05 20:08:11,2025-10-05 20:08:15,4.0
3515281,2982acb5c2a765652da02d0fb761fb005286cdf73adac6f2297f1e87f8a3b045,2025-10-05 23:38:40,2025-10-05 23:38:48,8.0
3515286,d3a8412f75b0e1c55006473904ae04cb50debf3d2c7e2fad8f68a84b3405909b,2025-10-05 23:44:24,2025-10-05 23:44:32,8.0
3515287,cc8f34246a0c2a3b02fb0b5c9aa72fecefdb0af296a6fa5e5586309d8e66e118,2025-10-05 23:48:00,2025-10-05 23:48:06,6.0
3515294,0052d3733d684171be181b90c3c586ac4c056b0ce9fd33fc9ba9e43c40d31b70,2025-10-06 00:06:11,2025-10-06 00:06:15,4.0
3515295,56fa729b519ef2daa3c86d215faa755d001918625cf0e938bb5d8dc15f4f3a1e,2025-10-06 00:06:23,2025-10-06 00:06:25,2.0
3515296,604e87143e4c18707f1647f0dc9de53fa0e89a3cd11854ae1109e4e47f1b8372,2025-10-06 00:08:33,2025-10-06 00:08:35,2.0
3515306,6b1445d6071f190d14b766b8937c615d3efcc78eb1f47c8ff9331867b2bbea8e,2025-10-06 00:41:55,2025-10-06 00:41:59,4.0
3515316,0f7bbb4da6b279b4c9b5024ef093bc00bc2f5882b3fe869b97d315e5f1ed2170,2025-10-06 01:07:28,2025-10-06 01:07:35,7.0
3515318,9ae7037ec5f0bfe638ba98060d86e2aedb46865d7fd5451e5d2023ddf4b6d2d9,2025-10-06 01:10:09,2025-10-06 01:10:11,2.0
3515323,52d33d90e2ab1be3d0c08e69282078e611ed6aaf28285dbf6633a02d377af088,2025-10-06 01:30:27,2025-10-06 01:30:36,9.0
3515324,f36fad740cf3a42996d8e3b853e92e40b48a6a3f2fbac303b53f51c9fd683196,2025-10-06 01:31:47,2025-10-06 01:31:51,4.0
3515327,985a305418cbbb42f7ac317a85058dd62dd72475d285b876520d6c434be65a1d,2025-10-06 01:36:01,2025-10-06 01:36:06,5.0
3515338,8b07fd0291e1275c4647ddfb60ecce8f9e288f850be4652fd1667f360d195c7e,2025-10-06 01:58:49,2025-10-06 01:58:54,5.0
3515348,7d1ade8659dfd3a710293343b7f7415c4bc79bcac92993698e300d34c38decfd,2025-10-06 02:19:22,2025-10-06 02:19:23,1.0
3515350,e31298fa85abbafb9193abf8bc90f3dd68482aac0c9e15948c29cefd8c6891a0,2025-10-06 02:22:23,2025-10-06 02:22:29,6.0
3515353,aeee5bb065743688116c87a7b7a8757bb4f9ea1e773d19b095abf26a3141e4f9,2025-10-06 02:26:30,2025-10-06 02:26:35,5.0
3515354,9b426658d788d4125129609facb918df11e757261417ff79a1ca62b1c6845c4c,2025-10-06 02:27:31,2025-10-06 02:27:35,4.0
3515364,6ad299253d0733ae1b133d09e4d96e603fbfe801c8a8a636bd0820ea3f89c2d1,2025-10-06 02:55:20,2025-10-06 02:55:23,3.0
3515372,83176e8548595747376d11688f141be052bffccd1cfca9ce26dc669b56cad475,2025-10-06 03:23:50,2025-10-06 03:23:59,9.0
3515385,26d0e851f5eb1cf4aacbdedf3301dc9ff2d10f67a401e967e0dcf17c1654f641,2025-10-06 03:40:11,2025-10-06 03:40:14,3.0
3515388,a3d0a2c22c5a3e213accaa5967aa17335a3998cea4829cb6aa7768c6ad0ca0c8,2025-10-06 03:47:21,2025-10-06 03:47:25,4.0
3515415,0fdd9b76b5990672df9e31c5f3ccaaff7d4cdd74ecaba5f2f33071b45f98c30f,2025-10-06 04:38:14,2025-10-06 04:38:22,8.0
3515416,7002d6753e44441792babc47340aad98a9ebe25155dbddba89140c452b8a34ae,2025-10-06 04:42:54,2025-10-06 04:42:57,3.0
3515442,3c53c36af7bdea847ecd7344a8ed01c172275a53f1f9a1c87e59ba0d87e1ea66,2025-10-06 05:30:28,2025-10-06 05:30:35,7.0
3515443,707e6d64243ff2ef6df80e52dfeb123028066e32d7b0612a906351ed84ab9d71,2025-10-06 05:34:51,2025-10-06 05:34:57,6.0
3515464,3d4bdb7b6751350afff63917a2a9d2a1a9c0efb4ddf488a169104035dee9678e,2025-10-06 06:23:01,2025-10-06 06:23:04,3.0
3515465,d4c8b9a8d3f0fa4823bde12dd7d6f7da72e911eb286766b71eae50bd5ab38595,2025-10-06 06:27:20,2025-10-06 06:27:27,7.0
3515467,8d1d4f14e290b8e450c18b81e715e13629c495490f1b8e0637d9eb23608e5064,2025-10-06 06:32:14,2025-10-06 06:32:19,5.0
3515468,dc1b3bea7bebc38af2d981e6f9a0c4af18d0eb76595ab512a109397d6d572bee,2025-10-06 06:33:55,2025-10-06 06:34:02,7.0
3515469,8e2288a849254a5898d1cebcb48dbe5bb306295775bd3d6a37abb6cddb0cabcb,2025-10-06 06:35:05,2025-10-06 06:35:12,7.0
3515484,7a10c900dfac4654f91deb023459918406995264d1691ad6dfa75610889be146,2025-10-06 06:54:01,2025-10-06 06:54:09,8.0
3515485,367825d3299ed9de590d095b37240b6e45e3b309a43e3918c188fc35b5e20424,2025-10-06 06:55:13,2025-10-06 06:55:16,3.0
3515486,49684383ebe592c79a099f43f07a659b3bf4f29168d083cfb6b4fc282093e63c,2025-10-06 06:55:40,2025-10-06 06:55:46,6.0
3515487,8813bb3363058d2424d5dceecd04db456a7788bccacb76d51420b08890e93bc9,2025-10-06 06:57:13,2025-10-06 06:57:18,5.0
3515499,f7171eb0007d0f1838a76f0d6d0601f4290f637ff87a67bd093f8d6fb4e20f22,2025-10-06 07:18:38,2025-10-06 07:18:42,4.0
3515500,40a611173b844a1ab9f5b1bc9888e5074e475b0dfcd0db14f80139c2a9a3ada5,2025-10-06 07:21:37,2025-10-06 07:21:42,5.0
3515501,93802392e5aabfaea859b6937f8c5d8a391077f359fc3d273b7995ad0a46fec5,2025-10-06 07:21:50,2025-10-06 07:21:57,7.0
3515503,86c19da8dc3ed8add6b3cc176f034c7578798b43a2e4657ba6dab51bcf5b9774,2025-10-06 07:26:06,2025-10-06 07:26:14,8.0
3515504,830cd522e71aab7f2c26b6e8797b2137bcc1dc450d7c2db6f410b1852c3179bc,2025-10-06 07:29:34,2025-10-06 07:29:37,3.0
3515520,26850027529e12c351f84f75fe919ef98637f30b960c41e6519d4ea5614b6a0d,2025-10-06 08:19:50,2025-10-06 08:19:52,2.0
3515522,dec889df0dd4d0e66bce99349a3dda8f5cf53153a218b5f064c34463d31995fd,2025-10-06 08:22:54,2025-10-06 08:22:56,2.0
3515526,13bbc077e47887d6db953b71c6f6594b7c60c16dfbbc842703bef82d8cf6af5c,2025-10-06 08:39:13,2025-10-06 08:39:17,4.0
3515530,aa0fbb8deb0272f6fc98e03a74dee5332b528e25accd1befa93163b9333e7ea4,2025-10-06 08:44:06,2025-10-06 08:44:13,7.0
3515531,6bafb9b60da8d2ae28b5e68dd75f076f839f388be37cc232e7cb544f93a8eef1,2025-10-06 08:46:45,2025-10-06 08:46:53,8.0
3515542,338572dd8e0f47f36770658275563e9103a9eb4fc53b2009ea68f02f80743f2a,2025-10-06 09:10:17,2025-10-06 09:10:21,4.0
3515543,79f53003121dd33b77c7ab8eaeb484cab498cb4261d032ac6f5491b99e236930,2025-10-06 09:11:32,2025-10-06 09:11:37,5.0
3515544,b2de37716989d27061f61a853ee7ebd41f615c50fd63b25624f9c0fea78d8633,2025-10-06 09:13:05,2025-10-06 09:13:15,10.0
3515553,f1b0266b497c96b3152332c953cdbab8e564506d055006cc1a06117c2e3695e1,2025-10-06 09:30:18,2025-10-06 09:30:26,8.0
3515569,ebe5c1a8853dd60e2c59fd4334282d5d6aea6977a4950a751bbc2323baa4242b,2025-10-06 10:02:28,2025-10-06 10:02:35,7.0
3515584,93dddbd363c6239159c1766aca49c631ba4357f6d36519bdab9c410acf93f310,2025-10-06 10:55:15,2025-10-06 10:55:23,8.0
3515585,aaf2d110682cd20b88bd197173fcfdbef175107c117e3a45214cf8f95212be77,2025-10-06 10:59:47,2025-10-06 10:59:55,8.0
3515595,8dcfc1259ab75779c2f2bab656c9bda0d440ba4a972b9d159247a30a9e6df8b0,2025-10-06 11:21:31,2025-10-06 11:21:32,1.0
3515596,1d1dfee1e59cf0309208c76fd0f89db28c85b6f0386f85737dc5291586efc4d0,2025-10-06 11:22:12,2025-10-06 11:22:17,5.0
3515599,e7cce30a4513e9ef2fab8a5015c73d03858bbd3a2b37a5b7360f2951ae5c5d30,2025-10-06 11:27:36,2025-10-06 11:27:43,7.0
3515610,f5a7dffc670fbf5781bc45cb503f204ebc4b54995f830f2854c1705623239eb5,2025-10-06 11:47:20,2025-10-06 11:47:21,1.0
3515611,503f9c67f80290b65a0a39c6156050fbf48880ef444cc8a6cdbe7e592dbf4e06,2025-10-06 11:49:13,2025-10-06 11:49:22,9.0
3515614,5c589f85e4aef15be8c78fb6cbbc800011a56b7560d0b866b3ae538be0e6487d,2025-10-06 11:51:43,2025-10-06 11:51:47,4.0
3515627,ebe27d9ab6c3cc0d73fb8a6fcdc3268f3395827313acf77db0967344e078b61a,2025-10-06 12:24:13,2025-10-06 12:24:18,5.0
3515628,c4aee098b0e8ae111de8ccb491a6e42a4e8e14e2e48d8a18f7044d30a9eb4753,2025-10-06 12:24:18,2025-10-06 12:24:25,7.0
3515638,4fffc01debc510f3e0c84bb14a022c78ca835636b72fddf92e4fd386711bb4f4,2025-10-06 12:47:47,2025-10-06 12:47:50,3.0
3515639,22285f9215f6a04ccbbba7895db7b6dab9d09320de824703bc5ce5b4542f0069,2025-10-06 12:49:01,2025-10-06 12:49:07,6.0
3515641,6e84ebb5f7bbb455cb90df033c31b310135b908bcc8dfcfbc950323d66270fa2,2025-10-06 12:55:56,2025-10-06 12:56:00,4.0
3515643,8e153a72523821573105775f235775e8dbbcc514814bde97281610c6431d35e0,2025-10-06 12:58:03,2025-10-06 12:58:08,5.0
3515644,91da18165520657e8dd9ee488a063b23807d899023eb23eaa47bf8348f202672,2025-10-06 13:01:44,2025-10-06 13:01:51,7.0
3515652,add420e7ce1752d68c948d2e7b352712eb3104aea79ea2d0c6a1a574eb8dbcb2,2025-10-06 13:20:48,2025-10-06 13:20:53,5.0
3515664,18694630c1d89826c273e97d32b542450d1e32be063a81ecd34a130f90646eb1,2025-10-06 13:36:25,2025-10-06 13:36:34,9.0
3515665,85c293af058df9035976e6dbcdf274a3e2b2737e27d657ee798d4b7598aa6847,2025-10-06 13:37:38,2025-10-06 13:37:43,5.0
3515669,b7547d441e74cf57dd0eda0e5f26e2f6ace4380b3897f5c4ba2adac61beaf096,2025-10-06 13:41:12,2025-10-06 13:41:15,3.0
3515675,6595143202bd0a5efd4a3996fffdba270163fd4a0fbe0cabf257ce2ac106f77d,2025-10-06 13:48:46,2025-10-06 13:48:47,1.0
3515676,2692841b58512eeb39f6f55b91521090353e19b65ef397e3084fa9a4b0a5914f,2025-10-06 13:51:59,2025-10-06 13:52:00,1.0
3515677,4bbeb8bd6e52d6aa6b07f57d7d2431a0c9b6e6bdf16458ebf441ef68e83e6963,2025-10-06 13:53:12,2025-10-06 13:53:14,2.0
3515678,aa0e7605ea32f0dc074bd24c869b664fa74cbc779d14b7403ac80969d93aad8b,2025-10-06 13:54:02,2025-10-06 13:54:04,2.0
3515680,bb6ee4c8600c38f2bbffb4aebf729ea62c0a75f9f20a5ba7c3c657b809504804,2025-10-06 13:57:02,2025-10-06 13:57:09,7.0
3515681,078638ca2769f3e44288bf85dea91ab9da5b4efe0ba641b779c4a96be95d055b,2025-10-06 13:57:41,2025-10-06 13:57:48,7.0
3515689,43e519cce72e3847b2c4dfaf8cbbc4a42b6791d514b7668071a79ca51a61e383,2025-10-06 14:15:45,2025-10-06 14:15:52,7.0
3515698,494a32c6e092c6a7af7b4f4e4b580a86926e47b50eedc37f785360981f2d214f,2025-10-06 14:24:59,2025-10-06 14:25:04,5.0
3515706,9630977da6aa74d36febf1b26cacbce405702c193cf6529e453055b5535a87ec,2025-10-06 14:47:46,2025-10-06 14:47:52,6.0
3515707,eaba5263f2538234b0cc88e314790eb5ba5909acfb1e7b746408108571838eb0,2025-10-06 14:49:52,2025-10-06 14:49:56,4.0
3515713,5c781a1fd86fa3e3d9cacae7902334503b573f28ae40938e9c8ec5486fbc7f3f,2025-10-06 15:08:31,2025-10-06 15:08:35,4.0
3515719,8a17a07874732289cb9973b3c2d793a19715cf48c5b47304381ff878dc3749a9,2025-10-06 15:22:31,2025-10-06 15:22:36,5.0
3515720,e08e92ee887f0ad6c2eecad72e5b3ec383f1b0e7c873cb62649a35b5f50c0de3,2025-10-06 15:22:36,2025-10-06 15:22:38,2.0
3515726,e4db7a877a22b92bb0c92457512b4012c3752af30a440182a3b901a21aeea274,2025-10-06 15:30:02,2025-10-06 15:30:07,5.0
3515727,5ab61e2969ec9c282f8d1b9ec5b75c26f66d1dc4bd4e590f63b81e4d20534a92,2025-10-06 15:35:19,2025-10-06 15:35:23,4.0
3515728,d4d5594c0072d597529c2a011cd91e04bd79e6fbcb2156455744dd3c267581b7,2025-10-06 15:35:30,2025-10-06 15:35:31,1.0
3515735,b79f7d1a3916de8aa940e023246a194987a9a4ecdc3bc053c1dfa52cde1e682c,2025-10-06 15:44:16,2025-10-06 15:44:18,2.0
3515741,04cbb4d5822d48fcb2da6ee145fdb8ae20118cca5614bfdb04587300e821eb6b,2025-10-06 15:57:02,2025-10-06 15:57:11,9.0
3515747,8e606b82f31a438ff8bc9c20e70dfd09cba331ce40cba9a7c7e36a4a2c910286,2025-10-06 16:10:28,2025-10-06 16:10:37,9.0
3515748,9e4503c9267d5093c4a99b41f1cf8226e4cf67be3bc2ef08b90f81839a119a4a,2025-10-06 16:18:20,2025-10-06 16:18:27,7.0
3515758,a113ebfa21548c2f4f0beb118a79f5b998ed2818f6dd7ae87e192aac9ccd29ce,2025-10-06 16:27:52,2025-10-06 16:27:57,5.0
3515759,a9bc1296cadf49dc9c2fc133cde8d3fbe15c3107cabfe0473858f4b252ff59cc,2025-10-06 16:29:49,2025-10-06 16:29:54,5.0
3515763,e134e9f9403fd281a0024fc7e5c69b69b4228e182f07b8a530286c40e1407bca,2025-10-06 16:39:50,2025-10-06 16:39:54,4.0
3515764,30d541f162675c41436844d8de20f2ca86593bfe7f87b635e2e0449f2cd1986b,2025-10-06 16:43:06,2025-10-06 16:43:09,3.0
3515772,d46f8bf2a626c4eec50611b0c98c8d03858c2b991defc76bbef49714daa2ee52,2025-10-06 17:05:22,2025-10-06 17:05:26,4.0
3515773,b5bebef5fb63438845871932d2b08651aa64ff846e7456a7cad3d993ba8920f2,2025-10-06 17:05:26,2025-10-06 17:05:34,8.0
3515775,c414605228a96e909bbf5aa2cc780ed9988b9d4822039a03e5b5c710dd58b2c3,2025-10-06 17:09:16,2025-10-06 17:09:18,2.0
3515779,506503dacea272078b7d16febba64878815476888837e4ab9f51fd0ced869aed,2025-10-06 17:16:26,2025-10-06 17:16:35,9.0
3515787,68db85938b17ce44f94e9334aaa9f7746f9f478f206af7c014ff6d20349b0bbc,2025-10-06 17:33:01,2025-10-06 17:33:09,8.0
3515788,2f9f12e06ec5e4d8b612bfecd484cbfa73197fa8d30ba694711133a7d489a8e8,2025-10-06 17:33:57,2025-10-06 17:34:06,9.0
3515793,6f9d17425a4761619560b0df6fdcc26975d453a47a77d801d237a30281330dbd,2025-10-06 17:42:09,2025-10-06 17:42:11,2.0
3515801,f2f6b9f796a6d6120d4b5b51868dfd3fb74c646f1ffab03cac4176aed98326af,2025-10-06 17:56:49,2025-10-06 17:56:58,9.0
3515802,e85829f22b5a6e79b5767be846354875233c2ae67c756562a04cd95e0215e07a,2025-10-06 17:58:18,2025-10-06 17:58:26,8.0
3515803,70d502b174011a519409d96b7887f37e56977acf71bc7f840464cc570fb76cdd,2025-10-06 17:59:38,2025-10-06 17:59:46,8.0
3515805,6f010967ae239aaea7c39b3906e62c8f9276f390c7d5aece78caaa95a9bcd993,2025-10-06 18:03:20,2025-10-06 18:03:28,8.0
3515809,69893461ba9d653feec0755a171dd09437f06235a64bc9e3f28bc6f0f5a19067,2025-10-06 18:16:14,2025-10-06 18:16:21,7.0
3515810,1ea0caece85554984379ba95ef3ef1b23f9c57209fad64c9eee9421de22d5aa0,2025-10-06 18:17:08,2025-10-06 18:17:13,5.0
3515814,626aab6156201168751242f04d6ab0b579efa1eaa2f1bfbd56ebfc21fe0be213,2025-10-06 18:20:34,2025-10-06 18:20:39,5.0
3515815,ba76607344852d0be077ee299f8c05f23c12818ec0996eb8ff0f6651bc00792d,2025-10-06 18:30:07,2025-10-06 18:30:11,4.0
3515816,7ea28a6ab9a088bd454f830981be36ce74505a65239f985ecb81a7f81e507b06,2025-10-06 18:30:11,2025-10-06 18:30:19,8.0
3515817,62bd9d4f7c16f06532abc2e1ef09b62e23ef7de8b5e522b798ba967e12f76183,2025-10-06 18:31:38,2025-10-06 18:31:42,4.0
3515819,243d21324658601bd127d491e09eef1f504300a7c624d10026a79587ca55181a,2025-10-06 18:34:41,2025-10-06 18:34:46,5.0
3515823,93677b59cb4eb067fbb2a950ddb498587377feb74509fcfa4a97cf52b5b3d69a,2025-10-06 18:40:38,2025-10-06 18:40:42,4.0
3515824,caf387289c8f49e5d3fb90d9837c93eae32bb7f83291a6e23e73bd94107910e7,2025-10-06 18:45:45,2025-10-06 18:45:47,2.0
3515829,328de00125e8b6c502720ce692202ee69e153785bb15b86b78a0ba497781ef86,2025-10-06 18:51:28,2025-10-06 18:51:32,4.0
3515831,3160fd112b8ad8dc1a6b1025c58cf5e4164aa2f134239be802bc9b68ec784f75,2025-10-06 18:57:18,2025-10-06 18:57:21,3.0
3515833,60dc40e38bec95b779cb62d83aa506a008f816e78417f891ec2a2b342fa8407b,2025-10-06 18:58:33,2025-10-06 18:58:35,2.0
3515837,d359f91506c752c2f0b949fa942f491afdb0a079dbccee10f0bcbdd791c611ef,2025-10-06 19:10:29,2025-10-06 19:10:36,7.0
3515840,6ceaf1bf5ffca58bcccda9f935363c4d2f3c0509721449852a08d3c026715e6f,2025-10-06 19:18:09,2025-10-06 19:18:16,7.0
3515847,f7e938ac01266664aa61048869543c2c9c3f652bda0b24773e9649b58db803a0,2025-10-06 19:36:09,2025-10-06 19:36:15,6.0
3515848,d333a029991bb045814591e600d09e7d2017f9b89e0e5bb4bd4d1d0c2c79d0a0,2025-10-06 19:38:15,2025-10-06 19:38:23,8.0
3515849,df910ad0c133636f301ca3b58fbef5ebb36c2e114c62153d97e60d09e589e917,2025-10-06 19:39:51,2025-10-06 19:39:57,6.0
3515851,00c47481099cb2615e08cf8ec0f75f3be8539a009bcf1326c3c11c198c541883,2025-10-06 19:47:01,2025-10-06 19:47:06,5.0
3515852,f6c3ea248c2abe7bc0a67a3783288e9443da217bb96785f8e90f6f4c4995483f,2025-10-06 19:51:46,2025-10-06 19:51:50,4.0
3515863,946d28d01d94cd4ee5190a200016849e8ac61a6caf353634fb0f9843a2857dc5,2025-10-06 20:06:18,2025-10-06 20:06:20,2.0
3515864,3155d2cc0337656191646c5d1889ae4dc7010eb8347882aaf646251c03731b18,2025-10-06 20:06:59,2025-10-06 20:07:04,5.0
3515865,9b4ef164e0bdaa03a3b379959b7fec5b2a087e6ccb78f9c0813ea643abf5d03d,2025-10-06 20:08:39,2025-10-06 20:08:46,7.0
3515866,a929968e354d9b019a0ed2a9a1c684e68bf5ae9a764817cc367a3a66ff8725ab,2025-10-06 20:09:50,2025-10-06 20:09:56,6.0
3515868,326747bf25a462281e0c7f3abfb613779eced3682d5f0bd4943bf91580eb1941,2025-10-06 20:12:52,2025-10-06 20:12:55,3.0
3515871,92580255ca9e88e5cc7d9a39513687ce1f6d498838f0bf023a6f607873e1bc3f,2025-10-06 20:15:45,2025-10-06 20:15:54,9.0
3515875,7b4977f88bb077e91db778f3ceb483c07de4fd0d7997ab29731cd518229655fa,2025-10-06 20:21:55,2025-10-06 20:21:58,3.0
3515882,c67f4709b96bbc2f90b402759f97c2e41471ca57efaa4ea58554149503b8211b,2025-10-06 20:38:16,2025-10-06 20:38:26,10.0
3515888,332d1d4d99012840c84db3cb69026d24e9c9ff1d92f0341f19449a8ededcc3c3,2025-10-06 20:45:07,2025-10-06 20:45:12,5.0
3515891,f86d921dda21d8cf1871fcd7830cc87851355b1ec67c2068fe78c15060ea224f,2025-10-06 20:59:30,2025-10-06 20:59:32,2.0
3515899,23b2a0d494fcd5492e37bfed48c243828704d8ad20c5569d1ba7e145211022b2,2025-10-06 21:16:29,2025-10-06 21:16:35,6.0
3515901,1a54efc6022a145acd546c25335377a757d10f0b7b91675c4a6f26ea6b4f8c83,2025-10-06 21:26:36,2025-10-06 21:26:40,4.0
3515902,af028124f5f3a61daed9cf3fc06f8f3385a8c07e7e4c2fd6fbd25289ddbffedf,2025-10-06 21:31:03,2025-10-06 21:31:09,6.0
3515903,c03a55743dbeb4ac13554d77329b79b9fea5ce94becfc71bfe1c3ef6729c2fc4,2025-10-06 21:32:20,2025-10-06 21:32:28,8.0
3515906,9505a9c0d9b511c927c2a30a199802bfede6aa1025b07be1b44fae4c513b740b,2025-10-06 21:38:48,2025-10-06 21:38:55,7.0
3515912,039e1174630cf01e02ff2eb2c90e5999fef27225f209f8fe2683ab102020611b,2025-10-06 21:54:57,2025-10-06 21:54:58,1.0
3515915,70fed805a9f5572780bf191053735b5f8db32f021f9e0dfedf2862526034cdeb,2025-10-06 22:10:23,2025-10-06 22:10:32,9.0
3515918,a8932a39481fe1be8542be4d9228dfb84e181d27d69f414b23e4eb70a9d6536c,2025-10-06 22:19:28,2025-10-06 22:19:32,4.0
3515920,ad50b3e9131ff21913e8dd29a21b649060da861acd9ab043a492df69b4194536,2025-10-06 22:29:45,2025-10-06 22:29:47,2.0
3515921,b61f0e7e40159472abcb8b209a11f101ac51dbf6cbe77047b71c165a116f9904,2025-10-06 22:31:22,2025-10-06 22:31:25,3.0
3515926,7b640eeb92eaf1d167de6efe6dd67f4ec93c47418ca50cb00f327bb98912eabb,2025-10-06 22:37:33,2025-10-06 22:37:36,3.0
3515928,40f40478b2b7914f6eb9e44df13fb5be1fbbbe7e12b324b4a9575b24cc006244,2025-10-06 22:41:59,2025-10-06 22:42:05,6.0
3515931,d298bfaa4e77974201a667838b8226962c6b99e67bd21fc0ffdcf6cf8b5091e3,2025-10-06 22:51:01,2025-10-06 22:51:03,2.0
3515932,575ab31f69f68a423d6e08f36477a26f163ccf74bbea860bb98d9c8b0507ddf4,2025-10-06 22:54:31,2025-10-06 22:54:37,6.0
3515933,b820d14a5e0262aa7389406558e4b91d167c807bf4b146f2414a31d3fe1d7098,2025-10-06 22:55:49,2025-10-06 22:55:53,4.0
3515934,0b6a1781e82d31b6c93b006a7ed16cfa60b74d0644ff25db5408603fbd48abe4,2025-10-06 22:57:52,2025-10-06 22:57:57,5.0
3515935,3b621c7e255e7d107dae04012ea9c89cdaa76075541a6c8d6f9fd05f0c6e345b,2025-10-06 23:03:17,2025-10-06 23:03:20,3.0
3515936,5c16e17637ca3fb2d742a2778bbd3a78b06c6b8aff7d289dafb65d87599ac3eb,2025-10-06 23:03:59,2025-10-06 23:04:03,4.0
3515938,3422e775e57c8d9dcf50b3ff6174497616367c78fe674ed2f0d174f629cf16ef,2025-10-06 23:05:31,2025-10-06 23:05:35,4.0
3515939,bb39c404f4564f602698f513f2a77b2f56714ab8bf109f9d7fcb62839fa034e9,2025-10-06 23:06:23,2025-10-06 23:06:31,8.0
3515942,f2f7a3e24c6c9953bc4b1480c0d0e40b747242215e8e95d41e246f3826148ab6,2025-10-06 23:13:44,2025-10-06 23:13:49,5.0
3515944,361262af7835ddeb178f103fa59f394c3d5b49f54e3a9837d717f670b01b8056,2025-10-06 23:17:31,2025-10-06 23:17:37,6.0
3515946,5ddc4ad651b70520d888b0841bd9cd80ec20a7ee51799425f9ccc03fac6d5b76,2025-10-06 23:23:02,2025-10-06 23:23:09,7.0
3515947,ef0dee2424d0981e59ce8c4335959c78667cc729e72a3c460a8beec2afa1d137,2025-10-06 23:26:37,2025-10-06 23:26:41,4.0
3515948,00e20cb275ad3e10b3e4af787f693cf3b80b6f187e638330e657f4b5b61d7475,2025-10-06 23:28:48,2025-10-06 23:28:50,2.0
3515949,3a4f57d413d07d83e9bd1a88a3e56f745a331743a2bb9f72823cb575f5cfd6cf,2025-10-06 23:28:58,2025-10-06 23:29:03,5.0
3515950,52abba8c1aa700a91fdef8d976f78c390d84720d292cee81150d9f8d5644d94f,2025-10-06 23:30:15,2025-10-06 23:30:19,4.0
3515951,812e0ac9e17042736fb777de6a4720c7c9c900c7b359c6ccf060b207e9279e91,2025-10-06 23:32:34,2025-10-06 23:32:40,6.0
3515952,740958610e6b44f54f14896434fcf4394574c40f7af8ee181040ea7e50e3eed1,2025-10-06 23:35:12,2025-10-06 23:35:16,4.0
3515955,5618160c0bb126aabd998ff4bc727da279051ef9d19692068c3d7e13b223cae9,2025-10-06 23:46:09,2025-10-06 23:46:15,6.0
3515959,9eabbf7be81a50bf811dcb97ad75433d3e764f99c729b4f3de8bc059ec84bd93,2025-10-06 23:56:46,2025-10-06 23:56:49,3.0
3515963,dad79bdf202513d9e7ba3a3daf0dc385328262e0a5b8dae6d4f13a52aa712bc9,2025-10-07 00:05:29,2025-10-07 00:05:33,4.0
3515965,d117c7a432f5a5450108abd2e5ca4f8bb7135fc2c204b58dbf2ba05ed9b7643e,2025-10-07 00:06:07,2025-10-07 00:06:15,8.0
3515966,9ab068b25f3de9e1be65f674c1699238713bd50e4c3b51500665c0259afa02bc,2025-10-07 00:07:43,2025-10-07 00:07:50,7.0
3515967,2b6f18a748b86bf34224991d35f01006f690e1e64baff4ff158b0f317b845794,2025-10-07 00:08:13,2025-10-07 00:08:18,5.0
3515970,2dae02627d0016fb5fc619496ca47ee1145aeb91a5383065e11c6b8ed1bbd017,2025-10-07 00:14:19,2025-10-07 00:14:27,8.0
3515977,6d2980295c89092eb99a63e721b0e738e0304783a2365b1d8c4516527c80619b,2025-10-07 00:30:42,2025-10-07 00:30:49,7.0
3515978,fc4e16e13f2f2314ed3022c07d6150c6cd4c93149476c5d14c9ef72dc38b9703,2025-10-07 00:31:20,2025-10-07 00:31:24,4.0
3515980,bec1d7f71adc0e4829f012cb3a2fd2d248f6f0cfbf9cca79e5e03b2adbd200a6,2025-10-07 00:33:07,2025-10-07 00:33:12,5.0
3515983,1a41f77bdb0eb5da7ba84c3fdd7bd966dc38d8e97fade88431bbe8b1f0ff28fb,2025-10-07 00:44:29,2025-10-07 00:44:37,8.0
3515987,68df8f63d9e0dd9f2858e1cbc0b141ccca3a7fe9b983728d5c3a7e6155d134c6,2025-10-07 00:59:57,2025-10-07 01:00:03,6.0
3515993,68a6a1ac832084d36ad48f9aa9f107f30f50711e813604072ec5bc21ac9ca17a,2025-10-07 01:11:26,2025-10-07 01:11:32,6.0
3515994,18a284b5af8886fe923620762fb0a164951b366a64551d58e2f433c977e7b299,2025-10-07 01:11:40,2025-10-07 01:11:47,7.0
3515995,7e86b7d5717892303eae6f6fa0f55037deeada7c18b94a3202ae5063e8a0b9f5,2025-10-07 01:14:51,2025-10-07 01:14:56,5.0
3516001,20eab1fc76218c4a31691aa8b3a17db25ffd4968391eb1ec1ea466b3d96bb333,2025-10-07 01:24:07,2025-10-07 01:24:09,2.0
3516006,0a62ac302071452ada9e84c9caa91947eb5b7986f1d2eb97bddd5eb9c07ab133,2025-10-07 01:38:16,2025-10-07 01:38:21,5.0
3516011,016d285a673ede5240b0038747bfaf0177725d57187df9b62400fc3aa9805325,2025-10-07 01:47:05,2025-10-07 01:47:11,6.0
3516012,358ca2951436026af72ecdae9ad41797e4d017b1cd3a8261d7aeff27475e6b53,2025-10-07 01:52:48,2025-10-07 01:52:51,3.0
3516014,a4482d0e889787990cdb892bf0b434ba29a48b5af7f65d61741afb6ef52590c5,2025-10-07 02:01:32,2025-10-07 02:01:39,7.0
3516017,eaffaed83676caffe53adb8cd70b274d7c0b1d53a65377b6c1ffa0e90ca86666,2025-10-07 02:04:38,2025-10-07 02:04:41,3.0
3516019,cd5140e05ff3106d762f28898e10abfe1c34f93cfbe7636e0dde2dd7eab71d26,2025-10-07 02:12:23,2025-10-07 02:12:32,9.0
3516020,a3b7e77784061f39f791d9ba4546f171deb6460637f84cec8c8d08d7549848c7,2025-10-07 02:16:08,2025-10-07 02:16:12,4.0
3516021,c3aedb9fa013c14b508531725c89376ddc33a2d27118ef92dfb33634fa353083,2025-10-07 02:17:48,2025-10-07 02:17:54,6.0
3516022,50e1e71fc15527b34d2cbb7895947d4ec044ed971100330f21644ec1cc510be9,2025-10-07 02:20:10,2025-10-07 02:20:11,1.0
3516023,9ad3190fec5fc2aeec4b63a318b2bbd72f3e190d8569036784f12f6157ff226d,2025-10-07 02:20:11,2025-10-07 02:20:13,2.0
3516024,3efc970619403be1fdfc83aa8908d12d6b33a071d7fb481f70de17c85756cf5f,2025-10-07 02:23:49,2025-10-07 02:23:55,6.0
3516025,96f7b60f19898f33bbd381e88b246b76847da76f88f12676c6c619e9286f1af9,2025-10-07 02:26:35,2025-10-07 02:26:40,5.0
3516028,b0b1ba116ac78b25ac46d378fb86ce590ce3c612244330bee7ccff38b9aca691,2025-10-07 02:41:40,2025-10-07 02:41:42,2.0
3516029,527076a19325cccc4cc96c3814e655970d9edd41feba33843bad112930acc858,2025-10-07 02:44:53,2025-10-07 02:45:01,8.0
3516031,2505ae3dbfd829f52a30a49124086c1c7262efa20c5fb3f2d371cf698344beee,2025-10-07 02:54:15,2025-10-07 02:54:23,8.0
3516032,e1d8739bf9429335413eb6018cdc984739a6a77b4f31ff8c5e4782758f72bdb5,2025-10-07 02:54:31,2025-10-07 02:54:35,4.0
3516037,2dc00d698122f675703c17cfb3af25c799a5a2188d2ed110eb250d4d380014f7,2025-10-07 03:02:41,2025-10-07 03:02:48,7.0
3516038,0d44bcb86f05efa17bf13a281a4e06f5686f6dda3bd2ba14aec0305f5a1edab8,2025-10-07 03:04:56,2025-10-07 03:05:01,5.0
3516041,8cf539d385e3042fc8b56c162ceeea479665e22615de451c4d65ed7f6d0dd41a,2025-10-07 03:11:52,2025-10-07 03:11:58,6.0
3516046,6f5b7546e3710e02ea7ffca6fd93b6602d685dcd27d97764cd15fc45112edb62,2025-10-07 03:22:13,2025-10-07 03:22:15,2.0
3516047,b98e76b910f0e72561ca532004d4bdaa6dacc57ab390d16faf99c04dab2fc994,2025-10-07 03:22:31,2025-10-07 03:22:35,4.0
3516050,0d835f7d42c9642c3262a4cac51fa83fb835aaadd9d0f1aa496cdd5bcead5e53,2025-10-07 03:31:53,2025-10-07 03:32:01,8.0
3516051,63cd0078b1e72d080bf70d46f0f00f5e104900e34086720aad0c884d02c6ec5e,2025-10-07 03:34:01,2025-10-07 03:34:03,2.0
3516056,9469fb2b151ea3f6ee43a8398222923acfbdc1ae9c03f961cd0e42b465ece09b,2025-10-07 03:47:07,2025-10-07 03:47:11,4.0
3516057,5c152ebad2dbb1b0c13ebb88e68892b763047ed4f0de4b30b008f2e167766539,2025-10-07 03:47:42,2025-10-07 03:47:44,2.0
3516058,465425bcbdd8538d93d36093c4c9a625b80529d019b9339f5c42db1c7d805522,2025-10-07 03:50:08,2025-10-07 03:50:15,7.0
3516059,a2c481a60a1a696c149c99a0ff592d7b4a6b5e76f936e5321bd4a63e7c71274e,2025-10-07 03:51:18,2025-10-07 03:51:23,5.0
3516068,e3178873b0cdc53ef5e6938c003726c6ba1393a60c881610b2f759e3f8ac40c9,2025-10-07 04:13:59,2025-10-07 04:14:02,3.0
3516069,0e74ee4f7e8ed84fd0da86170215753425c6aaba228b3ab752235b4d90429819,2025-10-07 04:18:18,2025-10-07 04:18:21,3.0
3516079,2d2e26ec775f35bcadff77eccf6aade054ed3a7ad5a986debdb5f7cf43843566,2025-10-07 04:38:38,2025-10-07 04:38:42,4.0
3516083,d015d702b76f1c575188eb6c225b283b067d8d0850e4f72d0870d79086e2601c,2025-10-07 04:45:30,2025-10-07 04:45:38,8.0
3516084,7da69d7af182a27760d0cd109c021df87a6fbb75ca346eeeeaefa1e23ce415b5,2025-10-07 04:49:54,2025-10-07 04:49:55,1.0
3516085,69f26e71256eb898e863fb3fd4c9cac34a3d5eb55b5ec478cafd4b83a90e1d46,2025-10-07 04:56:35,2025-10-07 04:56:43,8.0
3516086,15a9a6584eb66e38bc8c302731fbcbab5deef1347ae412a81f028f054e33cbc0,2025-10-07 04:57:54,2025-10-07 04:57:59,5.0
3516087,3fc9ee2418794be03da620d0fe209e98ac68f40c62f4a26fcb67752b69bb075a,2025-10-07 04:58:55,2025-10-07 04:58:59,4.0
3516091,936945a33a437996eed86b194e755a7345d92876675457d94180e7a7ed8cb182,2025-10-07 05:03:39,2025-10-07 05:03:42,3.0
3516092,67a91b463182bf8984766b963500c470faab93eb85bd4fd98a6c5e5228ca2e6e,2025-10-07 05:05:17,2025-10-07 05:05:23,6.0
3516093,2ce9ed275ae4d116230a67cdcea4a7e3eb582de872893af069507e5797c7df06,2025-10-07 05:05:23,2025-10-07 05:05:24,1.0
3516096,c9ffdec02e76435f187489fe29ac1fc92ea3be0f6aeb3b66e5a610d267739d42,2025-10-07 05:12:24,2025-10-07 05:12:30,6.0
3516100,b9de977070a2699786e6f10ea14b45ed227d9a982c4d12535e9596fd6d89a226,2025-10-07 05:26:51,2025-10-07 05:26:58,7.0
3516101,3fa0cf966796b88ee1aa4773d26aab60b3e46c65ecc7003896a64ed95dae83a1,2025-10-07 05:27:06,2025-10-07 05:27:11,5.0
3516108,5ef52a3c102f0f5874a261ae8da88a02c6d2842f1fea7609a33f5fe169e7986a,2025-10-07 05:35:40,2025-10-07 05:35:50,10.0
3516109,53402db3ff71f7ea61670eb3721082766b2c66449ef0274a6a9a64b7ce6b9e13,2025-10-07 05:37:02,2025-10-07 05:37:06,4.0
3516110,d7fe6fdac313443b4301c0b9044658dce6ecf80f6e783c7083b88d52dc3a7a68,2025-10-07 05:40:10,2025-10-07 05:40:14,4.0
3516111,e8f07683baa7a0c34218cb61bbf3517c37d20d246925d341cc88419b3f3fa73e,2025-10-07 05:44:22,2025-10-07 05:44:29,7.0
3516113,5c3ae50249328c7b3ab0ff097403e7847cd42d164d7bfc172abc058dd8891d72,2025-10-07 05:46:41,2025-10-07 05:46:46,5.0
3516116,a0e980c6cbd9912f20ea7fdfe1deb617b1c3fab5feac111c764b0455b53bab3e,2025-10-07 05:50:37,2025-10-07 05:50:39,2.0
3516120,2e36d137c036ff688ce2b2c257d458d15c3246a616818397b0e4debd9df315dd,2025-10-07 06:04:56,2025-10-07 06:05:00,4.0
3516121,dff97c3b9870fc98156e4079d5953d19a962f381f2f3e6b216492c3d4c69ead1,2025-10-07 06:05:32,2025-10-07 06:05:34,2.0
3516122,08a838c878bba28217b55c1573f0a3191e4e04c777fea6048c925c8de06ca82e,2025-10-07 06:09:58,2025-10-07 06:10:06,8.0
3516123,bf8a5dab925120441a18d9e5b031849ff37f2a3b32029694132069c87e5d1e51,2025-10-07 06:11:27,2025-10-07 06:11:29,2.0
3516124,802261ceec619293c75fd4e4e59efb946f6c645577fe8b610a38a3810196a3d6,2025-10-07 06:13:04,2025-10-07 06:13:07,3.0
3516126,69bbc76acd6d968c53e452bc83508954c27d12b88e166530c5ba503c5d095c4a,2025-10-07 06:14:43,2025-10-07 06:14:49,6.0
3516127,49766cdf51e3608e10c52b2954b77ad2091b4ae918ab02f2744fc58b8a8361cc,2025-10-07 06:16:01,2025-10-07 06:16:04,3.0
3516128,3bcd4dc95c441c0d84af57195ba05597b3ada176eafc1f2fadc4f3a59dedb1c8,2025-10-07 06:16:03,2025-10-07 06:16:06,3.0
3516129,821051e5ae441e23c585193a5c050ef65d388b9c948e10210e62ad69b956a354,2025-10-07 06:18:38,2025-10-07 06:18:47,9.0
3516134,717b8689c058af2b7fe970a789fbfec3e45cb333f585a40b6883a61c5c53988e,2025-10-07 06:27:05,2025-10-07 06:27:13,8.0
3516147,da371ffae25669d5f7282eb9e4257e11813e6f92749abbc750dc423a015da7a6,2025-10-07 06:45:20,2025-10-07 06:45:25,5.0
3516151,bae1e01867c2d5141e3554c9b417504d59837d559322ff6773b5cec1e599a6fe,2025-10-07 06:50:55,2025-10-07 06:51:03,8.0
3516153,0f159aafa7af892ba00b86ad6a49b583a2c9cf3570b9b6b9724a45013a027df8,2025-10-07 06:55:07,2025-10-07 06:55:13,6.0
3516154,9110a1acf23b3ceacabf5233fee6c19c4f6ec2a93262f0d3b4d9a1f527eccfc9,2025-10-07 06:56:49,2025-10-07 06:56:56,7.0
3516157,c4cceaef08274544e0c4f919a9bfcac6e668a86c9bf20aebb03ac78995e56277,2025-10-07 06:59:43,2025-10-07 06:59:46,3.0
3516158,72e3b41bbec6ac0a9e29faf9c78ca762ad4ea87f005ecc8ba9ff6ae2a08f53db,2025-10-07 07:05:46,2025-10-07 07:05:55,9.0
3516165,f504f5f7cf59e23cc030206292d867479ae82aff43f085d962d9fc9d56c0307c,2025-10-07 07:13:54,2025-10-07 07:13:57,3.0
3516167,8ce4a5dc7159ab27c0e4303e35256b646238fb857d1fc872c77702c269c98bae,2025-10-07 07:17:10,2025-10-07 07:17:20,10.0
3516171,fc9337aaec96173467453d6222991c172d2f02d17b88620cbded309a875323bf,2025-10-07 07:20:43,2025-10-07 07:20:52,9.0
3516172,d1a704d7d7e475839928fee1a8970540f521ebd86a48d560a3afbe6891e0d02f,2025-10-07 07:22:27,2025-10-07 07:22:31,4.0
3516173,75240e1dd1e36768ead10798c8a70836d9ffe98da2511e7c8cc26a8b27f7bf23,2025-10-07 07:25:51,2025-10-07 07:25:56,5.0
3516174,ef090fbec3afaedce134f3790b646d5a32f0932eaa4fac671b961856c83e860f,2025-10-07 07:27:15,2025-10-07 07:27:24,9.0
3516176,a14285887c7338b3c868a6f3eed4350c7f554b090e4f5fa8c93886299dea3a3d,2025-10-07 07:30:43,2025-10-07 07:30:52,9.0
3516187,e35bc5fcf54d2b6dd39e2c6bbafb6cdc0376cde99e490effbfdb8114006a699b,2025-10-07 07:43:18,2025-10-07 07:43:26,8.0
3516188,4ee5f1bb64f50eace43823afe0e3471ff3ca3ed9db15fab71813aa7819f470f1,2025-10-07 07:44:13,2025-10-07 07:44:19,6.0
3516189,191919713e477b3d0694c2bdf0972a02a4191ce3fe3522f59d68a0ec3beccb4e,2025-10-07 07:49:55,2025-10-07 07:49:57,2.0
3516190,547b30eec82260e54e0fbba008123c447a41715ef4a20c30edee9c0be37fa63e,2025-10-07 07:52:52,2025-10-07 07:53:01,9.0
3516191,11b4d81b76d99b805573defe6f961845418e15ba27e1c9b3bc9053351a75df4f,2025-10-07 07:54:12,2025-10-07 07:54:15,3.0
3516192,620d655833ab92f5d8cf54f92c51c82e43f1962490b14be99f30088217dc21a4,2025-10-07 07:59:03,2025-10-07 07:59:11,8.0
3516202,f4797d52d3a2ff39b0869a3ea35f99d5dfa611d9285a3c0957d12722c52443ed,2025-10-07 08:24:38,2025-10-07 08:24:41,3.0
3516203,d34238e0df5169b735f4e7ed810a0b9b426dcaef22267f3783d36e8fbcc7025c,2025-10-07 08:26:01,2025-10-07 08:26:07,6.0
3516205,42c58729faddeaade43be11202c57ace6d083622211bba897d1d3b5e8d2c143b,2025-10-07 08:27:46,2025-10-07 08:27:53,7.0
3516206,22e3a71d2a464e86e4bbc017416cb55637a7339ac82e9a86766bfb66f0436706,2025-10-07 08:30:01,2025-10-07 08:30:04,3.0
3516207,c2a9b395dae99a34e73d9649e127e0cdb5498991bde57c744b8dded506ef682f,2025-10-07 08:32:43,2025-10-07 08:32:49,6.0
3516208,8f15802548a1c048822d52f71a1a2eea9e133015130114ca8bbfc7b7b9c2b6aa,2025-10-07 08:34:01,2025-10-07 08:34:04,3.0
3516209,6471c46c25f031c85635766b32a786c6a61b21b6ff83a49b449bf95cc1bbc4aa,2025-10-07 08:34:27,2025-10-07 08:34:36,9.0
3516210,bf6fec8b15a51bbd0412038725b7b9964f94eba7cbef6a23f2539ee5ddb9b3d8,2025-10-07 08:36:19,2025-10-07 08:36:21,2.0
3516211,bbed788943cb606cc78ff3d3ab2e591fed1ff0006d0b972f4a3ca99872871d82,2025-10-07 08:37:25,2025-10-07 08:37:32,7.0
3516215,32b4fcb187ef04bdeb41dea25c79405a270672fe7785fae9e184d241eecbbda0,2025-10-07 08:43:15,2025-10-07 08:43:18,3.0
3516216,c60c348a3620598943ba3f53d3eb061bf500869925ed2a10a0bbf602a7466193,2025-10-07 08:47:26,2025-10-07 08:47:35,9.0
3516217,cc13dd79d772b1527ba6c5b8562313c5cb7b96917ca76359e496f2fcfcdffd00,2025-10-07 08:48:23,2025-10-07 08:48:25,2.0
3516218,35b023a71025936d197b3789b51c62eadc19cdab5aa7a14c948b52068ea0ef08,2025-10-07 08:51:37,2025-10-07 08:51:45,8.0
3516223,dd8dfb280d6101cd40d1d657153731b0d433cd63a051d1c36e8716b2d419a5a8,2025-10-07 08:58:21,2025-10-07 08:58:29,8.0
3516224,770032b9649c3fd8239fb35e3e6bc5cc9169054f08c0ee6de1097230a5e9da73,2025-10-07 09:01:00,2025-10-07 09:01:05,5.0
3516225,4531ce69ff7357fed609cadb6a599c92c0c7dd49443f73a92b1e509c725d446f,2025-10-07 09:07:12,2025-10-07 09:07:20,8.0
3516226,33b6f5e34a85ec4488839034b5fe422cfd7fba8a79073f8df2fa8d0ff15a8a39,2025-10-07 09:09:59,2025-10-07 09:10:04,5.0
3516230,469ea0fd6ed3f30a4ebfe9fae157d1286e68478a4799dc2cb129f35f11d3e78b,2025-10-07 09:18:15,2025-10-07 09:18:17,2.0
3516239,b1323b6327d01f436d67bc746d637225a4616b7fac3d44bd0bf0f89edb8b3a3d,2025-10-07 09:36:42,2025-10-07 09:36:48,6.0
3516240,6dc082ea9939a45c481db4e5d0980b6bd95365f2d8d44e4ab272e9aff83c53b0,2025-10-07 09:38:24,2025-10-07 09:38:28,4.0
3516244,28a965887e56bb07f4020c301d6461360ec3e65e8c7d49f0e9dd2956939e45a6,2025-10-07 09:43:57,2025-10-07 09:44:02,5.0
3516246,b15b6b58c3d92506ca7d4a2fdc7c146b27a708015adbccc7e1a5d747a6dec703,2025-10-07 09:47:31,2025-10-07 09:47:33,2.0
3516247,99723189883a2e74ac71cb3b9d469da3381499d7981f39e0824849c04e1801b6,2025-10-07 09:50:29,2025-10-07 09:50:37,8.0
3516252,b12e95c32c8a93b8a8c36a394da14942a069114708338af3c3862898b87c8170,2025-10-07 09:58:58,2025-10-07 09:59:02,4.0
3516253,099bc80c8de210807af5abac154946bc53e77abd447f5cbdf670116bfd32cbcf,2025-10-07 09:59:50,2025-10-07 09:59:55,5.0
3516255,a9e5dd99f1782df0c53cdc7a9aef04622fbb6888c2af80661204acbb8338c76c,2025-10-07 10:00:12,2025-10-07 10:00:14,2.0
3516263,451dd77060609a4c4bdb342d2197b511efdfdd14426b92c07ed5dbfc6cf2c234,2025-10-07 10:15:04,2025-10-07 10:15:08,4.0
3516264,ba8972f373e8b3783740b3da759b2666aa1386365730b7d1f2b3eb452168cd89,2025-10-07 10:15:08,2025-10-07 10:15:10,2.0
3516267,3305b3a78b3a8df884fde345dcafeefc52cecdd91a391caa12d402b9c4ead1cd,2025-10-07 10:18:47,2025-10-07 10:18:52,5.0
3516270,81123e3aca88da7863e6fd58da90be8dbab7d388e9e2bb96780fc208d90cb000,2025-10-07 10:27:39,2025-10-07 10:27:47,8.0
3516272,56372ba223a56a4ef597075541ce62b92f499e7711015e9e4a914a1e1b74472a,2025-10-07 10:33:47,2025-10-07 10:33:54,7.0
3516276,764ef7c47e4b6d2593d73fecb7ad79ad4150097ff469147bf836f92ae59fcb13,2025-10-07 10:41:27,2025-10-07 10:41:35,8.0
3516282,49348f2757cadf3c95972949af8b451ddffc0b0fd1e60471c9aaf8cee2d24842,2025-10-07 10:52:11,2025-10-07 10:52:14,3.0
3516285,85a40fc28068f678108438e869dedde686c9b5ee847fb0db1d75e457de43941b,2025-10-07 10:56:08,2025-10-07 10:56:15,7.0
3516288,5e4ccd09ca2b687607c479cbec24e4a256e9ff4c00d778ee61511368da3116f7,2025-10-07 11:00:36,2025-10-07 11:00:41,5.0
3516293,236118e9a933a63b6b9b7636ef488e721073ce6618baa21a04254eec71fbd731,2025-10-07 11:10:46,2025-10-07 11:10:47,1.0
3516296,5e6853080d97cf507eba0d8abdea6a5c9067d6fea476ec024f1aee68e4d49149,2025-10-07 11:13:00,2025-10-07 11:13:05,5.0
3516298,aa03dbbc45e55305917317bac91b78c71e5a05dfdabae5692b32fe93da7857cd,2025-10-07 11:16:48,2025-10-07 11:16:51,3.0
3516311,76edda22e224eb8d91ab1699badce51245f6f9477593d5515e6ddbd859e9ef4b,2025-10-07 11:45:38,2025-10-07 11:45:43,5.0
3516312,52f7b6d0f733edbcfa09a6c8ca77484c5dd1441b4c0959881284d16fd4d5c355,2025-10-07 11:48:22,2025-10-07 11:48:27,5.0
3516313,a5745db64d7a1bd023221e3971e8a4b3d667e0c84b9275dd7537184b8460af40,2025-10-07 11:49:22,2025-10-07 11:49:30,8.0
3516315,11082755fe742a27c94f70be5b668412b8d9b6b685b9aebb1acf5d281fc0dbf0,2025-10-07 11:54:25,2025-10-07 11:54:32,7.0
3516316,0013a263c449b69ac007065e4bddebcb7f2a32f9a5d1d907eda9f3cce5080821,2025-10-07 11:59:04,2025-10-07 11:59:11,7.0
3517131,a5eba4cd0335a515db07da5439010c37f6deb18f03b6880dc9d122533b89a011,2025-10-08 13:40:36,2025-10-08 13:40:43,7.0
3517137,29ae19f4454320859b258e947cf1300123044c208ad287f6dd179a5e5dccd402,2025-10-08 14:06:15,2025-10-08 14:06:22,7.0
3517138,20112fa98f65250866f8a3eed85abae8339b3a501b8d96874764e22a9a3c6043,2025-10-08 14:08:37,2025-10-08 14:08:43,6.0
3517155,8439d164def8b9ebe833d5def050899fd53f2823af4d7ffaf59a73d800d1d816,2025-10-08 14:37:45,2025-10-08 14:37:52,7.0
3517160,03e01bb2bb75005798a20ba6b118b212ebdd8b35c1d22e2f91c3cf2030da3b3a,2025-10-08 14:41:47,2025-10-08 14:41:54,7.0
3517180,6a3ba36f942cff1315d1e08f7fcd467526f6f4a44b214c366323541d2ac5a65c,2025-10-08 15:11:41,2025-10-08 15:11:47,6.0
3517181,1e244bffb460ca5cc525c583f04b8487af8df2dfb467c112fe1366e96cb1d70b,2025-10-08 15:13:07,2025-10-08 15:13:12,5.0
3517184,b26cad37181acb53c926d25f85047cf94e90b107fbd96712bff4f9c4d5cbc031,2025-10-08 15:14:22,2025-10-08 15:14:23,1.0
3517200,5152d85648e1ad1fbc12eeb44a402f340cf960d5714a800b46e65dffbf767f9b,2025-10-08 15:59:15,2025-10-08 15:59:19,4.0
3517201,4b505c9084cead9ea0736009bbac50ec9ac40f9772d2b85fef2f8659cc8f4035,2025-10-08 15:59:18,2025-10-08 15:59:23,5.0
3517203,8d3a256b3bfae2f340f5c853b5ea12c639fb8c7bf9ded11fab5e65bd6428a482,2025-10-08 16:01:37,2025-10-08 16:01:46,9.0
3517207,dcb665b6c8cc356370f32a16fe2c5b69548bae65008d011e09e49a599bf08b5b,2025-10-08 16:07:17,2025-10-08 16:07:20,3.0
3517218,2e2932921b1ad0f04a108252aeb74edd0314f4726beb6316c52fcaeca38adbdd,2025-10-08 16:31:33,2025-10-08 16:31:42,9.0
3517228,d6bb03b990c1a56de76b8205d8902c4dec51ca125ff030028822ca4e04c85e7e,2025-10-08 16:53:01,2025-10-08 16:53:06,5.0
3517231,e51967e52ee1bbeb473218e8d463becaefacbf45c4904f44cdbdc4eb4a2bcea8,2025-10-08 16:55:07,2025-10-08 16:55:13,6.0
3517234,e02310ee2470068b5b5d28cfe9ee44dfb50efa2fd88b274e951f542af8ad3165,2025-10-08 16:58:52,2025-10-08 16:58:59,7.0
3517235,9139fbe54ba76b0d4cdbf9e1230f66848caf20c18c516318bfa9a3703cd97b36,2025-10-08 17:01:15,2025-10-08 17:01:20,5.0
3517236,94f31f0ecce0ab67c251fad7f831aa621875d30a8529f0cd8797e7e1d0db70f9,2025-10-08 17:01:27,2025-10-08 17:01:29,2.0
3517240,f8a3c69b6c9776bdce492a1873b3d4e218b251a442788c44047dd2fffc1d0076,2025-10-08 17:25:32,2025-10-08 17:25:40,8.0
3517250,78c80bfbb88718633f2b3d0659a5198c08c3900eb3c5bb9ae00895b08661d2c9,2025-10-08 17:42:16,2025-10-08 17:42:23,7.0
3517251,441c725a0fb9dd943508b9f62cf23d56f4af4623f92c0779d72925a68bd468ec,2025-10-08 17:51:42,2025-10-08 17:51:44,2.0
3517252,8ecec60017f6ddc8986ca61066c94b406f0b3212f3b76361615b055e325c9992,2025-10-08 17:51:44,2025-10-08 17:51:50,6.0
3517262,a817fb3d8dd233b941bb3912b1a8cf6537591758cb7682c916faa47c124490cf,2025-10-08 18:10:37,2025-10-08 18:10:42,5.0
3517264,1b1d47ea3d1478d9f73dc1666138a0e42182606b459c4be87245db02f3b49bc0,2025-10-08 18:13:09,2025-10-08 18:13:14,5.0
3517269,262c7e4e143bd9da4cdcc14054bcd84efefdc93059b7bd4333b71aa85d56b428,2025-10-08 18:36:00,2025-10-08 18:36:06,6.0
3517273,a8d12738ec5e2061fc6f19cb06e98f586d57104638162049e3030e3656d08921,2025-10-08 18:39:15,2025-10-08 18:39:19,4.0
3517276,896357352bd7b03d5c5e79dface5e30461d29491b470b462c1f3f1e5b44f3df2,2025-10-08 18:44:26,2025-10-08 18:44:28,2.0
3517279,d581aba1d0ca82693c79ed98c72968abad221d5e57ebd296cbffac1176a7624b,2025-10-08 18:45:54,2025-10-08 18:45:57,3.0
3517292,2d73a46d1073bdf36dd308853ae9f4659c24cbffb3802c205a225d83032f2968,2025-10-08 19:10:11,2025-10-08 19:10:16,5.0
3517293,10ee9ee98a3da758619dab9a2c6bf592e7aa84bcddfb652037c7dde11002dee6,2025-10-08 19:10:24,2025-10-08 19:10:28,4.0
3517297,72348a6f5d0db8eac6edb4bfd839a58e032ae48ca0eb153928a2a44fa993e2e1,2025-10-08 19:12:27,2025-10-08 19:12:35,8.0
3517299,7567b92e14bb2a1659002f2c475eeebcad50ae66e7389c1bb770adc94f0e8b7f,2025-10-08 19:13:56,2025-10-08 19:14:05,9.0
3517311,3f6fc8f9be4ba65b18f000a6f913d3846b57e9859285a80404606da965e303cb,2025-10-08 19:31:06,2025-10-08 19:31:15,9.0
3517326,b7f5f83ef046de74dc0fd3209fd68749692830b6654958df90719af33e502887,2025-10-08 20:15:17,2025-10-08 20:15:27,10.0
3517327,b41c0b159489737443556acd2e329d44ea955c98bd91da9b1ffcf445aae62947,2025-10-08 20:15:34,2025-10-08 20:15:41,7.0
3517339,6a348836cf90db2947392452a7d46e8742bb41e4ea1588a7717095e95284d3a9,2025-10-08 20:38:12,2025-10-08 20:38:17,5.0
3517340,79d312ee88d4d2adabf6c9b42af6883b170673224a63c9111eb453e983118e9a,2025-10-08 20:38:49,2025-10-08 20:38:52,3.0
3517341,fba69d56471f34ba223415e82b449701be281e1db280cf9f8a5b63479faf1369,2025-10-08 20:42:36,2025-10-08 20:42:40,4.0
3517346,e297428b097dc9c753e6c6612c99d1a646d656c25aa7e811e89908f7fea0b832,2025-10-08 21:00:10,2025-10-08 21:00:18,8.0
3517347,55c5f0ba03699565343c2abdd213f4ce07c37e8768d366d1dc738a94df0defb3,2025-10-08 21:00:57,2025-10-08 21:01:07,10.0
3517351,df6caade2325b9e63e45e93933cbcb0cfab6abd0d0be71e09196a00c85812205,2025-10-08 21:08:02,2025-10-08 21:08:09,7.0
3517371,52ae314514de7861f13d600349adb1a20e88756ed30d395bae7b655ad7dc3da6,2025-10-08 21:57:49,2025-10-08 21:57:56,7.0
3517372,564c4f019e945ce0720de9a6956caaac331882f65337076b619df6b0f0ad2464,2025-10-08 22:00:03,2025-10-08 22:00:10,7.0
3517373,9c2e593061bf32f499f61ad041859e2cbda782ffae70eb8735044752f920c2a5,2025-10-08 22:01:21,2025-10-08 22:01:27,6.0
3517379,9385757da59c9efb0b5f9fee4b187e6d89acae2d4c69a9bef9f69af4dbf7de48,2025-10-08 22:20:21,2025-10-08 22:20:28,7.0
3517380,329f40f96d10b84d7416aa35b1c1f2338c6fec2ddeceac93ea5783ab1b69d587,2025-10-08 22:21:15,2025-10-08 22:21:17,2.0
3517387,4caacb09dec86292fd186ac58c23fbdfa9ce9f542902725bf60d3d14bdc9a96f,2025-10-08 22:49:44,2025-10-08 22:49:52,8.0
3517390,23072e5c44e92cf78052a73f418683edb1c8894ed160218ebe6f243c9c2e8467,2025-10-08 22:54:05,2025-10-08 22:54:12,7.0
3517400,6c0b7b6f7dde9d2d998f114e97b3d2d598ff647e6214953c21b43fa2ee16960c,2025-10-08 23:12:19,2025-10-08 23:12:22,3.0
3517403,f3f2a7d63b3e04e0445f1e4e703c1fbfd97ade7cb12428b92d0d4e8e7c01dd45,2025-10-08 23:16:43,2025-10-08 23:16:54,11.0
3517405,2c3d418bcfa1d1f336c9225eebe0d7ba7c52b7ad00419db7c879e5d85324356b,2025-10-08 23:20:35,2025-10-08 23:20:38,3.0
3517411,c903d24e13940023c21609b96e6adb69793fc390f03650492935353db5fe4919,2025-10-08 23:36:03,2025-10-08 23:36:09,6.0
3517418,5d5cdc6a5797055df5a3953fd159076cddee8a187b96f029a0a1f403af93edcc,2025-10-08 23:46:31,2025-10-08 23:46:38,7.0
3517424,b3faa093111f60b433a9d2c1fe5a9013078f9cec80b902c283b6f9e093d38cae,2025-10-09 00:01:13,2025-10-09 00:01:22,9.0
3517425,2cfbda475fa0c99d0a632ba9a701a2fd01718c72016226c3e6f1a1aca50ea6e1,2025-10-09 00:04:34,2025-10-09 00:04:38,4.0
3517426,53c60004d7025bfda25bb3bee0e1cbc6fc289a5e25872bea5a5f196d6347431a,2025-10-09 00:05:10,2025-10-09 00:05:18,8.0
3517428,081e90bfeadfd3e1e6a292dab53fe2ee7d770c3b8a27aa2d7065c54afc931641,2025-10-09 00:09:40,2025-10-09 00:09:43,3.0
3517431,7db761b19e20bb63fabda63e86e0c2c67bfaabe4640789cd9c4b385f029399c5,2025-10-09 00:10:55,2025-10-09 00:10:58,3.0
3517432,571f7994bac45b0ab021bd2cd300735ec606c17d3e4041a8651d66e1b2a0a657,2025-10-09 00:11:14,2025-10-09 00:11:23,9.0
3517433,a3734b63c9390f517567e3ab735dc48c69d98c5c429e5a88a2ba9e5708b5aee0,2025-10-09 00:11:30,2025-10-09 00:11:33,3.0
3517434,4ddefd09e4e7159d3049f7934ec68d4168d7912463514cab4b16d6834c6f975f,2025-10-09 00:11:41,2025-10-09 00:11:50,9.0
3517441,2c39ad8f3f6639e113662a7e053d5ae1593ebacb76318e0f9de85d24fb69f815,2025-10-09 00:37:33,2025-10-09 00:37:37,4.0
3517449,d4fef979560749944aab062caff0e17699020324db1a9a9e919207bcb8cb07f5,2025-10-09 00:53:57,2025-10-09 00:54:02,5.0
3517451,9e1791b3b817e7ec37622bc7c3f3d0c3b5af348cc6adb1c3a616dfa62439ae76,2025-10-09 00:57:52,2025-10-09 00:57:55,3.0
3517452,16e3de4adc9fa3b23bf6f8a4f954259f1b60146cb4136379368187d2f9b3e495,2025-10-09 00:59:48,2025-10-09 00:59:49,1.0
3517453,027d51ee914be568db9ead5f008bc2a576aee2ac91e77cf204f23cbc64d25904,2025-10-09 01:02:21,2025-10-09 01:02:24,3.0
3517454,1930a5175a961e96fe458e9248aab513479f35ecec17112993a8039f89e0d504,2025-10-09 01:02:33,2025-10-09 01:02:42,9.0
3517465,931ecb87e6aae7ef74f798decb6c37f9cd082fc19b69bd91f8f216bb6d950035,2025-10-09 01:26:21,2025-10-09 01:26:32,11.0
3517466,318634920bc707a1241ea4e49570ba3366893b0d84ae5b978335a9e9609a6cf1,2025-10-09 01:28:00,2025-10-09 01:28:06,6.0
3517468,7ad4b020cedd2535c1505dc6fb2dea25fcd0142af9bfff7278038c754499c042,2025-10-09 01:30:55,2025-10-09 01:30:57,2.0
3517470,be9095b7cd562b2706ec3f6acbeb88e46dcde1fef074646f079ccd3f58a48cee,2025-10-09 01:50:32,2025-10-09 01:50:34,2.0
3517472,2a4af82cfb1b08e5a5b1fcca78cb0d64dd6552ac84a93fef2a4ab070dd7233d5,2025-10-09 01:57:21,2025-10-09 01:57:24,3.0
3517485,209dd19b86f07976f724e01e10fe729ea05f132c16f968e37f90bb897f6c7159,2025-10-09 02:17:50,2025-10-09 02:17:58,8.0
3517496,4c9e8098234bc09d57205e680d6bb45d7f750ceff17224f5e20dd65c263acc18,2025-10-09 03:09:17,2025-10-09 03:09:20,3.0
3517519,880ef42f3120d716225f947fec7ecca5714683c9314a9bcdf01a18596de245c1,2025-10-09 03:40:00,2025-10-09 03:40:08,8.0
3517521,0fe01b23cc961629994695da1570af760b4b890ee2a93a20fc10c3966c35af9c,2025-10-09 03:40:45,2025-10-09 03:40:49,4.0
3517531,44e6717cc60533d546a981cff2266566a9f7bf246f782810437c1e31dc55775d,2025-10-09 04:03:49,2025-10-09 04:03:55,6.0
3517532,ef014db782b7213e87c891f7a7dee79cc664523edfced14dcd6750a23c185b6e,2025-10-09 04:04:51,2025-10-09 04:04:55,4.0
3517535,ce710b5e2edd60b0ee869b9683c5881d5f3dc6f6812172a24789c96c68dc0ad8,2025-10-09 04:10:53,2025-10-09 04:10:55,2.0
3517536,5a1759fe17783bf40014a41e203f1f54f2fb047a2744b9cb0a90dbb58d4c3483,2025-10-09 04:11:34,2025-10-09 04:11:44,10.0
3517537,48c98c0701fbb39d757c7eb7b7153dc50710d7e7e6cae90205aeeac8a0c31fef,2025-10-09 04:12:15,2025-10-09 04:12:18,3.0
3517547,99e13c5325ed3ac65021a652656378d44d183ca8e5dbcc830553cb9eff2e128e,2025-10-09 04:34:51,2025-10-09 04:34:56,5.0
3517556,19003484776e17850122101a309edfbead35f083d747e62bde206b64c918c9f8,2025-10-09 04:55:46,2025-10-09 04:55:49,3.0
3517559,9a047f91da6baa669ef584bfa0580f22d57f618e094eb438bb17f5d95c2b62eb,2025-10-09 05:05:24,2025-10-09 05:05:34,10.0
3517567,89eac1cbcdf1f1c67206a58e2915099519c49ce21bc0ad002408b2fc92b141be,2025-10-09 05:25:07,2025-10-09 05:25:10,3.0
3517571,e7d1ab152f84e31c7dce98b14ac3fbc1fa857370bd50d1a21bab0fd1a6be74e9,2025-10-09 05:27:13,2025-10-09 05:27:17,4.0
3517574,79079e949865a31110329f51646f22c79180486901f9702416df293bda9d5540,2025-10-09 05:32:53,2025-10-09 05:32:56,3.0
3517575,9d7943008f11e75a3dd2b3c8d42030f22b5e56d156a95a0bb07bdc43eb0998da,2025-10-09 05:34:07,2025-10-09 05:34:16,9.0
3517584,c5e2ddb7c7fb3bedf7957ef3daea1d5b3541b6b1a5f3c4f3b04170ba9af0b6f3,2025-10-09 05:51:44,2025-10-09 05:51:52,8.0
3517587,52a0ca45377463ad139f6d57887a20bb3cd7c1c14f0a20179fead38a1624f4df,2025-10-09 05:55:11,2025-10-09 05:55:20,9.0
3517589,3fa84b4dd5cfb4637414a856345220465eae955a4fc52209b50c3c00201efc17,2025-10-09 05:57:07,2025-10-09 05:57:11,4.0
3517602,d6ec8acb5a9d5cdefeee03183ca2429d11559c2f6938ca74cee1e60c568c5ea4,2025-10-09 06:27:10,2025-10-09 06:27:15,5.0
3517618,16031fe29fd8677b44abe0be02da2fbbdc9b4691fb9bae0749ea89012f83f74b,2025-10-09 07:10:15,2025-10-09 07:10:21,6.0
3517619,09fd5d9aaca8fdbc9be7d904f146f6377ca51bf19aa002d268f2d77d3ee91fa1,2025-10-09 07:10:28,2025-10-09 07:10:31,3.0
3517620,5c8ee3646295b87afe42a521c7c615b05b2102afb9de309d82bc1324e8aac4fe,2025-10-09 07:10:38,2025-10-09 07:10:43,5.0
3517622,6bd93b6a5adbeef3757ebc70b58755fdf4f65ce62c301d65766dc49c22c7c242,2025-10-09 07:13:34,2025-10-09 07:13:37,3.0
3517625,9760293ac7f88e8d7bf54e4436f0858af2eabf94afc8357d434d9135e0c6d8af,2025-10-09 07:19:44,2025-10-09 07:19:47,3.0
3517627,0f0ddcb226d9736cb57e98e86406282ba0d9e9281d68fd8e7ef6d8363b50377c,2025-10-09 07:20:23,2025-10-09 07:20:31,8.0
3517655,6794065302aa26364b4f6bb4781c572ad94abd0e6b8037509aa1ee7d0aa34e3a,2025-10-09 08:03:01,2025-10-09 08:03:05,4.0
3517674,a677556917e17a33abde46cb96c1676cd394b8e3929d03377ba9968a0234f5f6,2025-10-09 08:32:27,2025-10-09 08:32:34,7.0
3517686,25895cd3d7e038d296acaf00403a921adc547ac093e48173c18f491898bc5921,2025-10-09 08:55:13,2025-10-09 08:55:15,2.0
3517688,656b639710b6515c2541e4147c0b67ceb4023916ca708ddc88b62102733231ca,2025-10-09 08:58:34,2025-10-09 08:58:39,5.0
3517689,c31558894a1824e2fe2d41a4b4da6fa8f134203fd1c196debb66f28406267bc0,2025-10-09 08:59:03,2025-10-09 08:59:12,9.0
3517702,0921f354ae0b2fbe33b6578653818a880e70c8bc0e65ebe04d683b17ef64d4f7,2025-10-09 09:27:01,2025-10-09 09:27:09,8.0
3517704,249bd3df26546e2f2c75b34beac1032878fc81665c97425cd639d462b4057239,2025-10-09 09:28:19,2025-10-09 09:28:21,2.0
3517724,1dfb5a0729652a30e8818b8d333a2fd536efca1b1e1dc77fd80f435ee1a3060e,2025-10-09 10:14:24,2025-10-09 10:14:27,3.0
3517727,c4ced9f7eeac36a96af21a3710eeb1bd5e6a4342b5d423035c6434b8e64ddf3d,2025-10-09 10:16:20,2025-10-09 10:16:22,2.0
3517729,7a2bf5f76d36acf2d81edce4acfb24056f403ec94761f3d3b24ce898e0cb8ac0,2025-10-09 10:18:55,2025-10-09 10:19:01,6.0
3517747,a279f457ef12ec2cd9313bf88858d5b5de793083021a42cb0fe28369458058e2,2025-10-09 10:46:08,2025-10-09 10:46:11,3.0
3517750,25d0e8d1e26fa1558dc594460511f9f61a5493a1c9c96f1fd040bbf7a41cf8fb,2025-10-09 10:52:53,2025-10-09 10:53:02,9.0
3517752,10030086028c08ff4212f5d1ac1b28f7ebc6123086436c6b26b3d9f0ae4d8e65,2025-10-09 10:56:51,2025-10-09 10:56:53,2.0
3517754,37794a0f93636d8c1eb9a3c371e3d96e55d87a95842e82392de3ec9140f45068,2025-10-09 10:57:12,2025-10-09 10:57:20,8.0
3517755,18af742d34e890122ec21142078bc2997a5100429d1d694da7f114786c17a784,2025-10-09 10:57:20,2025-10-09 10:57:23,3.0
3517759,dd3cfb575cef2fe8820886688647cc89188d262bbebd3500a1cf66382d4984fe,2025-10-09 11:14:42,2025-10-09 11:14:46,4.0
3517760,a15647c3f3e8815729d5b46591b720708424ae3c6bc1f9084370db4c21bf030a,2025-10-09 11:18:30,2025-10-09 11:18:32,2.0
3517761,16393cdb00e409955f93809eedbcab546b1e8264eca6368242d0f4898ea1a565,2025-10-09 11:20:00,2025-10-09 11:20:05,5.0
3517762,cc80bc53704ffb70814a2373dfcd6a05f7b15ee6b5158a5cdc62006fcbe5eff9,2025-10-09 11:22:05,2025-10-09 11:22:15,10.0
3517763,b4a1e300443a141ebf14389dffdfe7655741f3b8e69bb717250ed93f7684bc4f,2025-10-09 11:22:15,2025-10-09 11:22:18,3.0
3517764,e6f82bf1cfd6cb5f2a2c33f1ca64d05d2a5e2e1316d461e7c6b793f76006a254,2025-10-09 11:22:41,2025-10-09 11:22:43,2.0
3517765,631d71b15df02949691b5caf7818fd5a640248c29fcf1e849578ea0fe30c9c85,2025-10-09 11:25:07,2025-10-09 11:25:12,5.0
3517772,63aedad1f3deb5b40c264ebdbe83be3f4d155cff89955244d06dc7800ae809e9,2025-10-09 11:39:55,2025-10-09 11:39:59,4.0
3517781,f9cff0618cfef4242f7ae9c9b1616b78f15b6de25679257462573c40a1b35f82,2025-10-09 12:01:49,2025-10-09 12:01:51,2.0
3517783,35b5cf4b9e3631c6117b569d1cdf2e31a691cf99ab25ac60e0eaf52935c6c36b,2025-10-09 12:06:53,2025-10-09 12:07:01,8.0
3517784,74a81b0fd8b8d7142164c45186c83086cddad7c6593f542930f6c5da50446482,2025-10-09 12:11:32,2025-10-09 12:11:37,5.0
3517788,cb0ff7e47a4478a72ca3cebffe42b35379de0c6fd4a194b8b1eba02c8d13af69,2025-10-09 12:16:01,2025-10-09 12:16:05,4.0
3517789,59c88212c99df5493f5449ccab03b701ee6203baf332928d04747c38036f141e,2025-10-09 12:16:29,2025-10-09 12:16:36,7.0
3517797,0dfba559b8f40330cb5d6658d14bd3ca0f73cd0ba18c52bb440f21e22ef28549,2025-10-09 12:31:15,2025-10-09 12:31:23,8.0
3517802,aeb10fb60fc2d66bce1de05694ade0a4b603850c4533d11425d321aaf94437a7,2025-10-09 12:42:20,2025-10-09 12:42:25,5.0
3517806,b0d9b157b9cb3d8cd45c839f0881aa63276897109ec439dd1a3182bbb2e84c6d,2025-10-09 12:44:41,2025-10-09 12:44:46,5.0
3517807,016b0c0074f088b31416544bdbc97d0b9a36c87601f207d7bf9fffc472efc863,2025-10-09 12:45:11,2025-10-09 12:45:12,1.0
3517811,4de22ae5ea13e642c60ca9e57311094a5bad5d01d7253b0ac02006cef5f26347,2025-10-09 12:48:23,2025-10-09 12:48:29,6.0
3517817,e181e79cb285158d5664ca882ca4e7acd7e00c14eef48a046945830236f03444,2025-10-09 13:05:33,2025-10-09 13:05:40,7.0
3517818,d1a4151756974b0330e0fafd85aa7070d0a0ff42bed976b2bb3d6ab6e7e96157,2025-10-09 13:11:31,2025-10-09 13:11:34,3.0
3517822,c188222347e3db58a9c95dd960cb04b9d35caecfaef944b2637faed88509548d,2025-10-09 13:14:58,2025-10-09 13:15:04,6.0
3517834,406b9fd9e06973be7b0dc334c0bed349aad8c8fe07b0a75cd111970fad44028e,2025-10-09 13:26:30,2025-10-09 13:26:34,4.0
3517837,8b4b1dc6afdfc9e0a2a392e64f6db0d5067649f4d6067018f8baaf2c2bc7ddd9,2025-10-09 13:30:12,2025-10-09 13:30:15,3.0
3517838,caa2957e46a022a9afe225448d12fef87f9a3da7ccccd5ffc3a9cdcaada2e43f,2025-10-09 13:31:42,2025-10-09 13:31:49,7.0
3517844,d295ea71d52ac1954f4f0575c5532400cb66631af428bdb209552fc474388929,2025-10-09 13:36:45,2025-10-09 13:36:47,2.0
3517845,314ba818eadba9e2a5f375e6be843e985ac122d9ecd295b3d7fdbf9819631f4f,2025-10-09 13:38:15,2025-10-09 13:38:23,8.0
3517847,f91474ee5d30e1e0182236d364ceeececa1ccc8fd0099d60efd493fabf6264f0,2025-10-09 13:39:54,2025-10-09 13:40:00,6.0
3517850,97a9b3e8a389d267bb6d32dabaa30b790263cdd0ddda684f58e405c22b115c4c,2025-10-09 13:44:58,2025-10-09 13:45:07,9.0
3517851,6a00f345268abc0d3d41322b2a1480b6bfc3c551fcb6872b51150068226fee0d,2025-10-09 13:46:58,2025-10-09 13:47:06,8.0
3517854,82565b390f504371793ec7d05fcfba1c38270ce76c67da0b7b739746914c95d7,2025-10-09 13:51:03,2025-10-09 13:51:06,3.0
3517857,77b2485aeef619837c6aa7b99ccd5db1468093bedbc10a3104463548ba080970,2025-10-09 14:00:52,2025-10-09 14:01:00,8.0
3517863,9e346b3ae79808f655d4e8b8564cdb8007b39ae473874e9265852dc299b60040,2025-10-09 14:05:48,2025-10-09 14:05:49,1.0
3517864,5087622bdc2bd301bba0beaf1b3cf1ca7b1bcbf1df3a833ad02a51b2fe20b925,2025-10-09 14:06:46,2025-10-09 14:06:54,8.0
3517870,3af939f6ac7385c7a078c8a5e6c460ae7ba71b3b4e75bf9dc893823ae60d9c6d,2025-10-09 14:14:12,2025-10-09 14:14:17,5.0
3517883,b2334049730258c46ce5406848ba28fc58cd0344938f6e768e0900578e7ec5fa,2025-10-09 14:28:59,2025-10-09 14:29:03,4.0
3517885,12ce751b5dcae3e8ab8db98cc25e68b5b438e3810f754f10b76254c93a81768d,2025-10-09 14:34:17,2025-10-09 14:34:19,2.0
3517893,3eb38989a59efc7d34452c8cd2c31f1de74f99dc4490ddf112bacda504ad6da1,2025-10-09 14:45:17,2025-10-09 14:45:23,6.0
3517899,6f4f0b636f296aa64de69b094db44d1b11a4e3d33f8fce42553a0c3e8eeb2f00,2025-10-09 14:54:35,2025-10-09 14:54:37,2.0
3517904,7f2c67eacb048b0f039c785cf1f540164ddec8b9a5e4ac2e80749cda11669571,2025-10-09 15:02:26,2025-10-09 15:02:34,8.0
3517913,c3269da5009f61fedbbf6788f6f9ac628acbbcfae521d3293ae50c2a34400b46,2025-10-09 15:14:39,2025-10-09 15:14:41,2.0
3517915,67abdbe48daaf1009f22518247e2d90c0f9d6f15a4e23f9cab56af470a6b09e6,2025-10-09 15:19:31,2025-10-09 15:19:35,4.0
3517916,edb1af72632c656b4c946f39120ade78b558fd07659147c619b06f8fcacc1006,2025-10-09 15:20:06,2025-10-09 15:20:14,8.0
3517919,cb132c0204f6bb4d9f2559ea786ff7b906c8a3991aca922a3d2b7cfae8400e7d,2025-10-09 15:34:37,2025-10-09 15:34:46,9.0
3517921,af003d924a2f76f00becaf5bcb024aeb2bb12d7636135763a659a94b0b62f225,2025-10-09 15:39:38,2025-10-09 15:39:47,9.0
3517922,8b53912d93489af3b440b32f000b3999f67cbe69bf4e90df0567aa7193066b99,2025-10-09 15:41:08,2025-10-09 15:41:17,9.0
3517923,92dd71779d45be6b5a87eb0936c9ee308b6b8dd3aa24488eae9d370dcff0da18,2025-10-09 15:41:16,2025-10-09 15:41:26,10.0
3517926,0289d16d06778f4cc44b1a71d67146a3807891639d6ee14df703cd405b4654d6,2025-10-09 15:41:56,2025-10-09 15:42:00,4.0
3517929,d39be6091539dc39f0206c577b497cb4c288608eebce64f4d536b277432a58f0,2025-10-09 15:48:41,2025-10-09 15:48:46,5.0
3517933,fb247a33cda2dc7e7cf4bebd46789045be87983e1a6f556adf1fc0bfa711c40e,2025-10-09 15:53:45,2025-10-09 15:53:50,5.0
3517938,ad352671ab0539aa187144d2f0c3e6f171d420322e43fee030d213d2ee4d60dc,2025-10-09 15:56:44,2025-10-09 15:56:52,8.0
3517946,45b0d2a93d3f2f932796b67440ced9cf3a53ecb6fec9cacd1ab366224989f786,2025-10-09 16:06:56,2025-10-09 16:07:01,5.0
3517947,375ca4c5521eed21857c75949bb802b19dc8ba0e579518495fc87e400c9462fc,2025-10-09 16:07:33,2025-10-09 16:07:38,5.0
3517949,ecc3dff5f2844ca97b8266816a02b6c2e6b091100170f629828034a3619d77b5,2025-10-09 16:09:36,2025-10-09 16:09:41,5.0
3517952,5ecb5cd5cfd396f2159f37dd1214c61458edf62d137e4653f324c1d3e12b5777,2025-10-09 16:12:11,2025-10-09 16:12:12,1.0
3517954,6106b79ec04e57b75a9764b1e6fd1697a5ea71a90a8358c28db3608edcf63500,2025-10-09 16:14:32,2025-10-09 16:14:41,9.0
3517955,fe2c1cc1e2fe83596275167ed1f6c609e21644142c18e43bc850a9271120bc4e,2025-10-09 16:15:44,2025-10-09 16:15:52,8.0
3517959,0cf2c3a1ed83beceba89440b22b70be63d65f2d6448585bd05f07dd801658600,2025-10-09 16:20:06,2025-10-09 16:20:09,3.0
3517964,3dad7591f72a580c9f3d321a8b3ea727e153e66734bf823db6a811689855191c,2025-10-09 16:24:36,2025-10-09 16:24:39,3.0
3517965,90987ecd8481d872c6412985fd81dcefa3a6d562a588c9ec00419fc976763889,2025-10-09 16:25:50,2025-10-09 16:25:59,9.0
3517966,f18a15d899502c5552d34f29f46dd95c332ca2f4ea8c564341bac034e274a83b,2025-10-09 16:27:02,2025-10-09 16:27:10,8.0
3517967,a08e63a470e9f1b2cdb0767f8aa6bcbbdcacf62267d954c3b27895d010294cf3,2025-10-09 16:29:41,2025-10-09 16:29:49,8.0
3517968,f3b2cacb30636f74af7f2e74ce9aec7bde9f63390ed07fb1525e21ae7bcda60d,2025-10-09 16:32:29,2025-10-09 16:32:34,5.0
3517969,266cac0652d55fe0b6de662440002d2414ddf4ce1f261be1e474522d34aaf254,2025-10-09 16:33:22,2025-10-09 16:33:25,3.0
3517974,90dd54faa19f8f64b795afb66f57cb09872232b1e4f611cff479dbc087ee71d2,2025-10-09 16:36:40,2025-10-09 16:36:43,3.0
3517975,1e34789d2a9ae3e9603ac7506d82d35f2bb58491c519c68de97574a401abfbf6,2025-10-09 16:38:10,2025-10-09 16:38:15,5.0
3517977,c8473ac41b2cf7f9eb32bbd2058fc07aae73f4f4542c04f2336f8abfaf9e6d57,2025-10-09 16:38:26,2025-10-09 16:38:33,7.0
3517979,e2f6c70a6aabaadfe07f2b250884e8978dc62b7f28ee28e40cc6bfcaccdff83b,2025-10-09 16:39:42,2025-10-09 16:39:46,4.0
3517984,207a7972ee1a85edd2b973fb8a4476613429b1ac8c66531b6bab613190478ba4,2025-10-09 16:46:16,2025-10-09 16:46:21,5.0
3517985,c95bec7a4bf628ae6ccb91b439756b52783bcf91ff8ba49f76a7e2e654b9b5fa,2025-10-09 16:52:06,2025-10-09 16:52:09,3.0
3517989,031188784e2af8ae253057314fc98023478e945eb0fdb930f9a9258edab535be,2025-10-09 16:59:41,2025-10-09 16:59:46,5.0
3517990,8a5e0816d84cf282ddc4cfa53c53fb3f7acec46a6f6bcc9d0096b7bbd5aa6074,2025-10-09 16:59:45,2025-10-09 16:59:47,2.0
3517998,a37a625a99c3e57353d2097d0a550b793bd51c7b6f40991be6017e668c368844,2025-10-09 17:08:28,2025-10-09 17:08:33,5.0
3518004,dde24c88bc2093259a114efcd22248a02c637430cae3c557ef08201cf28e0006,2025-10-09 17:18:10,2025-10-09 17:18:13,3.0
3518007,18f03a892f4571632eb84f2a7f6bfc57aefa7f83e1d60b6baf5db8008c8d980f,2025-10-09 17:21:30,2025-10-09 17:21:38,8.0
3518009,f0cf43ea9f3f1ebb8af9069766480d2506c9ecaed4cb31596bf479a12c178e08,2025-10-09 17:22:07,2025-10-09 17:22:12,5.0
3518011,a7979d4c7c13aba8b7d9082dc82482c64ce13ef4de3b15d5a253337832e855b1,2025-10-09 17:22:45,2025-10-09 17:22:50,5.0
3518014,d185984f793915f559c9b28c3bc9a2d0d39dcb3dc9e6c295247750df010d558a,2025-10-09 17:25:21,2025-10-09 17:25:27,6.0
3518030,7a14aa032d7815ea178a0d108570451014f66f2d46311579db44e82c447e67ff,2025-10-09 18:01:44,2025-10-09 18:01:52,8.0
3518031,0ac7217fd4af596aeda30eb8bd2e9b3be87e9504e1057cb5312a33bd7c02a800,2025-10-09 18:01:59,2025-10-09 18:02:05,6.0
3518035,86671a2d90a2817b7ca31e8e5aa0119f2edcb26623b8bac7c1e54226be5e0a79,2025-10-09 18:08:43,2025-10-09 18:08:50,7.0
3518040,fbc5d593cc33607ac6f33660365bb665426e1e6cffbe925b307331f7b463a03f,2025-10-09 18:18:09,2025-10-09 18:18:17,8.0
3518041,e3d07691569b0f43b3a813fa69a6805bfc25e961378802c35f951d8d19ef33d9,2025-10-09 18:19:45,2025-10-09 18:19:55,10.0
3518043,9c9e7a6ad7f3f98e620a251685907c470d676875df1520d6b96466cfb26935c7,2025-10-09 18:20:54,2025-10-09 18:21:01,7.0
3518050,e0dab16d4cab33e0d445c0e83a6e84c088a4f8d2fc74f2df5575eb7052a4462c,2025-10-09 18:37:30,2025-10-09 18:37:36,6.0
3518051,369ff6a5860e492cb98efafc75635b5a0156963db88886698478239250e61714,2025-10-09 18:38:08,2025-10-09 18:38:10,2.0
3518054,6eab108887161bea2878ce05df2ca65dca00fc3e47396cfccd0915a48dcf1b19,2025-10-09 18:45:39,2025-10-09 18:45:46,7.0
3518056,eeb3a8f6127a025a26a267eaba8e275f39470c1b268372a793aa50786e851d08,2025-10-09 18:47:48,2025-10-09 18:47:50,2.0
3518060,a9347f2c194a1de4dfc212e6de5d11b44ecdf74d24d9c969eaa123ddeb210cad,2025-10-09 18:56:27,2025-10-09 18:56:34,7.0
3518061,f452e58504534afa08d393d29f3afcac56f9fe71e1d0b4ae4985435cbd986b8c,2025-10-09 18:56:49,2025-10-09 18:56:57,8.0
3518062,7b69ed1aff19857a4db8f2a43a808938f56f24c2aade7f7a464fc74eb11a4ea1,2025-10-09 18:57:04,2025-10-09 18:57:10,6.0
3518064,9cd0aebffd7ba9546ef2d2a99ab0a5b04ea5e3f9a790d40f58647cadf5f94ce7,2025-10-09 18:58:19,2025-10-09 18:58:22,3.0
3518067,2ce4d34adaff507556be22bde0b52eea2c77d75d8050191ba65e764de0eee137,2025-10-09 19:01:17,2025-10-09 19:01:24,7.0
3518073,ee0c9b1bc7b6a22f75543c6602640c7d82ea9fecc98a265747939c3373cf2142,2025-10-09 19:06:11,2025-10-09 19:06:15,4.0
3518077,baeac55ec9cc9c5ac3909e9376fdcc8e87d4b8219305651aee40c09838770569,2025-10-09 19:12:58,2025-10-09 19:13:02,4.0
3518082,cf8048da2536747cdd96a1fa5f61aed6b6793775d97193e237949f44416b8c5f,2025-10-09 19:23:07,2025-10-09 19:23:17,10.0
3518094,343a1a8cfc45af30575a7f3b760effed3beb5a94df872737805a02f2e84b60a7,2025-10-09 19:40:34,2025-10-09 19:40:43,9.0
3518097,fb1d87a89d6487ffe11b4b3e5344b68d41d7d0e113ec947e925f0a0e21648773,2025-10-09 19:49:27,2025-10-09 19:49:32,5.0
3518103,80210e9ef68a79506c11478eb668e7ca56f4b8630ed4642c1e4dfcddc74a8465,2025-10-09 20:02:09,2025-10-09 20:02:18,9.0
3518108,6ddfb0a2b3eea556aa639c21e677c280c3e12ab64e42700c94a2ee7e18d2d192,2025-10-09 20:11:11,2025-10-09 20:11:18,7.0
3518110,5201d849863d6de55655469e782ca7e1df8a454d2e3e079944d0efb9ad852f82,2025-10-09 20:16:09,2025-10-09 20:16:14,5.0
3518114,685ae2a31a6050eaa09d429931efc1ef4caef328c6747fc92584df13a62736e8,2025-10-09 20:21:37,2025-10-09 20:21:43,6.0
3518116,1e19cb04936086f03a6b3f50b9e8c5dc642c9c056d4c30316cfeec77a1ffe2a2,2025-10-09 20:21:49,2025-10-09 20:21:52,3.0
3518119,766e8449637f5aa86626a827681b6297a1d7ff570cad79ac0d2fae15b0a13f40,2025-10-09 20:33:44,2025-10-09 20:33:52,8.0
3518121,467da0e8cf03541db8670a3998c8dcac72074c5ea6b74c489d68ce5f92d4e147,2025-10-09 20:34:01,2025-10-09 20:34:07,6.0
3518122,0beb66ab59712ab0befbf0c4b8c8b1f92298c4114163ca3e8664d91b03227946,2025-10-09 20:34:55,2025-10-09 20:34:58,3.0
3518123,2ebc894eed5ce809e780857e12f900c52b42885295cd736e0ba360abaeb5e54d,2025-10-09 20:38:17,2025-10-09 20:38:19,2.0
3518126,9d704e690439de326b14fa0c5774356bbedb7fd10fb44cdcf9e4bfcab5fabd47,2025-10-09 20:42:42,2025-10-09 20:42:45,3.0
3518127,36134b0191564f125971f188366001e1ee9045dfb7a9893174b960e77298fb85,2025-10-09 20:42:44,2025-10-09 20:42:50,6.0
3518131,8d4d688b03f05860f747e8cde28b2f5c423f7d6770e05d1b0f56233ee1f0c9d3,2025-10-09 20:46:44,2025-10-09 20:46:53,9.0
3518137,45a9cf0fe9c990539f1393f2285d6edf4e7ebe0ca26ddb9dc7c6e070b7a97276,2025-10-09 20:52:37,2025-10-09 20:52:42,5.0
3518144,b6030ec61b8e67fe8bb98ed3477a8e11b1d246444249daf9d4a44df02b36290a,2025-10-09 21:03:15,2025-10-09 21:03:21,6.0
3518145,3b8981d31919bcbcbca4d48a038f4d5c5306c60505cbc0cf2ec27662b0c1ec09,2025-10-09 21:05:13,2025-10-09 21:05:17,4.0
3518151,617b83d50ee3558e3733d86549cb04126da08e9d2891ea86b0fd4a56886083fe,2025-10-09 21:24:38,2025-10-09 21:24:47,9.0
3518152,620b4270d74e3d4734a763cd48537649b4642744be2feafc27b79f6bb40a2573,2025-10-09 21:25:19,2025-10-09 21:25:26,7.0
3518155,fa6f632f5d015ce079fb817b8663bceec94855dc0f69c2500981e21a48971cac,2025-10-09 21:34:20,2025-10-09 21:34:27,7.0
3518157,1c9cf0e12c24548248179840fd586a9f78e7a26fd0a6d79e1bf248052b2734be,2025-10-09 21:43:52,2025-10-09 21:43:55,3.0
3518161,f010422561e94b31b1f806def21dec85dae06c92fe17a1110f9b98497e1c499e,2025-10-09 21:47:40,2025-10-09 21:47:47,7.0
3518162,100783c6d42dbe2fc5954c0d4e7cd6229663722570a4f78b5cf41eb457d6425b,2025-10-09 21:47:46,2025-10-09 21:47:51,5.0
3518167,7717ecb3fb14e5c6bf04e1c62e1c4efc70f1141bcb52cbe240cc027c210a1b15,2025-10-09 22:01:59,2025-10-09 22:02:02,3.0
3518174,386c6513fe6e129950e3753aa063eca93e9943a86a25eeb6e315bb77e1c3a1d4,2025-10-09 22:15:31,2025-10-09 22:15:33,2.0
3518175,cb78e1166881de373d3a38deb5f8e6a92a7d1774ef630142ae0785240e7f76ca,2025-10-09 22:16:45,2025-10-09 22:16:50,5.0
3518181,cc91470031ac2cde1598d7acb3e9d8ba10ce612dc14fbaa44a8f788bb357985c,2025-10-09 22:26:44,2025-10-09 22:26:48,4.0
3518182,0de6f7530853593af7bd0d5fe98a82cb83013265311ef7a999f0ee37ef635946,2025-10-09 22:32:08,2025-10-09 22:32:13,5.0
3518186,5ac2b5b7b0efc9e9bb72ac24f0c2d13b546ff2d99f4805aeeff74dfd54064142,2025-10-09 22:46:33,2025-10-09 22:46:40,7.0
3518190,0e52832c73036a5fc8359dc69fbc785f798c7e5dbdb6279111b3a6a97ebbd9ab,2025-10-09 22:55:47,2025-10-09 22:55:52,5.0
3518196,11d95727d2c19b1b39b7872e08aced6434e1b1feb9101c64603dd6e8d0656ce6,2025-10-09 23:00:53,2025-10-09 23:01:01,8.0
3518197,ee00eb7caacf862443a137ec01996db7570bd63d97802fbc48f122226120240b,2025-10-09 23:03:41,2025-10-09 23:03:48,7.0
3518203,af31910e671aa6b9b2080b6ae9f4bf8e3f7ae0003614de3992f7b91dc342082d,2025-10-09 23:16:52,2025-10-09 23:16:58,6.0
3518206,a6041a54073e05600a711d61985f969bdd6329e50d9f0d77d3966ba7925a55d7,2025-10-09 23:19:59,2025-10-09 23:20:09,10.0
3518207,4b2ba9c6ad9d6a410c7d8a5e40b9e1963a456387f83a268a592c8373a119b09a,2025-10-09 23:21:30,2025-10-09 23:21:35,5.0
3518209,cfb75f1d7c8cbf56967fdff05cea10a99da79c62d636585a1a50dcf6d600ddc4,2025-10-09 23:24:43,2025-10-09 23:24:47,4.0
3518211,0b03b78fb2edc876072887db3a2b319c6f480f6c19ed487aa4770f2c5ed0eef1,2025-10-09 23:25:46,2025-10-09 23:25:47,1.0
3518213,3ead0f20a96c1a30fc9d2114506aebb2643ac8d8b9bc43b92bed2361a229669b,2025-10-09 23:27:40,2025-10-09 23:27:47,7.0
3518214,b254b0c124318ecdc5cd1cde00b21a28c11567eab55fb19245814a4476953fc5,2025-10-09 23:31:16,2025-10-09 23:31:21,5.0
3518215,8b95434677dadd07090f99a5b2d3ba40c6fcf014bc74dc4b79279acbe77405ce,2025-10-09 23:34:17,2025-10-09 23:34:25,8.0
3518217,e2590924b5092171fcd79682ec503446b1bc24fb40fbe269e0b66ee014e13f73,2025-10-09 23:35:07,2025-10-09 23:35:09,2.0
3518220,c5b07f96294fffd02ac52e842e3fc467020cef02860d6b8007f5fcb5f3dc3b59,2025-10-09 23:43:13,2025-10-09 23:43:18,5.0
3518221,c1bc523cd802eee9849f6bdb54c4e04d2c4611cc8236907eefea649a385075dc,2025-10-09 23:44:45,2025-10-09 23:44:54,9.0
3518225,f45590794027082ea1592fe934eac8bf872dcafac4776a163b2cab655a68c39d,2025-10-09 23:51:25,2025-10-09 23:51:32,7.0
3518226,f77a1da56fb2ba998e66faa629ea094ccb6be31958f6283e8cc66169245e6d57,2025-10-09 23:51:48,2025-10-09 23:51:57,9.0
3518236,a4b74c9dfc83a4b481fea92596f1117dc40ac6df060124899537d49f478fe7fa,2025-10-10 00:18:46,2025-10-10 00:18:54,8.0
3518238,fe54b3116922e39a348cf1c2f223efb52a8d2030d0ed15d4a7c74a6bc3846b37,2025-10-10 00:32:13,2025-10-10 00:32:19,6.0
3518239,218333dedc1345e12b42ce7973417d97e5f9bcf1676fed46d81f352e9935ff18,2025-10-10 00:32:26,2025-10-10 00:32:34,8.0
3518241,a6401905431d33a12575e45cfe0492bd8b0a820a65badfd55d225fca86e1ef0c,2025-10-10 00:34:23,2025-10-10 00:34:29,6.0
3518243,8ddfe85f253a4e7ecccb3f231ecc32baff4b0934c40874e4fa1c6b4c5605213c,2025-10-10 00:41:49,2025-10-10 00:41:58,9.0
3518245,e112e61d676ea4af8f14f448d35063ca95f4b2b4b1d8fc00806e5857691e5b43,2025-10-10 00:44:10,2025-10-10 00:44:18,8.0
3518248,f937ac2f83511a08ee82ade1b631f356c058409d6b7c7910516c34c0b0380dc4,2025-10-10 00:50:38,2025-10-10 00:50:41,3.0
3518253,e63509de20fb2a8a0247ec10a3e06d4863bd9d04be9b48d0d271b22609696778,2025-10-10 00:56:07,2025-10-10 00:56:11,4.0
3518259,668c624b5a17e63e07065d06ff9ed418a36704883df4997684c98996dd573226,2025-10-10 01:05:58,2025-10-10 01:05:59,1.0
3518261,a42cf639010b341c7d6a0c21a5484d77804d0e2e244fb71dd3739156b55952b3,2025-10-10 01:07:22,2025-10-10 01:07:27,5.0
3518266,6cba48b0f258f4308f048f0f44b37c220410e4ba075dcc9bbd0b089fc295bf8e,2025-10-10 01:15:37,2025-10-10 01:15:42,5.0
3518267,3edb0edbf03d36b08697c65c51537c4c650010c30ee64b83adff36c1280b7eab,2025-10-10 01:17:09,2025-10-10 01:17:16,7.0
3518269,b304e9abafd88812ccd543147da18f677d56535bb3d41b22154a90d31ad6edf6,2025-10-10 01:21:09,2025-10-10 01:21:19,10.0
3518281,449efef3decac66297428bf5720af340fb861b48e1a649a446b675b92f5a1bd1,2025-10-10 01:53:43,2025-10-10 01:53:45,2.0
3518282,99598831ada878b949573fc1f5b538818a9641c083ee0f4731eb00db2536d4fe,2025-10-10 01:55:13,2025-10-10 01:55:22,9.0
3518283,119fcebcabe92aafe612f7a5aa3d3c4525c9aa42c48631ad17ee0600165a25dd,2025-10-10 01:56:33,2025-10-10 01:56:37,4.0
3518287,1495704cce09a58c78cbfa6b8f3ce937ee7ded7fff19a695804deae4a9f17ba1,2025-10-10 02:06:32,2025-10-10 02:06:41,9.0
3518290,02642c03dfce3a2f8e82c37861e8bbb2e00420ca6fabf82b39f835d8e4e564ce,2025-10-10 02:10:29,2025-10-10 02:10:38,9.0
3518291,6968f8351c508391c121233b0740334a045fb50f2a17ce0c61d1d5f8addf5977,2025-10-10 02:15:59,2025-10-10 02:16:06,7.0
3518293,0b516be68bd0cb9a3df1c93a6b711bc13e31575c6faa2b915e7dcf1790c91372,2025-10-10 02:20:24,2025-10-10 02:20:31,7.0
3518296,6da935c8886b139dc5b971c8d674a3c9920b7706acb40c67cbacaf23c7d710f5,2025-10-10 02:29:59,2025-10-10 02:30:02,3.0
3518301,50d1eb330ea18ed3bbf0975bd9ad73227bd235d45fcac68b732d95e051851376,2025-10-10 02:39:09,2025-10-10 02:39:14,5.0
3518303,66ca6bd9f227bdfb0122dbd68df2d079f7305e116cc9fcd4ad4fe6a09c2918cc,2025-10-10 02:43:21,2025-10-10 02:43:23,2.0
3518306,6e1d029de99b86d50120cb4283f1eb45556772b042cf06191bf7b0bed90da998,2025-10-10 02:55:39,2025-10-10 02:55:42,3.0
3518307,b6d7041f131cdbdd5e2780d233b104299aa8a95a70b2133232ae24ad7df8d953,2025-10-10 03:01:02,2025-10-10 03:01:06,4.0
3518308,83dff3137f91898533738322dea4a500fa7964827e0e202ce90861a79001440c,2025-10-10 03:01:53,2025-10-10 03:01:56,3.0
3518312,2f590b76888a013ce7b98c40a5bf4f4f0b4931d5cbb6beb95e6c3cc2607f5aaf,2025-10-10 03:04:04,2025-10-10 03:04:13,9.0
3518313,ad66da340afc8266ad74af08d6e704fabcd88e40ec7395ff139cb6f956bbe0b6,2025-10-10 03:05:41,2025-10-10 03:05:49,8.0
3518316,8d37bec28ef987c6bef1c5a5aa8717d934746f9fe226acc6700bba52cc71c07c,2025-10-10 03:11:44,2025-10-10 03:11:49,5.0
3518322,749a973ef386e5ee7ab661e0d48ca6020668b4ca4c50e6501c2dc6a0916ce7f9,2025-10-10 03:33:34,2025-10-10 03:33:44,10.0
3518323,a2a44671b443ec78f66fdf090b52d3a5d9bbb269786d575cf1e47dce4ee97008,2025-10-10 03:34:23,2025-10-10 03:34:25,2.0
3518324,3627c3bfbda05e581b58a88966ba1d7e74e1a14dff430f77dfc2ceeaebc28b6e,2025-10-10 03:37:45,2025-10-10 03:37:54,9.0
3518325,fcd1b450efe3e0d354b51f3cd327f71a350bd61c93f19edef842a0b030e146a3,2025-10-10 03:39:45,2025-10-10 03:39:52,7.0
3518327,ebb50ab11ef8a385cab67c19eb022fa3c3ed32a295cc053c0d1ed1aa724fa207,2025-10-10 03:54:00,2025-10-10 03:54:08,8.0
3518328,1f668928380ce6335e466549ab250e1a7d881bd4216a2e2f81e61a4ef715b78c,2025-10-10 03:56:33,2025-10-10 03:56:41,8.0
3518331,9d357524871e95f53e6370b929ad097d3662d68e0964fcc2ff9691bbb5e85f80,2025-10-10 03:59:41,2025-10-10 03:59:47,6.0
3518337,d1b468eda8dec6a03b083d6f7b49d31171bd1bd13f2e221ed35feb054a6cb77c,2025-10-10 04:11:24,2025-10-10 04:11:29,5.0
3518347,8cef7a19aa9c9565a71575770915b30cdb1355724f64007af5ccdf13e2efcda9,2025-10-10 04:34:12,2025-10-10 04:34:19,7.0
3518352,a3bd9dc5043e28da957833ae3598085453fcc3112401072f2a0621ecb31e4280,2025-10-10 04:46:51,2025-10-10 04:46:56,5.0
3518353,e21c7129d68382db876ec2ce04e69f714f4b5e50a891206549a0dab51bd4f0dc,2025-10-10 04:47:19,2025-10-10 04:47:21,2.0
3518360,5a3c8010eacc61b76b00836bc2cc84da5e3e2831681c02c68df52528859ba010,2025-10-10 04:56:51,2025-10-10 04:56:54,3.0
3518368,73e5350ca157d4d5eaaa6ad31159dba50338dd3c13d7be27d549dbbc1984189a,2025-10-10 05:06:47,2025-10-10 05:06:49,2.0
3518370,5f5ed6fc2ce65d0690e13fa96ad45cd511413fbaed412824a48c3dab7a6f56cd,2025-10-10 05:08:37,2025-10-10 05:08:46,9.0
3518371,f9ea9d110ece186f7e476593ecc973320c34ff59b455e187080655fd1ffc8ebf,2025-10-10 05:10:13,2025-10-10 05:10:18,5.0
3518375,95ff93cfa2ecadd116b96fcd069fa2c650b6ff193b4bd1c6e39f0c1dc5a0918e,2025-10-10 05:20:39,2025-10-10 05:20:45,6.0
3518384,ab8118332ffe3174886b0e687ac8306e449bc6a3308a6f7ce050d71dddea79c7,2025-10-10 05:49:42,2025-10-10 05:49:48,6.0
3518385,cd29af9e4f55aff875a15dcffc07e2d685a4cc321471443b43dae659fff9ec11,2025-10-10 05:50:11,2025-10-10 05:50:16,5.0
3518388,16ece1c432a56b31a3320ff92a196131f8b0ce7cbd593ef97f0169c117132318,2025-10-10 06:03:37,2025-10-10 06:03:39,2.0
3518389,e53c6fbfb64eb6f86421c683d53f5121f9c54eca083837ecfa404de53856fe39,2025-10-10 06:06:03,2025-10-10 06:06:05,2.0
3518391,4a86497fe8a701fe7870426a0e9b6ff3a750b3565044ffb6384fdf624326cf76,2025-10-10 06:11:10,2025-10-10 06:11:13,3.0
3518400,55f87ef3af14cbe6508a063753024572f5a60936634538d9a58ecebf2876392f,2025-10-10 06:30:14,2025-10-10 06:30:19,5.0
3518405,2cca4dd347decb8dd285807b7e674cdcc7095ac8aea5ad9432a04d17b802f4f9,2025-10-10 06:55:04,2025-10-10 06:55:07,3.0
3518406,34e2c94ead85443d74771bfe1f54a446995b946938da8e5116f137c9f66ea58e,2025-10-10 06:55:55,2025-10-10 06:55:58,3.0
3518411,b5a6503c235c6e89a8eac87b2694d2ee359528d08ecd8b0ea54d99f7eb511497,2025-10-10 07:08:51,2025-10-10 07:08:56,5.0
3518414,eb1cac4a2a98545ee70bc902ac87cf5b3673b84a152091a61b2290610114ecce,2025-10-10 07:11:55,2025-10-10 07:11:58,3.0
3518423,51864f16ee010258644677e5eb72e6d2e543be9ae95a009e3ca0a44261d13dce,2025-10-10 07:29:50,2025-10-10 07:29:58,8.0
3518426,9c0019374994cfe77c0b98a24259eff44959c1734e158d6027d3a2968b8c7808,2025-10-10 07:33:11,2025-10-10 07:33:17,6.0
3518431,8331fcfe03e2c98c0095972406d47cc95145870029bafc3f2596032404e2e2ce,2025-10-10 07:40:52,2025-10-10 07:41:02,10.0
3518437,7bae8c0336893b123ba81c93d087bf160c01be9a474fdde1a1de75a6e18d3cba,2025-10-10 07:49:07,2025-10-10 07:49:15,8.0
3518448,7309628e92c1c185b2a9eb64481a81fc0a5b09eade4ce75cdd06915f21620d68,2025-10-10 08:18:21,2025-10-10 08:18:24,3.0
3518450,1d5ea4713d639c6ba322110e74f4380c9c6c4ad13b74eba7144d9bc1b33c06ee,2025-10-10 08:21:36,2025-10-10 08:21:42,6.0
3518451,8867342240fb36cfdebf71f7f09ef4c575941a7323a96477f28be89516d91753,2025-10-10 08:24:15,2025-10-10 08:24:18,3.0
3518452,0e223989738ffb29a6471b20b42740aa5b9066f723a19b41d72fb5433ca8f569,2025-10-10 08:25:38,2025-10-10 08:25:47,9.0
3518453,d82ea91c8d5eea12d53681c521ef4cab5e726f2728179b9f108c70004a89ec33,2025-10-10 08:30:03,2025-10-10 08:30:09,6.0
3518454,cefa7ae7128b510143a4eda2e6037dfe34fb839064bdf21b48c57d7d6228878b,2025-10-10 08:30:25,2025-10-10 08:30:32,7.0
3518455,db09b3597622143d921b9f2bc7005b8f8c05846868fcf0528592e4765629f412,2025-10-10 08:30:31,2025-10-10 08:30:37,6.0
3518464,10bbf42144d39723ab6e4712e950ab92cd2c6b8873da0bbd4a24b09596f5a775,2025-10-10 08:46:48,2025-10-10 08:46:54,6.0
3518472,8a1902497c0a91651403aca21fbdf87335e6129c2aac19d76b9a653abe579358,2025-10-10 09:04:37,2025-10-10 09:04:44,7.0
3518475,f12ecf7a4346bc0649814d85eeacaf75e9f8c7d8e6a0b48d09fd4899dd22f0f2,2025-10-10 09:12:52,2025-10-10 09:12:59,7.0
3518489,756fabf0ad979e9048e8f51e0286c04ba88dde508384b9bdc67b1b42091b6f03,2025-10-10 09:57:26,2025-10-10 09:57:33,7.0
3518492,b4337f46294331d7c92b7e80d713433e84ff201f1ae5f88d837e46ea4ab04a9e,2025-10-10 10:01:32,2025-10-10 10:01:38,6.0
3518495,e81b6b44f01c90dc43eb49607537b7468beda4efd12f5d6350f53d42d613c87d,2025-10-10 10:07:52,2025-10-10 10:07:59,7.0
3518496,d4d2c217eb575e2bf938c75cf0ad540de71e3ec34294b1024fb9513112520b3e,2025-10-10 10:08:30,2025-10-10 10:08:36,6.0
3518505,58816b519bc5cb98ab610fdc6d3373aa1da7e6aba49a1183c0c90ce0504fe99d,2025-10-10 10:28:42,2025-10-10 10:28:47,5.0
3518520,1f628e30cfcb9915fdd3cfd6fbc1a55f0226937f7ae08cb3bbc556fe090c363d,2025-10-10 10:53:06,2025-10-10 10:53:13,7.0
3518525,911aac176f97fd131dbd3cff8f49f911f048d66e0d89ef8572153f5cd05f15ea,2025-10-10 11:13:24,2025-10-10 11:13:30,6.0
3518528,3b05feab249891a6b78deab64e08124d5aa7ab2b19bd883537f35933d5f1dcbd,2025-10-10 11:23:41,2025-10-10 11:23:44,3.0
3518529,35f45c1c8803ee0a8fbc8965c772a60b787230a61703c45d1c07c7a48b66e467,2025-10-10 11:24:24,2025-10-10 11:24:31,7.0
3518534,8400e0d593093aaaa0381e79fa17b6818ff8865a24d5fb361f499cfd701dcb7b,2025-10-10 11:36:29,2025-10-10 11:36:33,4.0
3518538,8c459a5374f40375f99945b4816dd6a6c408f571348859354b05f0a5d6e27562,2025-10-10 11:40:29,2025-10-10 11:40:37,8.0
3518546,a2988064bde7bfd6f1467e9a142b2f13eb137014ae33523d7c1b55f45a18c289,2025-10-10 11:58:52,2025-10-10 11:58:57,5.0
3518560,9de0adea97c95cdfd23812f0724d48938f79b2f616d937d168b08704d7e7ed24,2025-10-10 12:19:05,2025-10-10 12:19:15,10.0
3518561,bae9ebe14a0ecafc510b1bba05a54e6260c5e46510149913645fef5cdea200c8,2025-10-10 12:19:22,2025-10-10 12:19:26,4.0
3518565,94514f70e225885498c32ce5cc414b5aac4431c3798536d43dccd541c1b7aecd,2025-10-10 12:35:30,2025-10-10 12:35:36,6.0
3518566,9b571c9853f2ba30e4d995cefebff0bfb9ad6302333a609ea2b29fdb5081c3a8,2025-10-10 12:37:12,2025-10-10 12:37:21,9.0
3518569,3e1dff691fcf8594d24f12c5b85113607bcb8ad3635d5a7d4c939723ec0455de,2025-10-10 12:45:07,2025-10-10 12:45:14,7.0
3518610,cdef3cbb2711a268f399193c368363d58fc42f9321dd48cb62677e73dc9e88ab,2025-10-10 14:02:46,2025-10-10 14:02:48,2.0
3518613,654136656ebf36ef3f394cb0407995b66d98f4ff1b36245977e4a294b2c41137,2025-10-10 14:06:00,2025-10-10 14:06:08,8.0
3518625,8124cd118d233ec544b9a7691309c6b92449965511404a51dfa86ea7a404f9b1,2025-10-10 14:27:45,2025-10-10 14:27:51,6.0
3518632,558058459ad17d6b73103768831be992db8f81ace7d5104c01f4dd9c9e225a76,2025-10-10 14:51:47,2025-10-10 14:51:54,7.0
3518647,d021480045305644eca8d74d3ba45e223d646bc16761ffc2a7f1f2cab09313a9,2025-10-10 15:15:47,2025-10-10 15:15:54,7.0
3518649,e86f5df4a4799c9d6b5ab6b64eaa7d0deaf2ef71ab3646a36c497f6dc6fcd822,2025-10-10 15:16:55,2025-10-10 15:17:05,10.0
3518666,1e4575d961cc0e2e1c999d2bbdd6333e0683387e7a7e94d7eac38440371d3e1d,2025-10-10 15:40:44,2025-10-10 15:40:50,6.0
3518667,7ce3f83b85dfb1c52e9594bee3a72987a8598ae1fcbc08d12a94e5a155d9cc07,2025-10-10 15:42:49,2025-10-10 15:42:52,3.0
3518685,d9cec7a526b42fe318cb78a6c4e990077d63699233516a16ab243dd4ca585d27,2025-10-10 16:30:12,2025-10-10 16:30:16,4.0
3518691,0c2a9c5266abaa37e440ebc0b00b8f698209a39ac1268cab11111f71e466c926,2025-10-10 16:38:16,2025-10-10 16:38:21,5.0
3518707,d1ab9b611e0685a0a5f2f844ea7f4781dcde4ca347ca701fa93bb2a5e87d2448,2025-10-10 17:07:02,2025-10-10 17:07:07,5.0
3518708,c6238f2c5b66277372ce6c01148f962913dbf4cb26fe2009de69b4b7cbb4f6ae,2025-10-10 17:08:02,2025-10-10 17:08:05,3.0
3518717,3609016490718dd25447a12204d0eabc93993265d558efe19ac1274d250cced6,2025-10-10 17:24:43,2025-10-10 17:24:47,4.0
3518722,7955e4eddddcdec0fb167d5896f24c08b0825a1c315c3fb6e18cb046f2cc999d,2025-10-10 17:31:34,2025-10-10 17:31:38,4.0
3518728,4a35ca3db81b92e5357c211bce7973a4ed1cdfc96f28e6e334e95136c319450f,2025-10-10 17:52:05,2025-10-10 17:52:08,3.0
3518729,f9163dcf95568b251e5b97e0459d1b8562cd402bbede66c063c87f688b07bbce,2025-10-10 17:56:17,2025-10-10 17:56:24,7.0
3518730,bd9312cea4b1ac7f294d48fb2c9e2daa90c0522d56a73527225e09cd25a16dae,2025-10-10 17:56:40,2025-10-10 17:56:44,4.0
3518741,b054d5772126d745e4955a3baf14713f2746ff7d9e455f214c0acbf1a7975f1c,2025-10-10 18:16:31,2025-10-10 18:16:37,6.0
3518743,bd342756dddaa47e889912fc2df2bbe86e26b7eb0ad707b72a432c6c0f2aac95,2025-10-10 18:20:08,2025-10-10 18:20:15,7.0
3518744,8db2112ac162fbba18d31864843f6b683224b0e35e6a73842b65857140f7ae3d,2025-10-10 18:25:27,2025-10-10 18:25:33,6.0
3518755,378dc842103c2827989f5858fa8c92c00994d43f8500bb853cc87d52d5a673ee,2025-10-10 18:48:29,2025-10-10 18:48:37,8.0
3518756,6acc4caebc5614d67cf7048d72cba9c7df667727dfa1d24543b0a06d5b8cc3df,2025-10-10 18:48:44,2025-10-10 18:48:47,3.0
3518771,c7204b9f940829bf32d5da7c4dc4db5111fc6eb070b83057cb716d0d6af0a7e0,2025-10-10 19:13:07,2025-10-10 19:13:15,8.0
3518786,59e7a703198f1ed400efb9885584d65ea946e4583509f2b3b0ddd06b9ebc13f6,2025-10-10 19:46:27,2025-10-10 19:46:30,3.0
3518794,904b3889ab53d69e7213bb549da0c287a3b4e76ed09023c56e298867d743a22f,2025-10-10 20:07:10,2025-10-10 20:07:16,6.0
3518809,24af709fc5c2f823e4f7056709c7efd02bc688cbd5474fa86576c92ba2ddf418,2025-10-10 20:37:33,2025-10-10 20:37:37,4.0
3518816,d7c5ee188065f9dafce9ea2631a51a131541f8a276c2d59d8ed079249f00a168,2025-10-10 20:57:44,2025-10-10 20:57:49,5.0
3518820,0ca0b5e1ce7c09097676ea69dccf11748550396a76b44ea1e09e14a9ccfa820b,2025-10-10 21:02:42,2025-10-10 21:02:45,3.0
3518821,32ee67fbd6c0fb1d87eb97a18488b2bf6c3fd57d86f478bad274a48f72eb1f5a,2025-10-10 21:05:16,2025-10-10 21:05:21,5.0
3518830,ad54b5c3f9d84bb38d3509fdd6da79dcb06f5014ca5426c4898433056ba0c2f4,2025-10-10 21:33:19,2025-10-10 21:33:21,2.0
3518831,d13d700a87bd0512f39686f0724ff10109118b155113d6abbedf165a2e8d68d0,2025-10-10 21:35:28,2025-10-10 21:35:34,6.0
3518841,6e414fb33989cd223a120bab7e34042e2825331114531faf340e01a58d88d11b,2025-10-10 21:57:30,2025-10-10 21:57:37,7.0
3518864,abd7c401bb038a9ab62e9ee78f7ff1a516f75c4baf80846b3b84f80a4d12ac45,2025-10-10 22:26:43,2025-10-10 22:26:52,9.0
3518875,6b988e261c26ed4299bdc1b50955d63f905353cd9e405e8599a3a843089c3509,2025-10-10 22:52:29,2025-10-10 22:52:33,4.0
3518876,d912c86ac750ad7ba6f472e8d3813706b8f397f3877a2c0920bdba870dcc3de9,2025-10-10 22:53:12,2025-10-10 22:53:15,3.0
3518885,c788f922c25993eae0c50d3b62f0a1a8766a0c1ead69edeb1b8efac97dad8d83,2025-10-10 23:19:35,2025-10-10 23:19:44,9.0
3518894,b57fecee83dc6a00db39ab8786ab4ec3e835215e50e3979c1216b0a5150b736c,2025-10-10 23:38:34,2025-10-10 23:38:42,8.0
3518898,864adfbaab3c6778df96dccd6cdb4285b99af13af8abb251e18722e9e02b85c6,2025-10-10 23:40:13,2025-10-10 23:40:19,6.0
3518899,4800b8900cee046e95a582d31725f1120b5d62177f2d8d90dcac775ab01e8aba,2025-10-10 23:40:18,2025-10-10 23:40:25,7.0
3518905,493ef7bb3b903e02a42dfc86ffcb42d6f2fd184ae40c88a325bfcccec25428e9,2025-10-10 23:45:38,2025-10-10 23:45:43,5.0
3518912,c5514f541143a55d7adde969135bf6e73badd28351d523a67a973dc28d4519f4,2025-10-11 00:06:54,2025-10-11 00:06:58,4.0
3518916,e1d4e36359c835173891cc4e3831133c0495f452808510e69f051556aa5aef62,2025-10-11 00:09:20,2025-10-11 00:09:29,9.0
3518921,b8d64e5fc1d93eb254aa3ec41be3b933fe1e0f37fef923b8942d9a9fc22be725,2025-10-11 00:30:52,2025-10-11 00:30:57,5.0
3518923,69f8fb6c66ebafae38b83283de2c34bb4d4489d72b3dfb93ed359a69938766f4,2025-10-11 00:33:27,2025-10-11 00:33:31,4.0
3518927,c1fa50cab41a670a95dd60b95a00563046e71406fb255cdaead709d081cff163,2025-10-11 00:38:43,2025-10-11 00:38:47,4.0
3518929,ed441a51ec2d4ce7ff962d8085e89f30a00b1392a8bb1b61cececa978c431067,2025-10-11 00:39:36,2025-10-11 00:39:39,3.0
3518939,1a26451a9c05228d4e95a7da9cf393ef784d74cb3baeb6e2e18c3c741e9baba1,2025-10-11 00:54:32,2025-10-11 00:54:34,2.0
3518941,fd874737800c17ff5e623348bde588bf813433dd12defe5fb43c93d5ad2bcc80,2025-10-11 01:00:12,2025-10-11 01:00:19,7.0
3518942,8e81141754c11be62ab54b4abd4c1f1f858d186bde7def8b1ed6977a98d825b3,2025-10-11 01:01:06,2025-10-11 01:01:16,10.0
3518949,735e470a669d9f9b7145ec0c73b5cbe022632454bcbf31570f35b3bf8ce2f518,2025-10-11 01:26:30,2025-10-11 01:26:34,4.0
3518950,29cc0b11c9ac56278e56ca7920a5e7be6ee8335043808cf6d2f99697af4082db,2025-10-11 01:27:05,2025-10-11 01:27:09,4.0
3518956,64e088db3cff661e6f38ed88d0e404411fd2368f741894bfc9efb556e67dbd43,2025-10-11 01:32:17,2025-10-11 01:32:23,6.0
3518969,7cb3ab0f26b7eafd23f02c67d4aeb945608e75b20b0a39b7cacfca5a45c2a641,2025-10-11 01:57:25,2025-10-11 01:57:34,9.0
3518994,77c4889da4b0c73e0254b117c5b99ff7480a9064a4e5eb5fa1c7254edd663aa7,2025-10-11 02:49:54,2025-10-11 02:50:02,8.0
3519006,65918c145af85686f85db72b6ee021080a3d43bf06bc1ad8737d68846dd31567,2025-10-11 03:20:49,2025-10-11 03:20:53,4.0
3519007,496429eb78b3c70863620730f721f9be138ea11fe0a25e72bfbc102d24233dfa,2025-10-11 03:21:49,2025-10-11 03:21:52,3.0
3519012,048bad5b310279554123af7e8098869bd774c5cb44c50bcefd11099e58728a16,2025-10-11 03:42:03,2025-10-11 03:42:11,8.0
3519036,d784b358520ceef38b472badb2c0d84c316be9d8d8af979082eefbbde4c39123,2025-10-11 04:31:04,2025-10-11 04:31:06,2.0
3519037,c890f7dc4dcdfca6d0767d07614458e3d5fae36c6417c58012e430a6fc073b13,2025-10-11 04:34:57,2025-10-11 04:35:06,9.0
3519039,901cab3f776102cff2794d81f830d3104fce613e3f2dcae369d4bc129e7a4147,2025-10-11 04:39:07,2025-10-11 04:39:11,4.0
3519058,4ee13632eb4a39690a5c51cc348edd87f06be95f579b585fb44af79d1a2c4bc1,2025-10-11 05:24:55,2025-10-11 05:24:59,4.0
3519059,0a9b64f797379a38076edfd9cb6ee0934058662c5a29191f58d56d969f485b33,2025-10-11 05:28:18,2025-10-11 05:28:23,5.0
3519062,c77b8d7595b29158bb56f2cb713dae8acf83a0c193e6aa34b6a60861dff4106f,2025-10-11 05:32:31,2025-10-11 05:32:37,6.0
3519065,71829443793610d9bd2537ff089dba0f9ebef8f556da95aebf515d10c523c3f9,2025-10-11 05:34:12,2025-10-11 05:34:20,8.0
3519080,90492a1ad2ce15d1096c532ad23e69ea8cd8929155496bee6e5b3885be4eb41c,2025-10-11 05:51:29,2025-10-11 05:51:37,8.0
3519083,de388eb154394ef91c4925deaecf8f2b0ce41f932e7bea3d03cb127f1a86dbef,2025-10-11 05:55:01,2025-10-11 05:55:06,5.0
3519089,4c6bdefb6488224e5428dbf120fb67ecc382d43595db5dd99ec6bf56a9e77933,2025-10-11 06:18:47,2025-10-11 06:18:52,5.0
3519090,c1811376c6cf284ca2317905113f197d65d7c9b1ad5a55285d402255ddcc0beb,2025-10-11 06:20:04,2025-10-11 06:20:06,2.0
3519099,8df108ffed06642ee035513bec0134176020b85a8c18f3e3b619a156dda2da46,2025-10-11 06:49:06,2025-10-11 06:49:14,8.0
3519113,9023358cf350cf62461efb5dcb0b15e20960e9f821d80cba3c123e2a43345db9,2025-10-11 07:12:01,2025-10-11 07:12:07,6.0
3519116,529a6ba4e44b6ca411c8142689ea2c99776191589f0e38bc18c5d2aec1f183cb,2025-10-11 07:16:19,2025-10-11 07:16:27,8.0
3519125,6d5c9095abdd7ca9b9481ba59264f120b1d7883000fb00198a32a1901fcc6458,2025-10-11 07:42:03,2025-10-11 07:42:06,3.0
3519135,023bcb8c74ec6be3b1a2f808dfcc415b4dff12227a3ec7c77d081e93fd5b9580,2025-10-11 08:07:05,2025-10-11 08:07:12,7.0
3519138,614303d5ac24a67822cb2a2336f2bb859331d389b5ceca8c50ceb31a39e529e9,2025-10-11 08:12:50,2025-10-11 08:12:59,9.0
3519154,0d6901eb409d2f4710cbb72bed1b1b151fe403862762d2b31400b86ec06b4200,2025-10-11 08:36:46,2025-10-11 08:36:48,2.0
3519161,2c956ed9bba8b201a53bc6633cb5cfbe4235ead95955ebe11fc7ba0e0cbbb25d,2025-10-11 09:00:14,2025-10-11 09:00:23,9.0
3519166,04abb3f597c06a9abde0ad9ab1dd50f954d8db24e24f5cbcb1974b5a20ad27b5,2025-10-11 09:07:03,2025-10-11 09:07:10,7.0
3519173,e30d7aaf66e925fdb1ef67db199473b85d350014779188b6dbff1d1f8110bc18,2025-10-11 09:24:30,2025-10-11 09:24:35,5.0
3519174,ef1a9478cad76a3f27e596556127fea5dcb81720d391273df0f9ba714b572b72,2025-10-11 09:27:54,2025-10-11 09:28:00,6.0
3519182,a155d099878e315e76febf9d02a30e7075a8c586149d3be167010cb998b7d865,2025-10-11 09:54:08,2025-10-11 09:54:12,4.0
3519183,869bd0bd4a80e6e20f6f9b1c33a07331014149c3ab77ebb4e95747496ed2d225,2025-10-11 09:55:56,2025-10-11 09:56:06,10.0
3519215,e6889f992f422293932b62b974304edc60ad0cb79edae92042c3c07a40fa3b7f,2025-10-11 11:16:44,2025-10-11 11:16:46,2.0
3519221,6c6993381cf0eed133fef7dab38b469e73915ce285ce0c7ecd777ca978e0de5e,2025-10-11 11:36:17,2025-10-11 11:36:25,8.0
3519248,60d3ed060b292f8753be594376d4dfad0c1d5a57167add381983e0015b6ac7bb,2025-10-11 12:27:03,2025-10-11 12:27:27,24.0
3519249,67ffd1c34f6a82e026a8bfd4fc97e07ccff4d734f3f93399dafebed55f843dc1,2025-10-11 12:28:42,2025-10-11 12:28:46,4.0
3519250,46897f97c9626382f1714df17cd5e02074dd882575ec0e2c39ed49f5b66536ea,2025-10-11 12:32:30,2025-10-11 12:32:32,2.0
3519252,ca01fd7e878bd6d5762f0283228d44a52bb2e83170828a6ac63205b1cb269fe7,2025-10-11 12:33:43,2025-10-11 12:33:47,4.0
3519254,b6b6a05640a705539c735996b8caa3e046f8a9b85be1f1798000aecc13c87e4a,2025-10-11 12:40:15,2025-10-11 12:40:25,10.0
3519259,c0e7f28643b435c86cce82631007b6ebb29387c3e4a4c9913a53c120f5cda326,2025-10-11 12:54:06,2025-10-11 12:54:08,2.0
3519271,a5e5c8359f0f3a986f10f55517da94cbcf2f72c5352d13ebd21c9ef31534f91b,2025-10-11 13:14:12,2025-10-11 13:14:21,9.0
3519272,1fb4e2285d355047520ea96998a7f93cc598443a0cc598f4e71d7024c9df7566,2025-10-11 13:18:53,2025-10-11 13:18:59,6.0
3519293,3492bc994483cc7be2953d3b5fb0a8991d251ce3682e531d96adf99d0644da3a,2025-10-11 13:59:39,2025-10-11 13:59:46,7.0
3519302,ff5111ea1462ac94fc60174bc9d3be28e6b06d869573647390064368c509d0b7,2025-10-11 14:14:58,2025-10-11 14:15:03,5.0
3519306,e3e89fa3061e2c280fca022601febe51516d83a075d520e3317b945c0a25318f,2025-10-11 14:18:47,2025-10-11 14:18:55,8.0
3519307,0a93110dd5ebe49b762fe04e17ef76b4ac55f6ad4eb08eb9357972afbe3af078,2025-10-11 14:19:52,2025-10-11 14:19:57,5.0
3519309,9fd54f9ee95e66bafc699f9eda3b5fa7c8a4fd5cc34c5119898db72c459aa9c1,2025-10-11 14:19:57,2025-10-11 14:20:05,8.0
3519310,0bdb24d60c15f534ac035f89a0feb02f3c1d75cccdef13a8708bc801a4b4a3ed,2025-10-11 14:21:42,2025-10-11 14:21:44,2.0
3519311,b6e78c9904f729c8ba693edaac036295b1c4eec3b71baa65df2db851351ed11c,2025-10-11 14:23:20,2025-10-11 14:23:22,2.0
3519316,7ee0c37d55389ea19f0895d59345ba1827076fa6339c63b52fb99dcbcbdc7da7,2025-10-11 14:38:48,2025-10-11 14:38:57,9.0
3519327,48ba73beb7e209e30843b155f2a1a55a32cd7278953fd0e3640aea5ec1db28e6,2025-10-11 14:59:00,2025-10-11 14:59:09,9.0
3519328,0bf958b8a2d2cc70a858fc71f01ac6a45a3e45245b1841668c57ef59159cc64a,2025-10-11 14:59:32,2025-10-11 14:59:40,8.0
3519332,fb36f1db1e4e248000aaa58f7cf6019e0746a8263004507284237f162e57c7a0,2025-10-11 15:02:35,2025-10-11 15:02:38,3.0
3519338,8fff788d6f8f4bea0dc6087355a848c4ea8a173bb7b56b0e2400238ebf38c1e8,2025-10-11 15:09:52,2025-10-11 15:10:00,8.0
3519341,84f72e2a9e2bc3235bb38a2b9b7dd216fbc81030c3c249bf57511139ee8e44eb,2025-10-11 15:12:48,2025-10-11 15:12:55,7.0
3519346,af9a61283160f30e8c516c0d10ce383d93a3432e6ca52f451b11431a5f405b73,2025-10-11 15:22:09,2025-10-11 15:22:15,6.0
3519349,0eb3faa08d9c04602487c12ef4b2464190fa19b00835776bf840ed06c5ceff20,2025-10-11 15:24:51,2025-10-11 15:24:55,4.0
3519354,9ff5f847b475b870986983659e606d1e50df87b3cae0021805632376c92eddc3,2025-10-11 15:31:13,2025-10-11 15:31:21,8.0
3519360,802c10a603d42c48461df70b730ef095c32f3e408e978f98e2e417c2e26ae5d4,2025-10-11 15:40:09,2025-10-11 15:40:17,8.0
3519362,04df23105e0741c8277e7fa11b847d0be64e04f64fe8965d3a35e89588698af8,2025-10-11 15:48:29,2025-10-11 15:48:32,3.0
3519363,bbe6059dd4a800bcb19db4ebf59f7662a4a908a18697e5eb305b3baecaa61eec,2025-10-11 15:49:04,2025-10-11 15:49:14,10.0
3519367,271cf36bc21ac992effb18301aa72499ee46396d6c23957fc545ff90e8d1c3bc,2025-10-11 15:59:49,2025-10-11 15:59:54,5.0
3519371,600c6bf651e0167937163b0aba899eb2225298729aa19d57b4b8bffdadd03e66,2025-10-11 16:01:42,2025-10-11 16:01:44,2.0
3519373,1754b47b2425639fc949bce9bcb46ceadd21bcf12ca8da99074719c5079dec5f,2025-10-11 16:02:00,2025-10-11 16:02:04,4.0
3519377,1226c7619068cf9323dd5a406e97c63f67339ae6b58b87305e42b871daf46422,2025-10-11 16:16:48,2025-10-11 16:16:53,5.0
3519381,d98b10b727bf8d907bd47876e1ce98ec64ac09b37a16d750b20cc0139b998286,2025-10-11 16:22:03,2025-10-11 16:22:08,5.0
3519387,d75b6f4b340f6c6ce2081b6a7d8215ea7c4fedec4d189894ee40e4bf7344d22f,2025-10-11 16:35:25,2025-10-11 16:35:27,2.0
3519395,2fc61f77ce3e052d64ad1cef828af2773bebcaaa3f4d5d46ac308b1f45e57f99,2025-10-11 16:44:56,2025-10-11 16:45:02,6.0
3519398,efc83861283c45046f5ddae69819e8ba59fa1bf361a75d399f6da9da55ed28e4,2025-10-11 16:53:24,2025-10-11 16:53:27,3.0
3519400,ac72c22ca147533fd024b44ecdf51e72ed888c22acbe6e2bc5ece33169a7ddc4,2025-10-11 16:55:17,2025-10-11 16:55:20,3.0
3519401,5f91e90ec87d887ba38483c19af2502bfa3a7157cce0db3b5fbe587b2f481c13,2025-10-11 16:57:44,2025-10-11 16:57:52,8.0
3519419,f734994e68fc4ba8128c733a55c772d9d2fd702d3b0929fe206a51df32fb1605,2025-10-11 17:22:50,2025-10-11 17:22:56,6.0
3519424,c3ea57e63dfb65ec616985ec059dafc2656923544d37cb9e42cf79b74a5641b6,2025-10-11 17:38:37,2025-10-11 17:38:43,6.0
3519429,119213636f58d9517bc651624def3c5181f6533f6ea3cf0d9733bb26101216ca,2025-10-11 17:47:47,2025-10-11 17:47:50,3.0
3519433,5fd5110413ec4676053f1fb088b6a6419c3891afd131d90842c4911c14b5f6bf,2025-10-11 17:57:24,2025-10-11 17:57:26,2.0
3519438,d00f622d1f14cf31e63c0f9209ce1df7a71eb785fb89f36a3b323488b4e38cb6,2025-10-11 18:05:42,2025-10-11 18:05:51,9.0
3519447,5ede0ab0689601f3dbcd05ae84ef7ec83fbdf186f8f83ec950d80c2bc3aa565f,2025-10-11 18:23:37,2025-10-11 18:23:42,5.0
3519448,15ff8d6360ef2e0871c090a7558a2e308bbc3a85ecd28b4e65f4be18d88a918d,2025-10-11 18:25:17,2025-10-11 18:25:23,6.0
3519449,a3319f4a523b6873e3d8911b5817eb67e556c84d279073022c63790fa9f68e1e,2025-10-11 18:29:06,2025-10-11 18:29:08,2.0
3519451,20641f4378625b36e37f44dd6579f71ad91883473ede4d5811efd914d9b9d740,2025-10-11 18:30:35,2025-10-11 18:30:42,7.0
3519461,68be65893fa7f7fdbe4d17df9bd43be48b4722ebc118ac73e1197a71d92b058d,2025-10-11 18:50:36,2025-10-11 18:50:46,10.0
3519475,38b1a1d71398efc3ca8a42bf9cd57b287575c6c4602d57712ad8a2d5158434b0,2025-10-11 19:23:17,2025-10-11 19:23:24,7.0
3519477,9136766d48c95d22ddce7a584d1d1b7e628498ae5b1a5c5992fb90f154fca6fe,2025-10-11 19:31:19,2025-10-11 19:31:22,3.0
3519482,413bd6c0dc8246394ae5740cccc70eae77b11659b8acf3084e74867026f56d9a,2025-10-11 19:41:20,2025-10-11 19:41:25,5.0
3519487,46411e891b41d05090dbf2bfb220309193ee49401e20f652387dc9009c3873d9,2025-10-11 19:58:07,2025-10-11 19:58:13,6.0
3519491,bdfe3e2270c1a0d50f217817753f3a5c204e491808fcb1dcb3f4dec410341500,2025-10-11 20:02:07,2025-10-11 20:02:16,9.0
3519494,b941cdbbc9d710fb2e729f6c52de575c7cdef2c3df18f0ad8ff39a0b732d7807,2025-10-11 20:07:49,2025-10-11 20:07:53,4.0
3519499,d48b1dd1852ffe6893ee75fc0ab33c96d0d4d4f6a9ca07402b3d203132eee8e1,2025-10-11 20:12:28,2025-10-11 20:12:33,5.0
3519501,169ae4e9e3553e27e26b0c6d837534eb07d691a609c0f5cf38a6609ae1317cc8,2025-10-11 20:18:01,2025-10-11 20:18:05,4.0
3519513,965e728d5a36e9d34a2eaa718a6e8b14fbbb1ebc9dfb226f721a4c75f93ac93f,2025-10-11 20:35:36,2025-10-11 20:35:41,5.0
3519522,5c1ab73d8cb453918f462d4ff18b337680a44c385ddfefb9712bd45b3382347d,2025-10-11 20:57:43,2025-10-11 20:57:51,8.0
3519523,17a9e083f28a89f7eff73e701eb691dfeddc2533784f950121f48d932c64eb06,2025-10-11 20:57:58,2025-10-11 20:58:00,2.0
3519526,99f2acb0d239a4d33288bb3c7c59bd87e6c37445ef55ec59a33dbe9c0cb20f0d,2025-10-11 20:59:37,2025-10-11 20:59:40,3.0
3519527,c8e80034ce4bd2325dd105b1e2a3388d2492b928dad321af554223ac632b1e4f,2025-10-11 20:59:40,2025-10-11 20:59:42,2.0
3519530,8b721709eca6180358251f00993803ca7087a5d5b6a4837b0ac27b494f72d048,2025-10-11 21:05:49,2025-10-11 21:05:51,2.0
3519532,b36cae2dab86d2e05e58c4a5e55932b0db4c420d99e33df3d5a7ff977abfc956,2025-10-11 21:07:01,2025-10-11 21:07:08,7.0
3519534,b22d4c406233a7a10d77f6503dbebe0873231b6bbbdcffb7885e27a5ba4a19de,2025-10-11 21:07:19,2025-10-11 21:07:25,6.0
3519537,641532a34dc066ffa6e2cfc47c3e9100143e39a5a7e72e167ed5643760c59f46,2025-10-11 21:13:26,2025-10-11 21:13:36,10.0
3519541,26f49c4eb15da1bba93c9e97a932d223483968789f814d33295e2e3de268378e,2025-10-11 21:16:27,2025-10-11 21:16:34,7.0
3519554,269f9e3ecc853d033044f5e2d9a57c27b53e4898e95e10bc02223cb4baa19520,2025-10-11 21:35:18,2025-10-11 21:35:20,2.0
3519557,53c87550f0b7b8b151b7c50dffe82879e55b92cae51b0916e2873be004bbc11c,2025-10-11 21:39:14,2025-10-11 21:39:18,4.0
3519560,569323df61ff98620a171fba4f0e28635c3a4c63ccc1873e63676f2889ff30a0,2025-10-11 21:43:49,2025-10-11 21:43:58,9.0
3519561,2e71d663661d9193657e8f65e52bbbb35d40bbf1f02e10a3d24f34326706f06a,2025-10-11 21:44:21,2025-10-11 21:44:30,9.0
3519565,3ba80539524e7c75ba483e15e2783e5bc4bf4f8da40282df0e3857c1c33516ff,2025-10-11 21:50:19,2025-10-11 21:50:25,6.0
3519567,2c7a53842dd79cfce70c99dc0e6c7623401bc39378dca0657bb9052721bd6867,2025-10-11 21:54:46,2025-10-11 21:54:52,6.0
3519573,1088c086c5e18b6b561dea5ee63e29216adbb4adec1e01391d31e0fc9da898d0,2025-10-11 22:05:01,2025-10-11 22:05:06,5.0
3519575,ce3c66c60b071ae41a61c5469526eaf6a29ee745f5acc17a45e2b5485395c117,2025-10-11 22:06:37,2025-10-11 22:06:40,3.0
3519578,761d571a9936e2f142250af43f8707c6c57354bb3824aabb05a9ee8123b3a801,2025-10-11 22:07:55,2025-10-11 22:07:56,1.0
3519582,faba40863a1044f9c86bddc0d8f6bc856a01eb0448e065b987a570e1aa1ef1fc,2025-10-11 22:13:20,2025-10-11 22:13:23,3.0
3519586,2c6f75d032056d9a68aa2671dbbfce6c75a5b38af6249389c6112bd13f90c442,2025-10-11 22:20:35,2025-10-11 22:20:42,7.0
3519588,5a8f63a54ef62420075d734fea69fae9cad80a8368fedcb18431def2d033a758,2025-10-11 22:27:17,2025-10-11 22:27:27,10.0
3519591,bb0deba174b59c3f9fe3d5366426c2f068e5e5479c82d6c2d94b734d0f02c2a1,2025-10-11 22:31:27,2025-10-11 22:31:31,4.0
3519595,8a28666d62706910fee715bd22024fa3d517efc53e5f7151bc9c5c7fe0dc6f15,2025-10-11 22:38:42,2025-10-11 22:38:44,2.0
3519597,76b30ceef65f93b0c6aa8abb7a566e1fe18ca877dd92c1bf0199b42d65b3ba62,2025-10-11 22:41:03,2025-10-11 22:41:10,7.0
3519598,c98dd1dbb171f47b27e82925edb1f7a52907aed1b7bd3952ab41f32a8756608f,2025-10-11 22:42:05,2025-10-11 22:42:14,9.0
3519599,0a90cf839c564bb3af0234f392f87aad04b42bf1743a36f43178c6c332284f0c,2025-10-11 22:43:25,2025-10-11 22:43:32,7.0
3519602,eadc8e0debd2d7b655dee1125b89072b408bc86874f33496d60c30f894e17284,2025-10-11 22:48:12,2025-10-11 22:48:20,8.0
3519608,6e8f409c94145ebf9d7242c86999ceb93b610a2bde3ab2a3ff776d8b69aa3c74,2025-10-11 23:09:39,2025-10-11 23:09:43,4.0
3519609,6566b4c7ebccbdf2bccf6a4698dbb9bd0386a22b4fb5b3ab7484444952d71517,2025-10-11 23:09:58,2025-10-11 23:10:06,8.0
3519615,f57fd76c646bbbc264a0e1c53992bd7227a2a8b089c8149b5b38b689cac30219,2025-10-11 23:15:12,2025-10-11 23:15:23,11.0
3519616,f14f4d5ca0d3eed3ea7e11ea777c6e6b81b787ee9aee478ff4f46851e2f98c05,2025-10-11 23:17:47,2025-10-11 23:17:48,1.0
3519620,6b529678c0e6fa37392e0b02dfa7a2fa834aa452e67983e03cbc3fe5809ffbd5,2025-10-11 23:23:01,2025-10-11 23:23:07,6.0
3519622,2434522b0b35858c7ea99743829d25edddcba99a6867f2791f1042b725cd113b,2025-10-11 23:27:16,2025-10-11 23:27:22,6.0
3519623,287a50d38b7c2dc276f917fe6e6c466d3bd78018db85df9524d3f49cda49792d,2025-10-11 23:29:53,2025-10-11 23:30:01,8.0
3519625,1ea04f5ce077908d18f9780d2460a53bfc6a86667bf7f436d58ca79216b55d92,2025-10-11 23:38:39,2025-10-11 23:38:46,7.0
3519626,cf919aa2b74b8f4b8637629078068a19eb3228c33d998f1f3dd225bde128f30c,2025-10-11 23:42:53,2025-10-11 23:43:02,9.0
3519637,150682479d2095fa2d6f1a145ec527945031cc729fb969bcd9937f7e56e35680,2025-10-12 00:08:18,2025-10-12 00:08:22,4.0
3519641,fdfacdce1d4fa13819dad68983db0ef08f8f0d73161c81a19b703a476d0fff2c,2025-10-12 00:14:10,2025-10-12 00:14:16,6.0
3519643,6763f857bf401db0eabc1026ed7ad7da9344a02c9b9633d2a9c6e14a01e156a2,2025-10-12 00:14:51,2025-10-12 00:14:53,2.0
3519649,df63c5b0bf47c9c63eb6e7a207d18528b10ea520076786633234c7f68b189a5c,2025-10-12 00:24:02,2025-10-12 00:24:09,7.0
3519651,616aadaa1b020ce85587e1c82ddff0497a53c7b1f48134327262059cfb652e7f,2025-10-12 00:28:13,2025-10-12 00:28:17,4.0
3519654,48b38cf38418f87b767600e70db3e8368eacdfc70a3d797105552fac86c82368,2025-10-12 00:30:16,2025-10-12 00:30:19,3.0
3519657,c7ef7e66240bde98ccc4a3ffea8a2c4e384d07e95f86135a0eee8a3e4d7313ae,2025-10-12 00:39:40,2025-10-12 00:39:42,2.0
3519661,cdcbb3db494aea56f84f787eeb3c22c8e3ac568f9cbc32173ce24406eb159171,2025-10-12 00:50:05,2025-10-12 00:50:06,1.0
3519663,1d527b25dceaebf1c464804e6426cc0c2b6192c4ac393872864b8339fcf90e17,2025-10-12 00:59:06,2025-10-12 00:59:15,9.0
3519664,f3de7cb1c7c8eabf10bc93c5e1e881ab565da124ac5e2317ee1d39cc3704c94c,2025-10-12 01:00:18,2025-10-12 01:00:24,6.0
3519666,960ed26f917ed4bab2d5b95423dd5688a2af9ffea171ff9eac30625ca66eeffb,2025-10-12 01:04:15,2025-10-12 01:04:24,9.0
3519668,44d8c0dab5c2ea440fabbf60750bc91cf2b2f51ea1ac212aeed499d79b83f56d,2025-10-12 01:06:04,2025-10-12 01:06:13,9.0
3519674,9fde3ea3b4609ad7cb3d4720dc626f01d10d143b6ccfc7487c7eb1241122afe4,2025-10-12 01:12:20,2025-10-12 01:12:23,3.0
3519676,f375e3f657227273f1125ad47bbafd7300e5e638e581d3cd959868e9964c901d,2025-10-12 01:15:08,2025-10-12 01:15:12,4.0
3519677,23529bbaef370bc98ecb53944bcfcd526260d3863ac560d3e644acb85a5d49d2,2025-10-12 01:15:12,2025-10-12 01:15:16,4.0
3519685,a02244b1987fd8bf5b41f4f8254dbb113197cf689b306c1bd70faa3ced44302e,2025-10-12 01:29:09,2025-10-12 01:29:11,2.0
3519688,6de87df70ded8ba2086612e57217143c1df04788c52bc3ff0b6153df1645cc07,2025-10-12 01:39:30,2025-10-12 01:39:33,3.0
3519692,ddfd61c1254e62438b5b5ef6c46227800e5201dffd02646fcfcc29e745778375,2025-10-12 01:53:35,2025-10-12 01:53:42,7.0
3519696,95a10fe82652ff75af43958ac54bd9f2d44b38fa5ac08a55792324ecdc0e7e5d,2025-10-12 02:00:14,2025-10-12 02:00:17,3.0
3519697,f5c266996245afbd39ff13295c4734f090019d06e2dcd2c54a40804139de9c76,2025-10-12 02:02:33,2025-10-12 02:02:37,4.0
3519698,dc63809409238fc375d5d10839ecb549babafa46d25ed9593983a0b67fae715d,2025-10-12 02:04:36,2025-10-12 02:04:46,10.0
3519703,d5bf959f1d4e60c962213c192fa755a42ebc9816c3a6904be5d8359482323d79,2025-10-12 02:15:24,2025-10-12 02:15:31,7.0
3519705,b891991650cb5b4f8862a69a370d02c2cc910bb12adacc7269e66bb32b7e7859,2025-10-12 02:15:56,2025-10-12 02:16:04,8.0
3519707,fbae734477ffe67ceca5af3baa0106648232faacd10a7e2e4b9325d5955a31ea,2025-10-12 02:19:33,2025-10-12 02:19:41,8.0
3519711,8464ca7238d67441699269f66cd4ee2473e409bad873d774b98e5a8c5d9da971,2025-10-12 02:21:13,2025-10-12 02:21:15,2.0
3519716,60f936cd158b0f4e2cfb2692cadf29a78878872014189ba62bff17d4aacd8baf,2025-10-12 02:32:12,2025-10-12 02:32:20,8.0
3519721,f45b0f86ce17e0ccdc243d1fee0bf43f23601a84ae73c6fa9565ee4d19e990a0,2025-10-12 02:44:30,2025-10-12 02:44:36,6.0
3519723,feb306692b1f730011b4982620c707de5d5ec7afcfd8275927e7a884998787d2,2025-10-12 02:49:14,2025-10-12 02:49:19,5.0
3519725,7b90d7b96812061e0e3e360675315b6e619aea64bbab6e6745ed4bf261aa03c7,2025-10-12 02:53:45,2025-10-12 02:53:50,5.0
3519728,3bdf64ba7796e287e6b52b509f55e96e9520dcffa2b33e15129302303ad3e677,2025-10-12 03:02:50,2025-10-12 03:03:01,11.0
3519729,68f8989b63559229a3567cdf56814e7c648e5c7428c9ff29a51f5dae547f97f0,2025-10-12 03:08:36,2025-10-12 03:08:40,4.0
3519731,0811d526f0a5c3fbda98a240edc2399b8b32792de1c78994fab02143f62745fb,2025-10-12 03:12:49,2025-10-12 03:12:56,7.0
3519736,6b502d66a1bdd1ae7e4d95a0f9e7f55b62e0464f8979729f53c5901bdfb0d4c9,2025-10-12 03:24:48,2025-10-12 03:24:52,4.0
3519748,cedef869e8bd3c34ffb10fe24ef755dc6db82e1cdd419e8480cf14ea138b8011,2025-10-12 03:47:48,2025-10-12 03:47:51,3.0
3519751,53832471a75eb428f02ffb7430fce413998982750a53d7f051693f9a7368563c,2025-10-12 04:00:19,2025-10-12 04:00:25,6.0
3519752,8ad196c1d93a48e0a54e13dcd426ba98e931e777db7e91a4f2dbd9434e9befac,2025-10-12 04:00:25,2025-10-12 04:00:29,4.0
3519754,88b005c2277a98955bb6502f5640728373b0a49266f9cb8006560e71898a9d78,2025-10-12 04:04:13,2025-10-12 04:04:16,3.0
3519755,42efd769ebeb813e1e5b6f8262e28d3db2c1c116c6771889ffa8b1eb64b7eee1,2025-10-12 04:07:51,2025-10-12 04:07:53,2.0
3519756,603668d2d07f842dffe3fe3f6029baa6c969859962759378038d323061c7d29f,2025-10-12 04:08:40,2025-10-12 04:08:47,7.0
3519763,2c64191d452bdd7e85ea59e70a941af21d996b93c6d20a323a8b15b6bbf89ca7,2025-10-12 04:22:27,2025-10-12 04:22:29,2.0
3519767,0936ebf3f45be66e4274b737dde1f0c8825f07b1aa4f078dbbab2f0f0385f426,2025-10-12 04:32:26,2025-10-12 04:32:29,3.0
3519770,dd84025c00acda11793f0075ded40cc9c59a3aa0e9acfc7b7249d286cb3e2160,2025-10-12 04:40:11,2025-10-12 04:40:16,5.0
3519776,d3d0c0ed5d600abcf1fbabc3d1d3c0afe1111e5ffacf0e2aaacca8345e6e88e9,2025-10-12 04:55:11,2025-10-12 04:55:17,6.0
3519782,b91433d21d83d46390f7be1c7f9f46fc28ea7186421267848315f22906f10eba,2025-10-12 05:09:01,2025-10-12 05:09:05,4.0
3519791,339c4aada49697af463385eebb45ddb1c4a95848545b925549f4f9d84793c0a4,2025-10-12 05:23:39,2025-10-12 05:23:44,5.0
3519795,665dd2f83b53a30a012d122489f214cd7123c51005906fc291b9039e1d25f290,2025-10-12 05:26:45,2025-10-12 05:26:53,8.0
3519801,f07afcd9fb937cfe91b63bf8ae9a45b7a80fea1e7824cdb99a73c2c7b7421243,2025-10-12 05:31:57,2025-10-12 05:32:01,4.0
3519805,4ba2b2d553a1ade2b8b260cf6e610406475433798caa74757c77418b67760148,2025-10-12 05:39:46,2025-10-12 05:39:52,6.0
3519810,6cb96e36ba1d970995dd00b5bfcbf975049e0241483c2d00398ad7b1dcea8a50,2025-10-12 05:45:03,2025-10-12 05:45:12,9.0
3519811,c2440d2fd321d9bff182e4c84b93684d201709c94a1e9d345c4e7b087539dce1,2025-10-12 05:45:20,2025-10-12 05:45:25,5.0
3519814,c5b5da48975d36010af81f95b5350d2e108b7893f69052516c7f2b4acc98d8f7,2025-10-12 05:52:35,2025-10-12 05:52:44,9.0
3519819,f12067beee9651ad358f0657b2c8beeed9eeffbdfc167d31f7e9e8fff1ba7dd2,2025-10-12 06:03:02,2025-10-12 06:03:04,2.0
3519832,2840168d280f83abf9911190cea88d703141386161e4c2443c26e0ff90c0c343,2025-10-12 06:28:28,2025-10-12 06:28:31,3.0
3519835,203220cabd28212f53e6539f3e2d1114332e7a90d1bc7399a466a24a50f49d4a,2025-10-12 06:34:19,2025-10-12 06:34:28,9.0
3519836,bf988e298d1f8613b9c705e0a9e413866e13b581321f69da35b490faea737a51,2025-10-12 06:35:47,2025-10-12 06:35:56,9.0
3519838,983eb7af6412e82512fa552f9dfb9af54e83ea8a0f9a4ae9492e6d26f1bfbd34,2025-10-12 06:44:19,2025-10-12 06:44:27,8.0
3519848,de96b6f8fdb5e3f6a5c7133d3eeb5ebdf708ef356997f506f6153b3a9b0e3bfd,2025-10-12 06:54:56,2025-10-12 06:55:02,6.0
3519849,cffd7422513831c5f22297b6bb5df95771a31c883a6c9630d2dddfa3278929a7,2025-10-12 06:56:37,2025-10-12 06:56:43,6.0
3519853,9ef3c5a141ac0ec8ebacdedf00b4fe7715473b8507f5cfa442f3553c934c9ad7,2025-10-12 07:04:47,2025-10-12 07:04:55,8.0
3519863,dd56df198712ab263eb6c0dfd874a1add2587ab86a1dd2921fe460450fb700ba,2025-10-12 07:20:34,2025-10-12 07:20:37,3.0
3519868,5dba8f1ac1ecb5e85a7fd6da20e17a9bc2c66f577fa0c9a0d751bdb714a15c61,2025-10-12 07:35:06,2025-10-12 07:35:11,5.0
3519869,c5c1495432681877c3a864881f05a20b96b6003bf8ece17d2ef1909f90c0810e,2025-10-12 07:39:34,2025-10-12 07:39:37,3.0
3519872,1304ffc21688a3686a6792a1675710569c38721dca1258e778eff647b32b2697,2025-10-12 07:49:01,2025-10-12 07:49:04,3.0
3519875,39020ef25965c49425ed2a4b55a3fe5c70f0a80f5172a32bcf05ee54320667b3,2025-10-12 07:50:22,2025-10-12 07:50:31,9.0
3519877,9638400c2bc5b4914bdd107296210395e9c146cda2323f55291cdcb00c8d0f3e,2025-10-12 07:59:17,2025-10-12 07:59:21,4.0
3519878,d5158bbe939e3244812cad78560677db40c41ea1116ad63bee06b872295529de,2025-10-12 08:01:20,2025-10-12 08:01:22,2.0
3519879,3038ad892fc0ff8b1b47cb47876c5339c36545df95011d4b0a9d349af5d2d03e,2025-10-12 08:01:45,2025-10-12 08:01:51,6.0
3519881,837852bf88cfcab5c56bf51c566488d96be745897940c24f223672914bdc180e,2025-10-12 08:05:15,2025-10-12 08:05:24,9.0
3519882,4a8e96cb443bf61db2105870f00b5d34927613457cfb7612ccd3e234b3ced5f8,2025-10-12 08:06:11,2025-10-12 08:06:18,7.0
3519884,05c77e309b0666e989249e564b78f47d246d92fdabcb82eeaa51e59b22229c3d,2025-10-12 08:07:13,2025-10-12 08:07:21,8.0
3519887,46c4ba75fede80495225f5e36214516baa8b3160457925a934c09de406607890,2025-10-12 08:24:02,2025-10-12 08:24:07,5.0
3519890,caa83e65edb0a6dba83daa04ebf75ef2acc43bcdd76ec38723ecc8ed45e52214,2025-10-12 08:29:03,2025-10-12 08:29:11,8.0
3519899,19919c25672bffcc016f1e6d4ea35e0e40d53804a3149da881e36d3bd62a5453,2025-10-12 08:48:03,2025-10-12 08:48:12,9.0
3519906,dbb33a93a102333a8cd651b57862952cad340870b35a1bd7c568fe27be92990f,2025-10-12 09:06:17,2025-10-12 09:06:24,7.0
3519907,64daa94448ad22292b8fef1704d746902611ed7fd182e1bbe0084e1b3fd36c44,2025-10-12 09:06:23,2025-10-12 09:06:32,9.0
3519919,91856d4d47e0879156929d619893cb073bf9fbcccfea36ee14a61c0ccee3715f,2025-10-12 09:24:31,2025-10-12 09:24:40,9.0
3519920,2eacf61cc454e8244b7b4410a036631cb0f3865bda2e14a87826b85804e690e5,2025-10-12 09:26:00,2025-10-12 09:26:10,10.0
3519925,69ef567c71864898161913d915a5a91847f91e1207865e02055db900f5564616,2025-10-12 09:43:44,2025-10-12 09:43:52,8.0
3519934,f60b19198b5a59ffe5b5ea1c5445081f14913f1623968e197ba96eee7dee4973,2025-10-12 10:12:57,2025-10-12 10:12:59,2.0
3519938,1c04ed11178e07dfcd38b9f405e44f3cfa9652192c70aaaba3c68d7d0c0dbf69,2025-10-12 10:18:03,2025-10-12 10:18:05,2.0
3519947,6b1d0b5f3ce73f7a2073a247fe8a9d72f9cdfa3191303e2a473d71f23d93643e,2025-10-12 10:38:43,2025-10-12 10:38:50,7.0
3519956,3b2607ce3004bd40ea980ec9e0e120584ffa8931ea0edee4a3966399864684fb,2025-10-12 11:01:12,2025-10-12 11:01:14,2.0
3519961,5a761adaefa49da69b7f7f86ba5aeb248cb4ce6ccf62e9116a45b933bfc3e90c,2025-10-12 11:15:15,2025-10-12 11:15:22,7.0
3519963,58d25b03ee16dc2b01a54e9a761a00692b9291b0d36fd65da95af9a9656d2066,2025-10-12 11:18:44,2025-10-12 11:18:50,6.0
3519964,c64f8e92b2e2ce1831a1071857013132e34d0e05d33794e5779127243eb1b254,2025-10-12 11:22:58,2025-10-12 11:23:06,8.0
3519966,81b06de2be1fce6f11e87abaaebb2d2730a37bd7efa09b07501eb037cff59eaf,2025-10-12 11:26:49,2025-10-12 11:26:59,10.0
3519967,2cc3d4c17142575961f3e47748cf6f2e5fabb489a5504edaecd389dd81c48226,2025-10-12 11:27:38,2025-10-12 11:27:46,8.0
3519968,48c10e209b121a73893a3f47e28fdab4aca46de09264b850ab6455e525930cb7,2025-10-12 11:29:37,2025-10-12 11:29:40,3.0
3519969,b117b59407b5b3ef27bf5599c5efbed4c540201e5f1ff467694d107a4470973e,2025-10-12 11:31:47,2025-10-12 11:31:54,7.0
3519971,6c8adae95373ba706055c35b708f3e6c47523e499e33e6b770b43c2c1dfad9c1,2025-10-12 11:34:25,2025-10-12 11:34:32,7.0
3519978,3ca2c0b33ec7e2468e230a13154c78cba96823824ad93bd9beb7da4612d51267,2025-10-12 11:44:21,2025-10-12 11:44:25,4.0
3519984,f9c4af225476759c769ea3e8a72c316a01a9610c7c667bf6e53f1f01fca09419,2025-10-12 11:58:36,2025-10-12 11:58:44,8.0
3519999,8f86a9c4971d8b43011f39694482e1b7264f8ea45d20e7161c484f6b3e8d7122,2025-10-12 12:18:03,2025-10-12 12:18:07,4.0
3520006,505c1dc8fb4f8e93ed650d8de3fc43c28f4ee02dbc39da21f55e1c2d1f56bfea,2025-10-12 12:25:58,2025-10-12 12:26:07,9.0
3520015,792502a81ff882019f6d7f97e6719c6c5aa01376864b8b6234bb55313fc27b4c,2025-10-12 12:48:21,2025-10-12 12:48:30,9.0
3520041,68cb8b444740e1f6b2a83a947da3db6ba52bbbb8964d0f3aee7959a9bb2563f1,2025-10-12 13:53:21,2025-10-12 13:53:23,2.0
3520043,5fd13f614ae0c1ff8f2c852929cdd8e7db92357b5829278158eed4c9393c52af,2025-10-12 13:55:27,2025-10-12 13:55:36,9.0
3520045,a58d32e9468bbf9a798cf355ad612ef31f17436018e7bbcf810522a96f16c733,2025-10-12 13:56:38,2025-10-12 13:56:46,8.0
3520046,5a156dc7304417cf415040df10632fc891b9839eb71ff85e651b4517858f4d76,2025-10-12 13:57:10,2025-10-12 13:57:12,2.0
3520061,1f8da40553c4a131299d6065fdc661a681740164b998b48a70a67c8b4333922c,2025-10-12 14:20:26,2025-10-12 14:20:34,8.0
3520065,8c9d271ebb0e266f2b4a8356b8d0c9298ae03cc8734d6a943101708833d473f1,2025-10-12 14:24:53,2025-10-12 14:24:58,5.0
3520087,d3bcf6e99b383ac9d8e5d0c66076833511fe6bdd4420f59e5855e429a7443ca5,2025-10-12 15:13:02,2025-10-12 15:13:04,2.0
3520095,2a67c0bc4b689e72e1686a37cfc1446d888b8f88dca69cd1bb60bb6938d37c68,2025-10-12 15:39:13,2025-10-12 15:39:21,8.0
3520096,3ffbec469275bf00a98a19bcffa7a7247574057d919e96804e4d1f2d08736fd2,2025-10-12 15:39:44,2025-10-12 15:39:52,8.0
3520101,dba4f18bc417354edf19495e6041849ebe4d70e16f0f47bc5dc69f56dc202106,2025-10-12 15:48:34,2025-10-12 15:48:43,9.0
3520109,5e5fcec2463223e26a7240215dfd353503e822ef3fda3e49cde69dc8a60b6ea0,2025-10-12 16:05:17,2025-10-12 16:05:20,3.0
3520110,90b2010818bbf9c9f5509008fa5bdc4f8e74df137d516738075727dde1ce77a8,2025-10-12 16:05:59,2025-10-12 16:06:04,5.0
3520113,4965c7e642074da5909121655fc7f7d31a3dbccfd137b2dba9da8bc2b88bcb03,2025-10-12 16:07:30,2025-10-12 16:07:32,2.0
3520119,d61fca96988d304d3604707cf88a31a695de0476ed3eac5c71f021241dbf2c8b,2025-10-12 16:31:35,2025-10-12 16:31:41,6.0
3520121,41b2b513c224daf39bcc1ab48ae6b4226e820f6ee11d505e7c320aa411fc19ca,2025-10-12 16:34:23,2025-10-12 16:34:26,3.0
3520129,4470e2297587b6eab1e3c0298a98b931693ddcf38a8a61d38348c4ab0485f3d1,2025-10-12 16:57:57,2025-10-12 16:58:04,7.0
3520131,50602c4ebb6ae067e400fffefbaf6efb8d6515f72fe12ed9f5d190389ce46853,2025-10-12 17:01:16,2025-10-12 17:01:25,9.0
3520146,36d1b288672114214d60e06b193537083517e18ebc87b52c0659a90603aa0943,2025-10-12 17:25:21,2025-10-12 17:25:28,7.0
3520151,d05917e6a8d933420d0f0b589601e280dbc4ffa8cf1af2ae45244adb895930fa,2025-10-12 17:46:44,2025-10-12 17:46:47,3.0
3520156,36e6de73e85f2846befa78e0a8f8d91db009bb0c8aebd45a325fb6af820f797e,2025-10-12 17:54:40,2025-10-12 17:54:45,5.0
3520162,ea2ce602e26e1d7113e99819248d10f55607560dd5c94f37184e0984fb79b3c7,2025-10-12 18:14:43,2025-10-12 18:14:45,2.0
3520163,bade89edfa9072a69dfd7d13de99c2ddde1d7b90f2d7b0b38c2484b7921c38e9,2025-10-12 18:15:00,2025-10-12 18:15:07,7.0
3520165,9edb2269395f244cc2f3f40e5ade028c4c5013295d106271abb44d81f6a9adf6,2025-10-12 18:19:57,2025-10-12 18:20:06,9.0
3520177,dedb9bd4d4f24d26445508268e7d77f5c4847a47685e6b2f26b4113ebf7da1e5,2025-10-12 18:39:16,2025-10-12 18:39:24,8.0
3520178,fe354667830f33e07ab487644cd17f5ac190da0870fbf64fcc82954f853e9080,2025-10-12 18:40:19,2025-10-12 18:40:27,8.0
3520182,00f3bc65a0f6e7724a2ee297f0f1713f477f7625ff76e4a7478d2d43992d9ba0,2025-10-12 18:45:36,2025-10-12 18:45:38,2.0
3520204,573858ca0699f756cf8ab52ca6fbe5290f7d2397150c436a936cd162f385ca98,2025-10-12 19:14:39,2025-10-12 19:14:44,5.0
3520205,64d4a213079876c63d0aceaeabaa19d851ca6c81748adaf1411cca039950cf06,2025-10-12 19:14:59,2025-10-12 19:15:07,8.0
3520220,1e78d19c8bf83d5e07205782acea36f7a9122fddc2d719b6bc27cff2fbf9f4f6,2025-10-12 19:35:12,2025-10-12 19:35:15,3.0
3520221,0de8e5363398035ad7dbd4847a9c38f420c9a93316ee14d699f43aef986486f3,2025-10-12 19:35:32,2025-10-12 19:35:37,5.0
3520225,04efd5e4e703916bf4f6bf2be0cdeb1ef5747c92ad86ced1bc068b8fa1b4ba39,2025-10-12 19:42:02,2025-10-12 19:42:10,8.0
3520226,4594c3f6a0f9ebd700411e6341f8984937517ae813691b3dccf1f6d9ead528a8,2025-10-12 19:42:19,2025-10-12 19:42:28,9.0
3520233,058da95deb816fb9e05ebe60191b51f3489a1018855248d8173e200a519b867d,2025-10-12 19:59:32,2025-10-12 19:59:36,4.0
3520239,005d47e3bd1370720fd7480709e0f296d1e8b71916f86f618f7760ee97aeaba1,2025-10-12 20:06:19,2025-10-12 20:06:21,2.0
3520261,f1791e0c84f8d8a439b0cb27a5f5a5d0d50184ab97292cbaa87a48b010c17775,2025-10-12 20:56:56,2025-10-12 20:57:03,7.0
3520272,ccd64ade000bf7cd7024f26785eaae48f98e103ff9bcc07c180ba84832fe16d4,2025-10-12 21:25:25,2025-10-12 21:25:29,4.0
3520281,c2902e8a0d7a54cdead18fa15ee7a04e9add000ac88a5ca925e041e8620411e9,2025-10-12 21:46:50,2025-10-12 21:46:55,5.0
3520283,7954905364992967ee4f95a08527676f019efa56196d740752ba8955c6fbc36b,2025-10-12 21:48:31,2025-10-12 21:48:40,9.0
3520285,a51119f6d73c8700ef935dd00af65d798e7633ebf3bbd0bffa2fc129a3af3b4f,2025-10-12 21:51:06,2025-10-12 21:51:09,3.0
3520287,e5ffc74ade1d339ed4539b0f5535306cdfdc4e2bfcabe00bfca4f52fe4edbb84,2025-10-12 21:54:41,2025-10-12 21:54:50,9.0
3520288,9d48bfa2c400ea060be8af0745cb118900f2ac1e67a0d0773cb3fb39e09c1594,2025-10-12 21:55:22,2025-10-12 21:55:25,3.0
3520289,df22157264d35843ca846b6c4abf9fc5887d1538ec78384adb65ed211b5b63f2,2025-10-12 21:55:24,2025-10-12 21:55:28,4.0
3520294,f0d5d9734003affb41ec307186d8fab0603643a9c46a8f4709e9dd8bb53495ca,2025-10-12 22:13:04,2025-10-12 22:13:07,3.0
3520295,6e1f6989cf571158a6ac4ddd9368187ae1f6ca7663df313cdc421787637265dd,2025-10-12 22:15:06,2025-10-12 22:15:13,7.0
3520297,bc70d762a516c7f2c24dfc04d7b9ddb9dee7a7826d187561e57967020279644a,2025-10-12 22:17:17,2025-10-12 22:17:22,5.0
3520299,a0b67339e2b1e5dde9c9838c3dfb8da43fabd5e503d7237964ab727e794fd36f,2025-10-12 22:19:55,2025-10-12 22:20:01,6.0
3520301,233fa1fd1ebb8351155ba0b87bb149a9dded8bf001c7e8be69a9727b09a8c384,2025-10-12 22:21:32,2025-10-12 22:21:35,3.0
3520306,2ce79ac1e0342d0f266e446ed1511ede39c0a27ecf075af8457793dfc89adfc1,2025-10-12 22:39:55,2025-10-12 22:40:02,7.0
3520307,b38cc689f2977e3c92b123f22bda23b4131ebd505d8920c70e81f6400ef94e65,2025-10-12 22:40:33,2025-10-12 22:40:40,7.0
3520310,76b77ec940e854b8c9b818e7c028c3e09ae0891521019126f29cb31ee90ef5fe,2025-10-12 22:44:22,2025-10-12 22:44:27,5.0
3520311,d2bad604dbb054e931c153c0cf6f3d3f49e00ab765f8a24c986bd6a9803f39bc,2025-10-12 22:46:19,2025-10-12 22:46:21,2.0
3520323,618f52298089388aee7139af8b68bd038f861435f70706cc7612329cd995e8b3,2025-10-12 23:12:13,2025-10-12 23:12:20,7.0
3520325,b03af863200f631abf52f37a52d4b96c11a11d6fcd5ff8efbfa1bc86f4495769,2025-10-12 23:14:21,2025-10-12 23:14:29,8.0
3520327,824de04dd04e0e9f17063b685e2db8a63c65ff53b18d2c932dc0cd66e8f704ab,2025-10-12 23:14:55,2025-10-12 23:14:58,3.0
3520340,8a4a34eb33914932371769d15f8c6ee386b7ead0ac7c6fbc962edcfcc8e44f58,2025-10-12 23:35:54,2025-10-12 23:35:57,3.0
3520345,94788c834f6c19d8d1299201f1309600068cb245db454be569ee7a4c55eafbc9,2025-10-12 23:42:51,2025-10-12 23:42:55,4.0
3520351,1a4a4f614e1f90de2b024e4035e6f2d85cb23dd909cbd635fab6ebb24e215db5,2025-10-13 00:01:15,2025-10-13 00:01:20,5.0
3520355,3faa3643f1ca31f4a704511180ac5e5202da2e79e916ed886c80c7d47132e921,2025-10-13 00:08:40,2025-10-13 00:08:45,5.0
3520358,29ee1773e40dffbec37db04e8026599d4c87fe0bccc013e455e81520bdf81836,2025-10-13 00:11:05,2025-10-13 00:11:10,5.0
3520374,d77538de4ab405681f5455a8ef26afa4a8e2f841417165e59b056852059f0f32,2025-10-13 00:51:34,2025-10-13 00:51:37,3.0
3520376,6fe0192374540dfc8eb7251a4613ae8861415565e5e8adc7011075933c6dc79c,2025-10-13 00:55:17,2025-10-13 00:55:23,6.0
3520388,00c7636afb4b76e760093384609bb43ce9996fa9df04743b28ec5ee16f3375f5,2025-10-13 01:19:30,2025-10-13 01:19:35,5.0
3520396,a28955f242b52a003b6850cd0214cf41517a99bab19d4a3dfd84450a1d351905,2025-10-13 01:50:47,2025-10-13 01:50:54,7.0
3520398,a2e00d354ccba4695e4e134b9532c317f60e96fac75dfcc01a5ed263204bac91,2025-10-13 01:52:43,2025-10-13 01:52:49,6.0
3520405,0eb0ffa415bf9e062d5ddd40876b5ede9219ec378f04e41384f3f1291ad22da5,2025-10-13 02:11:55,2025-10-13 02:11:57,2.0
3520406,e33b83710213b954caa0d82546efc5f3a3dcf0c3d06e1bde0855bb77d88972c7,2025-10-13 02:12:04,2025-10-13 02:12:06,2.0
3520408,c056531d2b01f694d74cb0611695d183047193c55485d454c29f7215c159c250,2025-10-13 02:14:00,2025-10-13 02:14:02,2.0
3520420,b67cc49e8758dfd30137973208b76eb58a1644a2b4fc0f8ad0590b70c195d337,2025-10-13 02:39:56,2025-10-13 02:39:58,2.0
3520426,3a0b721aa282f90a1bccd227f6131c1032fe92f3d21b405797e3d20ac2c3f64d,2025-10-13 02:45:30,2025-10-13 02:45:38,8.0
3520436,ef87ceebe88b2b4364bd5c0b5ed9c3f011739b1e8a20bce6c15ddaf8fe42e73d,2025-10-13 03:00:24,2025-10-13 03:00:29,5.0
3520439,2a1ea62244b2d56c04eb4bc4191aa600e8ffd8e78b0f4826e84bb85cabebc31c,2025-10-13 03:06:07,2025-10-13 03:06:10,3.0
3520448,129c356ab5e6d10284c86002dfc4028908ada3e22867bd86964f6b2008c180e4,2025-10-13 03:23:04,2025-10-13 03:23:06,2.0
3520449,868b68a3f66bee8b314e5a5a46408f3aad2595094d0f9d6a0d29834b68cdb872,2025-10-13 03:23:22,2025-10-13 03:23:24,2.0
3520463,02dbd5fb665c8799adc6bd312f8dd1ae15c95a34d2d1cd599fa29a59795db793,2025-10-13 03:52:56,2025-10-13 03:53:03,7.0
3520477,fc1fa8845bd78dca90880358542ca6beaffad8effa54b7d990beb33e1bcd6af2,2025-10-13 04:13:49,2025-10-13 04:13:55,6.0
3520479,4830c711bdcd38425cc749ab5021e8a779690c6c23e0373f18fbb0e48ec242e0,2025-10-13 04:15:49,2025-10-13 04:15:52,3.0
3520495,aff9c1d060ea9ab8188e7da6fb53cb5e34be98c7ee9f12ba2ad6b7928a70aee1,2025-10-13 04:41:33,2025-10-13 04:41:38,5.0
3520500,d02e787763360b7263d0ae711e24bd2277976c0b838e809a414aa15987fe552f,2025-10-13 04:46:16,2025-10-13 04:46:21,5.0
3520510,3f9585ad6317eba8ed5f003927c9a51cf70717350f28bc298cab555dd9157fca,2025-10-13 05:09:49,2025-10-13 05:09:56,7.0
3520520,b4dc7b5988afa3b58f6bcde79b6a5202eff8d0c566f45379e52c8959fdba1770,2025-10-13 05:35:03,2025-10-13 05:35:05,2.0
3520528,d2f3ca7e1b7cba499e9385f17767b97812b9dd6858d453c6e3bc3436f505f078,2025-10-13 05:53:39,2025-10-13 05:53:41,2.0
3520539,d64d7ff8230fb38e28ea643a79abe603c0ad87e0a1753a6de7153355f04ac1a1,2025-10-13 06:16:17,2025-10-13 06:16:25,8.0
3520540,c677e3069fe685b020993e5e4ffa4822459bc3d179a7de8d8569a14912f53414,2025-10-13 06:16:34,2025-10-13 06:16:41,7.0
3520541,0c6eb11b5e472a9ce794e98453b4fc42d6e245744ecdb63b61458ccf02fb3bc8,2025-10-13 06:16:41,2025-10-13 06:16:44,3.0
3520559,407240df4e83e0950220e198ac96c616c252182e0c14bb47c6360ea24c3c3373,2025-10-13 07:04:10,2025-10-13 07:04:17,7.0
3520561,5066ae10181ca403d1c299d3b429f7c4a64c13018df6bdebfd5496b0d93bd78a,2025-10-13 07:10:37,2025-10-13 07:10:41,4.0
3520567,ec87f867590869cec8b724dbcdbeced9fcf1cb79088d10d18187c18d3b771173,2025-10-13 07:28:58,2025-10-13 07:29:01,3.0
3520571,c63996cdcca706f662a4a2bcf1cd492cf4af4974215376380308adeb47e90b5f,2025-10-13 07:35:51,2025-10-13 07:36:00,9.0
3520579,ee7b30d2b440d787b483b121d9fee98e060d5da0160cedff9327484212031e86,2025-10-13 07:55:08,2025-10-13 07:55:16,8.0
3520581,6be3c017471868fbe5b4858c5b5fed6ca281ff232e9628c5ef7f91d89b50efc2,2025-10-13 07:56:34,2025-10-13 07:56:39,5.0
3520592,52460e6daf91033e7bf95788a1f0781f33ecb726bb9a8523c2a971f022dc1044,2025-10-13 08:19:53,2025-10-13 08:20:01,8.0
3520593,8a7f00f1759dff36c8ae3ef984f91c0002b78af01c46f00f530380d10129bdc9,2025-10-13 08:20:25,2025-10-13 08:20:29,4.0
3520595,7d6d9a9685ec8fb9c3f0a59f46eaacfa8f34593ea2d5583e2f724f3cb3cd340a,2025-10-13 08:23:40,2025-10-13 08:23:47,7.0
3520615,0b6f684be68623648337df79c9fee38136b83eb0c3021c8edfc93a2ec8bab3d7,2025-10-13 09:03:25,2025-10-13 09:03:30,5.0
3520616,8c9b4d1bca86908b664e60df8848772d6f366bbd8966c026dbd7c8c0c65abfed,2025-10-13 09:06:27,2025-10-13 09:06:33,6.0
3520617,9415c54622ce577b91d1a75d0443ea79ab3e328cd386799339cb6d45c4a25e6a,2025-10-13 09:13:12,2025-10-13 09:13:16,4.0
3520618,5da6a3087217a817e24ce4eeeb8b344e68611285f859a6ca227fc60858d95b58,2025-10-13 09:13:31,2025-10-13 09:13:40,9.0
3520625,445e296d87b4b8788f2e7f67e7ab5058d3d1868a7db4d0a59f07ad3afef0e46b,2025-10-13 09:28:08,2025-10-13 09:28:17,9.0
3520633,135c752e0148b66dfc623b933fb49afa9b6e1c62d62da6c291e030ea77fc1b8b,2025-10-13 09:55:35,2025-10-13 09:55:40,5.0
3520642,d6d30a5f143cc11eebc1957b4d93ebb5ed9e8d647b62bdbc308d5d1f56e19af2,2025-10-13 10:19:35,2025-10-13 10:19:41,6.0
3520643,93847c5ed37f3d3418e488f445e57de68bfc2ef7bfe3f91fcc10050d43c82a22,2025-10-13 10:19:48,2025-10-13 10:19:58,10.0
3520654,e896236c2feb5b3abd5779159c7f8e408afc1d9ba10eea07deea63f74ebe3a78,2025-10-13 10:42:30,2025-10-13 10:42:36,6.0
3520659,c133f8bfcb8d6219f413a3fc63b896484a460b25618a72951ed5e2f884081347,2025-10-13 10:50:38,2025-10-13 10:50:45,7.0
3520694,b67c453b7a34d3b2424fd5b7f8f8a50f5363373c4d219d11ea912f5c8f6098d5,2025-10-13 12:02:08,2025-10-13 12:02:17,9.0
3520695,200b5faf2128d0a79f9ef6d8fdd1ddf966dea46183f1ba84075a8dd5278bad9a,2025-10-13 12:04:48,2025-10-13 12:04:50,2.0
3520696,13a74fea69e883431c69dfc941b74e021164ca3d1cecfc377750f534e5803a82,2025-10-13 12:05:45,2025-10-13 12:05:48,3.0
3520698,b882025a47526b88d088fe002af35a950e2016e4d37363244cd3c5f61a1fcbac,2025-10-13 12:09:36,2025-10-13 12:09:39,3.0
3520700,d9d2e884e11243d0b6c4a0e90c2b66838cc5cb2f0f70ae90e422fc315a61c476,2025-10-13 12:16:48,2025-10-13 12:16:54,6.0
3520706,e410ce578aee91565fdf4722a24ff3498e8eba3964dc0fcc2069c4d4c4c4adbc,2025-10-13 12:23:33,2025-10-13 12:23:39,6.0
3520707,3ad9015bc33134502a591c258cbde975b9265e0ab889678f09d5229f4b765503,2025-10-13 12:24:18,2025-10-13 12:24:26,8.0
3520708,8978158da9713a781dd9184effc560f3bc3b814326162fe1633670792e05dcfb,2025-10-13 12:26:33,2025-10-13 12:26:42,9.0
3520710,5df4b0380b6465938d89c1b2cba3b7cd7d188878131c145589006d849629dcc9,2025-10-13 12:38:27,2025-10-13 12:38:32,5.0
3520711,c23c58b6a6aba73fae6ca7bbae41c82b5077066e7d53d75e90055bc2d2dcbceb,2025-10-13 12:42:08,2025-10-13 12:42:12,4.0
3520714,7d83f6be352cf45981db246eebb88aa5c4100ac9da4480c34f5a62777a2a09b8,2025-10-13 12:45:57,2025-10-13 12:46:00,3.0
3520720,1ec2637d08de820ebaf561786bc5853d0f410ed404a2dc4c29eab8b758abeec9,2025-10-13 12:55:23,2025-10-13 12:55:29,6.0
3520722,8c9c1404e4ba34cf9d3003c5bb93ab39286ac4f0166d04dbdc74d0fc59bcd37c,2025-10-13 12:56:35,2025-10-13 12:56:40,5.0
3520723,2a44553c416a5eff60532cb4e28d1f9a01f918a660ceef894d0a30170c01855b,2025-10-13 12:59:19,2025-10-13 12:59:27,8.0
3520734,380d9f40abe051365b02979f5a216599ca5b99687f21f859bc385dd3f60353a2,2025-10-13 13:20:17,2025-10-13 13:20:25,8.0
3520737,2a211a07f1e64b06f75133cb2dbe1eacf14d1027073046401354233bb11a2a93,2025-10-13 13:28:43,2025-10-13 13:28:50,7.0
3520738,2aa999339fb4134cf6ccf0d3a04521c9838530f12489390e5d05f55b907d50d3,2025-10-13 13:31:38,2025-10-13 13:31:42,4.0
3520739,f05f5672d02e517f23d6fb8b830da910969b5c81c232696aca298ba3e484077a,2025-10-13 13:33:26,2025-10-13 13:33:30,4.0
3520743,bbb1b581839d3dffca7648f188158d8c8abbc29fcaf96c40eaabbd19ef366aa6,2025-10-13 13:42:54,2025-10-13 13:43:01,7.0
3520744,cf1db115559d12d4e1f437c565275513e43d7276cd568f4f50d7e7a69aee503b,2025-10-13 13:43:32,2025-10-13 13:43:35,3.0
3520745,ea0bb1ff884e1fd3078f0f5b1f9263b25f8a0e352d0a47357d0d0fe5e9fdb3d5,2025-10-13 13:45:19,2025-10-13 13:45:21,2.0
3520750,41d20b500c585519b5d2990698af464ed18b02bef28e46934331d4ecb42ff1c5,2025-10-13 13:55:41,2025-10-13 13:55:46,5.0
3520752,874dff75cc2aac9719724be22ab40d90c73ef316caccc1f33479de3578331768,2025-10-13 14:00:49,2025-10-13 14:00:51,2.0
3520756,17e85ef00ec6cf561bbe671059c981e1825060b020000c436164f17b3f061139,2025-10-13 14:07:09,2025-10-13 14:07:19,10.0
3520775,ee5d232e9b4936e085005d1dc56b31d6dc48e0d355175091702994e485205ccd,2025-10-13 14:29:44,2025-10-13 14:29:48,4.0
3520777,4a30a199fca0e4643fdd6f86985e7ab8cf4b95580f83a18e67aa4d9eef83f943,2025-10-13 14:38:20,2025-10-13 14:38:30,10.0
3520784,3d1d65240ca307f6bd362e3222323dee8d342b17c235bbcdfe26660ea8923865,2025-10-13 15:00:31,2025-10-13 15:00:38,7.0
3520792,e3fe0b5d3a2eb0ee81fc2c780172b5301e4d2218534331f665d4d38764c4e9e7,2025-10-13 15:08:36,2025-10-13 15:08:45,9.0
3520795,9e40e0ac57898b9ab8fca3860c7e05105eaf8418085b92d8fce7cb8c564307a5,2025-10-13 15:13:55,2025-10-13 15:13:59,4.0
3520796,6283733ba6a7f1208f45701104637c7a86cfe085c32ed46fe44cbba6de43985d,2025-10-13 15:18:22,2025-10-13 15:18:27,5.0
3520798,ad4b3bc933d611ddf136beb8a04b4bf8e90b2f72c1ba6e81bb3e5b94effb7e48,2025-10-13 15:21:48,2025-10-13 15:21:49,1.0
3520801,bf5a5cca25e0865d0e74830651c612c0206b6b93ad6d838a4415748b02432636,2025-10-13 15:26:13,2025-10-13 15:26:21,8.0
3520803,6ac9dc3e0828355440b2181fd00ea55e449750d65d286f00c875a2792a4e1c9b,2025-10-13 15:29:30,2025-10-13 15:29:40,10.0
3520804,b4d959156fed1ef8ad6ece1f4a04ba69596997c0ee1d43e8fa0f3eb4a350e558,2025-10-13 15:29:55,2025-10-13 15:29:59,4.0
3520805,60e7e86817679dbef5d46a5bb702a8d0113200be0aaabdfbb4f2ce2b8748f41e,2025-10-13 15:32:15,2025-10-13 15:32:24,9.0
3520806,1a6830abb0d5df86a10135b6bb801592efa1792303e51ea733f482364e492445,2025-10-13 15:33:03,2025-10-13 15:33:10,7.0
3520809,98db778ef6850babfd93fb8407800d40e810b2776088cedcf8b5ea7f623866c7,2025-10-13 15:35:57,2025-10-13 15:36:06,9.0
3520811,507ede200dae5f711bf230fb69aeb38a54d1a62ded317c6596d2898dbc14d9ea,2025-10-13 15:37:12,2025-10-13 15:37:17,5.0
3520817,358fd07ef525556cf794ab27594cd1257981a485da0820b224c1f2add40bb115,2025-10-13 15:49:33,2025-10-13 15:49:43,10.0
3520823,dbf8324bb537b594b91f73fc9096bd3f7dda61293231a8c9d4f786331cedd058,2025-10-13 16:03:52,2025-10-13 16:03:57,5.0
3520825,a5b8a7f27c946c2177e2ee7689e982085c429093d85aafdfe24b83358fcc5533,2025-10-13 16:09:07,2025-10-13 16:09:15,8.0
3520839,41664e0c1f506d9b4c29df8ba9130e89c68386cc197c2686dcf26d4b52dd9032,2025-10-13 16:38:01,2025-10-13 16:38:03,2.0
3520843,a17a4c28e88eb3db0183b4455d435cac43dcfadc01404a2550e3cec55c61f860,2025-10-13 16:49:23,2025-10-13 16:49:30,7.0
3520848,7905601e03c1e112f5bdc4802002ab4c78767f2d2b3c161ccc137605aac861d2,2025-10-13 16:58:04,2025-10-13 16:58:08,4.0
3520856,ffb83bd2741578fd5d08b657f39300943ba02189be09b9c55aa6226038ff3d2c,2025-10-13 17:10:42,2025-10-13 17:10:47,5.0
3520859,26db8204e3e9c5d41a7415186489c7df9f34fc47062bd650b5754cf49036549b,2025-10-13 17:12:45,2025-10-13 17:12:51,6.0
3520863,95de7e58b866a5e47d97d7fb893a3229dc97af894b3900f20e1ddeac9e8f8057,2025-10-13 17:23:09,2025-10-13 17:23:15,6.0
3520868,b642969500ae4db2020d64267b5a1a4521fd13e7271489030c50dce84b25162e,2025-10-13 17:41:33,2025-10-13 17:41:37,4.0
3520871,af769bda3e8b38b163c55277c321f90831b983ea696bada8f4987e90c1cc2a76,2025-10-13 17:49:26,2025-10-13 17:49:34,8.0
3520874,351bb7681ad594c691e7ba9f9314d48d3a4c78ccefae889901245531d7662b8a,2025-10-13 17:59:00,2025-10-13 17:59:03,3.0
3520877,e477261138599625bf17dbe4fc5b9922621f131e15afa646b033ede93b243a9a,2025-10-13 18:14:13,2025-10-13 18:14:15,2.0
3520878,d95bd544b78f73b57dbdaf6fa685e5f6a51ef15d0dcd3ce0202bf444aeeba38c,2025-10-13 18:15:03,2025-10-13 18:15:11,8.0
3520880,69948b3e6b7790607a37ca931136535e19a572731be213ef8f0d942e9f1dd60e,2025-10-13 18:18:57,2025-10-13 18:19:00,3.0
3520882,15e1db9984e88653fa16c164dbf50b13650134c9437ba7907556eee0843a37be,2025-10-13 18:20:25,2025-10-13 18:20:28,3.0
3520884,dc6b0d74a9cb20943e4cb85e8c8269725f28c5618b2cae252de7e0c12efcd72a,2025-10-13 18:22:42,2025-10-13 18:22:44,2.0
3520887,b1b130282a0c36e9d87c6fc405badf40f35dc301e104f483020ffa6276c6627c,2025-10-13 18:29:51,2025-10-13 18:29:58,7.0
3520891,28bbbc41c068bcf67503ed37472161d25758d9a37ac1cbfc4d2a834d9c22e307,2025-10-13 18:35:32,2025-10-13 18:35:37,5.0
3520894,1f86736d6c331d500d25c071882874091ac50800b797881b448509debaea5c8d,2025-10-13 18:42:44,2025-10-13 18:42:48,4.0
3520896,68fb3ddfb2c679d538d401cad9e86be8beb871aa171b22cbf507949ac4542152,2025-10-13 18:45:06,2025-10-13 18:45:14,8.0
3520900,d19a95725b4353899ea58331a2f687d16dc1ae8d7fd568d13b1cd2f949e6d5c9,2025-10-13 18:53:36,2025-10-13 18:53:42,6.0
3520906,b8e68a95e844d740ae8d7b8674a0cf18d0100733dc6ecdb8630dce819c608c4a,2025-10-13 19:02:16,2025-10-13 19:02:20,4.0
3520907,86ed62d7c6017a744edf56014c249d7a55e88684f91b276b2b117f33d0bc47b3,2025-10-13 19:02:36,2025-10-13 19:02:44,8.0
3520909,fca14565debf82a1ff5507c536b8e79dce05ba771a14f8994e9f9a2940ae4f80,2025-10-13 19:05:39,2025-10-13 19:05:48,9.0
3520915,55beb5080183fcc20a1934bb43168703e8109aafd027cac81b2f89161e798548,2025-10-13 19:17:37,2025-10-13 19:17:44,7.0
3520919,0156f48ddd5bda7c021e75ab8f67d480e5f164d95bd4ef8132a5a9e269048969,2025-10-13 19:21:49,2025-10-13 19:21:58,9.0
3520920,14ce567f45dad2503f4d185d6c89b3bbf89468e1a95b62045d20fcc3b1e6a824,2025-10-13 19:22:30,2025-10-13 19:22:35,5.0
3520922,fc0d0064bede81ae1a42c1ddf90c882ee02e56bb4676ae31fb3b450c16cabe44,2025-10-13 19:31:54,2025-10-13 19:32:01,7.0
3520923,9d396a20d46e89cd78d1aad15aa9bc3e09f6b2cf56b345eea498f91a9969a3a9,2025-10-13 19:33:45,2025-10-13 19:33:52,7.0
3520928,be14f974528809adbe0febf5cb3d438dd8441863468b8382f467e178838770ef,2025-10-13 19:42:46,2025-10-13 19:42:53,7.0
3520934,a4abc5d1ecf997bae32622352937887992824fdec429cb80e53aceee2bbdc516,2025-10-13 19:50:16,2025-10-13 19:50:25,9.0
3520937,5285070a88a0cec6ca8917566de42e36811ca685cffef468b95007933e5cf0c6,2025-10-13 19:53:10,2025-10-13 19:53:19,9.0
3520939,aae5ed2c058b8767634611efe41bf8c011408fa4bdb4da4a7368926041d59b00,2025-10-13 20:00:35,2025-10-13 20:00:41,6.0
3520942,195ff3fbd09cd3d8d907c23574a189fd70f6b1df5ddf8b39c1390f62aac8d027,2025-10-13 20:03:41,2025-10-13 20:03:45,4.0
3520943,663e89b9b0b2ac04f82126b2779bbafc0ddd163743f6ce53ed8c7f58f2d1f0a0,2025-10-13 20:06:08,2025-10-13 20:06:10,2.0
3520944,3f11894f61a5ffd20060dc386d4fad0a7bd1b94f60bc83848182c0dabf81fcec,2025-10-13 20:08:02,2025-10-13 20:08:10,8.0
3520945,c8f3042294ce2f83964a08c470b81838b0e1b590f1775d31729c4005b14514be,2025-10-13 20:10:02,2025-10-13 20:10:05,3.0
3520946,7aa21dea9cca5ef9618b9634f5c621ba445c29ee3da345e5b4888b3a44a7598c,2025-10-13 20:10:29,2025-10-13 20:10:33,4.0
3520956,25e7abfa82d28046ab16f9fec159706ec14ff19e8741bbc0643d2fae453d544b,2025-10-13 20:32:21,2025-10-13 20:32:25,4.0
3520957,fe3729397794af15d4a426b98d56530f32a7cfc06ab889ae8d2654e6a596d0bb,2025-10-13 20:33:30,2025-10-13 20:33:35,5.0
3520958,6c673893a029dbb84464af9936d9d64994e074a8d170f82475513f43edfa08f7,2025-10-13 20:37:42,2025-10-13 20:37:47,5.0
3520963,144b9faf7052fcfb00da0f5db30dff6602d907395a31e4a410636da6776829c6,2025-10-13 20:45:24,2025-10-13 20:45:29,5.0
3520965,cb6e6aab6a86f6f0c4aab23efa3d16bf71f658a04947ff048cea18b8640dd7d8,2025-10-13 20:52:15,2025-10-13 20:52:22,7.0
3520975,4095d29e85c8e14331a8264c10859b9db02bccf2bac0a82e5c2e0a88101742de,2025-10-13 21:11:43,2025-10-13 21:11:51,8.0
3520978,9c21590ce223e3188ea5b2bd5bd5ae0bb0aca20bbe69c03cbfa35765a19af84f,2025-10-13 21:20:23,2025-10-13 21:20:28,5.0
3520980,dcec9f1e75575c62766eafde077b46160caf2833ba98d77451fe2608f4cb3aeb,2025-10-13 21:23:21,2025-10-13 21:23:26,5.0
3520992,35d2ba6d5a1671497c424a1342278a46585c38823f53f820b1f9ae3021bfb2c0,2025-10-13 21:52:30,2025-10-13 21:52:37,7.0
3520993,ff96960ec9b39a4030fa64a5324d83836ee069c7a7f52899e565eef126423cef,2025-10-13 21:53:49,2025-10-13 21:53:56,7.0
3520996,a6dedd5865faccb2403e159000be44d90b072b2a21daaa3875030689df8ed6b7,2025-10-13 21:56:53,2025-10-13 21:56:56,3.0
3520998,624c6c4d06171ddf0818e6bebef02ef8ff667df12e797346b1d3f5f816caa9a1,2025-10-13 22:01:11,2025-10-13 22:01:20,9.0
3521007,ad9e6c6792a4ac783c96c2702a2a3aaef457dadd0f2f2c707a4c5a6a19702569,2025-10-13 22:16:54,2025-10-13 22:17:03,9.0
3521010,7881c4e0973e5d34efad0ca949c4cc62e7c1cfd71fda253c94018392d8b21f1b,2025-10-13 22:19:38,2025-10-13 22:19:39,1.0
3521011,992216100c281ccee38f7504ed66ed2d1f6b6ac3cb095ea73333afb72822977a,2025-10-13 22:22:04,2025-10-13 22:22:15,11.0
3521023,0a7e394c1b10fbcd84deac96c164adae58135cfd4423dc12629fbd9903569d44,2025-10-13 22:35:11,2025-10-13 22:35:14,3.0
3521024,31969c41c9f9b3886cdf8455f1ba00fdb77f0ed4333bf581e8207d76777adc6e,2025-10-13 22:36:01,2025-10-13 22:36:10,9.0
3521025,5512adbe8cabe54c7dd9c921e9c4d2b17825d3d8fef68e3174378d6e744ab4ab,2025-10-13 22:37:21,2025-10-13 22:37:28,7.0
3521026,261336144bcfba2e06a778a2f4044834935a0870c7bc0c8ce6c0602c5712a84d,2025-10-13 22:39:36,2025-10-13 22:39:45,9.0
3521027,ab76fe112d0f17d71fc02b44cd98a69aa0e232dd44451c7381883a69114fa7f0,2025-10-13 22:40:49,2025-10-13 22:40:57,8.0
3521029,50d44ea779eebe819a2b18e0ca8453c876dd6336b90cfa4fcaf6e578e28c8b58,2025-10-13 22:45:52,2025-10-13 22:45:56,4.0
3521033,187a7752ff552ba2fde57ec6b282eb5b3a534f8062aaabb0769cc02f0ebf2b46,2025-10-13 22:55:16,2025-10-13 22:55:23,7.0
3521034,9f3f186bb5f304ce572d4ae5fa1cbb35e90bab68c5bb10e0a7fdd94eaee3c06b,2025-10-13 22:55:46,2025-10-13 22:55:49,3.0
3521035,6cae59ede99dd5debd7a3f51e686abbf004c842192ac20a922df808e89545eeb,2025-10-13 22:58:20,2025-10-13 22:58:29,9.0
3521036,165d65d6bcd79b8c9dcf412ac714a61a16e9cf25abda6b7622d4316782a71e75,2025-10-13 22:58:44,2025-10-13 22:58:53,9.0
3521041,2b8e619a9b4318cdc802b323a70ccb9142e69691a67d90f85b59ac810b461e35,2025-10-13 23:05:49,2025-10-13 23:05:55,6.0
3521042,712f7ef4712d049eadff657187f04c389e0b5bd6c479dfee4904b3dff10a3f46,2025-10-13 23:08:02,2025-10-13 23:08:05,3.0
3521044,497573377bb2038527e8fa672d3a3d596d8e18ab59dde13a1deae22a3abb8190,2025-10-13 23:12:28,2025-10-13 23:12:33,5.0
3521049,12bcf7a3e4632adf8a3ddd401634ec12b9ce24d46cc63723f1a0e8c11b235d5f,2025-10-13 23:20:12,2025-10-13 23:20:22,10.0
3521053,e09e907677b905c70459e62d2a03436389eea78789efb7592223b31b9d9ffd1f,2025-10-13 23:29:50,2025-10-13 23:29:55,5.0
3521055,c56fd04e5b0822cad16a26b400eef76290ba5595a48637b23329b6a358ac7a63,2025-10-13 23:32:51,2025-10-13 23:33:00,9.0
3521057,6f0e1daef4df936191257b34e732f438504741f27755ed38b19f0c89717e4e7b,2025-10-13 23:33:02,2025-10-13 23:33:08,6.0
3521062,cf8d29630039dd1be33460dda7ce03775d9e5f804397e50ef39d433f97e0df6e,2025-10-13 23:41:05,2025-10-13 23:41:09,4.0
3521064,7d737777353943cfda5e6f310f7ce5f07513b24ef1f14aa5be7b415f914d8b16,2025-10-13 23:45:04,2025-10-13 23:45:07,3.0
3521068,ae0989bc8a8fd83190ac6e2c3cdc554918c3f4f0073773065a1e2777401d35dd,2025-10-13 23:55:05,2025-10-13 23:55:11,6.0
3521072,45300086ec4733e7b487df7bea2938b58b9ddacb748e24d45b17a1da2029c37e,2025-10-14 00:02:05,2025-10-14 00:02:10,5.0
3521075,5acc9e58dce6687d39fd2924a25db747cecf2127f4a22be259f636b7c620cd51,2025-10-14 00:07:34,2025-10-14 00:07:38,4.0
3521078,ffc0bfe73df6e10f0d2821392c1687016992550dde696e374675a2c870d99c08,2025-10-14 00:15:24,2025-10-14 00:15:28,4.0
3521079,88801ab2784572d55a42012e3c7b63fbbc881fd4fef5d43f55d85fe369ef4987,2025-10-14 00:15:52,2025-10-14 00:15:59,7.0
3521081,5a7c077e594de472feee73316cef765f1ed72a1a8ee4c7caf2af6ea00c10ffbf,2025-10-14 00:22:19,2025-10-14 00:22:25,6.0
3521082,9024403d9d33268595393ca861b17633f57a60c8a1b2a184e34cfe363b1ba3ff,2025-10-14 00:22:33,2025-10-14 00:22:42,9.0
3521085,00449c9989fbd22cceef956cc547213e8536607b499217e7e61237fee4778051,2025-10-14 00:25:43,2025-10-14 00:25:46,3.0
3521091,abf8911101f7d355a7109086df0db0c5b73ad9a98ccb8d6ffa6bcb39b6ac4e7d,2025-10-14 00:32:46,2025-10-14 00:32:50,4.0
3521105,f13d18ab6fba9c21bbe4dddb6d9b23fb31d5e2ab74427c144770ab45e70a3ab9,2025-10-14 00:56:58,2025-10-14 00:57:00,2.0
3521108,0fafa2072538544106870fa812a674fe92650e9a4661925e68d2b52e1490559c,2025-10-14 01:04:57,2025-10-14 01:05:00,3.0
3521111,e4f56bae32158d1a8ba21daf75f0dba23c480d13a713cdebcacfa681243c0a95,2025-10-14 01:12:15,2025-10-14 01:12:24,9.0
3521115,ebf6f7df09b64a3299fffee8113503a5825ecb92877e5a5bbd6fdf05133460ab,2025-10-14 01:18:25,2025-10-14 01:18:31,6.0
3521120,95afb004a900e0e92fde9deabe3b53b6df4befc9b9ecb5514ca8161ccee6c639,2025-10-14 01:24:39,2025-10-14 01:24:46,7.0
3521122,f4c654381e63fd697db491e4d1b0884f2bbbe573f482e3df696245835c4848bd,2025-10-14 01:27:37,2025-10-14 01:27:43,6.0
3521124,dd9d590ed17fc6a25f2abbd05ed54856ecc41e674ea62cf95e0b0ec88e47c3ed,2025-10-14 01:30:02,2025-10-14 01:30:09,7.0
3521128,d951b469e6ab4c547dd78d013f0fc7aeaf36ff402f79803870f7718038d0923c,2025-10-14 01:35:34,2025-10-14 01:35:40,6.0
3521130,72a535f80064a7951e1c185900a0a135b763c5a6377e6387f795f8f2031524ec,2025-10-14 01:40:00,2025-10-14 01:40:02,2.0
3521132,92e146182dfc24b50e2490a46d90be764af1ed1b250d30c9a86cd38213e694e8,2025-10-14 01:42:36,2025-10-14 01:42:40,4.0
3521135,7d82dfb00d466f7c00c1901131c3c0e244dd0781128e21f585d7aba8451c20de,2025-10-14 01:51:30,2025-10-14 01:51:39,9.0
3521139,1f263842f87db4b269a737ab15a5afccc94f7db049019a7ae3efba73d957b4c4,2025-10-14 02:04:39,2025-10-14 02:04:48,9.0
3521140,47f94b355933a52dbf9cedeeba89ad3a7676e538eb3332562e3d7fd59512c246,2025-10-14 02:11:03,2025-10-14 02:11:07,4.0
3521141,028d09709dae7bdb36224a6e7760b871ca13c2ba14142e1f61a073ab7a105035,2025-10-14 02:12:58,2025-10-14 02:13:06,8.0
3521146,653a0e48f04c860cbaaf1bd438dc6159451928315d9bf94e9b3548e847ad5256,2025-10-14 02:19:21,2025-10-14 02:19:24,3.0
3521158,9688b978d0d1cd5c85752cfbb3e605e25a21394b9860cb668ee686cc97c30f76,2025-10-14 02:46:34,2025-10-14 02:46:38,4.0
3521163,119472fbdb7d2870b1647cb1404877aae2e7e175bbb1058386d3e3a39acab522,2025-10-14 02:52:31,2025-10-14 02:52:38,7.0
3521170,c4b3fac9326e953de5d8bf5560dfccea38d34b470e4ad40873966fa55fda811b,2025-10-14 02:59:44,2025-10-14 02:59:49,5.0
3521171,b06934286f4f629653e45659c916c44c0f55081d21078591ffc6ff99fbbb1169,2025-10-14 03:01:09,2025-10-14 03:01:17,8.0
3521176,6f4986ec7ac95cbaf8ebb824df8ad73bb411029c40ea66dc580972c876bb03fb,2025-10-14 03:11:27,2025-10-14 03:11:34,7.0
3521186,afd0fe90fd8f556d9a1ae03ff4ba07c8323ae0aab891593ebcc74eee412caebd,2025-10-14 03:29:03,2025-10-14 03:29:06,3.0
3521187,03d5eaf1b2104a002263f2dc7e0303fcb7f3447c632b54bfb4b8fde198365d64,2025-10-14 03:31:13,2025-10-14 03:31:18,5.0
3521188,4715679eee642c6263eea605fb8bedae677060f9a5759538e6f248a83f083f2b,2025-10-14 03:33:01,2025-10-14 03:33:11,10.0
3521194,a5daf9feb49e52628846b73e50030eeecf62aa2195c345645564d61527765dcd,2025-10-14 03:41:43,2025-10-14 03:41:48,5.0
3521195,26925b59b4584ddf9f600ea483bc1dbd9c46c4ac883a3d4b0fb1c221e50d15a1,2025-10-14 03:41:56,2025-10-14 03:42:01,5.0
3521196,d52a242bd025e1b2e73ff9bb18747631d9881bb69c495801ac011e78d5a45496,2025-10-14 03:42:56,2025-10-14 03:43:02,6.0
3521200,b5825845b85feb6c4517a8b9cc438328571c4462c340569e3ed42964a53e1d68,2025-10-14 03:53:26,2025-10-14 03:53:32,6.0
3521208,bdcc2a6a5f8b70f8ac0b5c4048096cf8a3081388f2c563f85101925a1c668eae,2025-10-14 04:02:29,2025-10-14 04:02:35,6.0
3521210,91fa238fe8e40d316cb353480e3ce544d5b20ad08d313c71ada88c855b69b461,2025-10-14 04:05:07,2025-10-14 04:05:11,4.0
3521212,bf34191d57fadcea8e113ee4a369eeed63e4f953a1e2894075c385183c4eac1d,2025-10-14 04:08:58,2025-10-14 04:09:03,5.0
3521214,bf59bb510f6acc268d1df8a9ead082b0dde4f562f6ff11fb056ba5acf0d01a6e,2025-10-14 04:12:47,2025-10-14 04:12:51,4.0
3521217,c785bd635640ec0d1ffc701742d12f7f3c365dee90dbafeff81f2ddfe627866d,2025-10-14 04:14:59,2025-10-14 04:15:05,6.0
3521222,c61e03ec9e012f1a9948e9ffa16b8b185df1d1713f4913d3285722b1234a64e3,2025-10-14 04:25:53,2025-10-14 04:25:57,4.0
3521227,f5c18c91c072ad1d09d8c8ffac35ef48c025a4e5915a5b737dbab5057904ec39,2025-10-14 04:37:11,2025-10-14 04:37:16,5.0
3521231,9c657b9a2e6c21097f8d8df41f3c840ba3456dfbfdb03be43efeacc88f12a8b5,2025-10-14 04:43:45,2025-10-14 04:43:53,8.0
3521232,0ae2e5ae3964dfedc8240784d2d94c2b7490be147a171e1b76001a71f301428d,2025-10-14 04:49:21,2025-10-14 04:49:25,4.0
3521238,c9525e5718b7589cb577bc64835e28475b82babe2dcbf71dd1a2ce53d0f7ea2c,2025-10-14 05:03:51,2025-10-14 05:03:54,3.0
3521239,eef8db2d9e4d1f1c2263a971c4b20422c99ca68b3b3f3630775af24bd55772d2,2025-10-14 05:05:05,2025-10-14 05:05:08,3.0
3521240,c20f93bef8b70dcafc8a413f8fe75dc64c9b0f5c1b8d74765cb2747255b8a629,2025-10-14 05:05:47,2025-10-14 05:05:54,7.0
3521248,34e3088da3d172602e747632a6d55852b01bcade303a8d1f7e5bab96210d044a,2025-10-14 05:19:29,2025-10-14 05:19:39,10.0
3521249,391e09763cf371767365fbca3cd3b2966e9ebaa19c25e44b39eae36aa0a045ac,2025-10-14 05:19:55,2025-10-14 05:20:03,8.0
3521255,414345ab56b27743ec1b6785fe35c3ca25f0ca466aae943584b67ff0f99a5217,2025-10-14 05:31:51,2025-10-14 05:31:58,7.0
3521257,9be00fcc82cfee11065941d607cfa279e80891339a0f7e88bd976cb270b568c7,2025-10-14 05:35:53,2025-10-14 05:35:57,4.0
3521260,1a30accbfdd30b5e1fd87028e66edc861c363d061cb72f4755622223adce5d59,2025-10-14 05:39:04,2025-10-14 05:39:07,3.0
3521261,a93c9f2d174f55e7116c3ec560b83eff992e9d83f12fb5581ccaef20d0932486,2025-10-14 05:41:07,2025-10-14 05:41:14,7.0
3521263,9f631eff86d7bfa7dff5fe67a8f57f89b4081702c05722cc69bf5dcf1d10b9e5,2025-10-14 05:43:54,2025-10-14 05:44:02,8.0
3521267,78639d940d89f3c17de0d23c66f9fc6fa0bde11fb7e2674158ac6aa0a838addc,2025-10-14 05:47:14,2025-10-14 05:47:21,7.0
3521269,5344dd9f9f35956a61512bbe1e43b9873b2d6a83722fdf26c869e55d7c0d3f9f,2025-10-14 05:49:11,2025-10-14 05:49:20,9.0
3521271,bc5e64b1c9e309f6a7550d90b0734578533c2d88130b84ecb7c5e4b18df0df99,2025-10-14 05:50:28,2025-10-14 05:50:30,2.0
3521272,fc407eaf9e4b15930fe1a7329316e049093eabcfdcfbf0e46da3609ea2ffcbcc,2025-10-14 05:52:14,2025-10-14 05:52:17,3.0
3521274,5eccf67290fe4e5c7b64e675ef01b4294ba470c9bcb953ace7f526faefc2da30,2025-10-14 06:00:55,2025-10-14 06:01:04,9.0
3521285,f03d9a0647d4ef515e4b3d203442942d4acd293dec3a0eea3f907662ea13d038,2025-10-14 06:22:46,2025-10-14 06:22:53,7.0
3521296,9511736efb5a9f8aedea962b1abbd7b925eacaab7b376db6fd551e8b6bb908f5,2025-10-14 06:41:12,2025-10-14 06:41:20,8.0
3521298,d037cccb3ce6e158daa10c6572f75f9f0d6821a062821f6d64703c6d1dba6170,2025-10-14 06:45:51,2025-10-14 06:46:01,10.0
3521302,eb18fae8c44ba39fc3598a4db80fa084d4450004b257be81b13aae5e3eba1d54,2025-10-14 06:49:24,2025-10-14 06:49:34,10.0
3521304,90054319bcb53d02b8a173eb6e0b028b07882b1f19a07a638dee2fab9a926ebb,2025-10-14 06:51:39,2025-10-14 06:51:47,8.0
3521314,94ad2f783770f6e0c2b217753f01e09d0c9a4c2d27ad9aa8b5d750b7d36ff254,2025-10-14 07:05:24,2025-10-14 07:05:28,4.0
3521315,c3478f2eeb12fa66df755b6cdbd0f0ff0560d76e107f719821bef513ce657d3b,2025-10-14 07:05:43,2025-10-14 07:05:47,4.0
3521318,5cc9d5c04c0243af3e28301456792f887857c97fc9b5df9db144f5866ee9840c,2025-10-14 07:10:19,2025-10-14 07:10:25,6.0
3521321,e69a75660bc8da669fcbe7973bc4abb9ec0d6fa91fe75e009b7564a51ed6b24d,2025-10-14 07:25:15,2025-10-14 07:25:23,8.0
3521325,de88e0f71aec4cca45ad1ad24d5659b2dc294ec7ab5877325ed4dd5ab43fd58c,2025-10-14 07:42:29,2025-10-14 07:42:32,3.0
3521328,380c8455179c4e912b3c5e7ad19302488f00c231466cc4322f69826c56963751,2025-10-14 07:45:40,2025-10-14 07:45:49,9.0
3521333,d83544d728f55467b91dc6d215d54d230f5ee188f7a0b004bc69327bf18d3aad,2025-10-14 07:57:19,2025-10-14 07:57:24,5.0
3521334,d141a16366482e9afde0664e4a01881043a71d6cbda9690c83a883c7a645a23b,2025-10-14 08:04:44,2025-10-14 08:04:53,9.0
3521336,5c405a7f1626202fa61c6de16e35c33ee6cda51bf080ded0516f18bcef96a932,2025-10-14 08:08:20,2025-10-14 08:08:27,7.0
3521340,0fffc595ac7d5d9cb0f586aa8210b9525f521ae67070c6b6d3cb3bf7d7395d15,2025-10-14 08:17:39,2025-10-14 08:17:44,5.0
3521341,cc46c22abc3013bc968a2ecbb6149f079556cf86b62d0fc2520d204dfd9b3acb,2025-10-14 08:19:27,2025-10-14 08:19:30,3.0
3521352,68621d4333bd1fdf1817ae563f481afc28edcb90d0a0c9655f9282605d661ba7,2025-10-14 08:35:59,2025-10-14 08:36:02,3.0
3521354,57034b012b195b3abd8d84415b271aeea69ebfa7cbcfe7d6d8fff9e418c49d78,2025-10-14 08:39:40,2025-10-14 08:39:45,5.0
3521359,ab92545531b8a41f275c88c5dee83a92a1d57ba32626156084d123e48e23310c,2025-10-14 08:51:31,2025-10-14 08:51:37,6.0
3521360,d3f6b776cedd6c3c7aff19ebcd21c985e634a3dedf9cd0a69161e67f7741f764,2025-10-14 08:52:33,2025-10-14 08:52:40,7.0
3521361,00b1d454061d7a291f556b037b7449d9661993d86578c0e5229ef80e1993463b,2025-10-14 08:56:08,2025-10-14 08:56:12,4.0
3521364,1da2f3b9b2c05a0debb2c5dd9839ad028115d02d055a4b5cff8b1986936ef30a,2025-10-14 09:01:19,2025-10-14 09:01:27,8.0
3521365,612d6fd1c7c1f7e199ed3730e49318188d6a44490d559ad568701451d94a0098,2025-10-14 09:03:43,2025-10-14 09:03:45,2.0
3521373,00b0594fd62f0702474baa7924b4e11dfeee0dd2281738878bf069d8d9f34ace,2025-10-14 09:20:57,2025-10-14 09:21:00,3.0
3521377,59c29d771e66af41025e9a91010572035460db334d96660ae23d6a13a10674ad,2025-10-14 09:29:51,2025-10-14 09:29:59,8.0
3521378,dc543b5dcf78a89d28a83d0f73113f529e25d387dbb232057195e2abdf80c3b1,2025-10-14 09:40:30,2025-10-14 09:40:36,6.0
3521379,1c20cc9a6ff6ada94d3a9293e091ecea20c31f3a58a5b03bf7386a9970a63cb1,2025-10-14 09:41:23,2025-10-14 09:41:28,5.0
3521394,9cc15a2a8d907f08381c0c963660ab13b0179870b9ca4fd5d2ebad4a49618c97,2025-10-14 10:09:30,2025-10-14 10:09:37,7.0
3521395,5de14185471917968c45083ca23c796412a1d0adeb44dfa8e4d58a5ad838c120,2025-10-14 10:12:48,2025-10-14 10:12:54,6.0
3521399,ae20a2e269d60d2ba64695aebde107eca38efc7059bc852e79ce6b0b637d4a49,2025-10-14 10:21:37,2025-10-14 10:21:44,7.0
3521404,ec5245f4e81dce28f17c6efbcbfaccebbc984fff519a2fb449f643db17a6083f,2025-10-14 10:26:17,2025-10-14 10:26:26,9.0
3521407,0d9330fb8a6022a0f030171e52fd90b7816fdefdd2fa4d108c85d5b0be729a26,2025-10-14 10:30:36,2025-10-14 10:30:38,2.0
3521409,049adb3613ce1354536cd8badba1eb7ff216b151a4fd9ebffd9da4f3b9ba7110,2025-10-14 10:40:58,2025-10-14 10:41:02,4.0
3521415,1b01f1d72a020a820655c48cf97ae87e27af4a72d1b5962449e0de0aecb96469,2025-10-14 10:51:01,2025-10-14 10:51:08,7.0
3521421,9a39fa673a2a83e07c19f56d9404a92e720031efe4c936d21e7c11e8b0f41328,2025-10-14 10:55:42,2025-10-14 10:55:50,8.0
3521426,18e9f65c18c388fbb50b38c464eb0dd8860ecbeaf9aecc0f2eb017c72cb0f3d9,2025-10-14 10:58:43,2025-10-14 10:58:50,7.0
3521435,d439db4b28c2655850972cf1950f747e831d3e7b49e24c76159326bb980897bf,2025-10-14 11:15:01,2025-10-14 11:15:10,9.0
3521436,09d5f54e268b011c9f4be0890e60b757b2819a490d441aab19697da73e49eb5b,2025-10-14 11:15:49,2025-10-14 11:15:59,10.0
3521438,8d473651e4e8178f4e873f43ecc41e6ef85ad7beb47cb4304e28ff787e090982,2025-10-14 11:17:02,2025-10-14 11:17:11,9.0
3521440,940d2179fbd012545a0367f6ca6a4caf3c599e9462c46526359a64ccb1d36a97,2025-10-14 11:22:24,2025-10-14 11:22:26,2.0
3521441,1b3899757781b2a5cb06b341611bb4379c3a9146ac99ce5c01c7e18435a9fb5b,2025-10-14 11:27:13,2025-10-14 11:27:15,2.0
3521442,3fbf08c14077b63e1b7d8a00a542dbb351c2453829ec80d15272b113d374eaf1,2025-10-14 11:28:11,2025-10-14 11:28:17,6.0
3521445,4e7f82d546933f1d824a3d44023a445f3e3ab57f871479995a6db48dbf715d5e,2025-10-14 11:33:51,2025-10-14 11:33:55,4.0
3521452,ad4bbba386d8e07fdfe4592b890c60a1c9edcad0c2cb54ea45e1dcc0b0716f74,2025-10-14 11:41:07,2025-10-14 11:41:09,2.0
3521453,e2e9c3306c5fe4b2e094faa323f3076f573ebf3685e9aaa6b9daada9fd4b7630,2025-10-14 11:42:38,2025-10-14 11:42:41,3.0
3521458,09f04b8b1f30b4e05b368117f8f3ff070d0f2a4ea344dbe2ea817b4809837672,2025-10-14 11:53:24,2025-10-14 11:53:29,5.0
3521460,b5caa1a7c79c6d83528f5b45dc274a679d25a6599a8031a1557003f5334b5b45,2025-10-14 11:54:15,2025-10-14 11:54:21,6.0
3521463,9493760689a5f18488da3f53bbcc5e0c443a87cd17f0aec896c83da8046b881a,2025-10-14 11:56:00,2025-10-14 11:56:03,3.0
3521464,c4deae31c2232ec491fe4f3f7343d95e87683572e292c49ae77464702ddab69e,2025-10-14 11:57:15,2025-10-14 11:57:19,4.0
3521467,a3c03a2c987bd910dbfc46d807c1e9677f92852c7e75b8c0338bd103ab5c4a0c,2025-10-14 12:01:10,2025-10-14 12:01:17,7.0
3521476,2ccb33f7deef9660480b0bb700ac66d98b55d24353e37c9b777af04dffebf68d,2025-10-14 12:20:56,2025-10-14 12:21:00,4.0
3521477,9bed1cf87665adda8e69e8c2aab5d4ef5538fb91090016dbbf1b4cec757f2416,2025-10-14 12:21:57,2025-10-14 12:22:01,4.0
3521480,4f7bfc3ea6dc34d792a46e603528f4bb020dbdd95663c2a45c06cbb11ed486db,2025-10-14 12:25:39,2025-10-14 12:25:48,9.0
3521490,3021528706541ab0789e20bc3a1ae5e664da1fa7ecf6e7a296121581c359f8c7,2025-10-14 12:50:11,2025-10-14 12:50:17,6.0
3521499,56778fdcbc16eb9070788c6cae2808d0022f0247786e634e0c1e033b5e34d073,2025-10-14 13:13:24,2025-10-14 13:13:32,8.0
3521501,fe37f935d3888613668e0f34d0e20aefeacb78d16f488afbe9ec990fe7eb7e9b,2025-10-14 13:15:52,2025-10-14 13:16:01,9.0
3521515,25e0be99178fb15576849019471750d55185dcae3c3c3d01bff0d74ef7450c7f,2025-10-14 13:40:52,2025-10-14 13:40:58,6.0
3521529,0b060d7393175f6294362e0ed916da84db45aadeb91cbc683906506196e80681,2025-10-14 14:06:01,2025-10-14 14:06:07,6.0
3521538,ba0b3b47356b579fb49c47dc4ea495fd1e0e1e79a129125f7da836f81b26d4c5,2025-10-14 14:28:05,2025-10-14 14:28:07,2.0
3521543,29db27f39a5f5b7ab28f91da2f9641f443f9a6bccfa5258e8fd5ee5baa47a43c,2025-10-14 14:50:21,2025-10-14 14:50:25,4.0
3521546,fc51379a40b78aa9e85b2115cc73ac3b3f623dd3240f78e9ab66ca59c00bac0d,2025-10-14 14:53:16,2025-10-14 14:53:23,7.0
3521549,7e8bab9ed9a1491e666d90517e738760f7c697093064a12a14f707c69f61f3e1,2025-10-14 14:56:47,2025-10-14 14:56:53,6.0
3521553,06fd8d5ebf147c9ff562142a66db6270dd89c140c6d357047a933a689794d632,2025-10-14 15:18:02,2025-10-14 15:18:11,9.0
3521554,45592235858408414086b93f7e261a481d201377b2ae9c602eedced560e615b3,2025-10-14 15:20:42,2025-10-14 15:20:50,8.0
3521567,b3fe84cd852e3009fdb7212e45404a791c95166bdb6b9fdc4134f3020ca402da,2025-10-14 15:44:52,2025-10-14 15:45:01,9.0
3521575,eefaf4dee990d1140fde8b066b654c607e1ab4df20adc02dc0310c510cc8fa72,2025-10-14 16:06:33,2025-10-14 16:06:39,6.0
3521577,bd89c71e9e7e4249aeafc3d4adb426931cd452205c63178630ba3b8adad27713,2025-10-14 16:09:38,2025-10-14 16:09:44,6.0
3521587,d56a1beb38ca2ccd6a8ba76a19bec67f095e835a04fdb789b367fa628ffa7483,2025-10-14 16:54:09,2025-10-14 16:54:15,6.0
3521588,6ce3c95f920e7865839d88f3704c321bdceaf4fd6772f3715874e74c47e49704,2025-10-14 16:58:14,2025-10-14 16:58:22,8.0
3521598,76826227ce25e2321a6fe41a46abc1dfea9741913c21b64ca6f0b0fc0083b96a,2025-10-14 17:25:31,2025-10-14 17:25:36,5.0
3521605,f9c0f3bf83f8d65e2d278e35e18430ccff23ebfcd9161f6f09857e61c5a5285d,2025-10-14 17:48:02,2025-10-14 17:48:07,5.0
3521606,648a8c0984e02856834cc583d268e8451623c3a208f25bad84fd6523669d9361,2025-10-14 17:48:55,2025-10-14 17:48:58,3.0
3521612,21717d62ef536f3ff377983b0e67b3bf5732d9cf750166f36aa7c7f72649080e,2025-10-14 18:13:12,2025-10-14 18:13:17,5.0
3521625,e8840b0f1a0537db2905448c0c727ca4d42517da13c11102ad2bdf504cea6aad,2025-10-14 18:52:02,2025-10-14 18:52:07,5.0
3521629,3a286e510880184c252297d877557161b5fa88195036731fc7b1d29b273bc917,2025-10-14 19:00:28,2025-10-14 19:00:32,4.0
3521630,4ca5f0e23525906be59204aa1a8198f6c2a1672013311d0f3cafe71555ebf048,2025-10-14 19:00:32,2025-10-14 19:00:37,5.0
3521632,b1ef768f324d8f6a549853ab277caa77a09536044e820e68ec9a41adb3f63a81,2025-10-14 19:01:45,2025-10-14 19:01:53,8.0
3521633,4f3d8378b6b6612ad65ce97a100402683d8e56c8646b004617e5f9db9ec09493,2025-10-14 19:02:16,2025-10-14 19:02:20,4.0
3521640,69d1fb681a4c5fa22bed7b985b4864c67ff0f44ee76fe4f57da4893bde3e2d64,2025-10-14 19:19:44,2025-10-14 19:19:50,6.0
3521641,a7198e6c7c3af1c15cd18b3f76b1581f39548fd9ff38776e70f9df2f19efcc40,2025-10-14 19:20:15,2025-10-14 19:20:22,7.0
3521648,fe6306e2bcc0979817f54dc124849bce42e9acec9747bac7020967c870c64703,2025-10-14 19:47:25,2025-10-14 19:47:32,7.0
3521656,5593dbcf342dce49c728fac6fd5c3e7b84cbbe5e99a76630433a2f04a6bec530,2025-10-14 20:08:53,2025-10-14 20:08:55,2.0
3521657,4ecc4de5c285ab0e2e5f267562961d822b78b8752dbc18bdab727aed760552f1,2025-10-14 20:16:22,2025-10-14 20:16:31,9.0
3521673,43dffa944250b48fb39c977c25eba83dc4cfe79b83615e7a47d9624e5ea78e2d,2025-10-14 20:54:03,2025-10-14 20:54:06,3.0
3521684,53ba7b856743c988899e4fafcf15e5fb025c38242a26dcda172233fc508af408,2025-10-14 21:19:30,2025-10-14 21:19:39,9.0
3521691,e3e214c7aebcb95eff51035ffc32b69838ad9d317b7e4914c4e6380ff8fbf56b,2025-10-14 21:28:33,2025-10-14 21:28:40,7.0
3521706,3790de95a5a465ac10e932f2128ba2d2392d54c2a4a7c3b86230b170b109bb64,2025-10-14 22:12:18,2025-10-14 22:12:23,5.0
3521716,c5b0b72cbcea9b8e99025e0d4ba9ef37d52d44ed20719a874d8cde7a96d90ff5,2025-10-14 22:38:08,2025-10-14 22:38:13,5.0
3521725,56678e11a45378b519c4a320b06be909257b327f60d033a82a61d901362f8bb4,2025-10-14 23:05:48,2025-10-14 23:05:54,6.0
3521730,d130ced97c2e3654375129fc42faa78f4d3625d9dad692d6935d6332d0e7897c,2025-10-14 23:19:16,2025-10-14 23:19:25,9.0
3521732,70e9d8038338573d15d9180ab535500ac87ea97b0d9d59713752de09336a9937,2025-10-14 23:24:35,2025-10-14 23:24:38,3.0
3521746,5002acf640233169c88c1311df889b2234b604760d463a699d947a31d3a62ae2,2025-10-15 00:09:57,2025-10-15 00:10:03,6.0
3521750,3bc122fd5c03b2a1c1c2eb22c983a6d3a742a9439ecc017cc0389555bb1c064e,2025-10-15 00:13:27,2025-10-15 00:13:30,3.0
3521751,37899dd63a46a0b9d3f871e812c2b10a1393cf44ec35f6b27ab89d483087bffd,2025-10-15 00:14:09,2025-10-15 00:14:14,5.0
3521766,d35b90ffabb4c44519915402b9319623dc136531a2b2e391b661efee4b02519f,2025-10-15 00:43:26,2025-10-15 00:43:31,5.0
3521768,41f540e74e6fdbd524c271e0d62b34ab4b2b0b858f22cbe8c5f807c2607443c1,2025-10-15 00:45:56,2025-10-15 00:46:06,10.0
3521781,098a407215c042a96671cedc5e7630709e87f1372224541812f35c8c595cac17,2025-10-15 01:10:32,2025-10-15 01:10:40,8.0
3521784,24c70b55dbc44aa173febc58214eea805f3f357a23b7e552702c6ecf8f0e1412,2025-10-15 01:12:05,2025-10-15 01:12:11,6.0
3521812,ef0e71b06a3bf09b39b80a2ba3187271a2151899f1f29296bba72ee719477df0,2025-10-15 02:23:53,2025-10-15 02:24:02,9.0
3521813,f1245551edcfce039af805df2a119ba82bc9ee7774478afe6c2b695a12983bee,2025-10-15 02:27:29,2025-10-15 02:27:35,6.0
3521814,08e81fb4933cfa3a7f4816f3bad90ca2489750eac53894302a9e59b22318821e,2025-10-15 02:27:50,2025-10-15 02:27:55,5.0
3521826,8ada0a4f0625310197d533866d644d036f90fd6eef710a586d7d459eddf8c2a5,2025-10-15 03:06:47,2025-10-15 03:06:55,8.0
3521829,078d4fb1e5ab4c489b0b8b9300b6e0b68fc93a05c01139b66770271aa77c5fae,2025-10-15 03:13:56,2025-10-15 03:14:01,5.0
3521830,57d8fc3629c0c876eb2e41a55e242112628f194846429892b133d3f900a5cc66,2025-10-15 03:16:00,2025-10-15 03:16:06,6.0
3521837,6903781f43addeaf8fe821b32c12dbfae09750d303e1eae4ef40baf924525e97,2025-10-15 03:36:11,2025-10-15 03:36:16,5.0
3521855,74018904088cd93ee17d8c7d7866ee28e3bae68023734265cb90c037d88a1894,2025-10-15 04:24:21,2025-10-15 04:24:27,6.0
3521873,f4bb575b2ebac4cb03bf3bfd884d811f46e109459464b789ed62828d2f17f2d4,2025-10-15 05:06:52,2025-10-15 05:06:56,4.0
3521887,c5dca1cadf862fc613e0b54d5eeda607662c2b76ac2edd1ef9cbb8add908e4eb,2025-10-15 05:31:51,2025-10-15 05:32:00,9.0
3521895,0100cb45e7b98936a2a4b773deab86a1e8b41676a5925c5c341d9ba828db0aa4,2025-10-15 05:57:04,2025-10-15 05:57:07,3.0
3521896,d5ee9d28085cc8be9ff42cec3844f91ebbaac8a52491b9d841bccb9fd4d73578,2025-10-15 05:59:38,2025-10-15 05:59:43,5.0
3521897,ac1c9a36c28b7b10e42cd99469b3e1f87e4687374ac959148daafc9ebff6d57f,2025-10-15 06:01:18,2025-10-15 06:01:22,4.0
3521900,fb3fe3746bf6a538417f8c71a1c62e83ebd2f0b5a87ad330b783a89ad2e78c52,2025-10-15 06:05:39,2025-10-15 06:05:42,3.0
3521909,7c2fcdb1639d2499d218d724d7211bfef51b6073032ee4d0663457b2e0b25a28,2025-10-15 06:22:49,2025-10-15 06:22:52,3.0
3521912,abad4938d704e121aac37957b127d2796f0870d9b3409c386546e3597f3057b5,2025-10-15 06:26:10,2025-10-15 06:26:20,10.0
3521920,70a874582b2c3217a4cd13ded2f9283a01a924b396f8ae36d71376d9c507c182,2025-10-15 06:44:37,2025-10-15 06:44:39,2.0
3521925,69be85694a8d8e928ea8750ee06156b098cb9856d241da05427d97204959e2c8,2025-10-15 06:53:33,2025-10-15 06:53:37,4.0
3521940,e13f66228f5aca14ccdbdab704e313643a0b15c293171542e5bf0b7071bf68cc,2025-10-15 07:39:03,2025-10-15 07:39:10,7.0
3521941,401ca5837c2b81d822d78ed5612094439a02793c2a731c5b5756c74ef52dbc65,2025-10-15 07:41:09,2025-10-15 07:41:15,6.0
3521942,5fe4093f1961b78cef570332eb5f69116104a45f658a983ba5f198c97c8ec77d,2025-10-15 07:41:39,2025-10-15 07:41:42,3.0
3521953,58440f89b7bb9829187bc0d9fa477aef66b3b0fab0b6776d358d625468eeaf41,2025-10-15 08:04:59,2025-10-15 08:05:03,4.0
3521954,7c1f476d8d91bb60ddacc2349332afcfc08ae9264d6c542864c5fd0461a0fc0f,2025-10-15 08:05:50,2025-10-15 08:06:01,11.0
3521960,f5c49b42f6e597dc60d1c2983c77b094f07db5ec5d6be946ae0eb045b8c6825f,2025-10-15 08:26:01,2025-10-15 08:26:08,7.0
3521964,893412198570d2a45ff55ef8438710e3796052d5814542d1278973b027419f32,2025-10-15 08:30:52,2025-10-15 08:30:59,7.0
3521974,3eeff40008b2fe75f97aca1a1a750457821aedc13f32fa779472ef4b1d000bae,2025-10-15 08:50:38,2025-10-15 08:50:40,2.0
3521983,13bfc89fc2fb214fcca6868b6df4427d07c6ecef1bd77dbdbe5c0b766c8f818f,2025-10-15 09:13:26,2025-10-15 09:13:35,9.0
3521984,e384a0c000c11b7108e6f1d219936b882cfcf2abaa8a1f9ebeeec787bd1ab682,2025-10-15 09:13:50,2025-10-15 09:13:52,2.0
3521985,4ae3406a4dd60bf2a09dae6581a5c8f8ce5b4bbc8402c3617f45185e9fd81248,2025-10-15 09:16:31,2025-10-15 09:16:36,5.0
3521996,2075846f350813fbef3ed9be214d63d606b48a9c8abcdd86ba8dc1550c8b756a,2025-10-15 09:41:22,2025-10-15 09:41:31,9.0
3522003,b47cfd845d295527a62920b36b85711be89945cb69aa0dacea598c903eb2e1b7,2025-10-15 09:59:47,2025-10-15 09:59:51,4.0
3522004,0c9af1e3423e0832dd6e82fe6a4b1f2fbc4839cca28d2058dc227b22c9788c3a,2025-10-15 10:03:20,2025-10-15 10:03:27,7.0
3522015,4fd7c199124e4ffb7b694535b9deeee81686accc842ec4e10c161f1c893d4836,2025-10-15 10:21:12,2025-10-15 10:21:15,3.0
3522016,c8c6838a5e240efb686d23f43330a30673d26b90446bcc223d4addc79ba88feb,2025-10-15 10:21:54,2025-10-15 10:22:01,7.0
3522031,aef76fd453417d1baddbe800eadcfcec4d797abc5f15489f1ad0b894b7ced2f8,2025-10-15 10:55:15,2025-10-15 10:55:22,7.0
3522044,e6692c8e364d2728b64368e94c175323947f2a908498ef1333586d497677e707,2025-10-15 11:12:40,2025-10-15 11:12:47,7.0
3522047,1a5e4ecdb548ddc74c389749c83c7021b2bc4894554e44d9028e111248f9d170,2025-10-15 11:13:27,2025-10-15 11:13:36,9.0
3522049,ed102a6145af9065401a3621385391b18f23a3d41e2c8d167c6a709538cb4cbc,2025-10-15 11:16:44,2025-10-15 11:16:51,7.0
3522050,6c1c5b76630ce9c40b5455fc08dbbe8c3df5a4cb1b2cbd45470b769ee1407a92,2025-10-15 11:18:50,2025-10-15 11:18:57,7.0
3522078,e79104f3a292b9249f06a744d8a079dc48dfc689d9efb1cd2dd9ac4d9826ba2d,2025-10-15 12:15:50,2025-10-15 12:15:54,4.0
3522080,2d6bba2fb3d88904baecc737e9be6fcec417c5420977fc43d29b207618ef0ee4,2025-10-15 12:16:37,2025-10-15 12:16:41,4.0
3522088,4c6a2432fd26f8b2e9b82d1cd7fe3e7ce1a4506023ac949d25408e48e7caaaa9,2025-10-15 12:48:17,2025-10-15 12:48:22,5.0
3522089,ec44e9325e59f9c759d1e91d29932e568415c560a07c91eb860af2f32b0e6dc8,2025-10-15 12:51:50,2025-10-15 12:51:57,7.0
3522099,7c911fc0ab6c2d407305c10c27128841d31a08888434f452aa7cf5220c1c2428,2025-10-15 13:10:48,2025-10-15 13:10:52,4.0
3522113,bef5c2041c35429c877d8ff00604304c46a6bb6d35bce57d7c2e20530916eeb5,2025-10-15 13:45:51,2025-10-15 13:46:01,10.0
3522115,92438ad94969f7770294d211563fa1323a71d76ec726e6c2276d00de6470f77b,2025-10-15 13:46:33,2025-10-15 13:46:41,8.0
3522130,fda75c5980222e422eae1e369225af357d5501b8f2a6409c14a04c4542536b06,2025-10-15 14:05:02,2025-10-15 14:05:06,4.0
3522150,fd92ae642165466e7df9d8c36d0f16175c7b89d028a0a17df03ed3b0e38b178a,2025-10-15 14:34:40,2025-10-15 14:34:45,5.0
3522152,cbe19ecac859392226ca2d1b2f1778f858f22b429aea6856b484e0bf31204849,2025-10-15 14:35:46,2025-10-15 14:35:53,7.0
3522165,7648dc0ec2198e6ff1acda729a91065ea3a2156649654846ddcdcb1e5d5c4cb4,2025-10-15 14:57:25,2025-10-15 14:57:30,5.0
3522170,2fdd36a1559c4a304aa7fe8b3941d9e7dc9c432f5f81f9236fd3ff9b2514c6f7,2025-10-15 15:06:52,2025-10-15 15:06:55,3.0
3522177,41fefa05305902a4f843333d5b8635bbe9c8306f35dbe87850f354fce6e3a665,2025-10-15 15:30:15,2025-10-15 15:30:22,7.0
3522178,1231d06e922884f7d4e79751e7b93363e04ca38caefcd53e4272e0260c624bea,2025-10-15 15:31:58,2025-10-15 15:32:00,2.0
3522190,cb921a657106744d97418fd05ed197be57a4a0579b07ced003461b366f637cde,2025-10-15 15:59:21,2025-10-15 15:59:29,8.0
3522206,67132a197bab31352297a0ae5fdbd0d3025c0639ab23f97accd587ffeeb1ba91,2025-10-15 16:26:22,2025-10-15 16:26:28,6.0
3522217,6f60fa4a9e564d0774006f275a15d09ebdad6858a0593275b7975942141c8418,2025-10-15 16:46:31,2025-10-15 16:46:38,7.0
3522236,1f87bec583bcfc936b829652c58f9b11dff9a9b52cf3aada75c33bb66c742d10,2025-10-15 17:19:44,2025-10-15 17:19:47,3.0
3522238,53fe930bfb543b498d50d50c8c85a38a6175df6ad45358c59a4c5bb318cfec2f,2025-10-15 17:20:32,2025-10-15 17:20:39,7.0
3522241,758a2a7387500946cb39d9015f837bd1fcf859f3d5de2b58471a7bfed69d0686,2025-10-15 17:24:59,2025-10-15 17:25:02,3.0
3522259,c0e962d596c41005db96db531b88380e2a6d78318bd2c34139a422e2ae0c2cfc,2025-10-15 17:54:03,2025-10-15 17:54:07,4.0
3522262,91643c0c57b8870944347effc6d4ec398f9d1b38a554bf48d9c1f3def487c1d8,2025-10-15 17:59:49,2025-10-15 17:59:55,6.0
3522263,22070788dffa822a4d838644832343be3ae5c8ea3c7de08f2e1764754f28cade,2025-10-15 18:02:19,2025-10-15 18:02:27,8.0
3522267,0e43b23f57469872b5b5a7af3d4f1ac330b5dab6dfa4a6317c24a4ac52d7af9d,2025-10-15 18:06:45,2025-10-15 18:06:51,6.0
3522277,837c239c7448a5f3f641498e119988b59c03277c125a3ff1ffe69b8a05716387,2025-10-15 18:36:27,2025-10-15 18:36:33,6.0
3522278,d7bb13f00c873dbb3a320d23526df1fa69a33876c97e50b63c759d25c86a8210,2025-10-15 18:36:33,2025-10-15 18:36:40,7.0
3522295,6dc56d3e9a0bc694acdf9b2a115a317745bf676ba984e4a74c204ecbe78139c6,2025-10-15 19:19:22,2025-10-15 19:19:30,8.0
3522298,714093121ad28bc01de06240c13a88f0bb5585f2e517e3969074bbbb8d8dd694,2025-10-15 19:25:55,2025-10-15 19:25:57,2.0
3522306,198cf01f11d05548edeb1cfc5ada9fb18439d08452bf47194380cb8b6767b710,2025-10-15 19:45:04,2025-10-15 19:45:09,5.0
3522308,b8f9daf31caee6c6bcb17d2e1c5a3c2b6ccedb179d5ff9ae744cb9e6f6fe8079,2025-10-15 19:47:35,2025-10-15 19:47:38,3.0
3522320,e31414edb08cba085c241fa8e6c177e7a9dd2a6816c59a024286ee20d35f8c63,2025-10-15 20:12:25,2025-10-15 20:12:33,8.0
3522321,bcdcd3468f2c991c308302aa782a2ee86388a021e04db612b4aea0d1f9d83613,2025-10-15 20:14:16,2025-10-15 20:14:23,7.0
3522332,b621529d1014e0e54cfbbad05009e40be1bc2f9e6f7c4031239c7c1862262ae9,2025-10-15 20:39:20,2025-10-15 20:39:26,6.0
3522336,80fec59db2a5a3d6122713436a81a1f8065b2d2b155ddb22471e14a850f0eeea,2025-10-15 20:44:36,2025-10-15 20:44:42,6.0
3522346,5de5811baf70a917a9a45049e6150fd8896bf31fe692a3db1aba4e58bf9dabcf,2025-10-15 21:15:06,2025-10-15 21:15:12,6.0
3522355,2a0b393d3fc8b30fc032610ac7237271e11b8199c6523f58537227f2f6c7b4ea,2025-10-15 21:37:04,2025-10-15 21:37:09,5.0
3522358,f819075f61ca8ea8e5b437074b5c974a958d14f625e390cc77d17df5cefac418,2025-10-15 21:41:31,2025-10-15 21:41:34,3.0
3522372,0e7fa271510b9e831c177b73f18bb76dde97eca45fbfb759db4eeeeca050ae51,2025-10-15 22:09:56,2025-10-15 22:10:03,7.0
3522384,f4c16519259fd7c5ee1dddf4a5db61ef1bdcd2678da77e9862691b034537eeb8,2025-10-15 22:30:41,2025-10-15 22:30:43,2.0
3522385,4ac5abd4ccad036327cee5aae707d07787a748349764bd89f5f1f6fb18518c70,2025-10-15 22:30:59,2025-10-15 22:31:08,9.0
3522390,d7e286ab90fab29c7518860127b2b942c456ad71c3d64e99c63d2e7d1a7decaa,2025-10-15 22:53:22,2025-10-15 22:53:23,1.0
3522392,3336da07234e5bd7a67634ffacbc232162935017421626167b341cc7a0001bf5,2025-10-15 22:57:46,2025-10-15 22:57:54,8.0
3522393,0c57981d775b3ca1c049798a4ca3ac3028c8284cfa4ed02b2a6cee5447a83284,2025-10-15 22:58:18,2025-10-15 22:58:21,3.0
3522395,6d4e1875c5be7bbdecdfeadbe5798c1460d965ce76bbd4e436a7a61707060506,2025-10-15 23:00:04,2025-10-15 23:00:09,5.0
3522418,d9eca02df08ff890249e8eede81f54916d036f62bc3fff43af77264bb01e494f,2025-10-15 23:46:16,2025-10-15 23:46:20,4.0
3522419,cd972ff9d6a7cc5b2cbcf81b05ae73f3e6369ade3a49d584f216713e84337ff6,2025-10-15 23:48:21,2025-10-15 23:48:26,5.0
3522423,2a12d9750be1841deff4e1971b2a98720a78a14e0e62d852a4d201b9a7df397c,2025-10-15 23:53:17,2025-10-15 23:53:18,1.0
3522425,816ad011859cdad5f2adbcffdfd47ee7754cf8f669897c7958dd1e7541f23347,2025-10-15 23:56:22,2025-10-15 23:56:25,3.0
3522426,8e027c7942fa9210bae1baa8a39598a9286f185fd08354a198254d1b0d36afde,2025-10-15 23:56:33,2025-10-15 23:56:35,2.0
3522431,8d1c316b1aa15b25ebaa10361f356bb1167d7b31832b888f99c97fbbaa4ca052,2025-10-16 00:12:17,2025-10-16 00:12:22,5.0
3522433,18714a18e16477a0f83da42f1a1be9f95355b8b1fdd7148f6ce7aa5cfa9df531,2025-10-16 00:15:40,2025-10-16 00:15:42,2.0
3522434,ba66c5777e0a203d032f142b7b38ecccaf8a7ddd670e5e9bfd9ed537c7e7399e,2025-10-16 00:19:35,2025-10-16 00:19:42,7.0
3522441,7a2f5a106a7a3cb7a32b559a3c75481972dd941192c0e04d691afe9db747d326,2025-10-16 00:38:36,2025-10-16 00:38:39,3.0
3522443,d512bf87e9f2546dc8683fb4f54dcbd95fc8804e66494a8c5718c1cb85716469,2025-10-16 00:39:48,2025-10-16 00:39:51,3.0
3522456,56d7f54508e8ea2b5c06d7940eb162e2ab5adb23d829f51381636a9f4a0a59bd,2025-10-16 01:06:24,2025-10-16 01:06:30,6.0
3522460,4390af88d2af934aa1e0747bc588d2d63b3b3166dc48dbbfe363de7c413b75be,2025-10-16 01:14:05,2025-10-16 01:14:14,9.0
3522479,03f0405d1b3dc9abbb874086184596a9016f36ea20ae073ffc47d1260f39cbc9,2025-10-16 02:06:05,2025-10-16 02:06:13,8.0
3522495,d2c5ef2a5d40e6d3ee649e22333e848e53637dda910b20c578bf0e13337d367c,2025-10-16 02:30:07,2025-10-16 02:30:17,10.0
3522497,13cd032fb9e68b38f95433b7a5d1d5724822bbff274c59e65f7f55266889a943,2025-10-16 02:32:35,2025-10-16 02:32:42,7.0
3522498,6beb4d67a50e98ee23025208045b600036290591a342c31a9374729cd1ad9985,2025-10-16 02:33:38,2025-10-16 02:33:44,6.0
3522524,831da3d69d14f7149b7816c211685fe18cbd58fe5bb42b6d4e61f326e2745682,2025-10-16 03:25:08,2025-10-16 03:25:15,7.0
3522527,61b3584d99294b128e5b739c2e432d6afd8c277bd3eae422e0991a65dd6ed723,2025-10-16 03:28:09,2025-10-16 03:28:13,4.0
3522536,5d88d770796093b43a8b142131e2838d45befa10d7a425c00174f54d90083367,2025-10-16 03:50:57,2025-10-16 03:51:01,4.0
3522550,6983aa9c0bae8ff92da48c3affaba70a6aa5eb31bc8c275d9185db793b179f5b,2025-10-16 04:16:03,2025-10-16 04:16:08,5.0
3522569,2833a3458ad61d6b9277f405dc3a6ac75663ca294e3ed252f6188f4014fa2f24,2025-10-16 04:39:38,2025-10-16 04:39:43,5.0
3522572,22fbce90d0aa3b7e387fb6b47c404dd7a92b95d4a31d1b1cabc331bd0b2fdc46,2025-10-16 04:41:19,2025-10-16 04:41:20,1.0
3522578,b38a50c5a602a9ccf8b1029a524c154ca631f34317eb9c74d64a5cbac2c03a4e,2025-10-16 04:43:08,2025-10-16 04:43:16,8.0
3522594,6b91d3e4af0ee85d0a1cd031055fcc64029b3c27b19c69ccd2fd5925df945737,2025-10-16 05:03:48,2025-10-16 05:03:53,5.0
3522602,63fbb23451216695fd6b1e4a2729315e8498f09fb990e26809fd8fe76fea5efd,2025-10-16 05:15:05,2025-10-16 05:15:14,9.0
3522616,7e3731b0ba7abdda746315fdd5ebae159c5fb35ea3812f67aa5f4487838c5e77,2025-10-16 05:38:42,2025-10-16 05:38:51,9.0
3522631,cf3ab444eac0bf28939bf8b09dc0b729063ad1f1411fe9c2fe45d6e67f586c0d,2025-10-16 05:59:28,2025-10-16 05:59:32,4.0
3522635,9f9383bd8ec11becd322749ec03615e61bdcff93e31af538a99466b5e4e61876,2025-10-16 06:03:56,2025-10-16 06:04:02,6.0
3522636,2238fecef9c01535a363a7ed35f853fa8980cc3f17b368e11f7beb1c651a954f,2025-10-16 06:06:34,2025-10-16 06:06:41,7.0
3522637,8360ccb491355a547e29feebf5c35ccacff0a6c4102618916269416fa1abf3eb,2025-10-16 06:09:29,2025-10-16 06:09:33,4.0
3522644,cfb825db1f8b72509202834edd6d3f20b4e2b3e240fe1f4957d4d2d43612b7a6,2025-10-16 06:24:40,2025-10-16 06:24:44,4.0
3522645,122ceb2d848e41e6639b6eaee28825db6d0a094eb3c779ac0195355c3f26b695,2025-10-16 06:24:59,2025-10-16 06:25:04,5.0
3522646,a5064430eda4321f61abfc4d8acdfdcdd39a79119a29f42b75a65c5990544f8c,2025-10-16 06:26:55,2025-10-16 06:27:04,9.0
3522650,152650979cd3d1c7193f287dab3e4cd857ea4d967b385335366c840a2e3e8d94,2025-10-16 06:31:32,2025-10-16 06:31:38,6.0
3522664,6d12ac0f3418284efe5f6add27e0050eec3704ca038d02b520d4d9123175fc07,2025-10-16 06:54:47,2025-10-16 06:54:49,2.0
3522665,22c810c26c45105f2e00de47f73ea13a2c6905250576cf569460860de226797a,2025-10-16 06:54:49,2025-10-16 06:54:53,4.0
3522676,a39ede94573a946dbddc3ffb79fd18dbbb8f0718aa21af248e2ed76e8c3d25d6,2025-10-16 07:18:09,2025-10-16 07:18:12,3.0
3522677,344227558ef41f1f9740e5700063b4666982e6f622402c786f8b4a8fe9ed3e0c,2025-10-16 07:18:19,2025-10-16 07:18:21,2.0
3522678,be2af035915be018b475140ffb892db8a51b059d2a29e58c2a6f12cd60d3041e,2025-10-16 07:19:49,2025-10-16 07:19:51,2.0
3522694,952886bfe9eef5370875ed49b182f84511e0544a13e278497819c02a757d0612,2025-10-16 07:54:00,2025-10-16 07:54:04,4.0
3522696,3eef849fd3ced8d3ede4e1a9790bf2304a65c4a7cce5a124a2a858b03b2931f1,2025-10-16 07:55:07,2025-10-16 07:55:10,3.0
3522707,342ec4d9763b696a2562566e63e10d0690a5aa2acd3da3797cbb9f15e90d5616,2025-10-16 08:14:55,2025-10-16 08:14:58,3.0
3522712,7afb6799e7fad60055cf01d6858a29d2e3b5f1b135b888112c2a808939f3b952,2025-10-16 08:22:45,2025-10-16 08:22:53,8.0
3522723,73414b93ee3ca528e91068d663dc5e45e7f42757e0e444e906f77741d830db30,2025-10-16 08:49:55,2025-10-16 08:50:02,7.0
3522729,5fca70ca0409b70de519d019a036997db323c42beb3b610f64ae92d8e29a1888,2025-10-16 09:10:01,2025-10-16 09:10:06,5.0
3522747,148080986c9a23a91677f340bf6710a9a88126c50d4c6a2c56ad7d5678e96a6b,2025-10-16 09:34:13,2025-10-16 09:34:20,7.0
3522752,18a25bb49e91a87f022f95d0066f85f149263d9f7cb9d4b24cf330233c2de368,2025-10-16 09:41:06,2025-10-16 09:41:12,6.0
3522753,e4751e96c4d10c2c555084d485659de2b139eb54a5983ac7985620be55027fe6,2025-10-16 09:43:36,2025-10-16 09:43:40,4.0
3522766,7d3edca044342c157b8f118a8cc2cd15634b787ecf8f92411ff1f5cc83f1d915,2025-10-16 10:03:01,2025-10-16 10:03:06,5.0
3522769,a9f3d11e685eeb93bd2dba9a4408b85cc7e80d85db9661bb172b2828111b8a4c,2025-10-16 10:07:25,2025-10-16 10:07:31,6.0
3522788,588e4ad98c79d305bbb783cab2111ee87f756f2f535bd623022d7e895f5e574a,2025-10-16 10:37:00,2025-10-16 10:37:05,5.0
3522808,68ed23847fa54f56d8281de4631e916412728451d1c5f03ed7686f83be48c601,2025-10-16 11:07:07,2025-10-16 11:07:11,4.0
3522809,bc5869ecc03d081ef07da2626d6219a5c08c8870326d6e665746c04f3ef6f9d9,2025-10-16 11:08:39,2025-10-16 11:08:44,5.0
3522811,b2d64830cbd8911d7a3a01b27d73b9183f9996e9a8ada02f54c607d0f2f249c2,2025-10-16 11:10:46,2025-10-16 11:10:48,2.0
3522813,ca39c1e684973c372e62dfa2073048faef57beb9540a08135bc8355edc4f766f,2025-10-16 11:14:20,2025-10-16 11:14:26,6.0
3522821,8a5034d79eda542b8c8a89536bc1b55b3cb14945b0fa040660f545a087367242,2025-10-16 11:32:20,2025-10-16 11:32:23,3.0
3522823,54ed34e1e105497df8ec5b9c612cd4ac524287a4d45b9415cb49967792e09c4f,2025-10-16 11:34:46,2025-10-16 11:34:54,8.0
3522843,8dca9ad056c696074d50c211b438a953fd7218a90160033b7a8f7831ddfa0047,2025-10-16 12:07:34,2025-10-16 12:07:36,2.0
3522846,1494d650b2c6f86ae18a8aab351a1c1bf1da2e05922f3b8db3cc2546a07d227c,2025-10-16 12:08:34,2025-10-16 12:08:39,5.0
3522850,6a321107c102c22431d644962fbd51a3ac0d9d77eced40d86c29565657b123b4,2025-10-16 12:12:41,2025-10-16 12:12:46,5.0
3522851,9a38567c75e860b6f03a0da63a03e68e8b0c7730e9801f9a33600b4c8d2743fc,2025-10-16 12:12:53,2025-10-16 12:13:00,7.0
3522854,4d6b75b4dc2ae29d96aaf330f07d28463b4638028396e5c5ca974d2de077be64,2025-10-16 12:18:38,2025-10-16 12:18:45,7.0
3522858,946c8b4f1899749b53a3972a2f2c24e6d4d6d6229fb2e35f9f90e32cf552bc2c,2025-10-16 12:23:25,2025-10-16 12:23:30,5.0
3522860,d6256a57fae4cefe60ec69d7678a99c2ad4d7fd2a20effd4ecc871602977c3eb,2025-10-16 12:23:53,2025-10-16 12:24:01,8.0
3522876,bc52c86daab3693130b6d1d850d00828654fe337a5f7fef00e2fcbeb8d448ca9,2025-10-16 12:51:04,2025-10-16 12:51:07,3.0
3522880,5c97628fe01f42e9c7f7acba2f3a7e6955c67913d7c7018756c51ac4439f61c8,2025-10-16 12:55:47,2025-10-16 12:55:53,6.0
3522882,8cef74ff587ab092e11eee40c6209ca1c3d549adab7708467c67a9a840b264c5,2025-10-16 12:56:11,2025-10-16 12:56:17,6.0
3522892,7ff8c937b562df391ffe5a7dcb65e0546ce9ba5b82c67d9bf9492e61c56a188c,2025-10-16 13:12:36,2025-10-16 13:12:38,2.0
3522897,9c491283b94c7b5b446a6b6d47ea8af01ba39b73b13a87535d55909f7b904ab6,2025-10-16 13:22:53,2025-10-16 13:22:56,3.0
3522904,5cd157c69710113c87c283b3440c009652cc428734a12c59b92edfec75e3e1fb,2025-10-16 13:28:56,2025-10-16 13:29:03,7.0
3522909,4c54bc75bb3351e6eb974d0733d36616855ad941a81075612c0f4d695aacdc6d,2025-10-16 13:36:53,2025-10-16 13:36:58,5.0
3522913,b6377bc895e01a64cf1730bf3ce8ddfa1cfbddf0e3a7cb030fb020a0b5ac0791,2025-10-16 13:45:36,2025-10-16 13:45:44,8.0
3522914,87e2c9af5f625e2ad1f26f3eb1bd2f6badca4b7818f4e014200552f8a6c8b705,2025-10-16 13:45:44,2025-10-16 13:45:48,4.0
3522923,c87091a267ac7631bca3eb74974fab957477959f923433bcbee08086a266cbe6,2025-10-16 13:58:55,2025-10-16 13:59:02,7.0
3522925,240967de84b8dd474b500f6aeff9674a5d86e614bfbb693146f7ae80bfc27921,2025-10-16 14:04:53,2025-10-16 14:05:00,7.0
3522928,dced4bd497e0a37206b84bafc93542c423ebb90f5326c6af6ba355b2e437353d,2025-10-16 14:05:19,2025-10-16 14:05:20,1.0
3522932,e9bdff7a35c4dd68cd66910710e06122cf6d598f3dfdf285cc654fc7453ddc5f,2025-10-16 14:14:08,2025-10-16 14:14:17,9.0
3522935,f7d62a4416ff5f2871d78082a9f03e0f0ec9306a1ba12ad8deb73da4c7e92d4f,2025-10-16 14:21:57,2025-10-16 14:22:05,8.0
3522942,5594ec608214d500ebbaf298cc5cd24110f052bef42cd4a9a39f6ee0b6ad2a78,2025-10-16 14:35:58,2025-10-16 14:36:00,2.0
3522952,060edc6af21f33a52b48fd88cd846dcc742c5ae1419c13474b398d087cf219c8,2025-10-16 14:52:40,2025-10-16 14:52:46,6.0
3522958,c5effb6cc4ea7faf130aba39e0d504d71b891a67e4d1df1bb146c133fd5bae2b,2025-10-16 15:01:45,2025-10-16 15:01:49,4.0
3522960,945b8b21c7a0364f9b5fc34757120d34bb38535bfcec8d5c588ec5defc5056d5,2025-10-16 15:02:24,2025-10-16 15:02:31,7.0
3522962,5000e7b0d9f1a7c0c29350b3dbc956cbef531062039a8e409f16a728aee21d44,2025-10-16 15:05:16,2025-10-16 15:05:19,3.0
3522963,be7c9ab493fc9c05a16fbdc4ef47ac0fb15988f0f6f65f12ea1485d6a24ba94b,2025-10-16 15:05:26,2025-10-16 15:05:35,9.0
3522967,a19650a14e4eac8680daa229746f6fa6f3093fc25b465c7de1da405f7d562990,2025-10-16 15:08:08,2025-10-16 15:08:17,9.0
3522980,1dfafebbdfe165ab2f808e03c3bc519dee9a9a3867cc8947d4b542735c4d9f7b,2025-10-16 15:25:28,2025-10-16 15:25:36,8.0
3522984,0a6c5b2b7d83a414fa2bd1d409c9f4f14a7719ab12cc8382f75b191f38966cac,2025-10-16 15:30:48,2025-10-16 15:30:53,5.0
3522986,008b9e5c9409ca339cac06a4ac1b90e0ad63ad89c77c867b849dce2559103c5a,2025-10-16 15:37:30,2025-10-16 15:37:33,3.0
3522999,5783d96b3d88c898872dc338a2619f2209a4455a52fa268a14052ccd648df290,2025-10-16 15:55:42,2025-10-16 15:55:50,8.0
3523000,928e653c2cddfad05cefa9e4786b08ca3c15d79e96e0f5ecf7f5a0cbfa16d59e,2025-10-16 15:58:46,2025-10-16 15:58:55,9.0
3523003,1521a60ac56848fcfc87b7807e0ef1e58a9138a6e09412e7ce15749cf0d9276e,2025-10-16 16:02:38,2025-10-16 16:02:43,5.0
3523004,480aa4c23c7d0df84f1aed1d90e3e5a8b7fe6f5ef2f7796deb834f4b811e7f1a,2025-10-16 16:10:51,2025-10-16 16:10:59,8.0
3523006,f6d1aab1e68285f2096b1ddaf98a5f3380225b1fcb3a03ae8843c80bbcc9cb9a,2025-10-16 16:14:05,2025-10-16 16:14:08,3.0
3523009,9c6b28d4031e945f1e6e1cc36454873d2db59fa2775fcb117b9d0761fc3758fc,2025-10-16 16:18:27,2025-10-16 16:18:34,7.0
3523013,a97c4ca4f085fccf1484eb2c8263e0cf01c002ffb4dd61c49c16ac4fdf3aaa80,2025-10-16 16:28:13,2025-10-16 16:28:15,2.0
3523017,3173e75981fc8810e1d6e998245ddff2493259e53ea21622e777b30601b68f9c,2025-10-16 16:30:31,2025-10-16 16:30:38,7.0
3523018,9ca0b32eb4a3b7a99ee99549652ba2f8f3ef901de76746ff2ede08e851c9afc5,2025-10-16 16:34:30,2025-10-16 16:34:34,4.0
3523019,725cf5601c10d639d33b4b869f191b4830f60f27b05e26b50c5701049ee2acf0,2025-10-16 16:37:54,2025-10-16 16:38:00,6.0
3523020,ff757376f4ce4871297bc29401743128a25f69169f101072e1de5c9c715624c8,2025-10-16 16:40:15,2025-10-16 16:40:22,7.0
3523021,6d11a2141be0ce07d068b27cac153ae667d664455f066ccbf3c73222aba97ba0,2025-10-16 16:41:41,2025-10-16 16:41:44,3.0
3523023,4d704e9723aee1af310fdd6e83a23f31669b2ea9dbe5c3e84771a15c71f08825,2025-10-16 16:43:46,2025-10-16 16:43:54,8.0
3523030,2b390c3a117c723682b56daca871d81328740a9f8b2e7e03ba9b021b5167ebfb,2025-10-16 17:00:30,2025-10-16 17:00:35,5.0
3523043,31b9120edab7b313d4ff9ab04a3ffb1112f5eec7ba626b233ecc90396edea9dd,2025-10-16 17:25:41,2025-10-16 17:25:47,6.0
3523045,eb88b05f4ed893fa29b081b4c0e5136d95f7f050034bef2f9f04c4a2bc69471e,2025-10-16 17:28:22,2025-10-16 17:28:30,8.0
3523047,af02c871079661d05243447d97c0bb7073bcf552f06d1cc424d328cbf3edf0c7,2025-10-16 17:30:03,2025-10-16 17:30:06,3.0
3523049,79c39441960845a285c009e5bf6e8507fe65a30494bbc62c095615867b23eb02,2025-10-16 17:30:46,2025-10-16 17:30:54,8.0
3523050,6f755b9f2beacac7e6b75620758fb28f5c669652acea900c481df848883fcbe5,2025-10-16 17:33:11,2025-10-16 17:33:16,5.0
3523055,82f866425fbc81c05489e9351362ba08c5f7912bbbac0500e43949feed378b8d,2025-10-16 17:43:03,2025-10-16 17:43:07,4.0
3523060,596f755e5027c1f734efa191ea3a0754404760b02541148979126a835c13b758,2025-10-16 17:57:41,2025-10-16 17:57:43,2.0
3523063,1ab02d283f5e0b6f2b91005ead38998b9af4cac04c803f8343415799c63d559b,2025-10-16 18:08:18,2025-10-16 18:08:25,7.0
3523065,c53137330dc3243c48f99d924880aaffcb04b70fddd4fccfb997715d42e2f54e,2025-10-16 18:14:19,2025-10-16 18:14:22,3.0
3523068,fdf14564f46d0b9fdef43d0a5c3f38c6367e3dae830ba36c1e7d7b80050b28ed,2025-10-16 18:19:16,2025-10-16 18:19:25,9.0
3523069,f4fdb109bc1bd53065033d35da3504f59c5694c159c9270aff165aaa7b0c21f7,2025-10-16 18:20:44,2025-10-16 18:20:51,7.0
3523071,1fc91455b03e033978539b4213bea0feafbf7242d02c53dba1ba6998ca669796,2025-10-16 18:22:58,2025-10-16 18:23:04,6.0
3523075,bd76cda11747c121f07f139fbc9478d3d5796d1250fc44668541b1e9ef65e72b,2025-10-16 18:24:48,2025-10-16 18:24:56,8.0
3523077,5f3b2d49bd7acd85494cd5bda05acea8fb733447dae0a77f743d47bb5c9cb0a3,2025-10-16 18:26:27,2025-10-16 18:26:31,4.0
3523082,75e4da1e8037342d8bec4a73ce741ecb277dfc00d4a7167c7b88250bada6848d,2025-10-16 18:33:08,2025-10-16 18:33:18,10.0
3523083,137c2312aa8ec1a5d758c6a20de59c17de1a684ce2ba677238bfe8bfa52c03bc,2025-10-16 18:34:53,2025-10-16 18:35:01,8.0
3523084,b2ed1048952ca23619c49d397f495fd72eda0219e81aaf22d88c5cb585f30a19,2025-10-16 18:38:04,2025-10-16 18:38:09,5.0
3523086,cc3bf749a1626644997cdb9371ca423d29f7e27ea45edbf4dd61efbfe389e237,2025-10-16 18:45:32,2025-10-16 18:45:40,8.0
3523088,1a8aa4ccf0dd76a63c4b8713be4529e4f8f386e3bf13929ccb223b3453f4aa92,2025-10-16 18:47:46,2025-10-16 18:47:50,4.0
3523092,5639347f2fe1f96fe217e7f2a2c647407ecaa7b0c3b93e6b594733e38e963514,2025-10-16 18:59:46,2025-10-16 18:59:50,4.0
3523097,057b2a9a8e819af9b4f99e4c7e321eaa4494846cbc01bc824184c6365feee6d5,2025-10-16 19:04:22,2025-10-16 19:04:27,5.0
3523100,66924a96c47490b227fd020a9b76d32ea385bee14c117562299887c185991284,2025-10-16 19:09:18,2025-10-16 19:09:21,3.0
3523104,92a1aac06b74cd9cbcba6bdbea80c221860df0154220a5c7046682c85e5ba1be,2025-10-16 19:17:24,2025-10-16 19:17:32,8.0
3523114,d5cc6a0e4371d9078c27af8d6796997c64db71ff1ee14de7bf2a0d1ae598509c,2025-10-16 19:36:45,2025-10-16 19:36:51,6.0
3523115,4fd474592cf33d479e5d346f14b1956f257af8d3712fb30ab3323a3b2f33dae8,2025-10-16 19:37:06,2025-10-16 19:37:09,3.0
3523116,bbde59fbc5164c1716ecfdee645e0aaab1af5b6b2fe6e1d31569b06be01c3db7,2025-10-16 19:38:20,2025-10-16 19:38:25,5.0
3523117,fe62d9b58b5affa54f1aaad26a5f75ac49e2abe8c7dc616587f8d3ef84ddbb87,2025-10-16 19:39:36,2025-10-16 19:39:45,9.0
3523121,1fdfc5a6e5133633e6a2c63bbe50c2c83580be947cb9985088cc5fe03e227098,2025-10-16 19:43:22,2025-10-16 19:43:31,9.0
3523126,3a33b6173e0ff54c679b55e23a0b274cef333efcd7143e2f87daf20a0030d44d,2025-10-16 19:50:56,2025-10-16 19:51:05,9.0
3523130,e7c7f4468025ced8c62a3326c3030625fcf6671eac3422ab1c077370ce0a0823,2025-10-16 19:53:54,2025-10-16 19:53:59,5.0
3523132,bb52c8f421973d38a5ec2f7ce3428e3f4dc6c4c2960eb5b9aacd4cde7932b18f,2025-10-16 19:56:35,2025-10-16 19:56:43,8.0
3523134,1ef2c1169b440094177fc0db307e3b12a4cbd91e7e66ef7e93452627ac18698a,2025-10-16 19:58:27,2025-10-16 19:58:36,9.0
3523136,adb5c6d361d8457633a1e9b37e28f202c08bfe61196a72addc28b939e9638224,2025-10-16 20:07:20,2025-10-16 20:07:23,3.0
3523139,11f20d1ab2df39d3f3f13daabcff4a82350fe54a5b3ba89903e15751b6d64657,2025-10-16 20:18:08,2025-10-16 20:18:13,5.0
3523143,fde93a9bc2fb336576c8bdde2853aa100f36a853d4ede5573474651be30ecb44,2025-10-16 20:25:28,2025-10-16 20:25:34,6.0
3523149,f3e82d3c4c14a10ec0f0f586553425021843450d98f6b83128fd2dbab97d4d67,2025-10-16 20:36:25,2025-10-16 20:36:31,6.0
3523156,f3ff782ba61d50060af9b41b1f1034d10eb9818cf0700f5242c4c07696bf5174,2025-10-16 20:46:36,2025-10-16 20:46:42,6.0
3523158,8ffd1b896cf1478a41719e35d6cabfcf380dc50a3f51b219e0b844d215daff4c,2025-10-16 20:49:53,2025-10-16 20:50:02,9.0
3523167,cd8ee00d4c154becf4647ac4a47cb51ea603f4fe30eb568277ced9627fa0e7f1,2025-10-16 21:10:02,2025-10-16 21:10:09,7.0
3523169,562210575f47187712a64bf9a34f4173da741a3e1f390d6b133a322355b43916,2025-10-16 21:10:41,2025-10-16 21:10:51,10.0
3523174,7747ef2c24e775496766489ae3366389cb92e513db5ccb704d115bbf03226ffc,2025-10-16 21:17:17,2025-10-16 21:17:27,10.0
3523176,2c806177d162f5f52939a7ec27c9f366f64090158e5d03f12b6adf6c7b6c5605,2025-10-16 21:21:46,2025-10-16 21:21:56,10.0
3523182,57bc8fb882191d8f5e8a615786cdf4318e9a210252eb470ed1f209461e2e04c5,2025-10-16 21:39:38,2025-10-16 21:39:48,10.0
3523185,4f9068b37dd2ba1d96588aa3c4a710d3f790e710945272254543ac59cccbb970,2025-10-16 21:45:10,2025-10-16 21:45:19,9.0
3523187,b64a062704bf1d1526a5c997ab2893653b090aaba16bf0a6f857ec400f990b17,2025-10-16 21:54:12,2025-10-16 21:54:21,9.0
3523188,3898dfcf6f30e7d27f0015cd48139d5410d15ccac6e9c49ff4b8274648f2dac5,2025-10-16 21:57:17,2025-10-16 21:57:21,4.0
3523189,17a613f76c934a77b6962c5bcaf36299d492d38b5d30df3bfd3c6384fc652c9f,2025-10-16 22:00:41,2025-10-16 22:00:44,3.0
3523191,5ef4210124566ab78b4c9f1fa1c8bf943d40bf12c53819a9bd7903c135d06611,2025-10-16 22:04:03,2025-10-16 22:04:10,7.0
3523195,7dd24bb05eaa06125fde1989c3aaa994153a11f0130ffbbb1352d8fe0cb34e80,2025-10-16 22:08:24,2025-10-16 22:08:32,8.0
3523196,9cb77e60d6e3ef2e102843ab6bedfaf0ae18d5f3593fb15989776f0de39d266d,2025-10-16 22:10:47,2025-10-16 22:10:49,2.0
3523198,e0d02ad15d5472084d5764e9153301c99e25b9d2a58b4a727a921bb4f2b747f0,2025-10-16 22:17:35,2025-10-16 22:17:42,7.0
3523201,0c9ef3e3f6c2a71b52f2163ea202842ef562e06edc6e25c20089f5f4dc4e304f,2025-10-16 22:26:51,2025-10-16 22:26:56,5.0
3523206,df28d31159bdc97a9fd0e68cd2188d3b9662035364b25ce09f2381457ac0909b,2025-10-16 22:43:49,2025-10-16 22:43:53,4.0
3523207,b1f61596ecb89068596b0c76aed0eafcc71ade12cc7c210a4558460648b50897,2025-10-16 22:50:32,2025-10-16 22:50:38,6.0
3523208,6ffca0acb1c742b043b4411961e3443813fe4f67c9ece8da31874a65ca56f9a7,2025-10-16 22:52:13,2025-10-16 22:52:20,7.0
3523210,cf574365b781bcf0040ea3504a02223cde259492ef7dce2b41b503fea0bb6520,2025-10-16 22:57:13,2025-10-16 22:57:23,10.0
3523215,65be6f3487694fbf821718304b0ae58042c6480c9957293ad35173f5eed09961,2025-10-16 23:16:04,2025-10-16 23:16:10,6.0
3523220,53b4de07562798c05fb4adbbcba42a609b986ee463ad1a675d3b4599825c0922,2025-10-16 23:31:36,2025-10-16 23:31:38,2.0
3523222,cf68ad1a5b98aae143b44fa4dcca6221dfd9887293195d4ad55432c7f18f5b3b,2025-10-16 23:35:48,2025-10-16 23:35:50,2.0
3523225,c1f12a887e1a165aeef039a9ecc296f6674e612d976e9ba1f213f5da2eb33b1d,2025-10-16 23:45:47,2025-10-16 23:45:55,8.0
3523227,07f1b5cabe110670c8c6563fe5a047fff94221bb739f949c9824e47d911d6652,2025-10-16 23:47:58,2025-10-16 23:48:02,4.0
3523229,36de59e0affb61dcce9fc9551128255e368b8f20cc714454854f1421ab7b0688,2025-10-16 23:50:12,2025-10-16 23:50:21,9.0
3523230,8dc0dfdff8b25bd1a7f11b222b438f9e00847424fc4c7846a2480fd13292716e,2025-10-16 23:50:44,2025-10-16 23:50:50,6.0
3523240,2435b685b60fb0a5b3d5f91a7ba734bbf3d796645af4ccf6e597e4e57d128cb7,2025-10-17 00:15:17,2025-10-17 00:15:26,9.0
3523243,75429643ee1b72c05dee649c4d94000bcdeb589294dde138903c6431f3a66261,2025-10-17 00:17:13,2025-10-17 00:17:19,6.0
3523249,eeb4cab1e7fadc3f934a6539c85856b4bdc1cbf7aacbd03635322a8f78718c47,2025-10-17 00:23:26,2025-10-17 00:23:30,4.0
3523250,5e809228441cfbd81e0fe9e827217e25436da8af616d5ed2bd5f004925a8ce5a,2025-10-17 00:25:05,2025-10-17 00:25:13,8.0
3523265,f7cd9144a940f1ba11554a9704c93cda9a976aa1c3a66c72f62dd66b74564c00,2025-10-17 01:13:07,2025-10-17 01:13:09,2.0
3523270,a95a27355d17f44cdd76a067783f3af4fe715657c65745e2f0b284281e651659,2025-10-17 01:31:37,2025-10-17 01:31:45,8.0
3523275,7d063bfe20244c8bcff2138797e406cc70c0179826fa3e8873a67344a15213c7,2025-10-17 01:39:12,2025-10-17 01:39:15,3.0
3523277,4abe824479ba12fd4bb3111c0e881dfdcbffc1a2b16cb84736dd637bb0ab9861,2025-10-17 01:41:44,2025-10-17 01:41:50,6.0
3523284,958ac6e60e38188b7b838e25192d0418bf223a24f98d944f3e79cb79c76b5ee9,2025-10-17 01:52:28,2025-10-17 01:52:34,6.0
3523289,1f7be0aebf2a550f83703f90911f6bd66411cd47654f4621ed72f5b6cd401c36,2025-10-17 02:01:26,2025-10-17 02:01:35,9.0
3523290,0a8a3db51e78e771f2beae20d3b77144dd321fc5b01446ed09a13f3dbddf1a0d,2025-10-17 02:06:15,2025-10-17 02:06:19,4.0
3523295,ce98f86caade83a4f5ce72d3ec3677087343d0f5a0efede88e516d562724e08f,2025-10-17 02:11:16,2025-10-17 02:11:24,8.0
3523299,8aee0ea0efa667dca0fe3e4ff0ac9e34bf0b9dd764ef1a43e304d45a6e8f5103,2025-10-17 02:18:19,2025-10-17 02:18:24,5.0
3523306,239d165cacd2fba2e0a7227f1d44ad2808a8a3ba745db286f204bc09a0860714,2025-10-17 02:28:28,2025-10-17 02:28:36,8.0
3523316,1521bcb0927d6576bdf38e500d5880a33c21ae4f437895b91d03504bcbad5a33,2025-10-17 02:48:36,2025-10-17 02:48:40,4.0
3523319,b6dfa4e5c2a0b84c4753cf866021651edf9b0b3019ee8505615ef72ab1eb2103,2025-10-17 02:54:57,2025-10-17 02:55:01,4.0
3523320,2ce1deff9bba0cb11dbcb35b5ebc8deb0896aa12aacb713926edaf601c9e581a,2025-10-17 02:57:48,2025-10-17 02:57:51,3.0
3523321,280b232b4fd5eb255bb7d9fec87aff17446e9abcfc8db05b6e3d0e4bf98a4193,2025-10-17 02:58:30,2025-10-17 02:58:36,6.0
3523322,95d5249459cc9f775b235ee547cf7e0e5e8985547fb507b52586aade94402a07,2025-10-17 03:00:44,2025-10-17 03:00:50,6.0
3523323,cb87fa9f0f09c61be45974b7da694fa76d56885e65c2bfaaa8a6c62f158f0459,2025-10-17 03:03:13,2025-10-17 03:03:21,8.0
3523325,a2706d469d2ee09f4e8668bed70bccccbe967bfc58d549bfa89a58561ff83018,2025-10-17 03:05:54,2025-10-17 03:06:02,8.0
3523326,0af98018fed87c42ac4cdcf74b8dedb7bf20356fc8b0cc34679871abf11ca202,2025-10-17 03:10:01,2025-10-17 03:10:07,6.0
3523333,6910e0aae782ecf7956412ad5af78dfd5066e7409f6f396b9e944182fe2ac688,2025-10-17 03:16:28,2025-10-17 03:16:35,7.0
3523334,3049262ddcf2c120fd358a187490aa2745c76e69bea403f1ffb47edabdef6ec2,2025-10-17 03:20:02,2025-10-17 03:20:08,6.0
3523352,b0c657152c187e800fb4b64b98c17703f313b79bf50ca61451c53594cbca9405,2025-10-17 03:58:52,2025-10-17 03:58:54,2.0
3523355,b2634a831f842f24b25ff0c837ea617ad5fac44848729191531838a95624f3cf,2025-10-17 04:00:14,2025-10-17 04:00:17,3.0
3523358,4cad7b2526032d68532bfca2f1ef6daf2a5f284ef19e3def7ed97ef0e7b5933b,2025-10-17 04:07:31,2025-10-17 04:07:38,7.0
3523362,7eb8553375a973ae36d48859085311126911005f2ff5aace40072d0694556766,2025-10-17 04:14:47,2025-10-17 04:14:50,3.0
3523363,70800f4b826b1720cc271a2a6911757a4cbc433d813ed65a125f71844eae7216,2025-10-17 04:22:49,2025-10-17 04:22:55,6.0
3523367,5fb51b6f11f8d7ccdffab90cd2af9e6f0583c9cf538992e715a5d5348d0f6669,2025-10-17 04:30:23,2025-10-17 04:30:27,4.0
3523372,eb3fd4e6cbfd1605f334acca75ed5e15b225939279b4bd2eb86ad6ad791e35cc,2025-10-17 04:37:54,2025-10-17 04:38:04,10.0
3523375,b32da6cbb4d036f458136a372e48e0fe3d4b9262d13dc0ce583490c3b220511e,2025-10-17 04:39:36,2025-10-17 04:39:39,3.0
3523377,2b54bec266783aec857365807b0f58c2731cd5c4313242f81cfc9ed335717f9c,2025-10-17 04:43:20,2025-10-17 04:43:29,9.0
3523386,eed7ad9623fde7be6917bc6456077b340772e5d93d3cc0f7dc510a3084e3da4c,2025-10-17 05:13:30,2025-10-17 05:13:38,8.0
3523391,7f9400b1970ab758e114621faf5aa0f9ad716c5c7ec573a09c3a2a2627de7f8f,2025-10-17 05:18:35,2025-10-17 05:18:37,2.0
3523397,b21de1aa6006fec9c4b3ece5fa35a0879148dd2b2e20b9342eafa71f53fe3c54,2025-10-17 05:31:09,2025-10-17 05:31:12,3.0
3523399,fc450d3966bb820b30c27c62c56c2a94eb7b4351128aac059ceea554226341c9,2025-10-17 05:33:30,2025-10-17 05:33:38,8.0
3523400,9f44408bf217cced180abe93024b3f0e8d4c74ecadbd16173a839091647b2680,2025-10-17 05:34:09,2025-10-17 05:34:15,6.0
3523404,930cfc0d606753801ef634d88c44ff2c3cc6ed7f2c4052a0fd3ab42c8efd119c,2025-10-17 05:43:39,2025-10-17 05:43:49,10.0
3523413,f1a9180fa34d7e8fb66949190d174460407f2ce3672b4e45e56931e729e2ffe9,2025-10-17 05:56:23,2025-10-17 05:56:29,6.0
3523415,b0b0cd87446f4721bdbec5affa08d5659b618b254089489fb4588109f1cccc7c,2025-10-17 05:58:01,2025-10-17 05:58:08,7.0
3523416,5a40f2784835286881746165ff09a831307b16c10bcf18827dd8acb8d40398b1,2025-10-17 06:03:11,2025-10-17 06:03:18,7.0
3523419,1c1f18e2a85f84fa3805be52244b634ba3065ce3feb75e6fbca18643eec93a07,2025-10-17 06:10:37,2025-10-17 06:10:45,8.0
3523420,f9b9bd56446585d104ec9e2d6b26df8c1b69a0227c4633bfe6c3f862c6e1d2c8,2025-10-17 06:12:37,2025-10-17 06:12:44,7.0
3523424,f140d8714b7d4a54d7152b5c15d9a5b30411bd04a68123e3145e43aa06821e61,2025-10-17 06:20:08,2025-10-17 06:20:11,3.0
3523437,61fd2634ffdad58b55fcb5e4af4ee843d82c754eefbf42bd9d1e41a751d7e1d4,2025-10-17 06:49:16,2025-10-17 06:49:20,4.0
3523438,3d555b4f2eb2c18da3dd94db0d6cd9f2a05cb4c8f0700382c9487e57693c0711,2025-10-17 06:50:00,2025-10-17 06:50:08,8.0
3523441,8d59b459aa582bb946167dab2b5a3fe44c7ef6198e8dbe7e1b13a2a53e09bf3d,2025-10-17 06:56:49,2025-10-17 06:56:57,8.0
3523458,cc8abf7d862e7cb135dd0fd22c5a29b0beb96dcad9064a50bf60a7d5a1466db6,2025-10-17 07:33:04,2025-10-17 07:33:12,8.0
3523460,db879a89c754c9d487703ecb4278bc86d6e370025fcca3b02b850dc61221cca6,2025-10-17 07:37:07,2025-10-17 07:37:12,5.0
3523461,13e205b18c5451a2a95586c5a35882c6b0f3cc22fffff7a368e4973c13087561,2025-10-17 07:37:59,2025-10-17 07:38:05,6.0
3523462,44e1d81723a947569ff537c8a545f1a2cdb1c2a03996684ad8d4d06b6117266b,2025-10-17 07:41:32,2025-10-17 07:41:34,2.0
3523466,fdd0fefedb7b531f8a382214b4a74047a43d0b090e5bcd7733a6cf0b8e358c19,2025-10-17 07:45:10,2025-10-17 07:45:14,4.0
3523470,a5bcadc53e5d8447d4b8e1556e79680792342ccdd9745cf3f68567c3c122cc52,2025-10-17 07:53:00,2025-10-17 07:53:08,8.0
3523472,ec3664d482e63b8b48180a924dab2e49098d30429942b6404ea9790225c1b88a,2025-10-17 08:03:37,2025-10-17 08:03:46,9.0
3523474,7bb678c3abd654ddf6cba64ccca409960fa712a4eb206442b83fc369383aea31,2025-10-17 08:10:09,2025-10-17 08:10:15,6.0
3523479,21d44b017225ba2b39341532212460e0db850b69e423d71836dece2653401354,2025-10-17 08:19:17,2025-10-17 08:19:26,9.0
3523483,a605cec98bd604247e3833f1e43d9b7f24b4ed629f265ca4dd9d692f53116ed9,2025-10-17 08:29:48,2025-10-17 08:29:52,4.0
3523486,64e6c5c271763a03a103f9ffd8166295bbe086ecf29b31d9c1d36283557c0b0f,2025-10-17 08:37:42,2025-10-17 08:37:51,9.0
3523490,81513f65b3c01251a6289eb19451308ca327afa85aa3e5360cd33e6f27d9536b,2025-10-17 08:42:27,2025-10-17 08:42:36,9.0
3523494,7e81302ef48db9e9078fcb582496628d0a1c46cdda5da95442545c1d559c1187,2025-10-17 08:51:55,2025-10-17 08:52:03,8.0
3523496,cd0075fa50c09f0e3f040f11e20c77f2cd3c281a355600acc5ec75b271fd90d1,2025-10-17 08:54:10,2025-10-17 08:54:13,3.0
3523507,0de6ef59b24ed4c95d84d8501713a0da563da706f400f351176192e78f83b847,2025-10-17 09:12:11,2025-10-17 09:12:17,6.0
3523512,d41cdf51cf43bc71a869e1a16917c00c3eca02d2637dacb177573649efc0fbce,2025-10-17 09:17:53,2025-10-17 09:17:58,5.0
3523515,2eb1fa4d1282f3f093ab04ebc1220a1ed6e37469f336aa6142c5d1324a4d1a6e,2025-10-17 09:27:53,2025-10-17 09:27:56,3.0
3523524,b0d10f247006ca5148f24bfc40f37498362ad2bdd4a112907f76fcf003d9c0e9,2025-10-17 09:49:08,2025-10-17 09:49:10,2.0
3523527,079792120cc1923b5517286a5ee4a159c81fa452e5c1f5a470f8091db6702990,2025-10-17 09:53:18,2025-10-17 09:53:23,5.0
3523528,ab08d8370795d47eb2efa246b92e8961bd31271bdf9b5d3b6d5e1185ce83eee3,2025-10-17 09:54:10,2025-10-17 09:54:15,5.0
3523529,b99e49bbcc25de8a0bf2063ae58284b53c9a926709dec8f96e0596087c0bda05,2025-10-17 09:57:02,2025-10-17 09:57:10,8.0
3523534,8a3e82f8d98d55c5ff860d2d91f954405b498bc7dfb5a9dc416f5af33f56b7e6,2025-10-17 10:13:58,2025-10-17 10:14:04,6.0
3523544,8a5bc4a118d6aef7f83635ec98be3104ee69de646b590403cef6e14be9aa9759,2025-10-17 10:35:02,2025-10-17 10:35:10,8.0
3523546,13e03f0bf661c2339433dec015fa5720082d3e9c0f3c70afdd9d2626c61c93ec,2025-10-17 10:37:08,2025-10-17 10:37:13,5.0
3523549,f2c3c9dc823fc73a11b7278e626df3c834558fc2c334526106dbc6b529536a88,2025-10-17 10:39:50,2025-10-17 10:39:59,9.0
3523552,04f3a8aa946818eda60b80252d953103578a065725026df603864457ad2f960d,2025-10-17 10:43:29,2025-10-17 10:43:33,4.0
3523553,f7e61c1372924bbeaea4a11229a74723a1eae1487a5abbd3a49f3b28c877dfda,2025-10-17 10:48:29,2025-10-17 10:48:31,2.0
3523554,723e3a3960b3fa3c450a10850d3eb50be34a8d5ff77e00fa1dc8ba67a4d0373e,2025-10-17 10:50:08,2025-10-17 10:50:14,6.0
3523556,d9b12be90d04b14997fac60a9fdd222e22a19fb5bced8460efe06dac96f05c5f,2025-10-17 10:54:02,2025-10-17 10:54:04,2.0
3523560,cdf48e31a2d1b9e61ec7e217b3f4ee1353b66eeadd6ea6c33928c614a2a95baf,2025-10-17 10:58:35,2025-10-17 10:58:39,4.0
3523568,3e9310a210d89b215084278be3b291de68fb943e32bad7736f0cf24902c32e23,2025-10-17 11:20:41,2025-10-17 11:20:46,5.0
3523576,6fc57da90a65e9ff6fe0851a8df6985866ff1e745da1acbc8d3fe17025824772,2025-10-17 11:42:50,2025-10-17 11:42:57,7.0
3523585,6cf6469df9edd2911c32dd12cef42407167c318d9ae46cf48bd9204961d144a1,2025-10-17 12:05:12,2025-10-17 12:05:16,4.0
3523597,a9b505baef345d110045838381e3b8d14badcc05d4d6dbbffdec0aeca1f276c1,2025-10-17 12:42:01,2025-10-17 12:42:11,10.0
3523613,b60277c96b0b98f439aef2fb5a092dc68d2889965815ca67293340f3fcca15f1,2025-10-17 13:07:49,2025-10-17 13:07:53,4.0
3523615,017c6b6dac1a675218cd2c604267f7b8405650d85fe82b0699f2e9b288fa568b,2025-10-17 13:11:45,2025-10-17 13:11:51,6.0
3523623,1287907963146587c4248b5582a7f7e65d6d8d5b9f5ec233f53a428383b97f4b,2025-10-17 13:39:49,2025-10-17 13:39:53,4.0
3523624,3468e3e8166a08ddf47abc33291c510dfef2f39c59b7df34b28ae2d532fc9e22,2025-10-17 13:40:25,2025-10-17 13:40:30,5.0
3523641,2b05458eb6b59ade94292b75065223659df551f95ba419f37ce3b8425fbdb03a,2025-10-17 14:26:43,2025-10-17 14:26:52,9.0
3523646,2060126cde1de460efef2cdc5595cf804822ea13f215b25c376272636afdb002,2025-10-17 14:33:32,2025-10-17 14:33:37,5.0
3523656,d19e8a1052d063c866747959a60818b56969cf310c7e4ca82348a419df54068c,2025-10-17 14:51:38,2025-10-17 14:51:42,4.0
3523657,513cb865231f98df999c74ac3f485e25f4e2f836baea63f895c235998f6d36ae,2025-10-17 14:56:53,2025-10-17 14:56:59,6.0
3523678,be0ffc670f15d0626709b0398a666d5c89cbe2c0c1624d77501c144770238a47,2025-10-17 15:51:21,2025-10-17 15:51:30,9.0
3523696,387b93d1984b503570c5cd47a24f654d891b5f1520c48be7245288d0ce7e565e,2025-10-17 16:16:20,2025-10-17 16:16:27,7.0
3523697,d65c0ca59214cf54f1c0a21fe28ba25de326876328c6e4152718cc73517a77ab,2025-10-17 16:16:50,2025-10-17 16:16:58,8.0
3523699,1ed28d14d10c13bd312c29c5f3c11bde9ed4c1d097f1ffc0bb8a193f604c0797,2025-10-17 16:21:14,2025-10-17 16:21:15,1.0
3523719,fff3020a8f5a49685a3eb4230be46c23bc1da4577e6cab465c98523dd5f17669,2025-10-17 17:05:07,2025-10-17 17:05:13,6.0
3523723,58cb41291e1aa5f7eeef032a2321ccbea06a97938d9fc0355ea0d4d3ef4ffdd8,2025-10-17 17:12:36,2025-10-17 17:12:45,9.0
3523724,886dbc811e0b25b753a1096070b4156784259dbf688067d89c46758df7108ce7,2025-10-17 17:16:29,2025-10-17 17:16:35,6.0
3523734,366805de412cc1e2899f79db8d0f6798524b62b4af06b6b78a64bc58fffc9a3d,2025-10-17 17:37:52,2025-10-17 17:37:57,5.0
3523735,72135340f42ce32ee4caf16015e6d2f1839858276a2d47c6be5f9ef97a5ddaf8,2025-10-17 17:37:56,2025-10-17 17:38:04,8.0
3523739,8b5d08c2a02f88c1b27564bd6f4441e4bd9fa35eb10f71de9f91b807034f56ae,2025-10-17 17:42:59,2025-10-17 17:43:03,4.0
3523749,f4183bfdf7e909c9d0d104fd715711f558086e7445bca271632268c2f2ea0e56,2025-10-17 18:04:46,2025-10-17 18:04:53,7.0
3523760,d113b6809d7df4f68eb69cac045fd63fa6a8d4785a723655f0cc0af5c11b057b,2025-10-17 18:31:10,2025-10-17 18:31:14,4.0
3523761,b7097ed2075fbb610ab9caeb779624601e5ac15f4ad31e3ac5559fe0cfa20367,2025-10-17 18:31:37,2025-10-17 18:31:40,3.0
3523778,632583af292b218d76499399f62f3feef538e02681ace2be650c1060172f8183,2025-10-17 18:56:27,2025-10-17 18:56:29,2.0
3523780,36ab6f97d980dc411d975f771499fbc0f6454ab4a0007f87914eaa019c17ed34,2025-10-17 18:59:03,2025-10-17 18:59:07,4.0
3523789,0950d0dc1b7333573342d0ea46258c77ef334ec61facfbea72e1b43c5799687a,2025-10-17 19:23:03,2025-10-17 19:23:05,2.0
3523798,4513af69fedfde3cc77592a3a040ae5d9dce31c68f8ea7ecca294ccc4b7d25cd,2025-10-17 19:45:36,2025-10-17 19:45:39,3.0
3523800,1f8d1019309f9fed735b568a2587ca72cc2a4050710e7f720045d23e4ac5fdc9,2025-10-17 19:48:40,2025-10-17 19:48:47,7.0
3523801,952017b785fe1b89c2c68f1ea7cd31417eb3184ed39b70de3645bf024b572ec1,2025-10-17 19:51:51,2025-10-17 19:52:00,9.0
3523803,981433744059a072ccc7bbfb5d3205fcb7c990b90667f2970a1f5fbd8f3689da,2025-10-17 19:53:04,2025-10-17 19:53:14,10.0
3523810,83b880f6eb64b8dc144faad2c12810cf30f9298706944f6b4df5f6cb947178b2,2025-10-17 20:15:04,2025-10-17 20:15:11,7.0
3523812,672affa6f4b422c0df45b4e37283c916d802b08117d594df645a703f66765f1b,2025-10-17 20:16:34,2025-10-17 20:16:43,9.0
3523823,351527b5c56dc8b5448caac1f86f1ee4ab1ef6438058399a6624704fc22f1aab,2025-10-17 20:45:44,2025-10-17 20:45:49,5.0
3523830,801862f47d417afc6580c0a78fe2a2cc854fdbaf1ad556ccb2e1c6f1600e3953,2025-10-17 21:07:44,2025-10-17 21:07:47,3.0
3523832,8c12e758348ce7e4d29abbeaf40860c357a8a1d0e8521ce043ce0ff0232ebb7a,2025-10-17 21:09:57,2025-10-17 21:10:04,7.0
3523840,a1798842dda15de0e954f59e66148a764204bec3425bb30c1a50f0a76c827f42,2025-10-17 21:38:33,2025-10-17 21:38:41,8.0
3523841,deaa6e3037af617af3b5019301494c7cf9e070f9be395a77b4cf05b4e0057ed6,2025-10-17 21:38:48,2025-10-17 21:38:57,9.0
3523843,8c18b04c48aea4758528b2a868dac5efcbb3b826cbf2f313b04afabf45afb0be,2025-10-17 21:40:49,2025-10-17 21:40:51,2.0
3523847,8237a23aef5e232552befd673023e399e3d022b9830b4107c354a5bb4300c821,2025-10-17 22:00:13,2025-10-17 22:00:18,5.0
3523850,b2e836c7815eba469caf25dc5bb1ca3bb1bec3105b2e173478bcf4d2423e60a4,2025-10-17 22:04:50,2025-10-17 22:04:53,3.0
3523853,71876b977be2db8efb04a1db84a6cdd1cf1c65bdeebc4e58fd44a92e10022d3c,2025-10-17 22:08:12,2025-10-17 22:08:16,4.0
3523854,9177c565fc5e8891c24ab16889d209853f5571eef37f45e6b3e853685a342fab,2025-10-17 22:08:15,2025-10-17 22:08:22,7.0
3523870,4f2db1c07a532333e3d2aa36c17ee18620cb54322c8a2e9f71aa4ed8e6d737af,2025-10-17 22:57:17,2025-10-17 22:57:19,2.0
3523876,15d34aaa624b90a3fe9c6f4d87effd42516b52c345ffa7a5b8cc4d6dce85effa,2025-10-17 23:16:19,2025-10-17 23:16:27,8.0
3523877,857340d1e4a9583d5f51463528f7a36e7cdd94c135c1cfa1798a0a6d7670c7f6,2025-10-17 23:18:35,2025-10-17 23:18:41,6.0
3523882,30f42d625968c2e54c202973cbd03e1f5058e87a6a0876fdd3903ea0df018b0f,2025-10-17 23:26:35,2025-10-17 23:26:43,8.0
3523893,4e0148f2a7e7186974f10746509b389cbf874ff36c887cc02c738c7bc40d15e5,2025-10-17 23:53:14,2025-10-17 23:53:21,7.0
