event_id,week,start_timestamp,end_timestamp,duration_seconds,start_height,end_height,fork_length,length_bin_upper,length_bin_label,qubic_orphan_blocks,other_orphan_blocks,contains_qubic
1,2025-07-30,2025-08-01 20:18:11,2025-08-01 20:18:11,0.0,3468530,3468530,1,1,1,0,1,False
2,2025-07-30,2025-08-02 00:26:23,2025-08-02 00:26:23,0.0,3468654,3468654,1,1,1,0,1,False
3,2025-07-30,2025-08-02 19:16:53,2025-08-02 19:16:53,0.0,3469273,3469273,1,1,1,0,1,False
4,2025-07-30,2025-08-03 08:54:05,2025-08-03 08:54:05,0.0,3469670,3469670,1,1,1,0,1,False
5,2025-07-30,2025-08-05 21:32:17,2025-08-05 21:32:17,0.0,3471456,3471456,1,1,1,0,1,False
6,2025-08-06,2025-08-06 19:34:04,2025-08-06 19:34:40,36.0,3472098,3472099,2,2,2,0,2,False
7,2025-08-06,2025-08-06 20:51:21,2025-08-06 20:51:21,0.0,3472148,3472148,1,1,1,0,1,False
8,2025-08-06,2025-08-06 21:53:35,2025-08-06 21:53:35,0.0,3472176,3472176,1,1,1,0,1,False
9,2025-08-06,2025-08-07 09:11:36,2025-08-07 09:11:36,0.0,3472545,3472545,1,1,1,0,1,False
10,2025-08-06,2025-08-07 19:20:25,2025-08-07 19:20:25,0.0,3472864,3472864,1,1,1,0,1,False
11,2025-08-06,2025-08-08 09:55:11,2025-08-08 09:55:11,0.0,3473321,3473321,1,1,1,0,1,False
12,2025-08-06,2025-08-08 10:41:52,2025-08-08 10:41:52,0.0,3473345,3473345,1,1,1,0,1,False
13,2025-08-06,2025-08-09 17:37:44,2025-08-09 17:37:44,0.0,3474251,3474251,1,1,1,0,1,False
14,2025-08-06,2025-08-09 18:04:27,2025-08-09 18:04:27,0.0,3474262,3474262,1,1,1,0,1,False
15,2025-08-06,2025-08-09 18:18:56,2025-08-09 18:18:56,0.0,3474267,3474267,1,1,1,0,1,False
16,2025-08-06,2025-08-09 18:19:09,2025-08-09 18:19:09,0.0,3474269,3474269,1,1,1,0,1,False
17,2025-08-06,2025-08-09 18:43:14,2025-08-09 18:43:14,0.0,3474284,3474284,1,1,1,0,1,False
18,2025-08-06,2025-08-09 18:53:58,2025-08-09 18:53:58,0.0,3474287,3474287,1,1,1,0,1,False
19,2025-08-06,2025-08-09 19:57:32,2025-08-09 19:57:32,0.0,3474324,3474324,1,1,1,0,1,False
20,2025-08-06,2025-08-09 20:24:47,2025-08-09 20:24:47,0.0,3474341,3474341,1,1,1,0,1,False
21,2025-08-06,2025-08-09 20:29:03,2025-08-09 20:29:03,0.0,3474343,3474343,1,1,1,0,1,False
22,2025-08-06,2025-08-09 20:53:45,2025-08-09 20:53:45,0.0,3474354,3474354,1,1,1,0,1,False
23,2025-08-06,2025-08-10 10:27:33,2025-08-10 10:27:33,0.0,3474775,3474775,1,1,1,0,1,False
24,2025-08-06,2025-08-10 15:44:53,2025-08-10 15:44:53,0.0,3474903,3474903,1,1,1,0,1,False
25,2025-08-06,2025-08-11 02:28:48,2025-08-11 02:28:48,0.0,3475189,3475189,1,1,1,1,0,True
26,2025-08-06,2025-08-11 12:15:53,2025-08-11 12:15:53,0.0,3475528,3475528,1,1,1,0,1,False
27,2025-08-06,2025-08-11 12:24:20,2025-08-11 12:24:20,0.0,3475535,3475535,1,1,1,1,0,True
28,2025-08-06,2025-08-11 12:55:14,2025-08-11 12:55:14,0.0,3475544,3475544,1,1,1,0,1,False
29,2025-08-06,2025-08-11 13:30:58,2025-08-11 13:33:25,147.0,3475562,3475563,2,2,2,0,2,False
30,2025-08-06,2025-08-11 14:10:28,2025-08-11 14:10:28,0.0,3475576,3475576,1,1,1,0,1,False
31,2025-08-06,2025-08-11 14:21:43,2025-08-11 14:21:43,0.0,3475582,3475582,1,1,1,0,1,False
32,2025-08-06,2025-08-11 14:34:21,2025-08-11 14:34:21,0.0,3475587,3475587,1,1,1,1,0,True
33,2025-08-06,2025-08-11 14:54:47,2025-08-11 14:54:47,0.0,3475589,3475589,1,1,1,0,1,False
34,2025-08-06,2025-08-11 15:10:47,2025-08-11 15:10:54,7.0,3475590,3475591,2,2,2,0,2,False
35,2025-08-06,2025-08-11 15:39:26,2025-08-11 15:39:26,0.0,3475604,3475604,1,1,1,1,0,True
36,2025-08-06,2025-08-11 15:45:19,2025-08-11 15:45:19,0.0,3475608,3475608,1,1,1,0,1,False
37,2025-08-06,2025-08-11 16:05:34,2025-08-11 16:05:34,0.0,3475613,3475613,1,1,1,1,0,True
38,2025-08-06,2025-08-11 16:10:46,2025-08-11 16:13:42,176.0,3475615,3475616,2,2,2,2,0,True
39,2025-08-06,2025-08-11 16:25:50,2025-08-11 16:25:50,0.0,3475621,3475621,1,1,1,1,0,True
40,2025-08-06,2025-08-11 17:25:39,2025-08-11 17:25:39,0.0,3475659,3475659,1,1,1,0,1,False
41,2025-08-06,2025-08-11 17:34:51,2025-08-11 17:34:51,0.0,3475667,3475667,1,1,1,0,1,False
42,2025-08-06,2025-08-11 17:36:07,2025-08-11 17:36:07,0.0,3475669,3475669,1,1,1,1,0,True
43,2025-08-06,2025-08-11 17:49:30,2025-08-11 17:49:30,0.0,3475674,3475674,1,1,1,0,1,False
44,2025-08-06,2025-08-11 17:52:23,2025-08-11 17:52:23,0.0,3475677,3475677,1,1,1,1,0,True
45,2025-08-06,2025-08-11 17:55:16,2025-08-11 17:55:16,0.0,3475680,3475680,1,1,1,0,1,False
46,2025-08-06,2025-08-11 17:57:35,2025-08-11 17:57:35,0.0,3475682,3475682,1,1,1,1,0,True
47,2025-08-06,2025-08-11 18:07:43,2025-08-11 18:07:43,0.0,3475685,3475685,1,1,1,0,1,False
48,2025-08-06,2025-08-11 18:15:46,2025-08-11 18:15:46,0.0,3475687,3475687,1,1,1,0,1,False
49,2025-08-06,2025-08-11 18:28:42,2025-08-11 18:28:42,0.0,3475695,3475695,1,1,1,0,1,False
50,2025-08-06,2025-08-11 18:42:39,2025-08-11 18:42:39,0.0,3475702,3475702,1,1,1,1,0,True
51,2025-08-06,2025-08-11 18:51:51,2025-08-11 18:51:51,0.0,3475705,3475705,1,1,1,0,1,False
52,2025-08-06,2025-08-11 19:02:56,2025-08-11 19:02:56,0.0,3475712,3475712,1,1,1,1,0,True
53,2025-08-06,2025-08-11 19:20:13,2025-08-11 19:20:48,35.0,3475716,3475717,2,2,2,0,2,False
54,2025-08-06,2025-08-11 20:05:45,2025-08-11 20:05:45,0.0,3475737,3475737,1,1,1,0,1,False
55,2025-08-06,2025-08-11 20:10:27,2025-08-11 20:10:27,0.0,3475739,3475739,1,1,1,0,1,False
56,2025-08-06,2025-08-11 20:16:35,2025-08-11 20:16:35,0.0,3475743,3475743,1,1,1,0,1,False
57,2025-08-06,2025-08-11 20:25:15,2025-08-11 20:25:15,0.0,3475746,3475746,1,1,1,0,1,False
58,2025-08-06,2025-08-11 20:28:00,2025-08-11 20:28:00,0.0,3475748,3475748,1,1,1,1,0,True
59,2025-08-06,2025-08-11 20:46:09,2025-08-11 20:46:09,0.0,3475755,3475755,1,1,1,1,0,True
60,2025-08-06,2025-08-11 20:57:05,2025-08-11 20:57:05,0.0,3475758,3475758,1,1,1,1,0,True
61,2025-08-06,2025-08-11 21:12:29,2025-08-11 21:12:29,0.0,3475762,3475762,1,1,1,0,1,False
62,2025-08-06,2025-08-11 21:30:11,2025-08-11 21:30:11,0.0,3475769,3475769,1,1,1,0,1,False
63,2025-08-06,2025-08-11 21:42:52,2025-08-11 21:42:52,0.0,3475774,3475774,1,1,1,0,1,False
64,2025-08-06,2025-08-11 21:58:41,2025-08-11 21:58:41,0.0,3475780,3475780,1,1,1,0,1,False
65,2025-08-06,2025-08-11 22:02:33,2025-08-11 22:02:33,0.0,3475782,3475782,1,1,1,1,0,True
66,2025-08-06,2025-08-11 22:19:45,2025-08-11 22:19:45,0.0,3475784,3475784,1,1,1,0,1,False
67,2025-08-06,2025-08-11 22:27:18,2025-08-11 22:27:18,0.0,3475785,3475785,1,1,1,0,1,False
68,2025-08-06,2025-08-11 22:34:55,2025-08-11 22:35:28,33.0,3475786,3475787,2,2,2,0,2,False
69,2025-08-06,2025-08-11 22:47:14,2025-08-11 22:52:14,300.0,3475788,3475790,3,3,3,0,3,False
70,2025-08-06,2025-08-11 23:07:51,2025-08-11 23:08:42,51.0,3475798,3475799,2,2,2,0,2,False
71,2025-08-06,2025-08-11 23:17:28,2025-08-11 23:21:16,228.0,3475801,3475803,3,3,3,0,3,False
72,2025-08-06,2025-08-11 23:27:29,2025-08-11 23:27:29,0.0,3475806,3475806,1,1,1,0,1,False
73,2025-08-06,2025-08-11 23:27:46,2025-08-11 23:27:46,0.0,3475808,3475808,1,1,1,1,0,True
74,2025-08-06,2025-08-11 23:35:22,2025-08-11 23:42:26,424.0,3475811,3475814,4,4,4,4,0,True
75,2025-08-06,2025-08-11 23:56:56,2025-08-11 23:56:56,0.0,3475818,3475818,1,1,1,0,1,False
76,2025-08-06,2025-08-12 00:09:38,2025-08-12 00:13:30,232.0,3475822,3475824,3,3,3,0,3,False
77,2025-08-06,2025-08-12 00:46:59,2025-08-12 00:47:58,59.0,3475837,3475838,2,2,2,0,2,False
78,2025-08-06,2025-08-12 00:56:46,2025-08-12 00:56:46,0.0,3475840,3475840,1,1,1,0,1,False
79,2025-08-06,2025-08-12 01:08:54,2025-08-12 01:15:12,378.0,3475845,3475848,4,4,4,0,4,False
80,2025-08-06,2025-08-12 01:16:35,2025-08-12 01:16:35,0.0,3475851,3475851,1,1,1,1,0,True
81,2025-08-06,2025-08-12 01:25:16,2025-08-12 01:25:16,0.0,3475853,3475853,1,1,1,0,1,False
82,2025-08-06,2025-08-12 01:33:24,2025-08-12 01:33:24,0.0,3475858,3475858,1,1,1,0,1,False
83,2025-08-06,2025-08-12 01:41:32,2025-08-12 01:41:32,0.0,3475865,3475865,1,1,1,0,1,False
84,2025-08-06,2025-08-12 01:55:22,2025-08-12 01:55:22,0.0,3475872,3475872,1,1,1,0,1,False
85,2025-08-06,2025-08-12 02:19:08,2025-08-12 02:19:08,0.0,3475884,3475884,1,1,1,1,0,True
86,2025-08-06,2025-08-12 02:40:25,2025-08-12 02:42:59,154.0,3475886,3475888,3,3,3,0,3,False
87,2025-08-06,2025-08-12 02:48:18,2025-08-12 02:48:18,0.0,3475889,3475889,1,1,1,0,1,False
88,2025-08-06,2025-08-12 02:53:54,2025-08-12 02:53:56,2.0,3475890,3475891,2,2,2,0,2,False
89,2025-08-06,2025-08-12 02:55:11,2025-08-12 02:55:11,0.0,3475896,3475896,1,1,1,0,1,False
90,2025-08-06,2025-08-12 03:13:18,2025-08-12 03:13:18,0.0,3475901,3475901,1,1,1,0,1,False
91,2025-08-06,2025-08-12 03:17:49,2025-08-12 03:17:49,0.0,3475906,3475906,1,1,1,0,1,False
92,2025-08-06,2025-08-12 03:28:03,2025-08-12 03:28:05,2.0,3475908,3475909,2,2,2,0,2,False
93,2025-08-06,2025-08-12 03:38:43,2025-08-12 03:38:43,0.0,3475912,3475912,1,1,1,0,1,False
94,2025-08-06,2025-08-12 03:57:44,2025-08-12 03:57:44,0.0,3475916,3475916,1,1,1,0,1,False
95,2025-08-06,2025-08-12 04:01:38,2025-08-12 04:01:38,0.0,3475920,3475920,1,1,1,0,1,False
96,2025-08-06,2025-08-12 04:06:37,2025-08-12 04:06:37,0.0,3475927,3475927,1,1,1,1,0,True
97,2025-08-06,2025-08-12 04:20:37,2025-08-12 04:20:37,0.0,3475933,3475933,1,1,1,0,1,False
98,2025-08-06,2025-08-12 04:43:47,2025-08-12 04:43:47,0.0,3475944,3475944,1,1,1,0,1,False
99,2025-08-06,2025-08-12 04:44:19,2025-08-12 04:44:19,0.0,3475946,3475946,1,1,1,0,1,False
100,2025-08-06,2025-08-12 04:51:12,2025-08-12 04:51:12,0.0,3475947,3475947,1,1,1,0,1,False
101,2025-08-06,2025-08-12 05:33:10,2025-08-12 05:33:10,0.0,3475966,3475966,1,1,1,1,0,True
102,2025-08-06,2025-08-12 05:42:54,2025-08-12 05:42:54,0.0,3475973,3475973,1,1,1,1,0,True
103,2025-08-06,2025-08-12 05:58:07,2025-08-12 05:58:41,34.0,3475977,3475978,2,2,2,0,2,False
104,2025-08-06,2025-08-12 05:59:07,2025-08-12 05:59:07,0.0,3475980,3475980,1,1,1,0,1,False
105,2025-08-06,2025-08-12 06:05:12,2025-08-12 06:05:12,0.0,3475982,3475982,1,1,1,0,1,False
106,2025-08-06,2025-08-12 06:13:25,2025-08-12 06:13:25,0.0,3475985,3475985,1,1,1,0,1,False
107,2025-08-06,2025-08-12 06:20:57,2025-08-12 06:20:57,0.0,3475993,3475993,1,1,1,0,1,False
108,2025-08-06,2025-08-12 06:27:41,2025-08-12 06:39:40,719.0,3475995,3476000,6,6,6+,0,6,False
109,2025-08-06,2025-08-12 07:09:51,2025-08-12 07:09:51,0.0,3476025,3476025,1,1,1,1,0,True
110,2025-08-06,2025-08-12 11:42:49,2025-08-12 11:42:49,0.0,3476196,3476196,1,1,1,1,0,True
111,2025-08-06,2025-08-12 15:50:18,2025-08-12 15:50:18,0.0,3476323,3476323,1,1,1,0,1,False
112,2025-08-13,2025-08-13 17:20:19,2025-08-13 17:20:19,0.0,3477094,3477094,1,1,1,0,1,False
113,2025-08-13,2025-08-14 02:47:10,2025-08-14 02:47:10,0.0,3477359,3477359,1,1,1,1,0,True
114,2025-08-13,2025-08-14 04:47:47,2025-08-14 04:47:47,0.0,3477424,3477424,1,1,1,1,0,True
115,2025-08-13,2025-08-14 11:05:19,2025-08-14 11:05:19,0.0,3477596,3477596,1,1,1,1,0,True
116,2025-08-13,2025-08-14 12:32:17,2025-08-14 12:32:17,0.0,3477642,3477642,1,1,1,1,0,True
117,2025-08-13,2025-08-14 13:20:50,2025-08-14 13:20:50,0.0,3477672,3477672,1,1,1,1,0,True
118,2025-08-13,2025-08-14 14:03:46,2025-08-14 14:03:46,0.0,3477700,3477700,1,1,1,1,0,True
119,2025-08-13,2025-08-14 14:19:30,2025-08-14 14:19:30,0.0,3477707,3477707,1,1,1,1,0,True
120,2025-08-13,2025-08-14 14:21:06,2025-08-14 14:21:06,0.0,3477710,3477710,1,1,1,1,0,True
121,2025-08-13,2025-08-14 14:29:06,2025-08-14 14:29:06,0.0,3477714,3477714,1,1,1,1,0,True
122,2025-08-13,2025-08-14 14:32:03,2025-08-14 14:32:03,0.0,3477718,3477718,1,1,1,1,0,True
123,2025-08-13,2025-08-14 14:43:23,2025-08-14 14:43:23,0.0,3477722,3477722,1,1,1,1,0,True
124,2025-08-13,2025-08-14 14:53:55,2025-08-14 14:53:55,0.0,3477728,3477728,1,1,1,1,0,True
125,2025-08-13,2025-08-14 14:59:07,2025-08-14 14:59:07,0.0,3477730,3477730,1,1,1,1,0,True
126,2025-08-13,2025-08-14 14:59:23,2025-08-14 14:59:23,0.0,3477730,3477730,1,1,1,1,0,True
127,2025-08-13,2025-08-14 15:01:31,2025-08-14 15:01:31,0.0,3477733,3477733,1,1,1,1,0,True
128,2025-08-13,2025-08-14 15:11:31,2025-08-14 15:11:31,0.0,3477736,3477736,1,1,1,1,0,True
129,2025-08-13,2025-08-14 15:24:27,2025-08-14 15:24:27,0.0,3477741,3477741,1,1,1,1,0,True
130,2025-08-13,2025-08-14 15:45:23,2025-08-14 15:45:23,0.0,3477752,3477752,1,1,1,1,0,True
131,2025-08-13,2025-08-14 15:46:43,2025-08-14 15:46:43,0.0,3477752,3477752,1,1,1,1,0,True
132,2025-08-13,2025-08-14 15:50:59,2025-08-14 15:54:35,216.0,3477754,3477755,2,2,2,2,0,True
133,2025-08-13,2025-08-14 16:04:52,2025-08-14 16:04:52,0.0,3477758,3477758,1,1,1,1,0,True
134,2025-08-13,2025-08-14 16:09:56,2025-08-14 16:12:04,128.0,3477760,3477761,2,2,2,2,0,True
135,2025-08-13,2025-08-14 16:44:12,2025-08-14 16:44:12,0.0,3477787,3477787,1,1,1,1,0,True
136,2025-08-13,2025-08-14 17:15:08,2025-08-14 17:15:08,0.0,3477803,3477803,1,1,1,1,0,True
137,2025-08-13,2025-08-14 17:23:08,2025-08-14 17:23:08,0.0,3477811,3477811,1,1,1,1,0,True
138,2025-08-13,2025-08-14 21:39:06,2025-08-14 21:39:06,0.0,3477985,3477985,1,1,1,0,1,False
139,2025-08-13,2025-08-14 23:10:08,2025-08-14 23:10:08,0.0,3478033,3478033,1,1,1,1,0,True
140,2025-08-13,2025-08-14 23:47:12,2025-08-14 23:47:12,0.0,3478053,3478053,1,1,1,1,0,True
141,2025-08-13,2025-08-15 00:12:24,2025-08-15 00:12:24,0.0,3478068,3478068,1,1,1,1,0,True
142,2025-08-13,2025-08-15 01:43:29,2025-08-15 01:43:29,0.0,3478117,3478117,1,1,1,1,0,True
143,2025-08-13,2025-08-15 02:04:26,2025-08-15 02:04:26,0.0,3478127,3478127,1,1,1,1,0,True
144,2025-08-13,2025-08-15 06:32:28,2025-08-15 06:32:28,0.0,3478263,3478263,1,1,1,1,0,True
145,2025-08-13,2025-08-15 07:43:09,2025-08-15 07:43:09,0.0,3478304,3478304,1,1,1,1,0,True
146,2025-08-13,2025-08-15 10:15:44,2025-08-15 10:15:44,0.0,3478385,3478385,1,1,1,0,1,False
147,2025-08-13,2025-08-16 02:36:42,2025-08-16 02:36:42,0.0,3478782,3478782,1,1,1,1,0,True
148,2025-08-13,2025-08-16 04:34:30,2025-08-16 04:34:30,0.0,3478842,3478842,1,1,1,1,0,True
149,2025-08-13,2025-08-16 06:41:22,2025-08-16 06:41:22,0.0,3478902,3478902,1,1,1,1,0,True
150,2025-08-13,2025-08-16 06:58:28,2025-08-16 06:58:28,0.0,3478909,3478909,1,1,1,0,1,False
151,2025-08-13,2025-08-16 07:38:04,2025-08-16 07:38:04,0.0,3478928,3478928,1,1,1,1,0,True
152,2025-08-13,2025-08-16 12:34:55,2025-08-16 12:34:55,0.0,3479082,3479082,1,1,1,1,0,True
153,2025-08-13,2025-08-16 14:00:55,2025-08-16 14:00:55,0.0,3479141,3479141,1,1,1,1,0,True
154,2025-08-13,2025-08-16 15:21:28,2025-08-16 15:21:28,0.0,3479181,3479181,1,1,1,1,0,True
155,2025-08-13,2025-08-16 16:22:04,2025-08-16 16:23:20,76.0,3479208,3479209,2,2,2,0,2,False
156,2025-08-13,2025-08-16 17:02:49,2025-08-16 17:02:49,0.0,3479222,3479222,1,1,1,1,0,True
157,2025-08-13,2025-08-16 17:11:13,2025-08-16 17:11:13,0.0,3479226,3479226,1,1,1,1,0,True
158,2025-08-13,2025-08-16 17:41:11,2025-08-16 17:41:11,0.0,3479241,3479241,1,1,1,0,1,False
159,2025-08-13,2025-08-16 17:52:47,2025-08-16 17:52:47,0.0,3479250,3479250,1,1,1,0,1,False
160,2025-08-13,2025-08-16 18:43:14,2025-08-16 18:49:23,369.0,3479268,3479271,4,4,4,4,0,True
161,2025-08-13,2025-08-16 22:55:42,2025-08-16 22:55:42,0.0,3479404,3479404,1,1,1,1,0,True
162,2025-08-13,2025-08-16 23:04:16,2025-08-16 23:09:28,312.0,3479406,3479410,5,5,5,0,5,False
163,2025-08-13,2025-08-16 23:17:32,2025-08-16 23:19:04,92.0,3479411,3479412,2,2,2,0,2,False
164,2025-08-13,2025-08-16 23:49:19,2025-08-16 23:49:19,0.0,3479428,3479428,1,1,1,1,0,True
165,2025-08-13,2025-08-17 00:06:56,2025-08-17 00:06:56,0.0,3479436,3479436,1,1,1,0,1,False
166,2025-08-13,2025-08-17 00:30:47,2025-08-17 00:30:47,0.0,3479449,3479449,1,1,1,1,0,True
167,2025-08-13,2025-08-17 00:37:54,2025-08-17 00:37:54,0.0,3479451,3479451,1,1,1,0,1,False
168,2025-08-13,2025-08-17 05:26:58,2025-08-17 05:26:58,0.0,3479601,3479601,1,1,1,1,0,True
169,2025-08-13,2025-08-17 06:07:01,2025-08-17 06:20:06,785.0,3479613,3479620,8,6,6+,0,8,False
170,2025-08-13,2025-08-17 06:38:42,2025-08-17 06:38:42,0.0,3479628,3479628,1,1,1,0,1,False
171,2025-08-13,2025-08-17 08:17:00,2025-08-17 08:17:00,0.0,3479683,3479683,1,1,1,1,0,True
172,2025-08-13,2025-08-17 10:08:37,2025-08-17 10:08:37,0.0,3479750,3479750,1,1,1,1,0,True
173,2025-08-13,2025-08-17 15:01:09,2025-08-17 15:01:09,0.0,3479902,3479902,1,1,1,1,0,True
174,2025-08-13,2025-08-17 15:38:38,2025-08-17 15:38:38,0.0,3479917,3479917,1,1,1,1,0,True
175,2025-08-13,2025-08-17 19:46:52,2025-08-17 19:46:52,0.0,3480040,3480040,1,1,1,1,0,True
176,2025-08-13,2025-08-17 23:12:19,2025-08-17 23:12:19,0.0,3480134,3480134,1,1,1,1,0,True
177,2025-08-13,2025-08-18 04:06:15,2025-08-18 04:06:15,0.0,3480278,3480278,1,1,1,0,1,False
178,2025-08-13,2025-08-18 10:36:41,2025-08-18 10:36:41,0.0,3480471,3480471,1,1,1,1,0,True
179,2025-08-13,2025-08-18 11:28:40,2025-08-18 11:28:40,0.0,3480492,3480492,1,1,1,1,0,True
180,2025-08-13,2025-08-18 11:40:05,2025-08-18 11:40:05,0.0,3480499,3480499,1,1,1,1,0,True
181,2025-08-13,2025-08-18 12:30:01,2025-08-18 12:30:01,0.0,3480526,3480526,1,1,1,0,1,False
182,2025-08-13,2025-08-18 15:09:20,2025-08-18 15:09:20,0.0,3480613,3480613,1,1,1,1,0,True
183,2025-08-13,2025-08-18 15:40:01,2025-08-18 15:40:01,0.0,3480635,3480635,1,1,1,0,1,False
184,2025-08-13,2025-08-18 15:57:12,2025-08-18 15:57:12,0.0,3480644,3480644,1,1,1,1,0,True
185,2025-08-13,2025-08-18 19:27:14,2025-08-18 19:27:14,0.0,3480745,3480745,1,1,1,1,0,True
186,2025-08-13,2025-08-18 19:57:47,2025-08-18 19:57:47,0.0,3480763,3480763,1,1,1,1,0,True
187,2025-08-13,2025-08-18 23:10:04,2025-08-18 23:10:04,0.0,3480837,3480837,1,1,1,1,0,True
188,2025-08-13,2025-08-19 00:07:24,2025-08-19 00:07:24,0.0,3480872,3480872,1,1,1,0,1,False
189,2025-08-13,2025-08-19 01:45:14,2025-08-19 01:45:14,0.0,3480914,3480914,1,1,1,1,0,True
190,2025-08-13,2025-08-19 02:12:18,2025-08-19 02:12:18,0.0,3480929,3480929,1,1,1,1,0,True
191,2025-08-13,2025-08-19 03:04:59,2025-08-19 03:04:59,0.0,3480957,3480957,1,1,1,1,0,True
192,2025-08-13,2025-08-19 04:36:52,2025-08-19 04:36:52,0.0,3481008,3481008,1,1,1,1,0,True
193,2025-08-13,2025-08-19 04:39:32,2025-08-19 04:39:32,0.0,3481013,3481013,1,1,1,1,0,True
194,2025-08-13,2025-08-19 17:22:52,2025-08-19 17:22:52,0.0,3481400,3481400,1,1,1,1,0,True
195,2025-08-13,2025-08-19 18:32:55,2025-08-19 18:32:55,0.0,3481429,3481429,1,1,1,1,0,True
196,2025-08-20,2025-08-20 11:05:16,2025-08-20 11:05:16,0.0,3481928,3481928,1,1,1,0,1,False
197,2025-08-20,2025-08-20 14:14:07,2025-08-20 14:14:07,0.0,3482042,3482042,1,1,1,0,1,False
198,2025-08-20,2025-08-20 15:10:20,2025-08-20 15:10:20,0.0,3482068,3482068,1,1,1,0,1,False
199,2025-08-20,2025-08-20 17:24:47,2025-08-20 17:24:47,0.0,3482134,3482134,1,1,1,1,0,True
200,2025-08-20,2025-08-20 23:26:19,2025-08-20 23:26:19,0.0,3482305,3482305,1,1,1,1,0,True
201,2025-08-20,2025-08-21 03:04:40,2025-08-21 03:04:40,0.0,3482404,3482404,1,1,1,1,0,True
202,2025-08-20,2025-08-21 07:28:48,2025-08-21 07:28:48,0.0,3482519,3482519,1,1,1,0,1,False
203,2025-08-20,2025-08-21 12:50:57,2025-08-21 12:50:57,0.0,3482668,3482668,1,1,1,1,0,True
204,2025-08-20,2025-08-21 14:49:36,2025-08-21 14:49:36,0.0,3482747,3482747,1,1,1,0,1,False
205,2025-08-20,2025-08-21 14:58:47,2025-08-21 14:58:47,0.0,3482750,3482750,1,1,1,0,1,False
206,2025-08-20,2025-08-21 15:24:14,2025-08-21 15:24:14,0.0,3482757,3482757,1,1,1,0,1,False
207,2025-08-20,2025-08-21 15:42:17,2025-08-21 15:42:17,0.0,3482768,3482768,1,1,1,0,1,False
208,2025-08-20,2025-08-21 15:48:49,2025-08-21 15:49:42,53.0,3482771,3482773,3,3,3,0,3,False
209,2025-08-20,2025-08-21 15:51:15,2025-08-21 15:51:15,0.0,3482775,3482775,1,1,1,0,1,False
210,2025-08-20,2025-08-21 16:09:52,2025-08-21 16:09:52,0.0,3482785,3482785,1,1,1,0,1,False
211,2025-08-20,2025-08-21 16:14:25,2025-08-21 16:14:25,0.0,3482789,3482789,1,1,1,0,1,False
212,2025-08-20,2025-08-21 16:16:22,2025-08-21 16:16:22,0.0,3482794,3482794,1,1,1,1,0,True
213,2025-08-20,2025-08-21 16:33:27,2025-08-21 16:33:33,6.0,3482799,3482800,2,2,2,0,2,False
214,2025-08-20,2025-08-21 16:43:50,2025-08-21 16:43:50,0.0,3482809,3482809,1,1,1,0,1,False
215,2025-08-20,2025-08-21 16:50:02,2025-08-21 16:50:02,0.0,3482812,3482812,1,1,1,0,1,False
216,2025-08-20,2025-08-21 17:08:22,2025-08-21 17:08:22,0.0,3482818,3482818,1,1,1,0,1,False
217,2025-08-20,2025-08-21 17:49:19,2025-08-21 17:49:19,0.0,3482833,3482833,1,1,1,0,1,False
218,2025-08-20,2025-08-21 17:55:10,2025-08-21 17:55:10,0.0,3482834,3482834,1,1,1,0,1,False
219,2025-08-20,2025-08-21 18:00:42,2025-08-21 18:06:39,357.0,3482835,3482839,5,5,5,0,5,False
220,2025-08-20,2025-08-21 18:14:36,2025-08-21 18:14:36,0.0,3482844,3482844,1,1,1,0,1,False
221,2025-08-20,2025-08-21 18:24:09,2025-08-21 18:24:09,0.0,3482852,3482852,1,1,1,0,1,False
222,2025-08-20,2025-08-21 18:58:43,2025-08-21 19:00:19,96.0,3482864,3482865,2,2,2,0,2,False
223,2025-08-20,2025-08-21 19:01:35,2025-08-21 19:01:35,0.0,3482867,3482867,1,1,1,1,0,True
224,2025-08-20,2025-08-21 19:33:52,2025-08-21 19:33:52,0.0,3482878,3482878,1,1,1,1,0,True
225,2025-08-20,2025-08-21 19:46:24,2025-08-21 19:46:24,0.0,3482883,3482883,1,1,1,1,0,True
226,2025-08-20,2025-08-21 20:02:40,2025-08-21 20:02:40,0.0,3482893,3482893,1,1,1,1,0,True
227,2025-08-20,2025-08-21 20:24:40,2025-08-21 20:24:40,0.0,3482902,3482902,1,1,1,0,1,False
228,2025-08-20,2025-08-21 20:31:44,2025-08-21 20:31:44,0.0,3482908,3482908,1,1,1,1,0,True
229,2025-08-20,2025-08-21 20:32:48,2025-08-21 20:32:48,0.0,3482911,3482911,1,1,1,1,0,True
230,2025-08-20,2025-08-21 20:50:00,2025-08-21 20:50:00,0.0,3482922,3482922,1,1,1,0,1,False
231,2025-08-20,2025-08-21 21:18:44,2025-08-21 21:18:44,0.0,3482933,3482933,1,1,1,0,1,False
232,2025-08-20,2025-08-21 21:27:34,2025-08-21 21:33:17,343.0,3482934,3482936,3,3,3,0,3,False
233,2025-08-20,2025-08-21 21:38:24,2025-08-21 21:38:24,0.0,3482939,3482939,1,1,1,0,1,False
234,2025-08-20,2025-08-21 21:58:33,2025-08-21 21:58:33,0.0,3482951,3482951,1,1,1,0,1,False
235,2025-08-20,2025-08-21 22:05:45,2025-08-21 22:05:45,0.0,3482955,3482955,1,1,1,1,0,True
236,2025-08-20,2025-08-21 22:38:44,2025-08-21 22:38:44,0.0,3482971,3482971,1,1,1,0,1,False
237,2025-08-20,2025-08-21 23:24:16,2025-08-21 23:24:16,0.0,3482991,3482991,1,1,1,0,1,False
238,2025-08-20,2025-08-21 23:45:50,2025-08-21 23:45:50,0.0,3483002,3483002,1,1,1,0,1,False
239,2025-08-20,2025-08-21 23:54:16,2025-08-21 23:54:16,0.0,3483008,3483008,1,1,1,0,1,False
240,2025-08-20,2025-08-21 23:59:39,2025-08-21 23:59:39,0.0,3483013,3483013,1,1,1,1,0,True
241,2025-08-20,2025-08-22 00:17:05,2025-08-22 00:17:05,0.0,3483020,3483020,1,1,1,0,1,False
242,2025-08-20,2025-08-22 00:41:54,2025-08-22 00:41:54,0.0,3483033,3483033,1,1,1,0,1,False
243,2025-08-20,2025-08-22 00:56:35,2025-08-22 00:56:35,0.0,3483037,3483037,1,1,1,1,0,True
244,2025-08-20,2025-08-22 03:21:55,2025-08-22 03:21:55,0.0,3483112,3483112,1,1,1,0,1,False
245,2025-08-20,2025-08-22 03:23:04,2025-08-22 03:23:04,0.0,3483114,3483114,1,1,1,0,1,False
246,2025-08-20,2025-08-22 03:36:29,2025-08-22 03:36:29,0.0,3483120,3483120,1,1,1,1,0,True
247,2025-08-20,2025-08-22 18:25:31,2025-08-22 18:25:31,0.0,3483586,3483586,1,1,1,1,0,True
248,2025-08-20,2025-08-23 00:17:52,2025-08-23 00:17:52,0.0,3483732,3483732,1,1,1,0,1,False
249,2025-08-20,2025-08-23 15:58:19,2025-08-23 15:58:19,0.0,3484201,3484201,1,1,1,1,0,True
250,2025-08-20,2025-08-23 16:07:44,2025-08-23 16:07:44,0.0,3484207,3484207,1,1,1,0,1,False
251,2025-08-20,2025-08-23 16:18:51,2025-08-23 16:18:51,0.0,3484213,3484213,1,1,1,1,0,True
252,2025-08-20,2025-08-23 19:47:04,2025-08-23 19:47:04,0.0,3484332,3484332,1,1,1,1,0,True
253,2025-08-20,2025-08-23 20:58:00,2025-08-23 20:58:00,0.0,3484374,3484374,1,1,1,1,0,True
254,2025-08-20,2025-08-23 22:19:36,2025-08-23 22:19:36,0.0,3484409,3484409,1,1,1,0,1,False
255,2025-08-20,2025-08-24 04:08:14,2025-08-24 04:08:14,0.0,3484615,3484615,1,1,1,1,0,True
256,2025-08-20,2025-08-24 08:14:48,2025-08-24 08:14:48,0.0,3484732,3484732,1,1,1,1,0,True
257,2025-08-20,2025-08-24 10:09:29,2025-08-24 10:09:29,0.0,3484790,3484790,1,1,1,1,0,True
258,2025-08-20,2025-08-24 13:27:11,2025-08-24 13:27:11,0.0,3484878,3484878,1,1,1,0,1,False
259,2025-08-20,2025-08-25 08:52:21,2025-08-25 08:53:25,64.0,3485391,3485392,2,2,2,2,0,True
260,2025-08-20,2025-08-25 10:38:39,2025-08-25 10:38:39,0.0,3485448,3485448,1,1,1,1,0,True
261,2025-08-20,2025-08-25 12:23:13,2025-08-25 12:23:13,0.0,3485508,3485508,1,1,1,0,1,False
262,2025-08-20,2025-08-25 15:16:26,2025-08-25 15:16:26,0.0,3485604,3485604,1,1,1,0,1,False
263,2025-08-20,2025-08-25 15:57:56,2025-08-25 15:57:56,0.0,3485633,3485633,1,1,1,1,0,True
264,2025-08-20,2025-08-25 16:36:05,2025-08-25 16:36:05,0.0,3485655,3485655,1,1,1,1,0,True
265,2025-08-20,2025-08-25 16:57:52,2025-08-25 16:57:52,0.0,3485664,3485664,1,1,1,0,1,False
266,2025-08-20,2025-08-25 17:15:54,2025-08-25 17:15:54,0.0,3485673,3485673,1,1,1,0,1,False
267,2025-08-20,2025-08-25 17:56:25,2025-08-25 17:56:25,0.0,3485691,3485691,1,1,1,1,0,True
268,2025-08-20,2025-08-25 18:13:44,2025-08-25 18:13:51,7.0,3485698,3485699,2,2,2,0,2,False
269,2025-08-20,2025-08-25 18:25:02,2025-08-25 18:25:02,0.0,3485704,3485704,1,1,1,0,1,False
270,2025-08-20,2025-08-25 18:34:32,2025-08-25 18:34:32,0.0,3485706,3485706,1,1,1,0,1,False
271,2025-08-20,2025-08-25 18:39:55,2025-08-25 18:46:21,386.0,3485708,3485710,3,3,3,0,3,False
272,2025-08-20,2025-08-25 18:52:03,2025-08-25 18:56:48,285.0,3485711,3485716,6,6,6+,0,6,False
273,2025-08-20,2025-08-25 19:00:29,2025-08-25 19:00:29,0.0,3485721,3485721,1,1,1,0,1,False
274,2025-08-20,2025-08-25 19:02:32,2025-08-25 19:02:32,0.0,3485723,3485723,1,1,1,0,1,False
275,2025-08-20,2025-08-25 19:11:20,2025-08-25 19:12:15,55.0,3485726,3485727,2,2,2,0,2,False
276,2025-08-20,2025-08-25 19:20:28,2025-08-25 19:27:58,450.0,3485728,3485734,7,6,6+,0,7,False
277,2025-08-20,2025-08-25 19:33:56,2025-08-25 19:33:56,0.0,3485736,3485736,1,1,1,1,0,True
278,2025-08-20,2025-08-25 19:48:25,2025-08-25 19:49:11,46.0,3485742,3485743,2,2,2,0,2,False
279,2025-08-20,2025-08-25 19:53:15,2025-08-25 19:53:15,0.0,3485747,3485747,1,1,1,1,0,True
280,2025-08-20,2025-08-25 20:07:32,2025-08-25 20:11:18,226.0,3485749,3485751,3,3,3,0,3,False
281,2025-08-20,2025-08-25 20:15:58,2025-08-25 20:15:58,0.0,3485756,3485756,1,1,1,1,0,True
282,2025-08-20,2025-08-25 20:28:58,2025-08-25 20:29:24,26.0,3485759,3485760,2,2,2,0,2,False
283,2025-08-20,2025-08-25 20:34:41,2025-08-25 20:34:41,0.0,3485764,3485764,1,1,1,0,1,False
284,2025-08-20,2025-08-25 20:35:05,2025-08-25 20:35:05,0.0,3485767,3485767,1,1,1,1,0,True
285,2025-08-20,2025-08-25 20:42:16,2025-08-25 20:42:16,0.0,3485771,3485771,1,1,1,1,0,True
286,2025-08-20,2025-08-25 20:54:01,2025-08-25 20:54:01,0.0,3485777,3485777,1,1,1,1,0,True
287,2025-08-20,2025-08-25 21:00:17,2025-08-25 21:08:28,491.0,3485779,3485782,4,4,4,4,0,True
288,2025-08-20,2025-08-25 21:13:51,2025-08-25 21:13:51,0.0,3485784,3485784,1,1,1,1,0,True
289,2025-08-20,2025-08-25 21:23:38,2025-08-25 21:23:38,0.0,3485787,3485787,1,1,1,0,1,False
290,2025-08-20,2025-08-25 21:32:41,2025-08-25 21:32:41,0.0,3485791,3485791,1,1,1,0,1,False
291,2025-08-20,2025-08-25 21:35:41,2025-08-25 21:35:41,0.0,3485794,3485794,1,1,1,0,1,False
292,2025-08-20,2025-08-25 21:48:02,2025-08-25 21:48:02,0.0,3485799,3485799,1,1,1,0,1,False
293,2025-08-20,2025-08-25 21:57:27,2025-08-25 21:57:27,0.0,3485801,3485801,1,1,1,1,0,True
294,2025-08-20,2025-08-25 22:09:52,2025-08-25 22:09:52,0.0,3485804,3485804,1,1,1,1,0,True
295,2025-08-20,2025-08-25 22:18:52,2025-08-25 22:18:52,0.0,3485806,3485806,1,1,1,0,1,False
296,2025-08-20,2025-08-25 22:34:38,2025-08-25 22:34:38,0.0,3485808,3485808,1,1,1,0,1,False
297,2025-08-20,2025-08-25 22:41:01,2025-08-25 22:51:05,604.0,3485809,3485814,6,6,6+,0,6,False
298,2025-08-20,2025-08-25 23:02:02,2025-08-25 23:04:48,166.0,3485815,3485816,2,2,2,0,2,False
299,2025-08-20,2025-08-25 23:05:07,2025-08-25 23:05:07,0.0,3485824,3485824,1,1,1,1,0,True
300,2025-08-20,2025-08-25 23:12:51,2025-08-25 23:12:51,0.0,3485828,3485828,1,1,1,1,0,True
301,2025-08-20,2025-08-25 23:16:43,2025-08-25 23:16:43,0.0,3485831,3485831,1,1,1,0,1,False
302,2025-08-20,2025-08-25 23:22:17,2025-08-25 23:22:17,0.0,3485834,3485834,1,1,1,0,1,False
303,2025-08-20,2025-08-25 23:28:00,2025-08-25 23:34:28,388.0,3485835,3485838,4,4,4,0,4,False
304,2025-08-20,2025-08-25 23:41:52,2025-08-25 23:41:52,0.0,3485843,3485843,1,1,1,0,1,False
305,2025-08-20,2025-08-25 23:48:44,2025-08-25 23:48:44,0.0,3485847,3485847,1,1,1,0,1,False
306,2025-08-20,2025-08-25 23:56:35,2025-08-25 23:59:07,152.0,3485850,3485851,2,2,2,0,2,False
307,2025-08-20,2025-08-26 00:02:40,2025-08-26 00:02:40,0.0,3485853,3485853,1,1,1,1,0,True
308,2025-08-20,2025-08-26 00:07:34,2025-08-26 00:07:34,0.0,3485856,3485856,1,1,1,1,0,True
309,2025-08-20,2025-08-26 00:12:48,2025-08-26 00:12:48,0.0,3485861,3485861,1,1,1,0,1,False
310,2025-08-20,2025-08-26 00:21:47,2025-08-26 00:21:47,0.0,3485863,3485863,1,1,1,0,1,False
311,2025-08-20,2025-08-26 00:26:10,2025-08-26 00:26:10,0.0,3485866,3485866,1,1,1,1,0,True
312,2025-08-20,2025-08-26 00:27:58,2025-08-26 00:27:58,0.0,3485868,3485868,1,1,1,0,1,False
313,2025-08-20,2025-08-26 00:34:51,2025-08-26 00:35:13,22.0,3485870,3485871,2,2,2,0,2,False
314,2025-08-20,2025-08-26 00:40:12,2025-08-26 00:40:12,0.0,3485873,3485873,1,1,1,0,1,False
315,2025-08-20,2025-08-26 00:47:34,2025-08-26 00:47:34,0.0,3485876,3485876,1,1,1,1,0,True
316,2025-08-20,2025-08-26 00:51:24,2025-08-26 00:51:24,0.0,3485878,3485878,1,1,1,0,1,False
317,2025-08-20,2025-08-26 01:01:30,2025-08-26 01:01:30,0.0,3485887,3485887,1,1,1,1,0,True
318,2025-08-20,2025-08-26 01:15:58,2025-08-26 01:15:58,0.0,3485893,3485893,1,1,1,1,0,True
319,2025-08-20,2025-08-26 01:32:37,2025-08-26 01:32:37,0.0,3485904,3485904,1,1,1,1,0,True
320,2025-08-20,2025-08-26 01:40:30,2025-08-26 01:41:30,60.0,3485908,3485909,2,2,2,0,2,False
321,2025-08-20,2025-08-26 01:44:14,2025-08-26 01:44:42,28.0,3485911,3485912,2,2,2,2,0,True
322,2025-08-20,2025-08-26 02:15:49,2025-08-26 02:15:49,0.0,3485929,3485929,1,1,1,1,0,True
323,2025-08-20,2025-08-26 02:20:13,2025-08-26 02:20:13,0.0,3485931,3485931,1,1,1,1,0,True
324,2025-08-20,2025-08-26 02:26:03,2025-08-26 02:26:03,0.0,3485933,3485933,1,1,1,1,0,True
325,2025-08-20,2025-08-26 02:33:13,2025-08-26 02:34:50,97.0,3485934,3485935,2,2,2,2,0,True
326,2025-08-20,2025-08-26 02:45:56,2025-08-26 02:45:56,0.0,3485942,3485942,1,1,1,0,1,False
327,2025-08-20,2025-08-26 02:51:12,2025-08-26 02:51:12,0.0,3485948,3485948,1,1,1,0,1,False
328,2025-08-20,2025-08-26 02:58:55,2025-08-26 02:58:55,0.0,3485952,3485952,1,1,1,1,0,True
329,2025-08-20,2025-08-26 03:02:22,2025-08-26 03:02:22,0.0,3485954,3485954,1,1,1,1,0,True
330,2025-08-20,2025-08-26 03:22:22,2025-08-26 03:22:22,0.0,3485961,3485961,1,1,1,0,1,False
331,2025-08-20,2025-08-26 03:29:26,2025-08-26 03:43:44,858.0,3485963,3485967,5,5,5,0,5,False
332,2025-08-20,2025-08-26 03:52:48,2025-08-26 03:53:50,62.0,3485968,3485969,2,2,2,0,2,False
333,2025-08-20,2025-08-26 03:58:57,2025-08-26 04:01:12,135.0,3485970,3485971,2,2,2,0,2,False
334,2025-08-20,2025-08-26 04:08:39,2025-08-26 04:08:39,0.0,3485976,3485976,1,1,1,0,1,False
335,2025-08-20,2025-08-26 04:18:25,2025-08-26 04:18:25,0.0,3485983,3485983,1,1,1,1,0,True
336,2025-08-20,2025-08-26 04:24:27,2025-08-26 04:24:27,0.0,3485987,3485987,1,1,1,0,1,False
337,2025-08-20,2025-08-26 04:34:57,2025-08-26 04:34:57,0.0,3485989,3485989,1,1,1,0,1,False
338,2025-08-20,2025-08-26 04:43:06,2025-08-26 04:43:06,0.0,3485992,3485992,1,1,1,1,0,True
339,2025-08-20,2025-08-26 04:51:22,2025-08-26 04:51:22,0.0,3485994,3485994,1,1,1,0,1,False
340,2025-08-20,2025-08-26 04:54:30,2025-08-26 04:54:30,0.0,3485997,3485997,1,1,1,1,0,True
341,2025-08-20,2025-08-26 05:08:15,2025-08-26 05:08:15,0.0,3486002,3486002,1,1,1,1,0,True
342,2025-08-20,2025-08-26 05:14:49,2025-08-26 05:14:57,8.0,3486004,3486005,2,2,2,0,2,False
343,2025-08-20,2025-08-26 05:17:55,2025-08-26 05:17:55,0.0,3486008,3486008,1,1,1,1,0,True
344,2025-08-20,2025-08-26 05:22:59,2025-08-26 05:22:59,0.0,3486010,3486010,1,1,1,0,1,False
345,2025-08-20,2025-08-26 05:47:41,2025-08-26 05:47:41,0.0,3486023,3486023,1,1,1,1,0,True
346,2025-08-20,2025-08-26 05:52:35,2025-08-26 05:52:35,0.0,3486025,3486025,1,1,1,1,0,True
347,2025-08-20,2025-08-26 06:01:49,2025-08-26 06:01:49,0.0,3486032,3486032,1,1,1,0,1,False
348,2025-08-20,2025-08-26 06:19:38,2025-08-26 06:19:38,0.0,3486039,3486039,1,1,1,1,0,True
349,2025-08-20,2025-08-26 06:31:32,2025-08-26 06:31:32,0.0,3486048,3486048,1,1,1,1,0,True
350,2025-08-20,2025-08-26 06:37:57,2025-08-26 06:37:57,0.0,3486050,3486050,1,1,1,1,0,True
351,2025-08-20,2025-08-26 06:47:14,2025-08-26 06:47:14,0.0,3486056,3486056,1,1,1,1,0,True
352,2025-08-20,2025-08-26 06:50:01,2025-08-26 06:50:01,0.0,3486061,3486061,1,1,1,1,0,True
353,2025-08-20,2025-08-26 07:00:16,2025-08-26 07:00:16,0.0,3486069,3486069,1,1,1,1,0,True
354,2025-08-20,2025-08-26 07:06:52,2025-08-26 07:06:52,0.0,3486071,3486071,1,1,1,1,0,True
355,2025-08-20,2025-08-26 07:20:58,2025-08-26 07:20:58,0.0,3486073,3486073,1,1,1,0,1,False
356,2025-08-20,2025-08-26 11:29:27,2025-08-26 11:29:27,0.0,3486239,3486239,1,1,1,1,0,True
357,2025-08-27,2025-08-27 14:36:40,2025-08-27 14:36:40,0.0,3486980,3486980,1,1,1,1,0,True
358,2025-08-27,2025-08-27 16:04:24,2025-08-27 16:04:24,0.0,3487024,3487024,1,1,1,0,1,False
359,2025-08-27,2025-08-28 00:24:53,2025-08-28 00:24:53,0.0,3487257,3487257,1,1,1,0,1,False
360,2025-08-27,2025-08-28 00:32:17,2025-08-28 00:33:07,50.0,3487261,3487262,2,2,2,2,0,True
361,2025-08-27,2025-08-28 01:23:58,2025-08-28 01:23:58,0.0,3487278,3487278,1,1,1,0,1,False
362,2025-08-27,2025-08-28 01:24:49,2025-08-28 01:24:49,0.0,3487280,3487280,1,1,1,1,0,True
363,2025-08-27,2025-08-28 01:33:46,2025-08-28 01:33:46,0.0,3487285,3487285,1,1,1,1,0,True
364,2025-08-27,2025-08-28 01:40:02,2025-08-28 01:40:02,0.0,3487287,3487287,1,1,1,0,1,False
365,2025-08-27,2025-08-28 01:52:03,2025-08-28 01:52:03,0.0,3487291,3487291,1,1,1,0,1,False
366,2025-08-27,2025-08-28 02:36:23,2025-08-28 02:36:23,0.0,3487310,3487310,1,1,1,1,0,True
367,2025-08-27,2025-08-28 02:40:47,2025-08-28 02:40:47,0.0,3487314,3487314,1,1,1,1,0,True
368,2025-08-27,2025-08-28 02:44:29,2025-08-28 02:44:29,0.0,3487316,3487316,1,1,1,1,0,True
369,2025-08-27,2025-08-28 11:52:29,2025-08-28 11:52:29,0.0,3487637,3487637,1,1,1,0,1,False
370,2025-08-27,2025-08-28 12:09:38,2025-08-28 12:09:38,0.0,3487648,3487648,1,1,1,0,1,False
371,2025-08-27,2025-08-28 12:13:04,2025-08-28 12:13:04,0.0,3487651,3487651,1,1,1,1,0,True
372,2025-08-27,2025-08-28 12:26:26,2025-08-28 12:26:26,0.0,3487658,3487658,1,1,1,0,1,False
373,2025-08-27,2025-08-28 12:30:15,2025-08-28 12:30:15,0.0,3487661,3487661,1,1,1,1,0,True
374,2025-08-27,2025-08-28 12:36:05,2025-08-28 12:36:05,0.0,3487663,3487663,1,1,1,0,1,False
375,2025-08-27,2025-08-28 12:43:42,2025-08-28 12:43:42,0.0,3487666,3487666,1,1,1,0,1,False
376,2025-08-27,2025-08-28 12:46:45,2025-08-28 12:46:45,0.0,3487669,3487669,1,1,1,1,0,True
377,2025-08-27,2025-08-28 12:57:03,2025-08-28 12:57:03,0.0,3487677,3487677,1,1,1,1,0,True
378,2025-08-27,2025-08-28 13:06:47,2025-08-28 13:06:47,0.0,3487681,3487681,1,1,1,1,0,True
379,2025-08-27,2025-08-28 13:18:59,2025-08-28 13:23:44,285.0,3487683,3487684,2,2,2,0,2,False
380,2025-08-27,2025-08-28 13:38:28,2025-08-28 13:41:22,174.0,3487689,3487692,4,4,4,0,4,False
381,2025-08-27,2025-08-28 14:03:12,2025-08-28 14:03:12,0.0,3487703,3487703,1,1,1,1,0,True
382,2025-08-27,2025-08-28 14:14:11,2025-08-28 14:14:11,0.0,3487709,3487709,1,1,1,1,0,True
383,2025-08-27,2025-08-28 14:17:02,2025-08-28 14:17:02,0.0,3487711,3487711,1,1,1,1,0,True
384,2025-08-27,2025-08-28 14:27:44,2025-08-28 14:27:44,0.0,3487714,3487714,1,1,1,1,0,True
385,2025-08-27,2025-08-28 14:53:54,2025-08-28 14:54:55,61.0,3487726,3487727,2,2,2,0,2,False
386,2025-08-27,2025-08-28 15:00:19,2025-08-28 15:02:37,138.0,3487729,3487730,2,2,2,2,0,True
387,2025-08-27,2025-08-28 15:21:38,2025-08-28 15:21:38,0.0,3487740,3487740,1,1,1,0,1,False
388,2025-08-27,2025-08-28 15:39:58,2025-08-28 15:39:58,0.0,3487743,3487743,1,1,1,0,1,False
389,2025-08-27,2025-08-28 15:46:22,2025-08-28 15:46:22,0.0,3487749,3487749,1,1,1,1,0,True
390,2025-08-27,2025-08-28 15:52:07,2025-08-28 15:52:07,0.0,3487752,3487752,1,1,1,1,0,True
391,2025-08-27,2025-08-28 15:54:21,2025-08-28 15:54:21,0.0,3487754,3487754,1,1,1,0,1,False
392,2025-08-27,2025-08-28 16:04:52,2025-08-28 16:04:52,0.0,3487757,3487757,1,1,1,0,1,False
393,2025-08-27,2025-08-28 16:06:21,2025-08-28 16:06:21,0.0,3487759,3487759,1,1,1,1,0,True
394,2025-08-27,2025-08-28 16:10:56,2025-08-28 16:10:56,0.0,3487762,3487762,1,1,1,0,1,False
395,2025-08-27,2025-08-28 16:25:28,2025-08-28 16:25:28,0.0,3487769,3487769,1,1,1,1,0,True
396,2025-08-27,2025-08-28 16:33:39,2025-08-28 16:33:39,0.0,3487774,3487774,1,1,1,1,0,True
397,2025-08-27,2025-08-28 16:48:33,2025-08-28 16:50:41,128.0,3487776,3487778,3,3,3,0,3,False
398,2025-08-27,2025-08-28 16:58:57,2025-08-28 16:58:57,0.0,3487784,3487784,1,1,1,0,1,False
399,2025-08-27,2025-08-28 17:07:44,2025-08-28 17:07:44,0.0,3487789,3487789,1,1,1,1,0,True
400,2025-08-27,2025-08-28 17:19:57,2025-08-28 17:23:13,196.0,3487791,3487793,3,3,3,0,3,False
401,2025-08-27,2025-08-28 17:27:28,2025-08-28 17:27:28,0.0,3487798,3487798,1,1,1,1,0,True
402,2025-08-27,2025-08-28 17:31:58,2025-08-28 17:31:58,0.0,3487800,3487800,1,1,1,0,1,False
403,2025-08-27,2025-08-28 17:39:50,2025-08-28 17:40:23,33.0,3487802,3487803,2,2,2,0,2,False
404,2025-08-27,2025-08-28 17:43:49,2025-08-28 17:43:49,0.0,3487805,3487805,1,1,1,0,1,False
405,2025-08-27,2025-08-28 17:49:49,2025-08-28 17:49:49,0.0,3487807,3487807,1,1,1,0,1,False
406,2025-08-27,2025-08-28 17:53:29,2025-08-28 17:53:29,0.0,3487810,3487810,1,1,1,0,1,False
407,2025-08-27,2025-08-28 18:00:59,2025-08-28 18:00:59,0.0,3487815,3487815,1,1,1,1,0,True
408,2025-08-27,2025-08-28 18:03:01,2025-08-28 18:03:01,0.0,3487817,3487817,1,1,1,1,0,True
409,2025-08-27,2025-08-28 18:23:36,2025-08-28 18:23:36,0.0,3487823,3487823,1,1,1,0,1,False
410,2025-08-27,2025-08-28 18:24:42,2025-08-28 18:24:42,0.0,3487825,3487825,1,1,1,0,1,False
411,2025-08-27,2025-08-28 18:40:57,2025-08-28 18:40:57,0.0,3487836,3487836,1,1,1,1,0,True
412,2025-08-27,2025-08-28 18:48:39,2025-08-28 18:48:39,0.0,3487839,3487839,1,1,1,0,1,False
413,2025-08-27,2025-08-28 19:01:07,2025-08-28 19:01:07,0.0,3487847,3487847,1,1,1,1,0,True
414,2025-08-27,2025-08-28 19:07:21,2025-08-28 19:07:21,0.0,3487850,3487850,1,1,1,1,0,True
415,2025-08-27,2025-08-28 19:11:36,2025-08-28 19:11:36,0.0,3487853,3487853,1,1,1,0,1,False
416,2025-08-27,2025-08-28 19:14:53,2025-08-28 19:14:53,0.0,3487855,3487855,1,1,1,0,1,False
417,2025-08-27,2025-08-28 19:17:30,2025-08-28 19:17:30,0.0,3487858,3487858,1,1,1,0,1,False
418,2025-08-27,2025-08-28 19:25:57,2025-08-28 19:25:57,0.0,3487859,3487859,1,1,1,0,1,False
419,2025-08-27,2025-08-28 19:34:09,2025-08-28 19:34:09,0.0,3487867,3487867,1,1,1,0,1,False
420,2025-08-27,2025-08-28 19:35:06,2025-08-28 19:35:06,0.0,3487869,3487869,1,1,1,1,0,True
421,2025-08-27,2025-08-28 19:39:58,2025-08-28 19:39:58,0.0,3487872,3487872,1,1,1,1,0,True
422,2025-08-27,2025-08-28 19:43:59,2025-08-28 19:43:59,0.0,3487874,3487874,1,1,1,1,0,True
423,2025-08-27,2025-08-28 19:52:12,2025-08-28 19:52:12,0.0,3487879,3487879,1,1,1,1,0,True
424,2025-08-27,2025-08-28 19:59:39,2025-08-28 19:59:39,0.0,3487882,3487882,1,1,1,1,0,True
425,2025-08-27,2025-08-28 20:07:11,2025-08-28 20:07:11,0.0,3487884,3487884,1,1,1,0,1,False
426,2025-08-27,2025-08-28 20:10:33,2025-08-28 20:10:33,0.0,3487886,3487886,1,1,1,0,1,False
427,2025-08-27,2025-08-28 20:24:55,2025-08-28 20:24:55,0.0,3487893,3487893,1,1,1,0,1,False
428,2025-08-27,2025-08-28 20:30:11,2025-08-28 20:30:11,0.0,3487895,3487895,1,1,1,0,1,False
429,2025-08-27,2025-08-28 20:31:02,2025-08-28 20:31:02,0.0,3487897,3487897,1,1,1,1,0,True
430,2025-08-27,2025-08-28 20:36:39,2025-08-28 20:36:39,0.0,3487899,3487899,1,1,1,0,1,False
431,2025-08-27,2025-08-28 20:39:42,2025-08-28 20:39:42,0.0,3487903,3487903,1,1,1,1,0,True
432,2025-08-27,2025-08-28 20:46:00,2025-08-28 20:46:00,0.0,3487905,3487905,1,1,1,0,1,False
433,2025-08-27,2025-08-28 20:50:26,2025-08-28 20:50:26,0.0,3487909,3487909,1,1,1,1,0,True
434,2025-08-27,2025-08-28 21:02:13,2025-08-28 21:02:13,0.0,3487914,3487914,1,1,1,1,0,True
435,2025-08-27,2025-08-28 21:13:33,2025-08-28 21:13:33,0.0,3487917,3487917,1,1,1,0,1,False
436,2025-08-27,2025-08-28 21:22:19,2025-08-28 21:22:19,0.0,3487920,3487920,1,1,1,0,1,False
437,2025-08-27,2025-08-28 21:33:09,2025-08-28 21:33:09,0.0,3487924,3487924,1,1,1,1,0,True
438,2025-08-27,2025-08-28 21:40:59,2025-08-28 21:40:59,0.0,3487926,3487926,1,1,1,0,1,False
439,2025-08-27,2025-08-28 21:50:04,2025-08-28 21:50:04,0.0,3487933,3487933,1,1,1,1,0,True
440,2025-08-27,2025-08-28 22:00:43,2025-08-28 22:00:43,0.0,3487938,3487938,1,1,1,1,0,True
441,2025-08-27,2025-08-28 22:16:40,2025-08-28 22:16:40,0.0,3487943,3487943,1,1,1,0,1,False
442,2025-08-27,2025-08-28 22:22:33,2025-08-28 22:22:33,0.0,3487947,3487947,1,1,1,0,1,False
443,2025-08-27,2025-08-28 22:26:17,2025-08-28 22:26:17,0.0,3487949,3487949,1,1,1,1,0,True
444,2025-08-27,2025-08-28 22:31:54,2025-08-28 22:31:54,0.0,3487954,3487954,1,1,1,1,0,True
445,2025-08-27,2025-08-28 22:47:43,2025-08-28 22:47:43,0.0,3487959,3487959,1,1,1,0,1,False
446,2025-08-27,2025-08-28 22:52:48,2025-08-28 22:52:48,0.0,3487961,3487961,1,1,1,0,1,False
447,2025-08-27,2025-08-28 22:58:34,2025-08-28 23:01:44,190.0,3487962,3487964,3,3,3,0,3,False
448,2025-08-27,2025-08-28 23:04:58,2025-08-28 23:04:58,0.0,3487968,3487968,1,1,1,0,1,False
449,2025-08-27,2025-08-28 23:08:13,2025-08-28 23:08:13,0.0,3487974,3487974,1,1,1,0,1,False
450,2025-08-27,2025-08-28 23:23:22,2025-08-28 23:23:22,0.0,3487978,3487978,1,1,1,1,0,True
451,2025-08-27,2025-08-28 23:27:09,2025-08-28 23:27:09,0.0,3487980,3487980,1,1,1,1,0,True
452,2025-08-27,2025-08-28 23:30:38,2025-08-28 23:30:38,0.0,3487982,3487982,1,1,1,0,1,False
453,2025-08-27,2025-08-28 23:41:18,2025-08-28 23:41:29,11.0,3487987,3487988,2,2,2,0,2,False
454,2025-08-27,2025-08-28 23:48:04,2025-08-28 23:48:04,0.0,3487992,3487992,1,1,1,1,0,True
455,2025-08-27,2025-08-29 00:03:21,2025-08-29 00:03:21,0.0,3487994,3487994,1,1,1,0,1,False
456,2025-08-27,2025-08-29 00:15:33,2025-08-29 00:15:55,22.0,3487998,3487999,2,2,2,0,2,False
457,2025-08-27,2025-08-29 00:26:15,2025-08-29 00:26:15,0.0,3488001,3488001,1,1,1,0,1,False
458,2025-08-27,2025-08-29 00:41:15,2025-08-29 00:41:15,0.0,3488003,3488003,1,1,1,0,1,False
459,2025-08-27,2025-08-29 00:50:17,2025-08-29 00:50:17,0.0,3488012,3488012,1,1,1,1,0,True
460,2025-08-27,2025-08-29 00:58:41,2025-08-29 00:58:41,0.0,3488015,3488015,1,1,1,0,1,False
461,2025-08-27,2025-08-29 00:59:36,2025-08-29 00:59:36,0.0,3488017,3488017,1,1,1,1,0,True
462,2025-08-27,2025-08-29 01:03:01,2025-08-29 01:03:01,0.0,3488020,3488020,1,1,1,1,0,True
463,2025-08-27,2025-08-29 01:22:08,2025-08-29 01:22:08,0.0,3488026,3488026,1,1,1,0,1,False
464,2025-08-27,2025-08-29 01:30:37,2025-08-29 01:30:37,0.0,3488028,3488028,1,1,1,0,1,False
465,2025-08-27,2025-08-29 01:36:53,2025-08-29 01:36:53,0.0,3488032,3488032,1,1,1,1,0,True
466,2025-08-27,2025-08-29 01:51:02,2025-08-29 01:51:02,0.0,3488036,3488036,1,1,1,0,1,False
467,2025-08-27,2025-08-29 01:53:10,2025-08-29 01:53:10,0.0,3488040,3488040,1,1,1,0,1,False
468,2025-08-27,2025-08-29 02:04:24,2025-08-29 02:04:24,0.0,3488045,3488045,1,1,1,1,0,True
469,2025-08-27,2025-08-29 02:08:39,2025-08-29 02:08:39,0.0,3488047,3488047,1,1,1,1,0,True
470,2025-08-27,2025-08-29 02:15:52,2025-08-29 02:15:52,0.0,3488051,3488051,1,1,1,0,1,False
471,2025-08-27,2025-08-29 02:24:44,2025-08-29 02:24:44,0.0,3488057,3488057,1,1,1,1,0,True
472,2025-08-27,2025-08-29 02:26:54,2025-08-29 02:26:54,0.0,3488057,3488057,1,1,1,0,1,False
473,2025-08-27,2025-08-29 02:33:54,2025-08-29 02:33:54,0.0,3488059,3488059,1,1,1,0,1,False
474,2025-08-27,2025-08-29 02:40:43,2025-08-29 02:48:17,454.0,3488063,3488066,4,4,4,4,0,True
475,2025-08-27,2025-08-29 03:06:19,2025-08-29 03:06:58,39.0,3488075,3488076,2,2,2,0,2,False
476,2025-08-27,2025-08-29 03:08:54,2025-08-29 03:08:54,0.0,3488078,3488078,1,1,1,0,1,False
477,2025-08-27,2025-08-29 03:12:25,2025-08-29 03:12:25,0.0,3488080,3488080,1,1,1,0,1,False
478,2025-08-27,2025-08-29 03:17:20,2025-08-29 03:17:20,0.0,3488083,3488083,1,1,1,1,0,True
479,2025-08-27,2025-08-29 03:47:00,2025-08-29 03:47:00,0.0,3488092,3488092,1,1,1,1,0,True
480,2025-08-27,2025-08-29 03:55:04,2025-08-29 03:55:04,0.0,3488094,3488094,1,1,1,0,1,False
481,2025-08-27,2025-08-29 03:59:03,2025-08-29 03:59:03,0.0,3488097,3488097,1,1,1,1,0,True
482,2025-08-27,2025-08-29 04:05:33,2025-08-29 04:05:33,0.0,3488101,3488101,1,1,1,1,0,True
483,2025-08-27,2025-08-29 04:12:42,2025-08-29 04:12:42,0.0,3488104,3488104,1,1,1,1,0,True
484,2025-08-27,2025-08-29 04:36:59,2025-08-29 04:36:59,0.0,3488111,3488111,1,1,1,1,0,True
485,2025-08-27,2025-08-29 04:43:39,2025-08-29 04:43:39,0.0,3488113,3488113,1,1,1,1,0,True
486,2025-08-27,2025-08-29 04:50:29,2025-08-29 04:50:29,0.0,3488116,3488116,1,1,1,1,0,True
487,2025-08-27,2025-08-29 04:59:24,2025-08-29 04:59:24,0.0,3488118,3488118,1,1,1,1,0,True
488,2025-08-27,2025-08-29 05:03:46,2025-08-29 05:03:46,0.0,3488120,3488120,1,1,1,1,0,True
489,2025-08-27,2025-08-29 05:17:47,2025-08-29 05:17:47,0.0,3488125,3488125,1,1,1,0,1,False
490,2025-08-27,2025-08-29 05:18:52,2025-08-29 05:18:52,0.0,3488127,3488127,1,1,1,0,1,False
491,2025-08-27,2025-08-29 05:37:32,2025-08-29 05:45:07,455.0,3488136,3488140,5,5,5,0,5,False
492,2025-08-27,2025-08-29 05:48:18,2025-08-29 05:48:18,0.0,3488145,3488145,1,1,1,0,1,False
493,2025-08-27,2025-08-29 05:50:51,2025-08-29 05:50:51,0.0,3488147,3488147,1,1,1,0,1,False
494,2025-08-27,2025-08-29 05:56:25,2025-08-29 05:56:25,0.0,3488149,3488149,1,1,1,0,1,False
495,2025-08-27,2025-08-29 06:05:08,2025-08-29 06:05:08,0.0,3488151,3488151,1,1,1,0,1,False
496,2025-08-27,2025-08-29 06:05:27,2025-08-29 06:05:27,0.0,3488153,3488153,1,1,1,1,0,True
497,2025-08-27,2025-08-29 06:20:17,2025-08-29 06:20:17,0.0,3488160,3488160,1,1,1,0,1,False
498,2025-08-27,2025-08-29 06:25:02,2025-08-29 06:25:02,0.0,3488164,3488164,1,1,1,1,0,True
499,2025-08-27,2025-08-29 06:59:54,2025-08-29 06:59:54,0.0,3488183,3488183,1,1,1,0,1,False
500,2025-08-27,2025-08-29 07:03:56,2025-08-29 07:03:56,0.0,3488188,3488188,1,1,1,1,0,True
501,2025-08-27,2025-08-29 07:41:50,2025-08-29 07:42:02,12.0,3488205,3488206,2,2,2,0,2,False
502,2025-08-27,2025-08-29 07:49:00,2025-08-29 07:49:00,0.0,3488208,3488208,1,1,1,0,1,False
503,2025-08-27,2025-08-29 07:54:40,2025-08-29 07:54:40,0.0,3488212,3488212,1,1,1,1,0,True
504,2025-08-27,2025-08-29 07:57:08,2025-08-29 07:57:08,0.0,3488214,3488214,1,1,1,1,0,True
505,2025-08-27,2025-08-29 08:05:20,2025-08-29 08:05:20,0.0,3488216,3488216,1,1,1,0,1,False
506,2025-08-27,2025-08-29 08:20:58,2025-08-29 08:20:58,0.0,3488227,3488227,1,1,1,1,0,True
507,2025-08-27,2025-08-29 08:30:06,2025-08-29 08:30:06,0.0,3488232,3488232,1,1,1,1,0,True
508,2025-08-27,2025-08-29 08:45:16,2025-08-29 08:45:16,0.0,3488235,3488235,1,1,1,0,1,False
509,2025-08-27,2025-08-29 08:52:24,2025-08-29 08:52:24,0.0,3488238,3488238,1,1,1,1,0,True
510,2025-08-27,2025-08-29 08:55:51,2025-08-29 08:55:51,0.0,3488240,3488240,1,1,1,1,0,True
511,2025-08-27,2025-08-29 09:03:51,2025-08-29 09:03:51,0.0,3488246,3488246,1,1,1,1,0,True
512,2025-08-27,2025-08-29 11:35:59,2025-08-29 11:35:59,0.0,3488349,3488349,1,1,1,0,1,False
513,2025-08-27,2025-08-29 17:12:52,2025-08-29 17:12:52,0.0,3488516,3488516,1,1,1,0,1,False
514,2025-08-27,2025-08-29 17:28:23,2025-08-29 17:28:23,0.0,3488527,3488527,1,1,1,0,1,False
515,2025-08-27,2025-08-29 23:08:08,2025-08-29 23:08:08,0.0,3488694,3488694,1,1,1,0,1,False
516,2025-08-27,2025-08-30 12:55:57,2025-08-30 12:55:57,0.0,3489104,3489104,1,1,1,0,1,False
517,2025-08-27,2025-08-30 14:35:15,2025-08-30 14:35:15,0.0,3489177,3489177,1,1,1,1,0,True
518,2025-08-27,2025-08-30 14:55:28,2025-08-30 14:55:28,0.0,3489185,3489185,1,1,1,1,0,True
519,2025-08-27,2025-08-30 15:02:24,2025-08-30 15:02:24,0.0,3489187,3489187,1,1,1,0,1,False
520,2025-08-27,2025-08-30 15:07:53,2025-08-30 15:07:53,0.0,3489191,3489191,1,1,1,0,1,False
521,2025-08-27,2025-08-30 15:15:09,2025-08-30 15:15:09,0.0,3489194,3489194,1,1,1,0,1,False
522,2025-08-27,2025-08-30 15:17:42,2025-08-30 15:17:42,0.0,3489196,3489196,1,1,1,0,1,False
523,2025-08-27,2025-08-30 15:19:39,2025-08-30 15:19:39,0.0,3489199,3489199,1,1,1,1,0,True
524,2025-08-27,2025-08-30 15:31:34,2025-08-30 15:31:34,0.0,3489205,3489205,1,1,1,1,0,True
525,2025-08-27,2025-08-30 15:55:42,2025-08-30 15:55:42,0.0,3489216,3489216,1,1,1,0,1,False
526,2025-08-27,2025-08-30 15:59:14,2025-08-30 15:59:14,0.0,3489218,3489218,1,1,1,0,1,False
527,2025-08-27,2025-08-30 16:01:59,2025-08-30 16:01:59,0.0,3489221,3489221,1,1,1,1,0,True
528,2025-08-27,2025-08-30 16:08:09,2025-08-30 16:08:09,0.0,3489224,3489224,1,1,1,1,0,True
529,2025-08-27,2025-08-30 16:14:08,2025-08-30 16:14:08,0.0,3489228,3489228,1,1,1,0,1,False
530,2025-08-27,2025-08-30 16:14:14,2025-08-30 16:14:14,0.0,3489230,3489230,1,1,1,1,0,True
531,2025-08-27,2025-08-30 16:17:12,2025-08-30 16:17:12,0.0,3489233,3489233,1,1,1,1,0,True
532,2025-08-27,2025-08-30 16:29:24,2025-08-30 16:29:24,0.0,3489235,3489235,1,1,1,0,1,False
533,2025-08-27,2025-08-30 16:30:23,2025-08-30 16:30:23,0.0,3489237,3489237,1,1,1,1,0,True
534,2025-08-27,2025-08-30 16:37:38,2025-08-30 16:37:38,0.0,3489241,3489241,1,1,1,1,0,True
535,2025-08-27,2025-08-30 16:44:41,2025-08-30 16:44:41,0.0,3489243,3489243,1,1,1,0,1,False
536,2025-08-27,2025-08-30 16:50:19,2025-08-30 16:50:19,0.0,3489249,3489249,1,1,1,1,0,True
537,2025-08-27,2025-08-30 17:10:03,2025-08-30 17:10:03,0.0,3489259,3489259,1,1,1,0,1,False
538,2025-08-27,2025-08-30 17:17:36,2025-08-30 17:17:36,0.0,3489262,3489262,1,1,1,1,0,True
539,2025-08-27,2025-08-30 17:21:39,2025-08-30 17:21:39,0.0,3489264,3489264,1,1,1,0,1,False
540,2025-08-27,2025-08-30 17:30:50,2025-08-30 17:30:50,0.0,3489271,3489271,1,1,1,1,0,True
541,2025-08-27,2025-08-30 17:34:18,2025-08-30 17:34:18,0.0,3489274,3489274,1,1,1,1,0,True
542,2025-08-27,2025-08-30 17:50:21,2025-08-30 17:50:21,0.0,3489281,3489281,1,1,1,1,0,True
543,2025-08-27,2025-08-30 18:06:27,2025-08-30 18:07:25,58.0,3489288,3489289,2,2,2,0,2,False
544,2025-08-27,2025-08-30 18:19:25,2025-08-30 18:19:25,0.0,3489292,3489292,1,1,1,0,1,False
545,2025-08-27,2025-08-30 18:20:49,2025-08-30 18:20:49,0.0,3489294,3489294,1,1,1,0,1,False
546,2025-08-27,2025-08-30 18:35:01,2025-08-30 18:35:01,0.0,3489299,3489299,1,1,1,1,0,True
547,2025-08-27,2025-08-30 18:48:01,2025-08-30 18:48:01,0.0,3489303,3489303,1,1,1,0,1,False
548,2025-08-27,2025-08-30 18:58:43,2025-08-30 18:58:43,0.0,3489309,3489309,1,1,1,0,1,False
549,2025-08-27,2025-08-30 19:02:25,2025-08-30 19:02:25,0.0,3489312,3489312,1,1,1,1,0,True
550,2025-08-27,2025-08-30 19:19:01,2025-08-30 19:19:01,0.0,3489317,3489317,1,1,1,0,1,False
551,2025-08-27,2025-08-30 19:39:39,2025-08-30 19:39:39,0.0,3489329,3489329,1,1,1,0,1,False
552,2025-08-27,2025-08-30 19:43:33,2025-08-30 19:43:33,0.0,3489333,3489333,1,1,1,1,0,True
553,2025-08-27,2025-08-30 19:45:13,2025-08-30 19:45:13,0.0,3489336,3489336,1,1,1,0,1,False
554,2025-08-27,2025-08-30 19:54:51,2025-08-30 19:54:51,0.0,3489338,3489338,1,1,1,0,1,False
555,2025-08-27,2025-08-30 19:56:59,2025-08-30 19:56:59,0.0,3489340,3489340,1,1,1,1,0,True
556,2025-08-27,2025-08-30 20:04:26,2025-08-30 20:04:26,0.0,3489345,3489345,1,1,1,1,0,True
557,2025-08-27,2025-08-30 20:14:53,2025-08-30 20:14:53,0.0,3489348,3489348,1,1,1,0,1,False
558,2025-08-27,2025-08-30 20:23:08,2025-08-30 20:23:08,0.0,3489350,3489350,1,1,1,1,0,True
559,2025-08-27,2025-08-30 20:34:43,2025-08-30 20:34:43,0.0,3489354,3489354,1,1,1,0,1,False
560,2025-08-27,2025-08-30 20:42:51,2025-08-30 20:42:51,0.0,3489356,3489356,1,1,1,0,1,False
561,2025-08-27,2025-08-30 20:47:49,2025-08-30 20:47:49,0.0,3489358,3489358,1,1,1,0,1,False
562,2025-08-27,2025-08-30 20:54:24,2025-08-30 20:54:24,0.0,3489363,3489363,1,1,1,0,1,False
563,2025-08-27,2025-08-30 21:00:33,2025-08-30 21:02:51,138.0,3489365,3489367,3,3,3,0,3,False
564,2025-08-27,2025-08-30 21:03:13,2025-08-30 21:03:13,0.0,3489369,3489369,1,1,1,0,1,False
565,2025-08-27,2025-08-30 21:16:50,2025-08-30 21:16:50,0.0,3489377,3489377,1,1,1,0,1,False
566,2025-08-27,2025-08-30 21:19:01,2025-08-30 21:19:01,0.0,3489379,3489379,1,1,1,1,0,True
567,2025-08-27,2025-08-30 21:38:26,2025-08-30 21:38:26,0.0,3489387,3489387,1,1,1,0,1,False
568,2025-08-27,2025-08-30 21:50:19,2025-08-30 21:50:33,14.0,3489393,3489394,2,2,2,0,2,False
569,2025-08-27,2025-08-30 21:50:46,2025-08-30 21:50:46,0.0,3489396,3489396,1,1,1,1,0,True
570,2025-08-27,2025-08-30 21:56:23,2025-08-30 21:56:23,0.0,3489399,3489399,1,1,1,1,0,True
571,2025-08-27,2025-08-30 22:07:10,2025-08-30 22:07:10,0.0,3489404,3489404,1,1,1,0,1,False
572,2025-08-27,2025-08-30 22:12:44,2025-08-30 22:18:09,325.0,3489406,3489409,4,4,4,0,4,False
573,2025-08-27,2025-08-30 22:25:19,2025-08-30 22:25:19,0.0,3489411,3489411,1,1,1,0,1,False
574,2025-08-27,2025-08-30 22:29:25,2025-08-30 22:31:51,146.0,3489413,3489414,2,2,2,0,2,False
575,2025-08-27,2025-08-30 22:39:37,2025-08-30 22:39:37,0.0,3489418,3489418,1,1,1,0,1,False
576,2025-08-27,2025-08-30 22:49:10,2025-08-30 22:49:10,0.0,3489424,3489424,1,1,1,1,0,True
577,2025-08-27,2025-08-30 23:00:01,2025-08-30 23:00:01,0.0,3489427,3489427,1,1,1,0,1,False
578,2025-08-27,2025-08-30 23:17:38,2025-08-30 23:22:05,267.0,3489428,3489431,4,4,4,0,4,False
579,2025-08-27,2025-08-30 23:30:43,2025-08-30 23:35:42,299.0,3489432,3489435,4,4,4,0,4,False
580,2025-08-27,2025-08-30 23:37:07,2025-08-30 23:37:07,0.0,3489439,3489439,1,1,1,0,1,False
581,2025-08-27,2025-08-30 23:37:49,2025-08-30 23:37:49,0.0,3489441,3489441,1,1,1,1,0,True
582,2025-08-27,2025-08-30 23:44:38,2025-08-30 23:44:38,0.0,3489443,3489443,1,1,1,0,1,False
583,2025-08-27,2025-08-31 00:14:00,2025-08-31 00:14:00,0.0,3489453,3489453,1,1,1,0,1,False
584,2025-08-27,2025-08-31 00:28:27,2025-08-31 00:31:11,164.0,3489459,3489461,3,3,3,0,3,False
585,2025-08-27,2025-08-31 00:40:05,2025-08-31 00:41:29,84.0,3489462,3489463,2,2,2,0,2,False
586,2025-08-27,2025-08-31 00:48:39,2025-08-31 00:52:19,220.0,3489466,3489468,3,3,3,0,3,False
587,2025-08-27,2025-08-31 00:55:23,2025-08-31 00:55:23,0.0,3489471,3489471,1,1,1,0,1,False
588,2025-08-27,2025-08-31 00:57:30,2025-08-31 00:58:52,82.0,3489473,3489474,2,2,2,2,0,True
589,2025-08-27,2025-08-31 01:05:19,2025-08-31 01:05:19,0.0,3489479,3489479,1,1,1,0,1,False
590,2025-08-27,2025-08-31 01:10:42,2025-08-31 01:10:42,0.0,3489481,3489481,1,1,1,1,0,True
591,2025-08-27,2025-08-31 01:18:49,2025-08-31 01:18:49,0.0,3489485,3489485,1,1,1,1,0,True
592,2025-08-27,2025-08-31 01:25:33,2025-08-31 01:25:33,0.0,3489487,3489487,1,1,1,1,0,True
593,2025-08-27,2025-08-31 01:45:49,2025-08-31 01:45:49,0.0,3489490,3489490,1,1,1,0,1,False
594,2025-08-27,2025-08-31 01:52:49,2025-08-31 01:52:49,0.0,3489492,3489492,1,1,1,1,0,True
595,2025-08-27,2025-08-31 01:55:58,2025-08-31 01:55:58,0.0,3489494,3489494,1,1,1,1,0,True
596,2025-08-27,2025-08-31 01:58:50,2025-08-31 01:58:50,0.0,3489496,3489496,1,1,1,0,1,False
597,2025-08-27,2025-08-31 02:03:01,2025-08-31 02:03:01,0.0,3489499,3489499,1,1,1,0,1,False
598,2025-08-27,2025-08-31 02:05:33,2025-08-31 02:05:33,0.0,3489501,3489501,1,1,1,1,0,True
599,2025-08-27,2025-08-31 02:10:56,2025-08-31 02:10:56,0.0,3489503,3489503,1,1,1,1,0,True
600,2025-08-27,2025-08-31 02:23:42,2025-08-31 02:23:42,0.0,3489506,3489506,1,1,1,1,0,True
601,2025-08-27,2025-08-31 02:36:14,2025-08-31 02:36:14,0.0,3489509,3489509,1,1,1,1,0,True
602,2025-08-27,2025-08-31 02:43:35,2025-08-31 02:43:35,0.0,3489513,3489513,1,1,1,1,0,True
603,2025-08-27,2025-08-31 02:51:28,2025-08-31 02:51:28,0.0,3489516,3489516,1,1,1,1,0,True
604,2025-08-27,2025-08-31 02:59:49,2025-08-31 02:59:49,0.0,3489521,3489521,1,1,1,1,0,True
605,2025-08-27,2025-08-31 03:01:53,2025-08-31 03:05:18,205.0,3489523,3489524,2,2,2,2,0,True
606,2025-08-27,2025-08-31 03:20:26,2025-08-31 03:20:26,0.0,3489535,3489535,1,1,1,0,1,False
607,2025-08-27,2025-08-31 03:26:17,2025-08-31 03:26:17,0.0,3489538,3489538,1,1,1,0,1,False
608,2025-08-27,2025-08-31 03:30:57,2025-08-31 03:30:57,0.0,3489542,3489542,1,1,1,1,0,True
609,2025-08-27,2025-08-31 03:39:21,2025-08-31 03:39:21,0.0,3489545,3489545,1,1,1,1,0,True
610,2025-08-27,2025-08-31 03:55:09,2025-08-31 03:55:09,0.0,3489553,3489553,1,1,1,1,0,True
611,2025-08-27,2025-08-31 03:59:15,2025-08-31 03:59:15,0.0,3489556,3489556,1,1,1,1,0,True
612,2025-08-27,2025-08-31 04:18:40,2025-08-31 04:18:40,0.0,3489568,3489568,1,1,1,1,0,True
613,2025-08-27,2025-08-31 04:34:24,2025-08-31 04:34:24,0.0,3489570,3489570,1,1,1,1,0,True
614,2025-08-27,2025-08-31 04:43:57,2025-08-31 04:43:57,0.0,3489572,3489572,1,1,1,0,1,False
615,2025-08-27,2025-08-31 04:57:19,2025-08-31 05:01:56,277.0,3489573,3489575,3,3,3,0,3,False
616,2025-08-27,2025-08-31 05:17:07,2025-08-31 05:24:12,425.0,3489576,3489580,5,5,5,0,5,False
617,2025-08-27,2025-08-31 05:26:01,2025-08-31 05:26:01,0.0,3489584,3489584,1,1,1,1,0,True
618,2025-08-27,2025-08-31 05:41:29,2025-08-31 05:47:34,365.0,3489586,3489589,4,4,4,0,4,False
619,2025-08-27,2025-08-31 06:12:22,2025-08-31 06:12:22,0.0,3489601,3489601,1,1,1,0,1,False
620,2025-08-27,2025-08-31 06:17:19,2025-08-31 06:17:19,0.0,3489606,3489606,1,1,1,1,0,True
621,2025-08-27,2025-08-31 06:23:11,2025-08-31 06:23:11,0.0,3489608,3489608,1,1,1,1,0,True
622,2025-08-27,2025-08-31 06:32:43,2025-08-31 06:32:43,0.0,3489615,3489615,1,1,1,1,0,True
623,2025-08-27,2025-08-31 06:51:50,2025-08-31 06:53:47,117.0,3489617,3489619,3,3,3,0,3,False
624,2025-08-27,2025-08-31 07:01:06,2025-08-31 07:12:25,679.0,3489620,3489625,6,6,6+,0,6,False
625,2025-08-27,2025-08-31 07:20:59,2025-08-31 07:20:59,0.0,3489630,3489630,1,1,1,0,1,False
626,2025-08-27,2025-08-31 07:24:13,2025-08-31 07:24:13,0.0,3489633,3489633,1,1,1,1,0,True
627,2025-08-27,2025-08-31 07:51:25,2025-08-31 07:51:25,0.0,3489642,3489642,1,1,1,0,1,False
628,2025-08-27,2025-08-31 07:53:46,2025-08-31 07:53:46,0.0,3489645,3489645,1,1,1,1,0,True
629,2025-08-27,2025-08-31 08:02:34,2025-08-31 08:02:34,0.0,3489651,3489651,1,1,1,1,0,True
630,2025-08-27,2025-08-31 08:19:46,2025-08-31 08:19:46,0.0,3489659,3489659,1,1,1,1,0,True
631,2025-08-27,2025-08-31 08:25:56,2025-08-31 08:25:56,0.0,3489661,3489661,1,1,1,0,1,False
632,2025-08-27,2025-08-31 08:36:36,2025-08-31 08:36:36,0.0,3489664,3489664,1,1,1,0,1,False
633,2025-08-27,2025-08-31 08:38:02,2025-08-31 08:38:02,0.0,3489666,3489666,1,1,1,0,1,False
634,2025-08-27,2025-08-31 08:49:38,2025-08-31 08:49:38,0.0,3489668,3489668,1,1,1,0,1,False
635,2025-08-27,2025-08-31 08:51:28,2025-08-31 08:51:28,0.0,3489671,3489671,1,1,1,0,1,False
636,2025-08-27,2025-08-31 09:03:40,2025-08-31 09:03:40,0.0,3489676,3489676,1,1,1,0,1,False
637,2025-08-27,2025-08-31 09:07:13,2025-08-31 09:07:13,0.0,3489678,3489678,1,1,1,0,1,False
638,2025-08-27,2025-08-31 09:11:08,2025-08-31 09:11:08,0.0,3489681,3489681,1,1,1,0,1,False
639,2025-08-27,2025-08-31 09:27:29,2025-08-31 09:27:29,0.0,3489688,3489688,1,1,1,0,1,False
640,2025-08-27,2025-08-31 09:31:56,2025-08-31 09:31:56,0.0,3489690,3489690,1,1,1,0,1,False
641,2025-08-27,2025-08-31 09:34:27,2025-08-31 09:34:27,0.0,3489692,3489692,1,1,1,1,0,True
642,2025-08-27,2025-08-31 09:41:26,2025-08-31 09:50:45,559.0,3489694,3489698,5,5,5,5,0,True
643,2025-08-27,2025-08-31 09:56:36,2025-08-31 09:59:14,158.0,3489699,3489700,2,2,2,2,0,True
644,2025-08-27,2025-08-31 10:18:39,2025-08-31 10:18:39,0.0,3489711,3489711,1,1,1,1,0,True
645,2025-08-27,2025-08-31 10:33:39,2025-08-31 10:33:39,0.0,3489715,3489715,1,1,1,1,0,True
646,2025-08-27,2025-08-31 10:46:45,2025-08-31 10:47:33,48.0,3489718,3489719,2,2,2,0,2,False
647,2025-08-27,2025-08-31 10:53:33,2025-08-31 10:53:33,0.0,3489721,3489721,1,1,1,0,1,False
648,2025-08-27,2025-08-31 10:56:44,2025-08-31 10:56:44,0.0,3489724,3489724,1,1,1,0,1,False
649,2025-08-27,2025-08-31 11:01:12,2025-08-31 11:01:12,0.0,3489728,3489728,1,1,1,1,0,True
650,2025-08-27,2025-08-31 11:05:50,2025-08-31 11:05:50,0.0,3489730,3489730,1,1,1,0,1,False
651,2025-08-27,2025-08-31 11:08:58,2025-08-31 11:08:58,0.0,3489734,3489734,1,1,1,1,0,True
652,2025-08-27,2025-08-31 11:19:54,2025-08-31 11:19:54,0.0,3489737,3489737,1,1,1,0,1,False
653,2025-08-27,2025-08-31 11:22:05,2025-08-31 11:22:05,0.0,3489741,3489741,1,1,1,1,0,True
654,2025-08-27,2025-08-31 11:31:36,2025-08-31 11:31:36,0.0,3489743,3489743,1,1,1,0,1,False
655,2025-08-27,2025-08-31 11:34:02,2025-08-31 11:34:02,0.0,3489746,3489746,1,1,1,1,0,True
656,2025-08-27,2025-08-31 11:38:34,2025-08-31 11:38:34,0.0,3489750,3489750,1,1,1,0,1,False
657,2025-08-27,2025-08-31 11:44:18,2025-08-31 11:44:18,0.0,3489755,3489755,1,1,1,1,0,True
658,2025-08-27,2025-08-31 12:02:08,2025-08-31 12:02:08,0.0,3489762,3489762,1,1,1,0,1,False
659,2025-08-27,2025-08-31 12:27:09,2025-08-31 12:28:16,67.0,3489772,3489773,2,2,2,0,2,False
660,2025-08-27,2025-08-31 12:29:53,2025-08-31 12:29:53,0.0,3489775,3489775,1,1,1,0,1,False
661,2025-08-27,2025-08-31 12:34:12,2025-08-31 12:34:12,0.0,3489777,3489777,1,1,1,0,1,False
662,2025-08-27,2025-08-31 12:35:31,2025-08-31 12:35:31,0.0,3489780,3489780,1,1,1,0,1,False
663,2025-08-27,2025-08-31 12:46:23,2025-08-31 12:46:23,0.0,3489784,3489784,1,1,1,0,1,False
664,2025-08-27,2025-08-31 13:27:40,2025-08-31 13:27:40,0.0,3489805,3489805,1,1,1,0,1,False
665,2025-08-27,2025-08-31 13:38:06,2025-08-31 13:38:06,0.0,3489815,3489815,1,1,1,0,1,False
666,2025-08-27,2025-08-31 13:48:19,2025-08-31 13:48:19,0.0,3489819,3489819,1,1,1,0,1,False
667,2025-08-27,2025-08-31 13:58:11,2025-08-31 13:58:11,0.0,3489820,3489820,1,1,1,0,1,False
668,2025-08-27,2025-08-31 14:29:38,2025-08-31 14:29:38,0.0,3489839,3489839,1,1,1,1,0,True
669,2025-08-27,2025-08-31 14:43:33,2025-08-31 14:43:33,0.0,3489844,3489844,1,1,1,1,0,True
670,2025-08-27,2025-08-31 14:46:32,2025-08-31 14:46:32,0.0,3489848,3489848,1,1,1,1,0,True
671,2025-08-27,2025-08-31 15:43:27,2025-08-31 15:43:27,0.0,3489883,3489883,1,1,1,0,1,False
672,2025-08-27,2025-08-31 15:57:08,2025-08-31 15:57:08,0.0,3489888,3489888,1,1,1,0,1,False
673,2025-08-27,2025-08-31 16:00:36,2025-08-31 16:00:36,0.0,3489891,3489891,1,1,1,1,0,True
674,2025-08-27,2025-08-31 16:46:27,2025-08-31 16:46:27,0.0,3489911,3489911,1,1,1,1,0,True
675,2025-08-27,2025-08-31 19:26:17,2025-08-31 19:26:17,0.0,3490013,3490013,1,1,1,1,0,True
676,2025-08-27,2025-08-31 21:09:27,2025-08-31 21:09:27,0.0,3490068,3490068,1,1,1,1,0,True
677,2025-08-27,2025-08-31 22:30:44,2025-08-31 22:30:44,0.0,3490123,3490123,1,1,1,1,0,True
678,2025-08-27,2025-08-31 22:38:23,2025-08-31 22:38:23,0.0,3490128,3490128,1,1,1,1,0,True
679,2025-08-27,2025-09-01 00:30:30,2025-09-01 00:30:30,0.0,3490180,3490180,1,1,1,1,0,True
680,2025-08-27,2025-09-01 01:43:47,2025-09-01 01:43:47,0.0,3490226,3490226,1,1,1,0,1,False
681,2025-08-27,2025-09-01 01:51:58,2025-09-01 01:51:58,0.0,3490230,3490230,1,1,1,0,1,False
682,2025-08-27,2025-09-01 13:47:06,2025-09-01 13:47:06,0.0,3490611,3490611,1,1,1,1,0,True
683,2025-08-27,2025-09-01 14:01:59,2025-09-01 14:01:59,0.0,3490614,3490614,1,1,1,0,1,False
684,2025-08-27,2025-09-01 14:04:01,2025-09-01 14:04:01,0.0,3490616,3490616,1,1,1,0,1,False
685,2025-08-27,2025-09-01 14:05:56,2025-09-01 14:05:56,0.0,3490619,3490619,1,1,1,1,0,True
686,2025-08-27,2025-09-01 14:15:57,2025-09-01 14:15:57,0.0,3490621,3490621,1,1,1,0,1,False
687,2025-08-27,2025-09-01 14:20:49,2025-09-01 14:20:49,0.0,3490625,3490625,1,1,1,1,0,True
688,2025-08-27,2025-09-01 14:24:47,2025-09-01 14:24:47,0.0,3490627,3490627,1,1,1,1,0,True
689,2025-08-27,2025-09-01 14:31:11,2025-09-01 14:31:11,0.0,3490631,3490631,1,1,1,0,1,False
690,2025-08-27,2025-09-01 14:39:51,2025-09-01 14:39:51,0.0,3490634,3490634,1,1,1,1,0,True
691,2025-08-27,2025-09-01 14:44:05,2025-09-01 14:44:05,0.0,3490641,3490641,1,1,1,1,0,True
692,2025-08-27,2025-09-01 14:54:22,2025-09-01 14:54:22,0.0,3490646,3490646,1,1,1,0,1,False
693,2025-08-27,2025-09-01 14:59:53,2025-09-01 14:59:53,0.0,3490651,3490651,1,1,1,1,0,True
694,2025-08-27,2025-09-01 15:07:02,2025-09-01 15:07:02,0.0,3490654,3490654,1,1,1,1,0,True
695,2025-08-27,2025-09-01 15:10:45,2025-09-01 15:10:45,0.0,3490657,3490657,1,1,1,1,0,True
696,2025-08-27,2025-09-01 15:14:32,2025-09-01 15:14:32,0.0,3490659,3490659,1,1,1,0,1,False
697,2025-08-27,2025-09-01 15:22:12,2025-09-01 15:22:12,0.0,3490664,3490664,1,1,1,0,1,False
698,2025-08-27,2025-09-01 15:28:38,2025-09-01 15:31:52,194.0,3490668,3490669,2,2,2,2,0,True
699,2025-08-27,2025-09-01 15:40:51,2025-09-01 15:40:51,0.0,3490671,3490671,1,1,1,0,1,False
700,2025-08-27,2025-09-01 15:45:24,2025-09-01 15:55:25,601.0,3490673,3490677,5,5,5,0,5,False
701,2025-08-27,2025-09-01 15:55:37,2025-09-01 15:55:37,0.0,3490680,3490680,1,1,1,1,0,True
702,2025-08-27,2025-09-01 16:05:01,2025-09-01 16:05:01,0.0,3490687,3490687,1,1,1,1,0,True
703,2025-08-27,2025-09-01 16:10:52,2025-09-01 16:13:28,156.0,3490690,3490692,3,3,3,3,0,True
704,2025-08-27,2025-09-01 16:17:56,2025-09-01 16:17:56,0.0,3490694,3490694,1,1,1,1,0,True
705,2025-08-27,2025-09-01 16:27:19,2025-09-01 16:27:19,0.0,3490698,3490698,1,1,1,1,0,True
706,2025-08-27,2025-09-01 16:39:09,2025-09-01 16:39:09,0.0,3490708,3490708,1,1,1,1,0,True
707,2025-08-27,2025-09-01 16:43:32,2025-09-01 16:43:32,0.0,3490710,3490710,1,1,1,1,0,True
708,2025-08-27,2025-09-01 16:48:36,2025-09-01 16:50:09,93.0,3490712,3490714,3,3,3,3,0,True
709,2025-08-27,2025-09-01 17:18:30,2025-09-01 17:18:30,0.0,3490727,3490727,1,1,1,1,0,True
710,2025-08-27,2025-09-01 17:32:00,2025-09-01 17:32:00,0.0,3490732,3490732,1,1,1,0,1,False
711,2025-08-27,2025-09-01 17:32:52,2025-09-01 17:32:52,0.0,3490734,3490734,1,1,1,1,0,True
712,2025-08-27,2025-09-01 17:48:34,2025-09-01 17:48:34,0.0,3490740,3490740,1,1,1,0,1,False
713,2025-08-27,2025-09-01 17:51:42,2025-09-01 17:51:42,0.0,3490745,3490745,1,1,1,1,0,True
714,2025-08-27,2025-09-01 18:05:32,2025-09-01 18:05:32,0.0,3490749,3490749,1,1,1,0,1,False
715,2025-08-27,2025-09-01 18:19:43,2025-09-01 18:19:43,0.0,3490756,3490756,1,1,1,0,1,False
716,2025-08-27,2025-09-01 18:36:46,2025-09-01 18:36:46,0.0,3490764,3490764,1,1,1,1,0,True
717,2025-08-27,2025-09-01 18:46:20,2025-09-01 18:46:20,0.0,3490769,3490769,1,1,1,1,0,True
718,2025-08-27,2025-09-01 18:57:50,2025-09-01 18:57:50,0.0,3490775,3490775,1,1,1,1,0,True
719,2025-08-27,2025-09-01 19:02:23,2025-09-01 19:02:23,0.0,3490777,3490777,1,1,1,1,0,True
720,2025-08-27,2025-09-01 19:16:03,2025-09-01 19:16:03,0.0,3490788,3490788,1,1,1,1,0,True
721,2025-08-27,2025-09-01 19:27:55,2025-09-01 19:27:55,0.0,3490795,3490795,1,1,1,1,0,True
722,2025-08-27,2025-09-01 19:38:59,2025-09-01 19:38:59,0.0,3490800,3490800,1,1,1,0,1,False
723,2025-08-27,2025-09-01 19:44:44,2025-09-01 19:46:05,81.0,3490801,3490802,2,2,2,0,2,False
724,2025-08-27,2025-09-01 19:54:09,2025-09-01 19:58:57,288.0,3490803,3490805,3,3,3,0,3,False
725,2025-08-27,2025-09-01 20:03:26,2025-09-01 20:03:26,0.0,3490811,3490811,1,1,1,0,1,False
726,2025-08-27,2025-09-01 20:09:15,2025-09-01 20:09:15,0.0,3490812,3490812,1,1,1,0,1,False
727,2025-08-27,2025-09-01 20:17:09,2025-09-01 20:17:09,0.0,3490813,3490813,1,1,1,0,1,False
728,2025-08-27,2025-09-01 20:24:17,2025-09-01 20:24:17,0.0,3490818,3490818,1,1,1,0,1,False
729,2025-08-27,2025-09-01 20:26:32,2025-09-01 20:30:42,250.0,3490820,3490821,2,2,2,0,2,False
730,2025-08-27,2025-09-01 20:36:02,2025-09-01 20:36:02,0.0,3490826,3490826,1,1,1,0,1,False
731,2025-08-27,2025-09-01 20:42:52,2025-09-01 20:42:52,0.0,3490828,3490828,1,1,1,1,0,True
732,2025-08-27,2025-09-01 20:53:26,2025-09-01 20:53:26,0.0,3490832,3490832,1,1,1,0,1,False
733,2025-08-27,2025-09-01 21:11:39,2025-09-01 21:11:39,0.0,3490843,3490843,1,1,1,1,0,True
734,2025-08-27,2025-09-01 21:15:53,2025-09-01 21:15:53,0.0,3490845,3490845,1,1,1,1,0,True
735,2025-08-27,2025-09-01 21:18:34,2025-09-01 21:18:34,0.0,3490848,3490848,1,1,1,0,1,False
736,2025-08-27,2025-09-01 21:30:00,2025-09-01 21:30:00,0.0,3490853,3490853,1,1,1,0,1,False
737,2025-08-27,2025-09-01 21:50:13,2025-09-01 21:50:13,0.0,3490861,3490861,1,1,1,0,1,False
738,2025-08-27,2025-09-01 22:00:02,2025-09-01 22:06:32,390.0,3490868,3490870,3,3,3,0,3,False
739,2025-08-27,2025-09-01 22:13:16,2025-09-01 22:13:19,3.0,3490873,3490874,2,2,2,0,2,False
740,2025-08-27,2025-09-01 22:23:00,2025-09-01 22:23:00,0.0,3490875,3490875,1,1,1,0,1,False
741,2025-08-27,2025-09-01 22:28:50,2025-09-01 22:29:03,13.0,3490876,3490877,2,2,2,0,2,False
742,2025-08-27,2025-09-01 22:39:00,2025-09-01 22:39:04,4.0,3490878,3490879,2,2,2,0,2,False
743,2025-08-27,2025-09-01 22:50:40,2025-09-01 22:50:40,0.0,3490882,3490882,1,1,1,0,1,False
744,2025-08-27,2025-09-01 22:55:04,2025-09-01 22:55:04,0.0,3490884,3490884,1,1,1,0,1,False
745,2025-08-27,2025-09-01 23:10:16,2025-09-01 23:10:16,0.0,3490888,3490888,1,1,1,0,1,False
746,2025-08-27,2025-09-01 23:22:18,2025-09-01 23:22:18,0.0,3490894,3490894,1,1,1,0,1,False
747,2025-08-27,2025-09-01 23:30:07,2025-09-01 23:30:07,0.0,3490900,3490900,1,1,1,0,1,False
748,2025-08-27,2025-09-01 23:48:13,2025-09-01 23:51:49,216.0,3490906,3490908,3,3,3,0,3,False
749,2025-08-27,2025-09-02 00:00:26,2025-09-02 00:00:26,0.0,3490911,3490911,1,1,1,0,1,False
750,2025-08-27,2025-09-02 00:05:23,2025-09-02 00:05:23,0.0,3490913,3490913,1,1,1,0,1,False
751,2025-08-27,2025-09-02 00:15:51,2025-09-02 00:15:51,0.0,3490918,3490918,1,1,1,0,1,False
752,2025-08-27,2025-09-02 00:20:39,2025-09-02 00:20:39,0.0,3490920,3490920,1,1,1,0,1,False
753,2025-08-27,2025-09-02 00:25:49,2025-09-02 00:25:49,0.0,3490923,3490923,1,1,1,1,0,True
754,2025-08-27,2025-09-02 00:37:16,2025-09-02 00:37:59,43.0,3490925,3490926,2,2,2,0,2,False
755,2025-08-27,2025-09-02 00:44:16,2025-09-02 00:44:16,0.0,3490930,3490930,1,1,1,0,1,False
756,2025-08-27,2025-09-02 00:45:26,2025-09-02 00:45:26,0.0,3490932,3490932,1,1,1,1,0,True
757,2025-08-27,2025-09-02 00:54:42,2025-09-02 00:54:42,0.0,3490934,3490934,1,1,1,1,0,True
758,2025-08-27,2025-09-02 00:59:28,2025-09-02 00:59:28,0.0,3490936,3490936,1,1,1,0,1,False
759,2025-08-27,2025-09-02 01:16:19,2025-09-02 01:16:19,0.0,3490942,3490942,1,1,1,0,1,False
760,2025-08-27,2025-09-02 01:25:04,2025-09-02 01:25:04,0.0,3490946,3490946,1,1,1,0,1,False
761,2025-08-27,2025-09-02 01:27:10,2025-09-02 01:27:10,0.0,3490949,3490949,1,1,1,1,0,True
762,2025-08-27,2025-09-02 01:53:37,2025-09-02 01:54:47,70.0,3490951,3490953,3,3,3,0,3,False
763,2025-08-27,2025-09-02 02:03:16,2025-09-02 02:03:16,0.0,3490955,3490955,1,1,1,1,0,True
764,2025-08-27,2025-09-02 02:39:58,2025-09-02 02:39:58,0.0,3490975,3490975,1,1,1,1,0,True
765,2025-08-27,2025-09-02 03:02:11,2025-09-02 03:06:40,269.0,3490982,3490984,3,3,3,0,3,False
766,2025-08-27,2025-09-02 03:22:39,2025-09-02 03:22:40,1.0,3490991,3490992,2,2,2,0,2,False
767,2025-08-27,2025-09-02 03:30:26,2025-09-02 03:30:26,0.0,3490995,3490995,1,1,1,1,0,True
768,2025-08-27,2025-09-02 03:38:17,2025-09-02 03:38:17,0.0,3490997,3490997,1,1,1,1,0,True
769,2025-08-27,2025-09-02 04:07:21,2025-09-02 04:07:21,0.0,3491008,3491008,1,1,1,0,1,False
770,2025-08-27,2025-09-02 04:09:15,2025-09-02 04:09:15,0.0,3491011,3491011,1,1,1,1,0,True
771,2025-08-27,2025-09-02 04:12:22,2025-09-02 04:12:22,0.0,3491015,3491015,1,1,1,1,0,True
772,2025-08-27,2025-09-02 04:27:15,2025-09-02 04:27:15,0.0,3491018,3491018,1,1,1,0,1,False
773,2025-08-27,2025-09-02 04:35:47,2025-09-02 04:35:47,0.0,3491024,3491024,1,1,1,1,0,True
774,2025-08-27,2025-09-02 04:42:10,2025-09-02 04:42:10,0.0,3491026,3491026,1,1,1,0,1,False
775,2025-08-27,2025-09-02 04:46:59,2025-09-02 04:46:59,0.0,3491028,3491028,1,1,1,0,1,False
776,2025-08-27,2025-09-02 05:12:50,2025-09-02 05:12:50,0.0,3491033,3491033,1,1,1,0,1,False
777,2025-08-27,2025-09-02 05:16:34,2025-09-02 05:16:34,0.0,3491037,3491037,1,1,1,1,0,True
778,2025-08-27,2025-09-02 05:36:12,2025-09-02 05:36:12,0.0,3491046,3491046,1,1,1,0,1,False
779,2025-08-27,2025-09-02 05:58:24,2025-09-02 06:00:40,136.0,3491054,3491055,2,2,2,0,2,False
780,2025-08-27,2025-09-02 06:06:24,2025-09-02 06:06:24,0.0,3491058,3491058,1,1,1,1,0,True
781,2025-08-27,2025-09-02 06:13:56,2025-09-02 06:13:56,0.0,3491060,3491060,1,1,1,0,1,False
782,2025-08-27,2025-09-02 06:26:06,2025-09-02 06:27:24,78.0,3491065,3491067,3,3,3,1,2,True
783,2025-08-27,2025-09-02 06:43:17,2025-09-02 06:43:17,0.0,3491070,3491070,1,1,1,0,1,False
784,2025-08-27,2025-09-02 06:47:08,2025-09-02 06:47:08,0.0,3491072,3491072,1,1,1,1,0,True
785,2025-08-27,2025-09-02 06:57:27,2025-09-02 06:57:27,0.0,3491074,3491074,1,1,1,0,1,False
786,2025-08-27,2025-09-02 07:04:27,2025-09-02 07:04:27,0.0,3491078,3491078,1,1,1,0,1,False
787,2025-08-27,2025-09-02 07:07:48,2025-09-02 07:07:48,0.0,3491080,3491080,1,1,1,1,0,True
788,2025-08-27,2025-09-02 07:18:39,2025-09-02 07:18:39,0.0,3491083,3491083,1,1,1,0,1,False
789,2025-08-27,2025-09-02 07:19:05,2025-09-02 07:19:05,0.0,3491085,3491085,1,1,1,0,1,False
790,2025-08-27,2025-09-02 07:28:09,2025-09-02 07:28:09,0.0,3491089,3491089,1,1,1,0,1,False
791,2025-08-27,2025-09-02 07:29:20,2025-09-02 07:29:20,0.0,3491091,3491091,1,1,1,1,0,True
792,2025-08-27,2025-09-02 07:40:11,2025-09-02 07:40:11,0.0,3491095,3491095,1,1,1,1,0,True
793,2025-08-27,2025-09-02 07:45:06,2025-09-02 07:45:06,0.0,3491097,3491097,1,1,1,1,0,True
794,2025-08-27,2025-09-02 07:51:18,2025-09-02 07:51:18,0.0,3491101,3491101,1,1,1,1,0,True
795,2025-08-27,2025-09-02 07:57:30,2025-09-02 07:57:30,0.0,3491104,3491104,1,1,1,0,1,False
796,2025-08-27,2025-09-02 08:09:01,2025-09-02 08:09:01,0.0,3491114,3491114,1,1,1,1,0,True
797,2025-08-27,2025-09-02 08:14:15,2025-09-02 08:14:15,0.0,3491116,3491116,1,1,1,1,0,True
798,2025-08-27,2025-09-02 08:21:20,2025-09-02 08:21:20,0.0,3491118,3491118,1,1,1,1,0,True
799,2025-08-27,2025-09-02 08:37:32,2025-09-02 08:39:48,136.0,3491120,3491121,2,2,2,0,2,False
800,2025-08-27,2025-09-02 08:52:30,2025-09-02 08:52:30,0.0,3491129,3491129,1,1,1,0,1,False
801,2025-08-27,2025-09-02 08:56:40,2025-09-02 08:57:04,24.0,3491131,3491132,2,2,2,0,2,False
802,2025-08-27,2025-09-02 09:06:42,2025-09-02 09:06:42,0.0,3491136,3491136,1,1,1,0,1,False
803,2025-08-27,2025-09-02 09:17:46,2025-09-02 09:17:46,0.0,3491143,3491143,1,1,1,0,1,False
804,2025-08-27,2025-09-02 09:19:52,2025-09-02 09:19:52,0.0,3491145,3491145,1,1,1,0,1,False
805,2025-08-27,2025-09-02 09:26:09,2025-09-02 09:26:09,0.0,3491152,3491152,1,1,1,1,0,True
806,2025-08-27,2025-09-02 09:36:21,2025-09-02 09:36:21,0.0,3491157,3491157,1,1,1,0,1,False
807,2025-08-27,2025-09-02 09:44:20,2025-09-02 09:44:35,15.0,3491159,3491160,2,2,2,0,2,False
808,2025-08-27,2025-09-02 09:47:32,2025-09-02 09:47:32,0.0,3491162,3491162,1,1,1,1,0,True
809,2025-08-27,2025-09-02 10:10:42,2025-09-02 10:10:42,0.0,3491170,3491170,1,1,1,1,0,True
810,2025-08-27,2025-09-02 10:14:13,2025-09-02 10:14:13,0.0,3491172,3491172,1,1,1,1,0,True
811,2025-08-27,2025-09-02 10:21:42,2025-09-02 10:21:42,0.0,3491177,3491177,1,1,1,0,1,False
812,2025-08-27,2025-09-02 10:30:43,2025-09-02 10:30:43,0.0,3491179,3491179,1,1,1,0,1,False
813,2025-08-27,2025-09-02 10:45:58,2025-09-02 10:45:58,0.0,3491186,3491186,1,1,1,0,1,False
814,2025-08-27,2025-09-02 10:54:23,2025-09-02 10:54:23,0.0,3491192,3491192,1,1,1,1,0,True
815,2025-08-27,2025-09-02 11:00:01,2025-09-02 11:00:01,0.0,3491194,3491194,1,1,1,0,1,False
816,2025-08-27,2025-09-02 11:04:57,2025-09-02 11:04:57,0.0,3491197,3491197,1,1,1,1,0,True
817,2025-08-27,2025-09-02 11:08:54,2025-09-02 11:08:54,0.0,3491199,3491199,1,1,1,0,1,False
818,2025-08-27,2025-09-02 11:14:09,2025-09-02 11:14:09,0.0,3491201,3491201,1,1,1,0,1,False
819,2025-08-27,2025-09-02 11:17:31,2025-09-02 11:17:31,0.0,3491203,3491203,1,1,1,0,1,False
820,2025-08-27,2025-09-02 11:21:30,2025-09-02 11:25:40,250.0,3491206,3491209,4,4,4,0,4,False
821,2025-08-27,2025-09-02 11:30:47,2025-09-02 11:30:47,0.0,3491214,3491214,1,1,1,1,0,True
822,2025-08-27,2025-09-02 11:37:44,2025-09-02 11:37:44,0.0,3491217,3491217,1,1,1,1,0,True
823,2025-08-27,2025-09-02 11:45:36,2025-09-02 11:45:36,0.0,3491220,3491220,1,1,1,1,0,True
824,2025-08-27,2025-09-02 12:01:49,2025-09-02 12:01:49,0.0,3491227,3491227,1,1,1,0,1,False
825,2025-08-27,2025-09-02 12:17:43,2025-09-02 12:17:43,0.0,3491234,3491234,1,1,1,1,0,True
826,2025-09-03,2025-09-03 07:46:35,2025-09-03 07:46:35,0.0,3491865,3491865,1,1,1,1,0,True
827,2025-09-03,2025-09-04 12:16:19,2025-09-04 12:16:19,0.0,3492740,3492740,1,1,1,1,0,True
828,2025-09-03,2025-09-04 13:38:06,2025-09-04 13:38:06,0.0,3492792,3492792,1,1,1,1,0,True
829,2025-09-03,2025-09-04 15:43:07,2025-09-04 15:43:07,0.0,3492845,3492845,1,1,1,0,1,False
830,2025-09-03,2025-09-04 17:06:56,2025-09-04 17:06:56,0.0,3492874,3492874,1,1,1,1,0,True
831,2025-09-03,2025-09-04 17:18:50,2025-09-04 17:21:28,158.0,3492878,3492880,3,3,3,0,3,False
832,2025-09-03,2025-09-04 17:24:44,2025-09-04 17:24:44,0.0,3492885,3492885,1,1,1,0,1,False
833,2025-09-03,2025-09-04 17:27:17,2025-09-04 17:27:17,0.0,3492887,3492887,1,1,1,1,0,True
834,2025-09-03,2025-09-04 17:36:23,2025-09-04 17:36:23,0.0,3492891,3492891,1,1,1,1,0,True
835,2025-09-03,2025-09-04 17:49:33,2025-09-04 17:49:33,0.0,3492894,3492894,1,1,1,0,1,False
836,2025-09-03,2025-09-04 17:57:54,2025-09-04 17:57:54,0.0,3492899,3492899,1,1,1,1,0,True
837,2025-09-03,2025-09-04 18:11:46,2025-09-04 18:11:46,0.0,3492904,3492904,1,1,1,0,1,False
838,2025-09-03,2025-09-04 18:16:24,2025-09-04 18:16:57,33.0,3492906,3492907,2,2,2,0,2,False
839,2025-09-03,2025-09-04 18:18:12,2025-09-04 18:18:12,0.0,3492909,3492909,1,1,1,0,1,False
840,2025-09-03,2025-09-04 18:39:51,2025-09-04 18:39:51,0.0,3492915,3492915,1,1,1,1,0,True
841,2025-09-03,2025-09-04 18:42:01,2025-09-04 18:42:01,0.0,3492917,3492917,1,1,1,0,1,False
842,2025-09-03,2025-09-04 18:51:27,2025-09-04 18:51:27,0.0,3492920,3492920,1,1,1,0,1,False
843,2025-09-03,2025-09-04 18:59:46,2025-09-04 19:02:22,156.0,3492924,3492926,3,3,3,3,0,True
844,2025-09-03,2025-09-04 19:12:53,2025-09-04 19:12:53,0.0,3492928,3492928,1,1,1,0,1,False
845,2025-09-03,2025-09-04 19:20:30,2025-09-04 19:21:12,42.0,3492929,3492931,3,3,3,0,3,False
846,2025-09-03,2025-09-04 19:34:22,2025-09-04 19:34:22,0.0,3492938,3492938,1,1,1,1,0,True
847,2025-09-03,2025-09-04 19:47:48,2025-09-04 19:47:48,0.0,3492947,3492947,1,1,1,1,0,True
848,2025-09-03,2025-09-04 19:56:16,2025-09-04 19:56:16,0.0,3492952,3492952,1,1,1,0,1,False
849,2025-09-03,2025-09-04 20:03:24,2025-09-04 20:03:24,0.0,3492956,3492956,1,1,1,1,0,True
850,2025-09-03,2025-09-04 20:09:47,2025-09-04 20:09:47,0.0,3492959,3492959,1,1,1,0,1,False
851,2025-09-03,2025-09-04 20:14:34,2025-09-04 20:14:34,0.0,3492961,3492961,1,1,1,0,1,False
852,2025-09-03,2025-09-04 20:23:47,2025-09-04 20:23:47,0.0,3492964,3492964,1,1,1,0,1,False
853,2025-09-03,2025-09-04 20:40:30,2025-09-04 20:49:12,522.0,3492967,3492971,5,5,5,0,5,False
854,2025-09-03,2025-09-04 20:51:53,2025-09-04 20:51:53,0.0,3492975,3492975,1,1,1,0,1,False
855,2025-09-03,2025-09-04 20:52:54,2025-09-04 20:52:54,0.0,3492977,3492977,1,1,1,0,1,False
856,2025-09-03,2025-09-04 21:07:57,2025-09-04 21:07:57,0.0,3492981,3492981,1,1,1,0,1,False
857,2025-09-03,2025-09-04 21:19:09,2025-09-04 21:19:09,0.0,3492983,3492983,1,1,1,1,0,True
858,2025-09-03,2025-09-04 21:29:46,2025-09-04 21:29:46,0.0,3492985,3492985,1,1,1,1,0,True
859,2025-09-03,2025-09-04 21:33:29,2025-09-04 21:33:29,0.0,3492987,3492987,1,1,1,0,1,False
860,2025-09-03,2025-09-04 21:49:01,2025-09-04 21:52:02,181.0,3492992,3492993,2,2,2,0,2,False
861,2025-09-03,2025-09-04 21:57:25,2025-09-04 21:57:25,0.0,3492995,3492995,1,1,1,1,0,True
862,2025-09-03,2025-09-04 22:29:50,2025-09-04 22:29:50,0.0,3493000,3493000,1,1,1,0,1,False
863,2025-09-03,2025-09-04 22:38:50,2025-09-04 22:43:12,262.0,3493002,3493004,3,3,3,0,3,False
864,2025-09-03,2025-09-04 22:46:12,2025-09-04 22:46:12,0.0,3493006,3493006,1,1,1,0,1,False
865,2025-09-03,2025-09-04 22:53:33,2025-09-04 22:53:33,0.0,3493008,3493008,1,1,1,0,1,False
866,2025-09-03,2025-09-04 23:03:10,2025-09-04 23:03:10,0.0,3493010,3493010,1,1,1,0,1,False
867,2025-09-03,2025-09-04 23:06:07,2025-09-04 23:06:07,0.0,3493013,3493013,1,1,1,1,0,True
868,2025-09-03,2025-09-04 23:17:27,2025-09-04 23:20:07,160.0,3493017,3493018,2,2,2,2,0,True
869,2025-09-03,2025-09-04 23:22:59,2025-09-04 23:22:59,0.0,3493020,3493020,1,1,1,1,0,True
870,2025-09-03,2025-09-04 23:27:58,2025-09-04 23:27:58,0.0,3493022,3493022,1,1,1,0,1,False
871,2025-09-03,2025-09-04 23:45:24,2025-09-04 23:49:57,273.0,3493025,3493026,2,2,2,0,2,False
872,2025-09-03,2025-09-04 23:56:12,2025-09-04 23:56:12,0.0,3493027,3493027,1,1,1,0,1,False
873,2025-09-03,2025-09-05 00:03:22,2025-09-05 00:03:22,0.0,3493028,3493028,1,1,1,0,1,False
874,2025-09-03,2025-09-05 00:13:38,2025-09-05 00:20:23,405.0,3493029,3493032,4,4,4,0,4,False
875,2025-09-03,2025-09-05 00:25:06,2025-09-05 00:25:06,0.0,3493036,3493036,1,1,1,0,1,False
876,2025-09-03,2025-09-05 00:30:11,2025-09-05 00:30:11,0.0,3493041,3493041,1,1,1,1,0,True
877,2025-09-03,2025-09-05 00:37:13,2025-09-05 00:37:13,0.0,3493046,3493046,1,1,1,1,0,True
878,2025-09-03,2025-09-05 00:49:38,2025-09-05 00:49:38,0.0,3493049,3493049,1,1,1,1,0,True
879,2025-09-03,2025-09-05 00:53:54,2025-09-05 00:53:54,0.0,3493051,3493051,1,1,1,1,0,True
880,2025-09-03,2025-09-05 03:16:09,2025-09-05 03:16:09,0.0,3493113,3493113,1,1,1,1,0,True
881,2025-09-03,2025-09-05 03:24:20,2025-09-05 03:24:20,0.0,3493116,3493116,1,1,1,0,1,False
882,2025-09-03,2025-09-05 03:30:45,2025-09-05 03:30:45,0.0,3493121,3493121,1,1,1,0,1,False
883,2025-09-03,2025-09-05 03:35:55,2025-09-05 03:35:55,0.0,3493124,3493124,1,1,1,1,0,True
884,2025-09-03,2025-09-05 03:41:45,2025-09-05 03:41:45,0.0,3493128,3493128,1,1,1,0,1,False
885,2025-09-03,2025-09-05 03:53:14,2025-09-05 03:53:14,0.0,3493133,3493133,1,1,1,0,1,False
886,2025-09-03,2025-09-05 04:02:30,2025-09-05 04:02:30,0.0,3493135,3493135,1,1,1,1,0,True
887,2025-09-03,2025-09-05 04:13:21,2025-09-05 04:13:21,0.0,3493137,3493137,1,1,1,0,1,False
888,2025-09-03,2025-09-05 04:32:28,2025-09-05 04:32:28,0.0,3493147,3493147,1,1,1,0,1,False
889,2025-09-03,2025-09-05 04:36:45,2025-09-05 04:36:45,0.0,3493149,3493149,1,1,1,0,1,False
890,2025-09-03,2025-09-05 04:37:26,2025-09-05 04:37:26,0.0,3493151,3493151,1,1,1,1,0,True
891,2025-09-03,2025-09-05 04:50:19,2025-09-05 04:50:19,0.0,3493153,3493153,1,1,1,0,1,False
892,2025-09-03,2025-09-05 05:06:32,2025-09-05 05:07:35,63.0,3493164,3493166,3,3,3,0,3,False
893,2025-09-03,2025-09-05 05:19:08,2025-09-05 05:19:08,0.0,3493174,3493174,1,1,1,0,1,False
894,2025-09-03,2025-09-05 05:31:07,2025-09-05 05:31:07,0.0,3493182,3493182,1,1,1,0,1,False
895,2025-09-03,2025-09-05 05:43:28,2025-09-05 05:43:28,0.0,3493185,3493185,1,1,1,0,1,False
896,2025-09-03,2025-09-05 05:47:39,2025-09-05 05:47:39,0.0,3493188,3493188,1,1,1,0,1,False
897,2025-09-03,2025-09-05 05:53:15,2025-09-05 05:53:15,0.0,3493191,3493191,1,1,1,1,0,True
898,2025-09-03,2025-09-05 05:57:45,2025-09-05 05:57:45,0.0,3493196,3493196,1,1,1,1,0,True
899,2025-09-03,2025-09-05 06:15:50,2025-09-05 06:15:50,0.0,3493200,3493200,1,1,1,0,1,False
900,2025-09-03,2025-09-05 06:17:46,2025-09-05 06:17:46,0.0,3493202,3493202,1,1,1,1,0,True
901,2025-09-03,2025-09-05 06:21:43,2025-09-05 06:21:43,0.0,3493205,3493205,1,1,1,0,1,False
902,2025-09-03,2025-09-05 06:34:24,2025-09-05 06:38:39,255.0,3493210,3493212,3,3,3,0,3,False
903,2025-09-03,2025-09-05 06:45:52,2025-09-05 06:45:52,0.0,3493220,3493220,1,1,1,0,1,False
904,2025-09-03,2025-09-05 06:56:46,2025-09-05 06:58:57,131.0,3493222,3493224,3,3,3,0,3,False
905,2025-09-03,2025-09-05 07:03:21,2025-09-05 07:03:21,0.0,3493230,3493230,1,1,1,1,0,True
906,2025-09-03,2025-09-05 07:11:26,2025-09-05 07:11:26,0.0,3493232,3493232,1,1,1,1,0,True
907,2025-09-03,2025-09-05 07:15:39,2025-09-05 07:15:39,0.0,3493235,3493235,1,1,1,1,0,True
908,2025-09-03,2025-09-05 07:27:24,2025-09-05 07:27:24,0.0,3493237,3493237,1,1,1,0,1,False
909,2025-09-03,2025-09-05 07:28:21,2025-09-05 07:28:21,0.0,3493240,3493240,1,1,1,1,0,True
910,2025-09-03,2025-09-05 07:32:51,2025-09-05 07:32:51,0.0,3493242,3493242,1,1,1,0,1,False
911,2025-09-03,2025-09-05 07:36:07,2025-09-05 07:36:07,0.0,3493245,3493245,1,1,1,0,1,False
912,2025-09-03,2025-09-05 07:49:17,2025-09-05 07:49:17,0.0,3493251,3493251,1,1,1,0,1,False
913,2025-09-03,2025-09-05 07:49:48,2025-09-05 07:49:48,0.0,3493253,3493253,1,1,1,1,0,True
914,2025-09-03,2025-09-05 08:01:49,2025-09-05 08:02:53,64.0,3493255,3493257,3,3,3,0,3,False
915,2025-09-03,2025-09-05 08:11:59,2025-09-05 08:11:59,0.0,3493261,3493261,1,1,1,0,1,False
916,2025-09-03,2025-09-05 08:20:23,2025-09-05 08:22:48,145.0,3493266,3493268,3,3,3,0,3,False
917,2025-09-03,2025-09-05 08:27:32,2025-09-05 08:27:32,0.0,3493270,3493270,1,1,1,0,1,False
918,2025-09-03,2025-09-05 08:32:41,2025-09-05 08:32:41,0.0,3493272,3493272,1,1,1,0,1,False
919,2025-09-03,2025-09-05 08:38:48,2025-09-05 08:38:48,0.0,3493278,3493278,1,1,1,1,0,True
920,2025-09-03,2025-09-05 08:41:26,2025-09-05 08:41:26,0.0,3493282,3493282,1,1,1,1,0,True
921,2025-09-03,2025-09-05 08:44:43,2025-09-05 08:44:43,0.0,3493285,3493285,1,1,1,0,1,False
922,2025-09-03,2025-09-05 08:44:58,2025-09-05 08:44:58,0.0,3493287,3493287,1,1,1,1,0,True
923,2025-09-03,2025-09-05 08:51:41,2025-09-05 08:51:41,0.0,3493292,3493292,1,1,1,1,0,True
924,2025-09-03,2025-09-05 08:57:41,2025-09-05 08:57:41,0.0,3493294,3493294,1,1,1,1,0,True
925,2025-09-03,2025-09-05 09:01:47,2025-09-05 09:01:47,0.0,3493296,3493296,1,1,1,1,0,True
926,2025-09-03,2025-09-05 09:06:43,2025-09-05 09:06:43,0.0,3493298,3493298,1,1,1,0,1,False
927,2025-09-03,2025-09-05 09:10:28,2025-09-05 09:10:28,0.0,3493300,3493300,1,1,1,1,0,True
928,2025-09-03,2025-09-05 09:26:36,2025-09-05 09:26:36,0.0,3493308,3493308,1,1,1,0,1,False
929,2025-09-03,2025-09-05 09:36:11,2025-09-05 09:36:11,0.0,3493311,3493311,1,1,1,0,1,False
930,2025-09-03,2025-09-05 09:46:18,2025-09-05 09:46:18,0.0,3493314,3493314,1,1,1,0,1,False
931,2025-09-03,2025-09-05 09:59:41,2025-09-05 10:00:01,20.0,3493315,3493316,2,2,2,0,2,False
932,2025-09-03,2025-09-05 10:07:35,2025-09-05 10:07:35,0.0,3493318,3493318,1,1,1,1,0,True
933,2025-09-03,2025-09-05 10:20:50,2025-09-05 10:32:47,717.0,3493321,3493326,6,6,6+,0,6,False
934,2025-09-03,2025-09-05 10:38:49,2025-09-05 10:38:49,0.0,3493331,3493331,1,1,1,0,1,False
935,2025-09-03,2025-09-05 10:54:51,2025-09-05 10:54:51,0.0,3493338,3493338,1,1,1,1,0,True
936,2025-09-03,2025-09-05 11:11:03,2025-09-05 11:11:03,0.0,3493347,3493347,1,1,1,0,1,False
937,2025-09-03,2025-09-05 11:32:27,2025-09-05 11:32:27,0.0,3493359,3493359,1,1,1,1,0,True
938,2025-09-03,2025-09-05 11:46:25,2025-09-05 11:46:25,0.0,3493362,3493362,1,1,1,0,1,False
939,2025-09-03,2025-09-05 11:54:38,2025-09-05 11:54:38,0.0,3493368,3493368,1,1,1,0,1,False
940,2025-09-03,2025-09-05 12:01:20,2025-09-05 12:01:20,0.0,3493371,3493371,1,1,1,0,1,False
941,2025-09-03,2025-09-05 12:10:02,2025-09-05 12:10:02,0.0,3493377,3493377,1,1,1,1,0,True
942,2025-09-03,2025-09-05 12:42:09,2025-09-05 12:42:09,0.0,3493392,3493392,1,1,1,1,0,True
943,2025-09-03,2025-09-05 12:50:02,2025-09-05 12:50:02,0.0,3493396,3493396,1,1,1,0,1,False
944,2025-09-03,2025-09-05 13:32:42,2025-09-05 13:32:42,0.0,3493412,3493412,1,1,1,1,0,True
945,2025-09-03,2025-09-05 13:39:54,2025-09-05 13:39:54,0.0,3493416,3493416,1,1,1,1,0,True
946,2025-09-03,2025-09-05 14:09:33,2025-09-05 14:09:33,0.0,3493436,3493436,1,1,1,1,0,True
947,2025-09-03,2025-09-05 14:53:37,2025-09-05 14:53:37,0.0,3493449,3493449,1,1,1,0,1,False
948,2025-09-03,2025-09-05 14:58:23,2025-09-05 14:58:23,0.0,3493452,3493452,1,1,1,1,0,True
949,2025-09-03,2025-09-05 15:09:32,2025-09-05 15:09:32,0.0,3493456,3493456,1,1,1,0,1,False
950,2025-09-03,2025-09-05 15:11:46,2025-09-05 15:11:46,0.0,3493459,3493459,1,1,1,1,0,True
951,2025-09-03,2025-09-05 15:47:22,2025-09-05 15:47:22,0.0,3493476,3493476,1,1,1,0,1,False
952,2025-09-03,2025-09-05 16:26:12,2025-09-05 16:26:12,0.0,3493496,3493496,1,1,1,1,0,True
953,2025-09-03,2025-09-05 16:44:38,2025-09-05 16:44:38,0.0,3493500,3493500,1,1,1,0,1,False
954,2025-09-03,2025-09-05 16:47:12,2025-09-05 16:47:12,0.0,3493503,3493503,1,1,1,1,0,True
955,2025-09-03,2025-09-05 17:20:55,2025-09-05 17:20:55,0.0,3493520,3493520,1,1,1,0,1,False
956,2025-09-03,2025-09-05 17:26:06,2025-09-05 17:26:06,0.0,3493522,3493522,1,1,1,0,1,False
957,2025-09-03,2025-09-05 17:27:43,2025-09-05 17:27:43,0.0,3493524,3493524,1,1,1,1,0,True
958,2025-09-03,2025-09-05 17:59:15,2025-09-05 17:59:15,0.0,3493540,3493540,1,1,1,1,0,True
959,2025-09-03,2025-09-05 18:03:04,2025-09-05 18:03:04,0.0,3493543,3493543,1,1,1,1,0,True
960,2025-09-03,2025-09-05 18:15:08,2025-09-05 18:15:08,0.0,3493551,3493551,1,1,1,1,0,True
961,2025-09-03,2025-09-05 18:43:52,2025-09-05 18:43:52,0.0,3493566,3493566,1,1,1,0,1,False
962,2025-09-03,2025-09-05 18:52:02,2025-09-05 18:52:02,0.0,3493574,3493574,1,1,1,1,0,True
963,2025-09-03,2025-09-05 18:55:53,2025-09-05 18:55:53,0.0,3493581,3493581,1,1,1,1,0,True
964,2025-09-03,2025-09-05 18:58:35,2025-09-05 18:58:35,0.0,3493585,3493585,1,1,1,1,0,True
965,2025-09-03,2025-09-05 19:37:43,2025-09-05 19:37:43,0.0,3493599,3493599,1,1,1,0,1,False
966,2025-09-03,2025-09-05 19:41:40,2025-09-05 19:43:37,117.0,3493601,3493603,3,3,3,0,3,False
967,2025-09-03,2025-09-05 20:10:28,2025-09-05 20:10:28,0.0,3493613,3493613,1,1,1,1,0,True
968,2025-09-03,2025-09-05 20:12:31,2025-09-05 20:12:31,0.0,3493615,3493615,1,1,1,1,0,True
969,2025-09-03,2025-09-05 20:26:28,2025-09-05 20:26:28,0.0,3493617,3493617,1,1,1,1,0,True
970,2025-09-03,2025-09-05 21:04:16,2025-09-05 21:04:16,0.0,3493629,3493629,1,1,1,1,0,True
971,2025-09-03,2025-09-05 22:26:13,2025-09-05 22:26:13,0.0,3493685,3493685,1,1,1,1,0,True
972,2025-09-03,2025-09-05 23:13:49,2025-09-05 23:13:49,0.0,3493702,3493702,1,1,1,0,1,False
973,2025-09-03,2025-09-05 23:19:23,2025-09-05 23:19:23,0.0,3493706,3493706,1,1,1,1,0,True
974,2025-09-03,2025-09-05 23:59:19,2025-09-05 23:59:19,0.0,3493727,3493727,1,1,1,0,1,False
975,2025-09-03,2025-09-06 00:47:29,2025-09-06 00:47:29,0.0,3493747,3493747,1,1,1,0,1,False
976,2025-09-03,2025-09-06 00:50:36,2025-09-06 00:50:36,0.0,3493751,3493751,1,1,1,0,1,False
977,2025-09-03,2025-09-06 00:57:42,2025-09-06 00:57:42,0.0,3493754,3493754,1,1,1,1,0,True
978,2025-09-03,2025-09-06 01:29:02,2025-09-06 01:29:02,0.0,3493764,3493764,1,1,1,1,0,True
979,2025-09-03,2025-09-06 02:19:54,2025-09-06 02:19:54,0.0,3493793,3493793,1,1,1,0,1,False
980,2025-09-03,2025-09-06 02:51:39,2025-09-06 02:51:39,0.0,3493804,3493804,1,1,1,0,1,False
981,2025-09-03,2025-09-06 02:57:18,2025-09-06 02:57:18,0.0,3493807,3493807,1,1,1,1,0,True
982,2025-09-03,2025-09-06 03:01:23,2025-09-06 03:01:23,0.0,3493809,3493809,1,1,1,0,1,False
983,2025-09-03,2025-09-06 03:09:47,2025-09-06 03:09:47,0.0,3493811,3493811,1,1,1,0,1,False
984,2025-09-03,2025-09-06 03:52:26,2025-09-06 03:52:26,0.0,3493827,3493827,1,1,1,1,0,True
985,2025-09-03,2025-09-06 04:22:48,2025-09-06 04:22:48,0.0,3493835,3493835,1,1,1,1,0,True
986,2025-09-03,2025-09-06 04:35:35,2025-09-06 04:35:59,24.0,3493837,3493838,2,2,2,0,2,False
987,2025-09-03,2025-09-06 04:37:24,2025-09-06 04:38:08,44.0,3493840,3493841,2,2,2,2,0,True
988,2025-09-03,2025-09-06 05:07:13,2025-09-06 05:07:13,0.0,3493853,3493853,1,1,1,0,1,False
989,2025-09-03,2025-09-06 05:12:18,2025-09-06 05:12:18,0.0,3493858,3493858,1,1,1,1,0,True
990,2025-09-03,2025-09-06 05:25:02,2025-09-06 05:25:02,0.0,3493870,3493870,1,1,1,1,0,True
991,2025-09-03,2025-09-06 05:52:15,2025-09-06 05:53:19,64.0,3493884,3493885,2,2,2,0,2,False
992,2025-09-03,2025-09-06 05:54:56,2025-09-06 05:54:56,0.0,3493887,3493887,1,1,1,1,0,True
993,2025-09-03,2025-09-06 06:00:49,2025-09-06 06:00:49,0.0,3493890,3493890,1,1,1,0,1,False
994,2025-09-03,2025-09-06 06:03:17,2025-09-06 06:03:17,0.0,3493892,3493892,1,1,1,1,0,True
995,2025-09-03,2025-09-06 06:05:46,2025-09-06 06:05:46,0.0,3493894,3493894,1,1,1,0,1,False
996,2025-09-03,2025-09-06 06:35:51,2025-09-06 06:35:51,0.0,3493907,3493907,1,1,1,1,0,True
997,2025-09-03,2025-09-06 07:25:45,2025-09-06 07:25:45,0.0,3493928,3493928,1,1,1,0,1,False
998,2025-09-03,2025-09-06 07:28:54,2025-09-06 07:28:54,0.0,3493930,3493930,1,1,1,0,1,False
999,2025-09-03,2025-09-06 07:35:58,2025-09-06 07:35:58,0.0,3493933,3493933,1,1,1,0,1,False
1000,2025-09-03,2025-09-06 08:07:39,2025-09-06 08:07:39,0.0,3493945,3493945,1,1,1,1,0,True
1001,2025-09-03,2025-09-06 08:15:05,2025-09-06 08:15:05,0.0,3493947,3493947,1,1,1,0,1,False
1002,2025-09-03,2025-09-06 08:52:32,2025-09-06 08:52:32,0.0,3493968,3493968,1,1,1,0,1,False
1003,2025-09-03,2025-09-06 08:56:36,2025-09-06 08:56:36,0.0,3493970,3493970,1,1,1,0,1,False
1004,2025-09-03,2025-09-06 09:39:00,2025-09-06 09:39:00,0.0,3493995,3493995,1,1,1,1,0,True
1005,2025-09-03,2025-09-06 09:45:44,2025-09-06 09:45:44,0.0,3493999,3493999,1,1,1,0,1,False
1006,2025-09-03,2025-09-06 09:47:39,2025-09-06 09:47:39,0.0,3494004,3494004,1,1,1,1,0,True
1007,2025-09-03,2025-09-06 10:20:39,2025-09-06 10:20:39,0.0,3494021,3494021,1,1,1,1,0,True
1008,2025-09-03,2025-09-06 10:28:54,2025-09-06 10:28:54,0.0,3494028,3494028,1,1,1,1,0,True
1009,2025-09-03,2025-09-06 11:04:47,2025-09-06 11:04:47,0.0,3494047,3494047,1,1,1,1,0,True
1010,2025-09-03,2025-09-06 11:15:45,2025-09-06 11:15:45,0.0,3494050,3494050,1,1,1,0,1,False
1011,2025-09-03,2025-09-06 11:18:46,2025-09-06 11:18:46,0.0,3494053,3494053,1,1,1,0,1,False
1012,2025-09-03,2025-09-06 11:50:39,2025-09-06 11:50:39,0.0,3494072,3494072,1,1,1,1,0,True
1013,2025-09-03,2025-09-06 11:52:34,2025-09-06 11:52:34,0.0,3494076,3494076,1,1,1,1,0,True
1014,2025-09-03,2025-09-06 11:54:39,2025-09-06 11:54:39,0.0,3494078,3494078,1,1,1,1,0,True
1015,2025-09-03,2025-09-06 12:10:31,2025-09-06 12:10:31,0.0,3494085,3494085,1,1,1,0,1,False
1016,2025-09-03,2025-09-06 12:29:00,2025-09-06 12:29:00,0.0,3494096,3494096,1,1,1,1,0,True
1017,2025-09-03,2025-09-06 12:32:41,2025-09-06 12:32:41,0.0,3494100,3494100,1,1,1,0,1,False
1018,2025-09-03,2025-09-06 12:36:57,2025-09-06 12:36:57,0.0,3494102,3494102,1,1,1,1,0,True
1019,2025-09-03,2025-09-06 12:44:47,2025-09-06 12:44:47,0.0,3494104,3494104,1,1,1,0,1,False
1020,2025-09-03,2025-09-06 12:49:38,2025-09-06 12:49:38,0.0,3494107,3494107,1,1,1,1,0,True
1021,2025-09-03,2025-09-06 13:14:55,2025-09-06 13:14:55,0.0,3494117,3494117,1,1,1,1,0,True
1022,2025-09-03,2025-09-06 13:18:39,2025-09-06 13:18:39,0.0,3494119,3494119,1,1,1,1,0,True
1023,2025-09-03,2025-09-06 13:31:42,2025-09-06 13:31:42,0.0,3494128,3494128,1,1,1,0,1,False
1024,2025-09-03,2025-09-06 13:39:05,2025-09-06 13:39:05,0.0,3494130,3494130,1,1,1,1,0,True
1025,2025-09-03,2025-09-06 13:45:35,2025-09-06 13:45:35,0.0,3494134,3494134,1,1,1,1,0,True
1026,2025-09-03,2025-09-06 14:02:36,2025-09-06 14:03:35,59.0,3494146,3494147,2,2,2,0,2,False
1027,2025-09-03,2025-09-06 14:04:23,2025-09-06 14:04:23,0.0,3494150,3494150,1,1,1,1,0,True
1028,2025-09-03,2025-09-06 14:10:23,2025-09-06 14:10:23,0.0,3494152,3494152,1,1,1,0,1,False
1029,2025-09-03,2025-09-06 14:19:57,2025-09-06 14:19:57,0.0,3494157,3494157,1,1,1,1,0,True
1030,2025-09-03,2025-09-06 14:27:58,2025-09-06 14:27:58,0.0,3494160,3494160,1,1,1,0,1,False
1031,2025-09-03,2025-09-06 14:37:54,2025-09-06 14:37:54,0.0,3494167,3494167,1,1,1,0,1,False
1032,2025-09-03,2025-09-06 14:42:14,2025-09-06 14:42:14,0.0,3494170,3494170,1,1,1,1,0,True
1033,2025-09-03,2025-09-06 14:50:51,2025-09-06 14:50:51,0.0,3494173,3494173,1,1,1,0,1,False
1034,2025-09-03,2025-09-06 14:54:43,2025-09-06 14:54:43,0.0,3494175,3494175,1,1,1,0,1,False
1035,2025-09-03,2025-09-06 14:58:41,2025-09-06 14:58:41,0.0,3494177,3494177,1,1,1,0,1,False
1036,2025-09-03,2025-09-06 14:59:51,2025-09-06 14:59:51,0.0,3494179,3494179,1,1,1,0,1,False
1037,2025-09-03,2025-09-06 15:08:23,2025-09-06 15:08:23,0.0,3494182,3494182,1,1,1,1,0,True
1038,2025-09-03,2025-09-06 15:14:28,2025-09-06 15:17:43,195.0,3494184,3494186,3,3,3,0,3,False
1039,2025-09-03,2025-09-06 15:18:52,2025-09-06 15:18:52,0.0,3494188,3494188,1,1,1,1,0,True
1040,2025-09-03,2025-09-06 15:27:22,2025-09-06 15:27:22,0.0,3494193,3494193,1,1,1,0,1,False
1041,2025-09-03,2025-09-06 15:32:11,2025-09-06 15:32:11,0.0,3494196,3494196,1,1,1,0,1,False
1042,2025-09-03,2025-09-06 15:35:08,2025-09-06 15:35:08,0.0,3494200,3494200,1,1,1,1,0,True
1043,2025-09-03,2025-09-06 15:40:04,2025-09-06 15:40:04,0.0,3494202,3494202,1,1,1,0,1,False
1044,2025-09-03,2025-09-06 15:42:45,2025-09-06 15:42:45,0.0,3494204,3494204,1,1,1,0,1,False
1045,2025-09-03,2025-09-06 15:45:28,2025-09-06 15:46:17,49.0,3494207,3494208,2,2,2,2,0,True
1046,2025-09-03,2025-09-06 15:49:30,2025-09-06 15:49:30,0.0,3494210,3494210,1,1,1,1,0,True
1047,2025-09-03,2025-09-06 15:52:24,2025-09-06 15:52:24,0.0,3494212,3494212,1,1,1,1,0,True
1048,2025-09-03,2025-09-06 15:55:21,2025-09-06 15:55:21,0.0,3494212,3494212,1,1,1,0,1,False
1049,2025-09-03,2025-09-06 15:57:54,2025-09-06 15:57:54,0.0,3494214,3494214,1,1,1,0,1,False
1050,2025-09-03,2025-09-06 15:59:48,2025-09-06 15:59:48,0.0,3494217,3494217,1,1,1,0,1,False
1051,2025-09-03,2025-09-06 16:07:04,2025-09-06 16:10:40,216.0,3494218,3494219,2,2,2,0,2,False
1052,2025-09-03,2025-09-06 16:18:40,2025-09-06 16:18:40,0.0,3494229,3494229,1,1,1,0,1,False
1053,2025-09-03,2025-09-06 16:22:55,2025-09-06 16:22:55,0.0,3494234,3494234,1,1,1,1,0,True
1054,2025-09-03,2025-09-06 16:24:16,2025-09-06 16:24:16,0.0,3494236,3494236,1,1,1,1,0,True
1055,2025-09-03,2025-09-06 16:34:30,2025-09-06 16:34:30,0.0,3494238,3494238,1,1,1,0,1,False
1056,2025-09-03,2025-09-06 16:37:56,2025-09-06 16:37:56,0.0,3494240,3494240,1,1,1,0,1,False
1057,2025-09-03,2025-09-06 17:03:20,2025-09-06 17:03:20,0.0,3494253,3494253,1,1,1,0,1,False
1058,2025-09-03,2025-09-06 17:13:46,2025-09-06 17:13:46,0.0,3494259,3494259,1,1,1,0,1,False
1059,2025-09-03,2025-09-06 17:16:16,2025-09-06 17:16:16,0.0,3494261,3494261,1,1,1,0,1,False
1060,2025-09-03,2025-09-06 17:32:28,2025-09-06 17:32:28,0.0,3494268,3494268,1,1,1,0,1,False
1061,2025-09-03,2025-09-06 17:37:34,2025-09-06 17:37:34,0.0,3494271,3494271,1,1,1,0,1,False
1062,2025-09-03,2025-09-06 17:47:34,2025-09-06 17:47:34,0.0,3494274,3494274,1,1,1,0,1,False
1063,2025-09-03,2025-09-06 17:48:05,2025-09-06 17:48:05,0.0,3494276,3494276,1,1,1,1,0,True
1064,2025-09-03,2025-09-06 17:53:10,2025-09-06 17:53:19,9.0,3494280,3494281,2,2,2,0,2,False
1065,2025-09-03,2025-09-06 18:05:39,2025-09-06 18:05:39,0.0,3494288,3494288,1,1,1,1,0,True
1066,2025-09-03,2025-09-06 18:07:09,2025-09-06 18:07:09,0.0,3494292,3494292,1,1,1,1,0,True
1067,2025-09-03,2025-09-06 18:10:42,2025-09-06 18:10:42,0.0,3494295,3494295,1,1,1,1,0,True
1068,2025-09-03,2025-09-06 18:15:29,2025-09-06 18:15:29,0.0,3494297,3494297,1,1,1,1,0,True
1069,2025-09-03,2025-09-06 18:20:15,2025-09-06 18:20:15,0.0,3494299,3494299,1,1,1,1,0,True
1070,2025-09-03,2025-09-06 18:22:20,2025-09-06 18:22:20,0.0,3494301,3494301,1,1,1,1,0,True
1071,2025-09-03,2025-09-06 18:26:07,2025-09-06 18:26:07,0.0,3494303,3494303,1,1,1,1,0,True
1072,2025-09-03,2025-09-06 18:30:23,2025-09-06 18:30:23,0.0,3494306,3494306,1,1,1,0,1,False
1073,2025-09-03,2025-09-06 18:37:27,2025-09-06 18:37:27,0.0,3494314,3494314,1,1,1,1,0,True
1074,2025-09-03,2025-09-06 18:40:10,2025-09-06 18:40:10,0.0,3494318,3494318,1,1,1,1,0,True
1075,2025-09-03,2025-09-06 18:48:45,2025-09-06 18:48:45,0.0,3494322,3494322,1,1,1,0,1,False
1076,2025-09-03,2025-09-06 18:56:03,2025-09-06 18:56:03,0.0,3494326,3494326,1,1,1,0,1,False
1077,2025-09-03,2025-09-06 19:09:44,2025-09-06 19:10:31,47.0,3494336,3494337,2,2,2,0,2,False
1078,2025-09-03,2025-09-06 19:15:41,2025-09-06 19:15:41,0.0,3494338,3494338,1,1,1,0,1,False
1079,2025-09-03,2025-09-06 19:23:40,2025-09-06 19:26:05,145.0,3494339,3494342,4,4,4,0,4,False
1080,2025-09-03,2025-09-06 19:30:11,2025-09-06 19:30:11,0.0,3494344,3494344,1,1,1,0,1,False
1081,2025-09-03,2025-09-06 19:50:47,2025-09-06 19:50:47,0.0,3494352,3494352,1,1,1,0,1,False
1082,2025-09-03,2025-09-06 19:56:42,2025-09-06 19:56:42,0.0,3494357,3494357,1,1,1,1,0,True
1083,2025-09-03,2025-09-06 20:10:26,2025-09-06 20:10:26,0.0,3494366,3494366,1,1,1,0,1,False
1084,2025-09-03,2025-09-06 20:11:44,2025-09-06 20:11:44,0.0,3494368,3494368,1,1,1,1,0,True
1085,2025-09-03,2025-09-06 20:19:50,2025-09-06 20:19:50,0.0,3494375,3494375,1,1,1,1,0,True
1086,2025-09-03,2025-09-06 20:21:55,2025-09-06 20:21:55,0.0,3494377,3494377,1,1,1,0,1,False
1087,2025-09-03,2025-09-06 20:24:53,2025-09-06 20:24:53,0.0,3494379,3494379,1,1,1,0,1,False
1088,2025-09-03,2025-09-06 20:37:13,2025-09-06 20:37:13,0.0,3494387,3494387,1,1,1,0,1,False
1089,2025-09-03,2025-09-06 20:43:34,2025-09-06 20:43:34,0.0,3494389,3494389,1,1,1,1,0,True
1090,2025-09-03,2025-09-06 21:00:19,2025-09-06 21:00:19,0.0,3494394,3494394,1,1,1,0,1,False
1091,2025-09-03,2025-09-06 21:01:09,2025-09-06 21:01:09,0.0,3494396,3494396,1,1,1,1,0,True
1092,2025-09-03,2025-09-06 21:02:16,2025-09-06 21:02:16,0.0,3494398,3494398,1,1,1,0,1,False
1093,2025-09-03,2025-09-06 21:06:40,2025-09-06 21:06:40,0.0,3494403,3494403,1,1,1,1,0,True
1094,2025-09-03,2025-09-06 21:09:22,2025-09-06 21:09:22,0.0,3494405,3494405,1,1,1,1,0,True
1095,2025-09-03,2025-09-06 21:24:38,2025-09-06 21:24:38,0.0,3494410,3494410,1,1,1,0,1,False
1096,2025-09-03,2025-09-06 21:36:05,2025-09-06 21:36:05,0.0,3494418,3494418,1,1,1,0,1,False
1097,2025-09-03,2025-09-06 21:45:08,2025-09-06 21:45:08,0.0,3494421,3494421,1,1,1,0,1,False
1098,2025-09-03,2025-09-06 21:52:03,2025-09-06 21:52:03,0.0,3494424,3494424,1,1,1,0,1,False
1099,2025-09-03,2025-09-06 21:52:24,2025-09-06 21:52:24,0.0,3494426,3494426,1,1,1,1,0,True
1100,2025-09-03,2025-09-06 22:05:18,2025-09-06 22:05:18,0.0,3494431,3494431,1,1,1,0,1,False
1101,2025-09-03,2025-09-06 22:12:37,2025-09-06 22:12:37,0.0,3494437,3494437,1,1,1,0,1,False
1102,2025-09-03,2025-09-06 22:25:27,2025-09-06 22:25:27,0.0,3494443,3494443,1,1,1,0,1,False
1103,2025-09-03,2025-09-06 22:26:33,2025-09-06 22:26:33,0.0,3494448,3494448,1,1,1,1,0,True
1104,2025-09-03,2025-09-06 22:32:44,2025-09-06 22:32:44,0.0,3494450,3494450,1,1,1,0,1,False
1105,2025-09-03,2025-09-06 22:34:57,2025-09-06 22:34:57,0.0,3494452,3494452,1,1,1,1,0,True
1106,2025-09-03,2025-09-06 22:39:34,2025-09-06 22:39:34,0.0,3494455,3494455,1,1,1,0,1,False
1107,2025-09-03,2025-09-06 22:44:14,2025-09-06 22:44:14,0.0,3494457,3494457,1,1,1,0,1,False
1108,2025-09-03,2025-09-06 22:53:35,2025-09-06 22:54:00,25.0,3494459,3494460,2,2,2,0,2,False
1109,2025-09-03,2025-09-06 22:59:23,2025-09-06 22:59:23,0.0,3494462,3494462,1,1,1,0,1,False
1110,2025-09-03,2025-09-06 23:10:41,2025-09-06 23:10:41,0.0,3494466,3494466,1,1,1,0,1,False
1111,2025-09-03,2025-09-06 23:19:02,2025-09-06 23:19:02,0.0,3494471,3494471,1,1,1,0,1,False
1112,2025-09-03,2025-09-06 23:21:38,2025-09-06 23:21:38,0.0,3494473,3494473,1,1,1,1,0,True
1113,2025-09-03,2025-09-06 23:28:39,2025-09-06 23:29:19,40.0,3494477,3494478,2,2,2,0,2,False
1114,2025-09-03,2025-09-06 23:38:56,2025-09-06 23:38:56,0.0,3494483,3494483,1,1,1,0,1,False
1115,2025-09-03,2025-09-06 23:44:06,2025-09-06 23:44:06,0.0,3494487,3494487,1,1,1,1,0,True
1116,2025-09-03,2025-09-06 23:59:46,2025-09-06 23:59:46,0.0,3494490,3494490,1,1,1,0,1,False
1117,2025-09-03,2025-09-07 00:00:28,2025-09-07 00:00:28,0.0,3494492,3494492,1,1,1,1,0,True
1118,2025-09-03,2025-09-07 00:08:02,2025-09-07 00:08:02,0.0,3494496,3494496,1,1,1,0,1,False
1119,2025-09-03,2025-09-07 00:10:53,2025-09-07 00:10:53,0.0,3494498,3494498,1,1,1,1,0,True
1120,2025-09-03,2025-09-07 00:21:17,2025-09-07 00:21:17,0.0,3494504,3494504,1,1,1,0,1,False
1121,2025-09-03,2025-09-07 00:46:25,2025-09-07 00:46:25,0.0,3494512,3494512,1,1,1,0,1,False
1122,2025-09-03,2025-09-07 00:54:47,2025-09-07 00:54:47,0.0,3494517,3494517,1,1,1,1,0,True
1123,2025-09-03,2025-09-07 00:59:40,2025-09-07 00:59:40,0.0,3494519,3494519,1,1,1,1,0,True
1124,2025-09-03,2025-09-07 01:09:29,2025-09-07 01:09:29,0.0,3494523,3494523,1,1,1,1,0,True
1125,2025-09-03,2025-09-07 01:27:04,2025-09-07 01:27:04,0.0,3494526,3494526,1,1,1,1,0,True
1126,2025-09-03,2025-09-07 01:32:29,2025-09-07 01:32:29,0.0,3494530,3494530,1,1,1,1,0,True
1127,2025-09-03,2025-09-07 01:47:56,2025-09-07 01:47:56,0.0,3494533,3494533,1,1,1,0,1,False
1128,2025-09-03,2025-09-07 02:05:06,2025-09-07 02:05:06,0.0,3494538,3494538,1,1,1,0,1,False
1129,2025-09-03,2025-09-07 02:10:09,2025-09-07 02:22:17,728.0,3494539,3494545,7,6,6+,0,7,False
1130,2025-09-03,2025-09-07 02:33:09,2025-09-07 02:34:18,69.0,3494552,3494553,2,2,2,0,2,False
1131,2025-09-03,2025-09-07 02:35:45,2025-09-07 02:35:45,0.0,3494556,3494556,1,1,1,1,0,True
1132,2025-09-03,2025-09-07 02:37:30,2025-09-07 02:37:30,0.0,3494558,3494558,1,1,1,0,1,False
1133,2025-09-03,2025-09-07 02:52:05,2025-09-07 02:52:05,0.0,3494560,3494560,1,1,1,0,1,False
1134,2025-09-03,2025-09-07 02:58:42,2025-09-07 02:58:42,0.0,3494567,3494567,1,1,1,1,0,True
1135,2025-09-03,2025-09-07 03:07:50,2025-09-07 03:09:46,116.0,3494569,3494570,2,2,2,0,2,False
1136,2025-09-03,2025-09-07 03:21:29,2025-09-07 03:30:13,524.0,3494576,3494582,7,6,6+,0,7,False
1137,2025-09-03,2025-09-07 03:36:45,2025-09-07 03:36:45,0.0,3494586,3494586,1,1,1,1,0,True
1138,2025-09-03,2025-09-07 03:48:48,2025-09-07 03:48:48,0.0,3494588,3494588,1,1,1,0,1,False
1139,2025-09-03,2025-09-07 03:51:57,2025-09-07 03:51:57,0.0,3494591,3494591,1,1,1,0,1,False
1140,2025-09-03,2025-09-07 04:15:35,2025-09-07 04:15:35,0.0,3494594,3494594,1,1,1,0,1,False
1141,2025-09-03,2025-09-07 04:19:21,2025-09-07 04:19:21,0.0,3494597,3494597,1,1,1,1,0,True
1142,2025-09-03,2025-09-07 04:27:14,2025-09-07 04:27:14,0.0,3494599,3494599,1,1,1,0,1,False
1143,2025-09-03,2025-09-07 04:35:09,2025-09-07 04:35:09,0.0,3494601,3494601,1,1,1,0,1,False
1144,2025-09-03,2025-09-07 04:43:36,2025-09-07 04:43:36,0.0,3494603,3494603,1,1,1,0,1,False
1145,2025-09-03,2025-09-07 04:44:24,2025-09-07 04:44:24,0.0,3494605,3494605,1,1,1,1,0,True
1146,2025-09-03,2025-09-07 04:53:19,2025-09-07 04:53:19,0.0,3494610,3494610,1,1,1,0,1,False
1147,2025-09-03,2025-09-07 05:07:38,2025-09-07 05:07:38,0.0,3494615,3494615,1,1,1,0,1,False
1148,2025-09-03,2025-09-07 05:11:22,2025-09-07 05:11:22,0.0,3494619,3494619,1,1,1,1,0,True
1149,2025-09-03,2025-09-07 05:15:15,2025-09-07 05:15:15,0.0,3494621,3494621,1,1,1,1,0,True
1150,2025-09-03,2025-09-07 05:19:42,2025-09-07 05:19:42,0.0,3494623,3494623,1,1,1,0,1,False
1151,2025-09-03,2025-09-07 05:21:10,2025-09-07 05:21:10,0.0,3494625,3494625,1,1,1,1,0,True
1152,2025-09-03,2025-09-07 05:39:34,2025-09-07 05:46:10,396.0,3494628,3494631,4,4,4,0,4,False
1153,2025-09-03,2025-09-07 05:56:09,2025-09-07 06:01:27,318.0,3494637,3494639,3,3,3,3,0,True
1154,2025-09-03,2025-09-07 06:15:53,2025-09-07 06:15:53,0.0,3494643,3494643,1,1,1,1,0,True
1155,2025-09-03,2025-09-07 06:20:33,2025-09-07 06:23:30,177.0,3494646,3494648,3,3,3,0,3,False
1156,2025-09-03,2025-09-07 06:26:04,2025-09-07 06:26:04,0.0,3494650,3494650,1,1,1,0,1,False
1157,2025-09-03,2025-09-07 06:27:21,2025-09-07 06:27:21,0.0,3494652,3494652,1,1,1,1,0,True
1158,2025-09-03,2025-09-07 06:44:31,2025-09-07 06:44:31,0.0,3494654,3494654,1,1,1,0,1,False
1159,2025-09-03,2025-09-07 07:00:56,2025-09-07 07:01:02,6.0,3494662,3494663,2,2,2,0,2,False
1160,2025-09-03,2025-09-07 07:07:39,2025-09-07 07:07:39,0.0,3494668,3494668,1,1,1,1,0,True
1161,2025-09-03,2025-09-07 07:15:29,2025-09-07 07:15:29,0.0,3494671,3494671,1,1,1,1,0,True
1162,2025-09-03,2025-09-07 07:20:52,2025-09-07 07:20:52,0.0,3494675,3494675,1,1,1,1,0,True
1163,2025-09-03,2025-09-07 07:32:40,2025-09-07 07:32:40,0.0,3494679,3494679,1,1,1,1,0,True
1164,2025-09-03,2025-09-07 07:40:53,2025-09-07 07:40:53,0.0,3494681,3494681,1,1,1,1,0,True
1165,2025-09-03,2025-09-07 07:54:16,2025-09-07 07:54:16,0.0,3494683,3494683,1,1,1,0,1,False
1166,2025-09-03,2025-09-07 08:01:09,2025-09-07 08:01:46,37.0,3494685,3494686,2,2,2,0,2,False
1167,2025-09-03,2025-09-07 08:02:41,2025-09-07 08:02:41,0.0,3494689,3494689,1,1,1,1,0,True
1168,2025-09-03,2025-09-07 08:09:37,2025-09-07 08:09:37,0.0,3494692,3494692,1,1,1,1,0,True
1169,2025-09-03,2025-09-07 08:20:02,2025-09-07 08:20:02,0.0,3494696,3494696,1,1,1,1,0,True
1170,2025-09-03,2025-09-07 08:43:42,2025-09-07 08:43:42,0.0,3494701,3494701,1,1,1,0,1,False
1171,2025-09-03,2025-09-07 08:44:24,2025-09-07 08:45:52,88.0,3494703,3494704,2,2,2,2,0,True
1172,2025-09-03,2025-09-07 08:54:51,2025-09-07 08:56:11,80.0,3494706,3494707,2,2,2,0,2,False
1173,2025-09-03,2025-09-07 09:01:35,2025-09-07 09:02:31,56.0,3494709,3494711,3,3,3,0,3,False
1174,2025-09-03,2025-09-07 09:04:12,2025-09-07 09:04:13,1.0,3494715,3494716,2,2,2,2,0,True
1175,2025-09-03,2025-09-07 09:15:14,2025-09-07 09:15:46,32.0,3494719,3494720,2,2,2,0,2,False
1176,2025-09-03,2025-09-07 09:21:19,2025-09-07 09:21:19,0.0,3494721,3494721,1,1,1,0,1,False
1177,2025-09-03,2025-09-07 09:23:03,2025-09-07 09:23:03,0.0,3494724,3494724,1,1,1,0,1,False
1178,2025-09-03,2025-09-07 09:32:03,2025-09-07 09:32:03,0.0,3494726,3494726,1,1,1,0,1,False
1179,2025-09-03,2025-09-07 09:37:20,2025-09-07 09:37:20,0.0,3494727,3494727,1,1,1,0,1,False
1180,2025-09-03,2025-09-07 09:45:12,2025-09-07 09:45:12,0.0,3494729,3494729,1,1,1,0,1,False
1181,2025-09-03,2025-09-07 09:54:53,2025-09-07 09:54:53,0.0,3494736,3494736,1,1,1,0,1,False
1182,2025-09-03,2025-09-07 09:58:09,2025-09-07 09:58:09,0.0,3494740,3494740,1,1,1,1,0,True
1183,2025-09-03,2025-09-07 10:03:59,2025-09-07 10:03:59,0.0,3494745,3494745,1,1,1,0,1,False
1184,2025-09-03,2025-09-07 10:16:11,2025-09-07 10:16:11,0.0,3494750,3494750,1,1,1,0,1,False
1185,2025-09-03,2025-09-07 10:17:49,2025-09-07 10:17:49,0.0,3494753,3494753,1,1,1,1,0,True
1186,2025-09-03,2025-09-07 10:24:40,2025-09-07 10:24:40,0.0,3494759,3494759,1,1,1,1,0,True
1187,2025-09-03,2025-09-07 10:37:19,2025-09-07 10:37:34,15.0,3494765,3494766,2,2,2,2,0,True
1188,2025-09-03,2025-09-07 10:48:10,2025-09-07 10:48:10,0.0,3494769,3494769,1,1,1,1,0,True
1189,2025-09-03,2025-09-07 10:59:02,2025-09-07 10:59:02,0.0,3494772,3494772,1,1,1,0,1,False
1190,2025-09-03,2025-09-07 11:00:59,2025-09-07 11:00:59,0.0,3494775,3494775,1,1,1,0,1,False
1191,2025-09-03,2025-09-07 11:07:04,2025-09-07 11:12:20,316.0,3494777,3494779,3,3,3,0,3,False
1192,2025-09-03,2025-09-07 11:13:17,2025-09-07 11:13:17,0.0,3494783,3494783,1,1,1,0,1,False
1193,2025-09-03,2025-09-07 11:24:17,2025-09-07 11:24:17,0.0,3494790,3494790,1,1,1,1,0,True
1194,2025-09-03,2025-09-07 11:27:19,2025-09-07 11:27:19,0.0,3494794,3494794,1,1,1,1,0,True
1195,2025-09-03,2025-09-07 11:35:31,2025-09-07 11:35:31,0.0,3494800,3494800,1,1,1,0,1,False
1196,2025-09-03,2025-09-07 11:43:09,2025-09-07 11:43:09,0.0,3494803,3494803,1,1,1,1,0,True
1197,2025-09-03,2025-09-07 11:53:39,2025-09-07 11:53:39,0.0,3494808,3494808,1,1,1,0,1,False
1198,2025-09-03,2025-09-07 12:07:03,2025-09-07 12:07:03,0.0,3494821,3494821,1,1,1,1,0,True
1199,2025-09-03,2025-09-07 12:24:51,2025-09-07 12:24:51,0.0,3494831,3494831,1,1,1,1,0,True
1200,2025-09-03,2025-09-07 12:42:51,2025-09-07 12:42:51,0.0,3494840,3494840,1,1,1,1,0,True
1201,2025-09-03,2025-09-07 13:57:45,2025-09-07 13:57:45,0.0,3494880,3494880,1,1,1,1,0,True
1202,2025-09-03,2025-09-07 14:01:05,2025-09-07 14:01:05,0.0,3494882,3494882,1,1,1,1,0,True
1203,2025-09-03,2025-09-07 14:16:16,2025-09-07 14:16:16,0.0,3494888,3494888,1,1,1,0,1,False
1204,2025-09-03,2025-09-07 14:30:26,2025-09-07 14:30:26,0.0,3494896,3494896,1,1,1,1,0,True
1205,2025-09-03,2025-09-07 14:35:25,2025-09-07 14:35:25,0.0,3494899,3494899,1,1,1,0,1,False
1206,2025-09-03,2025-09-07 14:37:05,2025-09-07 14:37:05,0.0,3494901,3494901,1,1,1,1,0,True
1207,2025-09-03,2025-09-07 15:20:58,2025-09-07 15:26:19,321.0,3494934,3494936,3,3,3,0,3,False
1208,2025-09-03,2025-09-07 15:30:23,2025-09-07 15:30:23,0.0,3494940,3494940,1,1,1,0,1,False
1209,2025-09-03,2025-09-07 15:43:11,2025-09-07 15:43:11,0.0,3494947,3494947,1,1,1,0,1,False
1210,2025-09-03,2025-09-07 15:51:25,2025-09-07 15:51:25,0.0,3494950,3494950,1,1,1,0,1,False
1211,2025-09-03,2025-09-07 16:26:35,2025-09-07 16:27:48,73.0,3494963,3494965,3,3,3,0,3,False
1212,2025-09-03,2025-09-07 16:28:23,2025-09-07 16:28:23,0.0,3494967,3494967,1,1,1,1,0,True
1213,2025-09-03,2025-09-07 16:35:06,2025-09-07 16:35:06,0.0,3494969,3494969,1,1,1,1,0,True
1214,2025-09-03,2025-09-07 17:08:31,2025-09-07 17:08:31,0.0,3494985,3494985,1,1,1,0,1,False
1215,2025-09-03,2025-09-07 17:18:15,2025-09-07 17:18:15,0.0,3494987,3494987,1,1,1,0,1,False
1216,2025-09-03,2025-09-07 17:23:03,2025-09-07 17:23:03,0.0,3494990,3494990,1,1,1,1,0,True
1217,2025-09-03,2025-09-07 17:57:34,2025-09-07 17:57:34,0.0,3495003,3495003,1,1,1,1,0,True
1218,2025-09-03,2025-09-07 18:02:54,2025-09-07 18:02:54,0.0,3495006,3495006,1,1,1,0,1,False
1219,2025-09-03,2025-09-07 18:07:49,2025-09-07 18:07:49,0.0,3495008,3495008,1,1,1,0,1,False
1220,2025-09-03,2025-09-07 18:34:37,2025-09-07 18:34:37,0.0,3495026,3495026,1,1,1,1,0,True
1221,2025-09-03,2025-09-07 18:54:01,2025-09-07 18:54:01,0.0,3495036,3495036,1,1,1,0,1,False
1222,2025-09-03,2025-09-07 19:22:34,2025-09-07 19:22:34,0.0,3495055,3495055,1,1,1,0,1,False
1223,2025-09-03,2025-09-07 19:27:14,2025-09-07 19:27:14,0.0,3495057,3495057,1,1,1,0,1,False
1224,2025-09-03,2025-09-07 19:32:40,2025-09-07 19:32:40,0.0,3495059,3495059,1,1,1,0,1,False
1225,2025-09-03,2025-09-07 19:35:37,2025-09-07 19:35:37,0.0,3495061,3495061,1,1,1,0,1,False
1226,2025-09-03,2025-09-07 19:38:54,2025-09-07 19:38:54,0.0,3495064,3495064,1,1,1,0,1,False
1227,2025-09-03,2025-09-07 20:11:44,2025-09-07 20:11:44,0.0,3495077,3495077,1,1,1,0,1,False
1228,2025-09-03,2025-09-07 20:13:13,2025-09-07 20:13:13,0.0,3495079,3495079,1,1,1,1,0,True
1229,2025-09-03,2025-09-07 20:17:26,2025-09-07 20:17:26,0.0,3495082,3495082,1,1,1,1,0,True
1230,2025-09-03,2025-09-07 20:26:07,2025-09-07 20:26:07,0.0,3495086,3495086,1,1,1,0,1,False
1231,2025-09-03,2025-09-07 20:52:09,2025-09-07 20:52:09,0.0,3495100,3495100,1,1,1,0,1,False
1232,2025-09-03,2025-09-07 21:02:52,2025-09-07 21:10:45,473.0,3495103,3495105,3,3,3,0,3,False
1233,2025-09-03,2025-09-07 21:44:05,2025-09-07 21:45:23,78.0,3495115,3495117,3,3,3,0,3,False
1234,2025-09-03,2025-09-07 21:53:48,2025-09-07 21:55:52,124.0,3495120,3495121,2,2,2,0,2,False
1235,2025-09-03,2025-09-07 22:24:38,2025-09-07 22:24:38,0.0,3495133,3495133,1,1,1,0,1,False
1236,2025-09-03,2025-09-07 22:29:56,2025-09-07 22:29:56,0.0,3495136,3495136,1,1,1,0,1,False
1237,2025-09-03,2025-09-07 22:31:47,2025-09-07 22:31:47,0.0,3495138,3495138,1,1,1,0,1,False
1238,2025-09-03,2025-09-07 23:08:52,2025-09-07 23:08:52,0.0,3495153,3495153,1,1,1,0,1,False
1239,2025-09-03,2025-09-07 23:25:53,2025-09-07 23:25:53,0.0,3495161,3495161,1,1,1,0,1,False
1240,2025-09-03,2025-09-08 00:01:03,2025-09-08 00:01:03,0.0,3495172,3495172,1,1,1,0,1,False
1241,2025-09-03,2025-09-08 00:10:46,2025-09-08 00:10:46,0.0,3495175,3495175,1,1,1,0,1,False
1242,2025-09-03,2025-09-08 00:49:12,2025-09-08 00:49:12,0.0,3495188,3495188,1,1,1,0,1,False
1243,2025-09-03,2025-09-08 00:57:33,2025-09-08 00:57:33,0.0,3495189,3495189,1,1,1,0,1,False
1244,2025-09-03,2025-09-08 01:33:29,2025-09-08 01:33:29,0.0,3495199,3495199,1,1,1,0,1,False
1245,2025-09-03,2025-09-08 02:11:52,2025-09-08 02:11:52,0.0,3495225,3495225,1,1,1,1,0,True
1246,2025-09-03,2025-09-08 02:14:28,2025-09-08 02:14:28,0.0,3495227,3495227,1,1,1,1,0,True
1247,2025-09-03,2025-09-08 02:20:31,2025-09-08 02:20:31,0.0,3495231,3495231,1,1,1,1,0,True
1248,2025-09-03,2025-09-08 02:58:42,2025-09-08 02:58:42,0.0,3495243,3495243,1,1,1,0,1,False
1249,2025-09-03,2025-09-08 03:00:40,2025-09-08 03:00:40,0.0,3495245,3495245,1,1,1,0,1,False
1250,2025-09-03,2025-09-08 03:03:08,2025-09-08 03:03:08,0.0,3495247,3495247,1,1,1,0,1,False
1251,2025-09-03,2025-09-08 03:07:11,2025-09-08 03:07:11,0.0,3495249,3495249,1,1,1,0,1,False
1252,2025-09-03,2025-09-08 03:13:42,2025-09-08 03:13:42,0.0,3495251,3495251,1,1,1,0,1,False
1253,2025-09-03,2025-09-08 03:46:16,2025-09-08 03:46:16,0.0,3495267,3495267,1,1,1,0,1,False
1254,2025-09-03,2025-09-08 03:52:42,2025-09-08 03:52:42,0.0,3495269,3495269,1,1,1,0,1,False
1255,2025-09-03,2025-09-08 03:56:21,2025-09-08 03:56:21,0.0,3495273,3495273,1,1,1,0,1,False
1256,2025-09-03,2025-09-08 04:32:18,2025-09-08 04:32:18,0.0,3495294,3495294,1,1,1,0,1,False
1257,2025-09-03,2025-09-08 04:37:44,2025-09-08 04:37:44,0.0,3495298,3495298,1,1,1,0,1,False
1258,2025-09-03,2025-09-08 05:08:19,2025-09-08 05:08:19,0.0,3495319,3495319,1,1,1,1,0,True
1259,2025-09-03,2025-09-08 05:15:21,2025-09-08 05:15:21,0.0,3495329,3495329,1,1,1,0,1,False
1260,2025-09-03,2025-09-08 05:50:22,2025-09-08 05:50:22,0.0,3495343,3495343,1,1,1,1,0,True
1261,2025-09-03,2025-09-08 05:52:19,2025-09-08 05:52:19,0.0,3495345,3495345,1,1,1,1,0,True
1262,2025-09-03,2025-09-08 06:03:42,2025-09-08 06:03:42,0.0,3495350,3495350,1,1,1,0,1,False
1263,2025-09-03,2025-09-08 06:10:22,2025-09-08 06:10:22,0.0,3495352,3495352,1,1,1,0,1,False
1264,2025-09-03,2025-09-08 06:45:12,2025-09-08 06:45:12,0.0,3495370,3495370,1,1,1,1,0,True
1265,2025-09-03,2025-09-08 06:48:32,2025-09-08 06:48:32,0.0,3495374,3495374,1,1,1,1,0,True
1266,2025-09-03,2025-09-08 07:19:42,2025-09-08 07:19:42,0.0,3495387,3495387,1,1,1,1,0,True
1267,2025-09-03,2025-09-08 07:28:07,2025-09-08 07:28:07,0.0,3495393,3495393,1,1,1,1,0,True
1268,2025-09-03,2025-09-08 07:32:11,2025-09-08 07:32:11,0.0,3495397,3495397,1,1,1,1,0,True
1269,2025-09-03,2025-09-08 07:56:25,2025-09-08 07:56:25,0.0,3495411,3495411,1,1,1,0,1,False
1270,2025-09-03,2025-09-08 08:07:26,2025-09-08 08:07:26,0.0,3495412,3495412,1,1,1,0,1,False
1271,2025-09-03,2025-09-08 08:18:20,2025-09-08 08:21:06,166.0,3495415,3495416,2,2,2,2,0,True
1272,2025-09-03,2025-09-08 09:48:21,2025-09-08 09:48:21,0.0,3495452,3495452,1,1,1,1,0,True
1273,2025-09-03,2025-09-08 10:15:29,2025-09-08 10:15:29,0.0,3495465,3495465,1,1,1,1,0,True
1274,2025-09-03,2025-09-08 10:22:07,2025-09-08 10:22:07,0.0,3495468,3495468,1,1,1,0,1,False
1275,2025-09-03,2025-09-08 10:26:02,2025-09-08 10:26:02,0.0,3495474,3495474,1,1,1,1,0,True
1276,2025-09-03,2025-09-08 11:04:56,2025-09-08 11:04:56,0.0,3495500,3495500,1,1,1,0,1,False
1277,2025-09-03,2025-09-08 11:18:13,2025-09-08 11:18:13,0.0,3495507,3495507,1,1,1,0,1,False
1278,2025-09-03,2025-09-08 11:48:55,2025-09-08 11:48:55,0.0,3495526,3495526,1,1,1,1,0,True
1279,2025-09-03,2025-09-08 11:55:50,2025-09-08 11:55:50,0.0,3495531,3495531,1,1,1,0,1,False
1280,2025-09-03,2025-09-08 11:57:52,2025-09-08 11:57:52,0.0,3495534,3495534,1,1,1,1,0,True
1281,2025-09-03,2025-09-08 12:08:56,2025-09-08 12:08:56,0.0,3495536,3495536,1,1,1,1,0,True
1282,2025-09-03,2025-09-08 12:29:40,2025-09-08 12:29:40,0.0,3495546,3495546,1,1,1,0,1,False
1283,2025-09-03,2025-09-08 12:46:05,2025-09-08 12:50:04,239.0,3495554,3495556,3,3,3,0,3,False
1284,2025-09-03,2025-09-08 12:52:30,2025-09-08 12:52:30,0.0,3495560,3495560,1,1,1,1,0,True
1285,2025-09-03,2025-09-08 13:05:22,2025-09-08 13:05:22,0.0,3495570,3495570,1,1,1,1,0,True
1286,2025-09-03,2025-09-08 13:11:30,2025-09-08 13:11:30,0.0,3495572,3495572,1,1,1,1,0,True
1287,2025-09-03,2025-09-08 13:19:12,2025-09-08 13:24:27,315.0,3495574,3495576,3,3,3,0,3,False
1288,2025-09-03,2025-09-08 13:27:56,2025-09-08 13:27:56,0.0,3495579,3495579,1,1,1,0,1,False
1289,2025-09-03,2025-09-08 13:33:47,2025-09-08 13:33:47,0.0,3495584,3495584,1,1,1,0,1,False
1290,2025-09-03,2025-09-08 13:37:16,2025-09-08 13:37:16,0.0,3495586,3495586,1,1,1,0,1,False
1291,2025-09-03,2025-09-08 13:38:44,2025-09-08 13:38:44,0.0,3495588,3495588,1,1,1,1,0,True
1292,2025-09-03,2025-09-08 13:49:07,2025-09-08 13:49:07,0.0,3495593,3495593,1,1,1,0,1,False
1293,2025-09-03,2025-09-08 13:55:58,2025-09-08 13:55:58,0.0,3495598,3495598,1,1,1,0,1,False
1294,2025-09-03,2025-09-08 14:10:31,2025-09-08 14:10:31,0.0,3495600,3495600,1,1,1,0,1,False
1295,2025-09-03,2025-09-08 14:30:56,2025-09-08 14:30:56,0.0,3495614,3495614,1,1,1,1,0,True
1296,2025-09-03,2025-09-08 14:37:48,2025-09-08 14:37:48,0.0,3495618,3495618,1,1,1,1,0,True
1297,2025-09-03,2025-09-08 14:54:50,2025-09-08 14:54:50,0.0,3495621,3495621,1,1,1,0,1,False
1298,2025-09-03,2025-09-08 15:01:02,2025-09-08 15:05:45,283.0,3495622,3495626,5,5,5,0,5,False
1299,2025-09-03,2025-09-08 15:08:30,2025-09-08 15:08:30,0.0,3495633,3495633,1,1,1,0,1,False
1300,2025-09-03,2025-09-08 15:33:32,2025-09-08 15:33:32,0.0,3495635,3495635,1,1,1,0,1,False
1301,2025-09-03,2025-09-08 15:39:18,2025-09-08 15:39:18,0.0,3495638,3495638,1,1,1,1,0,True
1302,2025-09-03,2025-09-08 15:55:12,2025-09-08 15:55:12,0.0,3495640,3495640,1,1,1,1,0,True
1303,2025-09-03,2025-09-08 16:09:33,2025-09-08 16:09:33,0.0,3495653,3495653,1,1,1,1,0,True
1304,2025-09-03,2025-09-08 16:17:52,2025-09-08 16:17:52,0.0,3495659,3495659,1,1,1,1,0,True
1305,2025-09-03,2025-09-08 16:30:41,2025-09-08 16:30:41,0.0,3495663,3495663,1,1,1,0,1,False
1306,2025-09-03,2025-09-08 16:36:34,2025-09-08 16:36:34,0.0,3495666,3495666,1,1,1,1,0,True
1307,2025-09-03,2025-09-08 16:42:56,2025-09-08 16:42:56,0.0,3495668,3495668,1,1,1,1,0,True
1308,2025-09-03,2025-09-08 16:51:43,2025-09-08 16:51:43,0.0,3495674,3495674,1,1,1,1,0,True
1309,2025-09-03,2025-09-08 16:58:04,2025-09-08 16:58:04,0.0,3495678,3495678,1,1,1,1,0,True
1310,2025-09-03,2025-09-08 17:08:45,2025-09-08 17:08:45,0.0,3495680,3495680,1,1,1,0,1,False
1311,2025-09-03,2025-09-08 17:10:42,2025-09-08 17:10:42,0.0,3495682,3495682,1,1,1,1,0,True
1312,2025-09-03,2025-09-08 17:20:17,2025-09-08 17:20:17,0.0,3495684,3495684,1,1,1,0,1,False
1313,2025-09-03,2025-09-08 17:25:51,2025-09-08 17:25:51,0.0,3495688,3495688,1,1,1,1,0,True
1314,2025-09-03,2025-09-08 17:30:47,2025-09-08 17:30:47,0.0,3495690,3495690,1,1,1,1,0,True
1315,2025-09-03,2025-09-08 17:38:14,2025-09-08 17:38:14,0.0,3495692,3495692,1,1,1,0,1,False
1316,2025-09-03,2025-09-08 17:39:24,2025-09-08 17:39:24,0.0,3495695,3495695,1,1,1,1,0,True
1317,2025-09-03,2025-09-08 17:41:08,2025-09-08 17:41:08,0.0,3495697,3495697,1,1,1,1,0,True
1318,2025-09-03,2025-09-08 17:52:21,2025-09-08 17:52:21,0.0,3495702,3495702,1,1,1,1,0,True
1319,2025-09-03,2025-09-08 18:05:31,2025-09-08 18:05:31,0.0,3495710,3495710,1,1,1,1,0,True
1320,2025-09-03,2025-09-08 18:14:12,2025-09-08 18:14:12,0.0,3495713,3495713,1,1,1,0,1,False
1321,2025-09-03,2025-09-08 18:35:56,2025-09-08 18:35:56,0.0,3495725,3495725,1,1,1,1,0,True
1322,2025-09-03,2025-09-08 18:41:31,2025-09-08 18:41:31,0.0,3495728,3495728,1,1,1,1,0,True
1323,2025-09-03,2025-09-08 18:48:22,2025-09-08 18:48:22,0.0,3495730,3495730,1,1,1,0,1,False
1324,2025-09-03,2025-09-08 19:01:16,2025-09-08 19:01:16,0.0,3495735,3495735,1,1,1,1,0,True
1325,2025-09-03,2025-09-08 19:04:13,2025-09-08 19:04:13,0.0,3495737,3495737,1,1,1,1,0,True
1326,2025-09-03,2025-09-08 19:14:13,2025-09-08 19:14:13,0.0,3495741,3495741,1,1,1,0,1,False
1327,2025-09-03,2025-09-08 19:19:21,2025-09-08 19:19:21,0.0,3495743,3495743,1,1,1,0,1,False
1328,2025-09-03,2025-09-08 19:26:19,2025-09-08 19:26:19,0.0,3495745,3495745,1,1,1,1,0,True
1329,2025-09-03,2025-09-08 19:35:17,2025-09-08 19:35:17,0.0,3495747,3495747,1,1,1,0,1,False
1330,2025-09-03,2025-09-08 20:02:48,2025-09-08 20:02:48,0.0,3495760,3495760,1,1,1,1,0,True
1331,2025-09-03,2025-09-08 20:15:18,2025-09-08 20:15:18,0.0,3495766,3495766,1,1,1,0,1,False
1332,2025-09-03,2025-09-08 20:20:53,2025-09-08 20:20:53,0.0,3495768,3495768,1,1,1,1,0,True
1333,2025-09-03,2025-09-08 20:44:07,2025-09-08 20:44:07,0.0,3495778,3495778,1,1,1,0,1,False
1334,2025-09-03,2025-09-08 20:45:57,2025-09-08 20:45:57,0.0,3495780,3495780,1,1,1,0,1,False
1335,2025-09-03,2025-09-08 20:52:37,2025-09-08 20:52:37,0.0,3495787,3495787,1,1,1,1,0,True
1336,2025-09-03,2025-09-08 21:01:18,2025-09-08 21:01:18,0.0,3495789,3495789,1,1,1,1,0,True
1337,2025-09-03,2025-09-08 21:11:23,2025-09-08 21:12:30,67.0,3495791,3495792,2,2,2,0,2,False
1338,2025-09-03,2025-09-08 21:13:51,2025-09-08 21:13:51,0.0,3495794,3495794,1,1,1,1,0,True
1339,2025-09-03,2025-09-08 21:20:54,2025-09-08 21:21:53,59.0,3495800,3495801,2,2,2,2,0,True
1340,2025-09-03,2025-09-08 21:26:49,2025-09-08 21:26:49,0.0,3495806,3495806,1,1,1,0,1,False
1341,2025-09-03,2025-09-08 21:40:13,2025-09-08 21:40:13,0.0,3495814,3495814,1,1,1,1,0,True
1342,2025-09-03,2025-09-08 21:55:22,2025-09-08 21:55:38,16.0,3495820,3495821,2,2,2,2,0,True
1343,2025-09-03,2025-09-08 22:05:25,2025-09-08 22:05:25,0.0,3495824,3495824,1,1,1,0,1,False
1344,2025-09-03,2025-09-08 22:14:25,2025-09-08 22:14:25,0.0,3495829,3495829,1,1,1,1,0,True
1345,2025-09-03,2025-09-08 22:18:12,2025-09-08 22:18:12,0.0,3495831,3495831,1,1,1,1,0,True
1346,2025-09-03,2025-09-08 22:29:26,2025-09-08 22:29:26,0.0,3495834,3495834,1,1,1,0,1,False
1347,2025-09-03,2025-09-08 22:33:39,2025-09-08 22:33:39,0.0,3495837,3495837,1,1,1,0,1,False
1348,2025-09-03,2025-09-08 22:35:48,2025-09-08 22:35:48,0.0,3495840,3495840,1,1,1,1,0,True
1349,2025-09-03,2025-09-08 22:39:35,2025-09-08 22:39:35,0.0,3495843,3495843,1,1,1,1,0,True
1350,2025-09-03,2025-09-08 22:49:54,2025-09-08 22:49:54,0.0,3495847,3495847,1,1,1,0,1,False
1351,2025-09-03,2025-09-08 22:57:24,2025-09-08 22:57:24,0.0,3495849,3495849,1,1,1,0,1,False
1352,2025-09-03,2025-09-08 23:01:09,2025-09-08 23:01:09,0.0,3495853,3495853,1,1,1,0,1,False
1353,2025-09-03,2025-09-08 23:14:29,2025-09-08 23:14:29,0.0,3495859,3495859,1,1,1,0,1,False
1354,2025-09-03,2025-09-08 23:22:31,2025-09-08 23:22:31,0.0,3495861,3495861,1,1,1,0,1,False
1355,2025-09-03,2025-09-08 23:26:06,2025-09-08 23:26:06,0.0,3495863,3495863,1,1,1,1,0,True
1356,2025-09-03,2025-09-08 23:29:44,2025-09-08 23:29:44,0.0,3495866,3495866,1,1,1,1,0,True
1357,2025-09-03,2025-09-08 23:35:31,2025-09-08 23:35:31,0.0,3495868,3495868,1,1,1,1,0,True
1358,2025-09-03,2025-09-08 23:45:05,2025-09-08 23:45:05,0.0,3495871,3495871,1,1,1,1,0,True
1359,2025-09-03,2025-09-08 23:51:33,2025-09-08 23:51:33,0.0,3495873,3495873,1,1,1,1,0,True
1360,2025-09-03,2025-09-09 00:18:46,2025-09-09 00:19:30,44.0,3495884,3495886,3,3,3,0,3,False
1361,2025-09-03,2025-09-09 00:26:33,2025-09-09 00:27:53,80.0,3495891,3495892,2,2,2,2,0,True
1362,2025-09-03,2025-09-09 00:32:10,2025-09-09 00:32:10,0.0,3495895,3495895,1,1,1,1,0,True
1363,2025-09-03,2025-09-09 00:34:44,2025-09-09 00:34:44,0.0,3495897,3495897,1,1,1,1,0,True
1364,2025-09-03,2025-09-09 00:38:47,2025-09-09 00:38:47,0.0,3495900,3495900,1,1,1,0,1,False
1365,2025-09-03,2025-09-09 00:43:52,2025-09-09 00:50:11,379.0,3495902,3495904,3,3,3,0,3,False
1366,2025-09-03,2025-09-09 00:51:38,2025-09-09 00:51:38,0.0,3495908,3495908,1,1,1,1,0,True
1367,2025-09-03,2025-09-09 00:53:33,2025-09-09 00:53:33,0.0,3495910,3495910,1,1,1,1,0,True
1368,2025-09-03,2025-09-09 01:06:12,2025-09-09 01:06:12,0.0,3495918,3495918,1,1,1,1,0,True
1369,2025-09-03,2025-09-09 01:22:56,2025-09-09 01:22:56,0.0,3495930,3495930,1,1,1,1,0,True
1370,2025-09-03,2025-09-09 01:29:27,2025-09-09 01:29:27,0.0,3495933,3495933,1,1,1,1,0,True
1371,2025-09-03,2025-09-09 01:47:16,2025-09-09 01:47:16,0.0,3495941,3495941,1,1,1,1,0,True
1372,2025-09-03,2025-09-09 01:53:19,2025-09-09 01:53:19,0.0,3495946,3495946,1,1,1,1,0,True
1373,2025-09-03,2025-09-09 02:03:51,2025-09-09 02:03:51,0.0,3495950,3495950,1,1,1,1,0,True
1374,2025-09-03,2025-09-09 02:09:44,2025-09-09 02:09:44,0.0,3495953,3495953,1,1,1,0,1,False
1375,2025-09-03,2025-09-09 02:15:09,2025-09-09 02:15:09,0.0,3495956,3495956,1,1,1,0,1,False
1376,2025-09-03,2025-09-09 02:19:30,2025-09-09 02:19:30,0.0,3495961,3495961,1,1,1,1,0,True
1377,2025-09-03,2025-09-09 02:33:28,2025-09-09 02:33:28,0.0,3495968,3495968,1,1,1,0,1,False
1378,2025-09-03,2025-09-09 02:46:09,2025-09-09 02:46:09,0.0,3495973,3495973,1,1,1,1,0,True
1379,2025-09-03,2025-09-09 02:55:40,2025-09-09 02:55:40,0.0,3495978,3495978,1,1,1,0,1,False
1380,2025-09-03,2025-09-09 03:01:23,2025-09-09 03:01:23,0.0,3495979,3495979,1,1,1,0,1,False
1381,2025-09-03,2025-09-09 03:09:26,2025-09-09 03:09:26,0.0,3495982,3495982,1,1,1,0,1,False
1382,2025-09-03,2025-09-09 03:29:49,2025-09-09 03:29:49,0.0,3495991,3495991,1,1,1,1,0,True
1383,2025-09-03,2025-09-09 03:50:06,2025-09-09 03:50:06,0.0,3495997,3495997,1,1,1,0,1,False
1384,2025-09-03,2025-09-09 04:07:06,2025-09-09 04:10:34,208.0,3496001,3496003,3,3,3,0,3,False
1385,2025-09-03,2025-09-09 04:16:32,2025-09-09 04:16:32,0.0,3496008,3496008,1,1,1,0,1,False
1386,2025-09-03,2025-09-09 04:38:32,2025-09-09 04:38:32,0.0,3496013,3496013,1,1,1,0,1,False
1387,2025-09-03,2025-09-09 04:40:55,2025-09-09 04:40:55,0.0,3496015,3496015,1,1,1,1,0,True
1388,2025-09-03,2025-09-09 04:46:59,2025-09-09 04:46:59,0.0,3496017,3496017,1,1,1,1,0,True
1389,2025-09-03,2025-09-09 04:59:19,2025-09-09 04:59:19,0.0,3496019,3496019,1,1,1,1,0,True
1390,2025-09-03,2025-09-09 05:01:48,2025-09-09 05:01:48,0.0,3496021,3496021,1,1,1,1,0,True
1391,2025-09-03,2025-09-09 05:03:27,2025-09-09 05:03:27,0.0,3496024,3496024,1,1,1,1,0,True
1392,2025-09-03,2025-09-09 05:14:32,2025-09-09 05:14:32,0.0,3496029,3496029,1,1,1,0,1,False
1393,2025-09-03,2025-09-09 05:21:46,2025-09-09 05:21:46,0.0,3496032,3496032,1,1,1,0,1,False
1394,2025-09-03,2025-09-09 05:38:08,2025-09-09 05:38:08,0.0,3496045,3496045,1,1,1,1,0,True
1395,2025-09-03,2025-09-09 05:54:36,2025-09-09 05:54:36,0.0,3496052,3496052,1,1,1,0,1,False
1396,2025-09-03,2025-09-09 05:58:33,2025-09-09 05:58:33,0.0,3496054,3496054,1,1,1,0,1,False
1397,2025-09-03,2025-09-09 06:02:43,2025-09-09 06:02:43,0.0,3496056,3496056,1,1,1,1,0,True
1398,2025-09-03,2025-09-09 06:17:30,2025-09-09 06:17:30,0.0,3496061,3496061,1,1,1,1,0,True
1399,2025-09-03,2025-09-09 06:20:23,2025-09-09 06:20:23,0.0,3496064,3496064,1,1,1,1,0,True
1400,2025-09-03,2025-09-09 06:27:40,2025-09-09 06:27:40,0.0,3496067,3496067,1,1,1,1,0,True
1401,2025-09-03,2025-09-09 06:31:06,2025-09-09 06:31:06,0.0,3496070,3496070,1,1,1,1,0,True
1402,2025-09-03,2025-09-09 06:47:25,2025-09-09 06:47:25,0.0,3496079,3496079,1,1,1,0,1,False
1403,2025-09-03,2025-09-09 06:59:07,2025-09-09 06:59:07,0.0,3496086,3496086,1,1,1,1,0,True
1404,2025-09-03,2025-09-09 07:21:16,2025-09-09 07:21:16,0.0,3496099,3496099,1,1,1,0,1,False
1405,2025-09-03,2025-09-09 07:26:06,2025-09-09 07:26:06,0.0,3496102,3496102,1,1,1,1,0,True
1406,2025-09-03,2025-09-09 07:38:36,2025-09-09 07:38:36,0.0,3496109,3496109,1,1,1,0,1,False
1407,2025-09-03,2025-09-09 07:44:23,2025-09-09 07:44:23,0.0,3496112,3496112,1,1,1,1,0,True
1408,2025-09-03,2025-09-09 07:50:40,2025-09-09 07:50:40,0.0,3496114,3496114,1,1,1,0,1,False
1409,2025-09-03,2025-09-09 07:53:39,2025-09-09 07:53:39,0.0,3496117,3496117,1,1,1,0,1,False
1410,2025-09-03,2025-09-09 08:01:08,2025-09-09 08:01:08,0.0,3496121,3496121,1,1,1,0,1,False
1411,2025-09-03,2025-09-09 08:07:11,2025-09-09 08:07:11,0.0,3496123,3496123,1,1,1,0,1,False
1412,2025-09-03,2025-09-09 08:10:19,2025-09-09 08:10:19,0.0,3496125,3496125,1,1,1,0,1,False
1413,2025-09-03,2025-09-09 08:19:09,2025-09-09 08:19:09,0.0,3496131,3496131,1,1,1,0,1,False
1414,2025-09-03,2025-09-09 08:30:17,2025-09-09 08:30:17,0.0,3496138,3496138,1,1,1,1,0,True
1415,2025-09-03,2025-09-09 08:35:33,2025-09-09 08:35:33,0.0,3496141,3496141,1,1,1,0,1,False
1416,2025-09-03,2025-09-09 08:37:46,2025-09-09 08:37:46,0.0,3496146,3496146,1,1,1,0,1,False
1417,2025-09-03,2025-09-09 08:51:14,2025-09-09 08:52:47,93.0,3496150,3496152,3,3,3,0,3,False
1418,2025-09-03,2025-09-09 08:58:12,2025-09-09 08:58:12,0.0,3496153,3496153,1,1,1,0,1,False
1419,2025-09-03,2025-09-09 08:58:36,2025-09-09 08:58:36,0.0,3496157,3496157,1,1,1,0,1,False
1420,2025-09-03,2025-09-09 09:21:28,2025-09-09 09:21:28,0.0,3496166,3496166,1,1,1,1,0,True
1421,2025-09-03,2025-09-09 09:30:20,2025-09-09 09:30:20,0.0,3496170,3496170,1,1,1,0,1,False
1422,2025-09-03,2025-09-09 09:38:12,2025-09-09 09:38:12,0.0,3496172,3496172,1,1,1,1,0,True
1423,2025-09-03,2025-09-09 09:47:22,2025-09-09 09:47:22,0.0,3496175,3496175,1,1,1,1,0,True
1424,2025-09-03,2025-09-09 09:48:39,2025-09-09 09:48:39,0.0,3496177,3496177,1,1,1,1,0,True
1425,2025-09-03,2025-09-09 09:58:20,2025-09-09 09:58:20,0.0,3496179,3496179,1,1,1,1,0,True
1426,2025-09-03,2025-09-09 10:04:15,2025-09-09 10:04:15,0.0,3496181,3496181,1,1,1,1,0,True
1427,2025-09-03,2025-09-09 10:19:35,2025-09-09 10:19:35,0.0,3496183,3496183,1,1,1,0,1,False
1428,2025-09-03,2025-09-09 10:30:08,2025-09-09 10:30:37,29.0,3496185,3496186,2,2,2,0,2,False
1429,2025-09-03,2025-09-09 10:33:36,2025-09-09 10:34:01,25.0,3496188,3496190,3,3,3,0,3,False
1430,2025-09-03,2025-09-09 10:37:03,2025-09-09 10:37:03,0.0,3496192,3496192,1,1,1,1,0,True
1431,2025-09-03,2025-09-09 10:42:04,2025-09-09 10:42:04,0.0,3496194,3496194,1,1,1,0,1,False
1432,2025-09-03,2025-09-09 10:43:09,2025-09-09 10:43:09,0.0,3496196,3496196,1,1,1,1,0,True
1433,2025-09-03,2025-09-09 10:51:43,2025-09-09 10:51:43,0.0,3496198,3496198,1,1,1,0,1,False
1434,2025-09-03,2025-09-09 10:53:44,2025-09-09 10:53:44,0.0,3496200,3496200,1,1,1,1,0,True
1435,2025-09-03,2025-09-09 11:03:59,2025-09-09 11:03:59,0.0,3496206,3496206,1,1,1,0,1,False
1436,2025-09-03,2025-09-09 11:06:00,2025-09-09 11:06:00,0.0,3496209,3496209,1,1,1,1,0,True
1437,2025-09-03,2025-09-09 11:09:22,2025-09-09 11:09:22,0.0,3496212,3496212,1,1,1,1,0,True
1438,2025-09-03,2025-09-09 11:22:25,2025-09-09 11:23:59,94.0,3496215,3496216,2,2,2,0,2,False
1439,2025-09-03,2025-09-09 11:28:06,2025-09-09 11:28:29,23.0,3496218,3496219,2,2,2,0,2,False
1440,2025-09-03,2025-09-09 11:30:34,2025-09-09 11:30:34,0.0,3496222,3496222,1,1,1,1,0,True
1441,2025-09-03,2025-09-09 11:34:22,2025-09-09 11:34:22,0.0,3496224,3496224,1,1,1,0,1,False
1442,2025-09-03,2025-09-09 11:35:16,2025-09-09 11:35:16,0.0,3496226,3496226,1,1,1,1,0,True
1443,2025-09-03,2025-09-09 11:40:35,2025-09-09 11:40:35,0.0,3496229,3496229,1,1,1,0,1,False
1444,2025-09-03,2025-09-09 11:45:18,2025-09-09 11:45:18,0.0,3496233,3496233,1,1,1,1,0,True
1445,2025-09-03,2025-09-09 11:57:56,2025-09-09 11:57:56,0.0,3496238,3496238,1,1,1,1,0,True
1446,2025-09-03,2025-09-09 12:03:06,2025-09-09 12:03:06,0.0,3496240,3496240,1,1,1,1,0,True
1447,2025-09-03,2025-09-09 12:07:27,2025-09-09 12:07:27,0.0,3496243,3496243,1,1,1,0,1,False
1448,2025-09-03,2025-09-09 12:07:55,2025-09-09 12:07:55,0.0,3496245,3496245,1,1,1,0,1,False
1449,2025-09-03,2025-09-09 12:14:57,2025-09-09 12:14:57,0.0,3496250,3496250,1,1,1,0,1,False
1450,2025-09-03,2025-09-09 12:23:21,2025-09-09 12:23:21,0.0,3496254,3496254,1,1,1,0,1,False
1451,2025-09-03,2025-09-09 12:24:51,2025-09-09 12:24:51,0.0,3496256,3496256,1,1,1,0,1,False
1452,2025-09-03,2025-09-09 12:28:16,2025-09-09 12:28:16,0.0,3496260,3496260,1,1,1,1,0,True
1453,2025-09-03,2025-09-09 13:05:51,2025-09-09 13:05:51,0.0,3496278,3496278,1,1,1,1,0,True
1454,2025-09-03,2025-09-09 13:40:55,2025-09-09 13:40:55,0.0,3496293,3496293,1,1,1,1,0,True
1455,2025-09-03,2025-09-09 13:51:28,2025-09-09 13:51:28,0.0,3496302,3496302,1,1,1,1,0,True
1456,2025-09-03,2025-09-09 13:53:50,2025-09-09 13:53:50,0.0,3496305,3496305,1,1,1,1,0,True
1457,2025-09-03,2025-09-09 14:28:57,2025-09-09 14:31:14,137.0,3496322,3496323,2,2,2,0,2,False
1458,2025-09-03,2025-09-09 14:35:40,2025-09-09 14:36:06,26.0,3496325,3496327,3,3,3,0,3,False
1459,2025-09-03,2025-09-09 14:39:17,2025-09-09 14:39:17,0.0,3496333,3496333,1,1,1,1,0,True
1460,2025-09-03,2025-09-09 15:07:40,2025-09-09 15:07:40,0.0,3496345,3496345,1,1,1,0,1,False
1461,2025-09-03,2025-09-09 15:13:38,2025-09-09 15:13:38,0.0,3496351,3496351,1,1,1,0,1,False
1462,2025-09-03,2025-09-09 16:00:30,2025-09-09 16:00:30,0.0,3496371,3496371,1,1,1,1,0,True
1463,2025-09-03,2025-09-09 16:02:58,2025-09-09 16:02:58,0.0,3496373,3496373,1,1,1,0,1,False
1464,2025-09-03,2025-09-09 17:17:04,2025-09-09 17:17:04,0.0,3496416,3496416,1,1,1,0,1,False
1465,2025-09-03,2025-09-09 17:22:36,2025-09-09 17:22:36,0.0,3496421,3496421,1,1,1,1,0,True
1466,2025-09-03,2025-09-09 17:29:36,2025-09-09 17:29:36,0.0,3496427,3496427,1,1,1,1,0,True
1467,2025-09-03,2025-09-09 18:04:05,2025-09-09 18:04:05,0.0,3496440,3496440,1,1,1,1,0,True
1468,2025-09-03,2025-09-09 18:08:35,2025-09-09 18:08:35,0.0,3496444,3496444,1,1,1,1,0,True
1469,2025-09-03,2025-09-09 18:14:55,2025-09-09 18:14:55,0.0,3496446,3496446,1,1,1,1,0,True
1470,2025-09-03,2025-09-09 18:54:22,2025-09-09 18:54:22,0.0,3496465,3496465,1,1,1,0,1,False
1471,2025-09-03,2025-09-09 19:40:01,2025-09-09 19:40:01,0.0,3496494,3496494,1,1,1,0,1,False
1472,2025-09-03,2025-09-09 19:46:25,2025-09-09 19:46:25,0.0,3496496,3496496,1,1,1,0,1,False
1473,2025-09-03,2025-09-09 20:22:58,2025-09-09 20:22:58,0.0,3496518,3496518,1,1,1,0,1,False
1474,2025-09-03,2025-09-09 20:25:06,2025-09-09 20:25:06,0.0,3496520,3496520,1,1,1,1,0,True
1475,2025-09-03,2025-09-09 20:26:06,2025-09-09 20:26:06,0.0,3496522,3496522,1,1,1,0,1,False
1476,2025-09-03,2025-09-09 20:29:22,2025-09-09 20:29:22,0.0,3496527,3496527,1,1,1,1,0,True
1477,2025-09-03,2025-09-09 21:07:00,2025-09-09 21:10:38,218.0,3496538,3496540,3,3,3,0,3,False
1478,2025-09-03,2025-09-09 21:39:51,2025-09-09 21:39:51,0.0,3496561,3496561,1,1,1,1,0,True
1479,2025-09-03,2025-09-09 21:47:09,2025-09-09 21:47:09,0.0,3496564,3496564,1,1,1,1,0,True
1480,2025-09-03,2025-09-09 21:55:11,2025-09-09 21:55:11,0.0,3496566,3496566,1,1,1,0,1,False
1481,2025-09-03,2025-09-09 21:56:50,2025-09-09 21:56:50,0.0,3496568,3496568,1,1,1,1,0,True
1482,2025-09-03,2025-09-09 22:27:07,2025-09-09 22:27:07,0.0,3496580,3496580,1,1,1,1,0,True
1483,2025-09-03,2025-09-09 22:29:40,2025-09-09 22:29:40,0.0,3496582,3496582,1,1,1,0,1,False
1484,2025-09-03,2025-09-09 23:15:30,2025-09-09 23:15:30,0.0,3496602,3496602,1,1,1,0,1,False
1485,2025-09-03,2025-09-09 23:20:57,2025-09-09 23:20:57,0.0,3496604,3496604,1,1,1,1,0,True
1486,2025-09-03,2025-09-09 23:51:26,2025-09-09 23:51:26,0.0,3496619,3496619,1,1,1,0,1,False
1487,2025-09-03,2025-09-09 23:57:49,2025-09-09 23:57:49,0.0,3496622,3496622,1,1,1,0,1,False
1488,2025-09-10,2025-09-10 00:06:26,2025-09-10 00:06:26,0.0,3496629,3496629,1,1,1,1,0,True
1489,2025-09-10,2025-09-10 00:40:46,2025-09-10 00:40:46,0.0,3496636,3496636,1,1,1,0,1,False
1490,2025-09-10,2025-09-10 00:43:58,2025-09-10 00:44:05,7.0,3496638,3496639,2,2,2,0,2,False
1491,2025-09-10,2025-09-10 00:48:36,2025-09-10 00:48:36,0.0,3496644,3496644,1,1,1,1,0,True
1492,2025-09-10,2025-09-10 01:15:06,2025-09-10 01:15:06,0.0,3496654,3496654,1,1,1,1,0,True
1493,2025-09-10,2025-09-10 01:26:57,2025-09-10 01:26:57,0.0,3496659,3496659,1,1,1,1,0,True
1494,2025-09-10,2025-09-10 02:01:03,2025-09-10 02:01:03,0.0,3496669,3496669,1,1,1,0,1,False
1495,2025-09-10,2025-09-10 02:08:56,2025-09-10 02:08:56,0.0,3496670,3496670,1,1,1,0,1,False
1496,2025-09-10,2025-09-10 02:36:36,2025-09-10 02:36:36,0.0,3496679,3496679,1,1,1,0,1,False
1497,2025-09-10,2025-09-10 02:51:10,2025-09-10 02:51:28,18.0,3496682,3496683,2,2,2,0,2,False
1498,2025-09-10,2025-09-10 02:53:38,2025-09-10 02:53:38,0.0,3496688,3496688,1,1,1,1,0,True
1499,2025-09-10,2025-09-10 02:58:27,2025-09-10 02:58:27,0.0,3496690,3496690,1,1,1,1,0,True
1500,2025-09-10,2025-09-10 03:22:56,2025-09-10 03:23:04,8.0,3496700,3496701,2,2,2,0,2,False
1501,2025-09-10,2025-09-10 03:24:00,2025-09-10 03:24:00,0.0,3496703,3496703,1,1,1,1,0,True
1502,2025-09-10,2025-09-10 03:34:40,2025-09-10 03:34:40,0.0,3496707,3496707,1,1,1,0,1,False
1503,2025-09-10,2025-09-10 04:04:03,2025-09-10 04:04:03,0.0,3496728,3496728,1,1,1,0,1,False
1504,2025-09-10,2025-09-10 04:16:01,2025-09-10 04:16:01,0.0,3496731,3496731,1,1,1,1,0,True
1505,2025-09-10,2025-09-10 04:18:12,2025-09-10 04:18:12,0.0,3496733,3496733,1,1,1,1,0,True
1506,2025-09-10,2025-09-10 04:48:01,2025-09-10 04:48:01,0.0,3496755,3496755,1,1,1,1,0,True
1507,2025-09-10,2025-09-10 05:03:06,2025-09-10 05:03:25,19.0,3496758,3496759,2,2,2,0,2,False
1508,2025-09-10,2025-09-10 05:34:17,2025-09-10 05:35:40,83.0,3496769,3496770,2,2,2,0,2,False
1509,2025-09-10,2025-09-10 05:42:30,2025-09-10 05:42:30,0.0,3496775,3496775,1,1,1,1,0,True
1510,2025-09-10,2025-09-10 06:29:52,2025-09-10 06:29:52,0.0,3496787,3496787,1,1,1,0,1,False
1511,2025-09-10,2025-09-10 06:56:24,2025-09-10 06:56:24,0.0,3496801,3496801,1,1,1,0,1,False
1512,2025-09-10,2025-09-10 07:02:16,2025-09-10 07:02:16,0.0,3496804,3496804,1,1,1,1,0,True
1513,2025-09-10,2025-09-10 07:03:28,2025-09-10 07:03:28,0.0,3496806,3496806,1,1,1,0,1,False
1514,2025-09-10,2025-09-10 07:14:43,2025-09-10 07:14:43,0.0,3496809,3496809,1,1,1,0,1,False
1515,2025-09-10,2025-09-10 07:55:22,2025-09-10 07:55:22,0.0,3496826,3496826,1,1,1,0,1,False
1516,2025-09-10,2025-09-10 08:31:31,2025-09-10 08:31:31,0.0,3496846,3496846,1,1,1,1,0,True
1517,2025-09-10,2025-09-10 08:36:39,2025-09-10 08:36:39,0.0,3496851,3496851,1,1,1,1,0,True
1518,2025-09-10,2025-09-10 09:12:18,2025-09-10 09:12:18,0.0,3496874,3496874,1,1,1,0,1,False
1519,2025-09-10,2025-09-10 09:13:18,2025-09-10 09:13:18,0.0,3496876,3496876,1,1,1,1,0,True
1520,2025-09-10,2025-09-10 09:20:03,2025-09-10 09:20:03,0.0,3496878,3496878,1,1,1,1,0,True
1521,2025-09-10,2025-09-10 09:55:02,2025-09-10 09:55:02,0.0,3496894,3496894,1,1,1,0,1,False
1522,2025-09-10,2025-09-10 10:02:28,2025-09-10 10:02:28,0.0,3496897,3496897,1,1,1,0,1,False
1523,2025-09-10,2025-09-10 10:04:21,2025-09-10 10:04:21,0.0,3496899,3496899,1,1,1,1,0,True
1524,2025-09-10,2025-09-10 10:40:29,2025-09-10 10:40:29,0.0,3496914,3496914,1,1,1,1,0,True
1525,2025-09-10,2025-09-10 10:49:04,2025-09-10 10:49:04,0.0,3496916,3496916,1,1,1,0,1,False
1526,2025-09-10,2025-09-10 11:16:10,2025-09-10 11:16:10,0.0,3496924,3496924,1,1,1,0,1,False
1527,2025-09-10,2025-09-10 11:21:37,2025-09-10 11:21:37,0.0,3496928,3496928,1,1,1,1,0,True
1528,2025-09-10,2025-09-10 11:58:24,2025-09-10 11:58:24,0.0,3496939,3496939,1,1,1,1,0,True
1529,2025-09-10,2025-09-10 12:32:30,2025-09-10 12:32:30,0.0,3496955,3496955,1,1,1,0,1,False
1530,2025-09-10,2025-09-10 12:40:58,2025-09-10 12:41:57,59.0,3496958,3496959,2,2,2,0,2,False
1531,2025-09-10,2025-09-10 13:25:20,2025-09-10 13:25:22,2.0,3496977,3496978,2,2,2,0,2,False
1532,2025-09-10,2025-09-10 13:35:05,2025-09-10 13:35:05,0.0,3496983,3496983,1,1,1,0,1,False
1533,2025-09-10,2025-09-10 13:36:04,2025-09-10 13:36:04,0.0,3496985,3496985,1,1,1,0,1,False
1534,2025-09-10,2025-09-10 14:10:07,2025-09-10 14:10:07,0.0,3497003,3497003,1,1,1,1,0,True
1535,2025-09-10,2025-09-10 14:14:57,2025-09-10 14:14:57,0.0,3497005,3497005,1,1,1,0,1,False
1536,2025-09-10,2025-09-10 14:26:11,2025-09-10 14:26:11,0.0,3497008,3497008,1,1,1,0,1,False
1537,2025-09-10,2025-09-10 14:54:33,2025-09-10 14:54:33,0.0,3497017,3497017,1,1,1,1,0,True
1538,2025-09-10,2025-09-10 15:00:13,2025-09-10 15:00:13,0.0,3497019,3497019,1,1,1,1,0,True
1539,2025-09-10,2025-09-10 15:08:20,2025-09-10 15:08:20,0.0,3497022,3497022,1,1,1,0,1,False
1540,2025-09-10,2025-09-10 15:35:56,2025-09-10 15:35:56,0.0,3497039,3497039,1,1,1,0,1,False
1541,2025-09-10,2025-09-10 15:37:00,2025-09-10 15:37:00,0.0,3497041,3497041,1,1,1,1,0,True
1542,2025-09-10,2025-09-10 15:44:30,2025-09-10 15:44:30,0.0,3497046,3497046,1,1,1,1,0,True
1543,2025-09-10,2025-09-10 16:21:57,2025-09-10 16:21:57,0.0,3497060,3497060,1,1,1,1,0,True
1544,2025-09-10,2025-09-10 16:34:36,2025-09-10 16:34:36,0.0,3497069,3497069,1,1,1,1,0,True
1545,2025-09-10,2025-09-10 17:02:32,2025-09-10 17:02:32,0.0,3497083,3497083,1,1,1,0,1,False
1546,2025-09-10,2025-09-10 17:05:27,2025-09-10 17:05:27,0.0,3497085,3497085,1,1,1,1,0,True
1547,2025-09-10,2025-09-10 17:16:42,2025-09-10 17:16:42,0.0,3497090,3497090,1,1,1,1,0,True
1548,2025-09-10,2025-09-10 17:46:32,2025-09-10 17:46:32,0.0,3497103,3497103,1,1,1,1,0,True
1549,2025-09-10,2025-09-10 17:53:50,2025-09-10 17:53:50,0.0,3497108,3497108,1,1,1,1,0,True
1550,2025-09-10,2025-09-10 18:02:18,2025-09-10 18:02:18,0.0,3497110,3497110,1,1,1,0,1,False
1551,2025-09-10,2025-09-10 18:39:55,2025-09-10 18:39:55,0.0,3497132,3497132,1,1,1,1,0,True
1552,2025-09-10,2025-09-10 18:46:32,2025-09-10 18:46:32,0.0,3497136,3497136,1,1,1,1,0,True
1553,2025-09-10,2025-09-10 19:12:56,2025-09-10 19:12:56,0.0,3497141,3497141,1,1,1,1,0,True
1554,2025-09-10,2025-09-10 19:25:43,2025-09-10 19:25:43,0.0,3497148,3497148,1,1,1,1,0,True
1555,2025-09-10,2025-09-10 19:29:44,2025-09-10 19:29:44,0.0,3497150,3497150,1,1,1,1,0,True
1556,2025-09-10,2025-09-10 20:08:44,2025-09-10 20:08:44,0.0,3497170,3497170,1,1,1,0,1,False
1557,2025-09-10,2025-09-10 20:10:34,2025-09-10 20:10:34,0.0,3497172,3497172,1,1,1,0,1,False
1558,2025-09-10,2025-09-10 20:13:48,2025-09-10 20:13:48,0.0,3497174,3497174,1,1,1,1,0,True
1559,2025-09-10,2025-09-10 20:40:46,2025-09-10 20:40:46,0.0,3497185,3497185,1,1,1,0,1,False
1560,2025-09-10,2025-09-10 20:41:13,2025-09-10 20:41:13,0.0,3497187,3497187,1,1,1,1,0,True
1561,2025-09-10,2025-09-10 20:46:53,2025-09-10 20:46:53,0.0,3497191,3497191,1,1,1,0,1,False
1562,2025-09-10,2025-09-10 21:25:40,2025-09-10 21:25:40,0.0,3497217,3497217,1,1,1,0,1,False
1563,2025-09-10,2025-09-10 21:31:33,2025-09-10 21:31:33,0.0,3497221,3497221,1,1,1,1,0,True
1564,2025-09-10,2025-09-10 21:38:13,2025-09-10 21:38:13,0.0,3497223,3497223,1,1,1,1,0,True
1565,2025-09-10,2025-09-10 22:51:42,2025-09-10 22:51:42,0.0,3497258,3497258,1,1,1,0,1,False
1566,2025-09-10,2025-09-10 23:32:03,2025-09-10 23:32:03,0.0,3497274,3497274,1,1,1,0,1,False
1567,2025-09-10,2025-09-10 23:36:12,2025-09-10 23:36:12,0.0,3497278,3497278,1,1,1,1,0,True
1568,2025-09-10,2025-09-10 23:42:16,2025-09-10 23:42:16,0.0,3497281,3497281,1,1,1,0,1,False
1569,2025-09-10,2025-09-10 23:45:23,2025-09-10 23:45:23,0.0,3497285,3497285,1,1,1,1,0,True
1570,2025-09-10,2025-09-11 00:12:28,2025-09-11 00:12:28,0.0,3497302,3497302,1,1,1,1,0,True
1571,2025-09-10,2025-09-11 00:19:53,2025-09-11 00:19:53,0.0,3497309,3497309,1,1,1,1,0,True
1572,2025-09-10,2025-09-11 01:04:26,2025-09-11 01:06:05,99.0,3497328,3497329,2,2,2,0,2,False
1573,2025-09-10,2025-09-11 01:08:56,2025-09-11 01:08:56,0.0,3497334,3497334,1,1,1,1,0,True
1574,2025-09-10,2025-09-11 01:38:40,2025-09-11 01:38:40,0.0,3497344,3497344,1,1,1,0,1,False
1575,2025-09-10,2025-09-11 01:43:26,2025-09-11 01:43:26,0.0,3497349,3497349,1,1,1,1,0,True
1576,2025-09-10,2025-09-11 02:24:08,2025-09-11 02:24:08,0.0,3497365,3497365,1,1,1,0,1,False
1577,2025-09-10,2025-09-11 02:26:48,2025-09-11 02:26:48,0.0,3497367,3497367,1,1,1,0,1,False
1578,2025-09-10,2025-09-11 02:35:07,2025-09-11 02:35:07,0.0,3497369,3497369,1,1,1,0,1,False
1579,2025-09-10,2025-09-11 03:08:47,2025-09-11 03:08:47,0.0,3497382,3497382,1,1,1,1,0,True
1580,2025-09-10,2025-09-11 03:16:06,2025-09-11 03:16:06,0.0,3497386,3497386,1,1,1,1,0,True
1581,2025-09-10,2025-09-11 03:41:14,2025-09-11 03:41:14,0.0,3497393,3497393,1,1,1,0,1,False
1582,2025-09-10,2025-09-11 03:45:46,2025-09-11 03:45:46,0.0,3497398,3497398,1,1,1,0,1,False
1583,2025-09-10,2025-09-11 04:20:14,2025-09-11 04:20:14,0.0,3497422,3497422,1,1,1,1,0,True
1584,2025-09-10,2025-09-11 04:27:01,2025-09-11 04:27:01,0.0,3497424,3497424,1,1,1,0,1,False
1585,2025-09-10,2025-09-11 04:30:51,2025-09-11 04:30:51,0.0,3497427,3497427,1,1,1,0,1,False
1586,2025-09-10,2025-09-11 04:32:51,2025-09-11 04:34:09,78.0,3497430,3497431,2,2,2,2,0,True
1587,2025-09-10,2025-09-11 05:09:38,2025-09-11 05:09:38,0.0,3497448,3497448,1,1,1,1,0,True
1588,2025-09-10,2025-09-11 05:20:02,2025-09-11 05:20:02,0.0,3497453,3497453,1,1,1,1,0,True
1589,2025-09-10,2025-09-11 05:54:26,2025-09-11 05:54:26,0.0,3497474,3497474,1,1,1,1,0,True
1590,2025-09-10,2025-09-11 05:58:52,2025-09-11 05:58:52,0.0,3497476,3497476,1,1,1,1,0,True
1591,2025-09-10,2025-09-11 06:23:42,2025-09-11 06:23:42,0.0,3497492,3497492,1,1,1,0,1,False
1592,2025-09-10,2025-09-11 06:34:33,2025-09-11 06:38:25,232.0,3497501,3497503,3,3,3,3,0,True
1593,2025-09-10,2025-09-11 06:40:48,2025-09-11 06:40:48,0.0,3497505,3497505,1,1,1,1,0,True
1594,2025-09-10,2025-09-11 06:43:35,2025-09-11 06:43:35,0.0,3497509,3497509,1,1,1,1,0,True
1595,2025-09-10,2025-09-11 06:56:29,2025-09-11 06:56:29,0.0,3497518,3497518,1,1,1,0,1,False
1596,2025-09-10,2025-09-11 06:58:56,2025-09-11 06:58:56,0.0,3497523,3497523,1,1,1,1,0,True
1597,2025-09-10,2025-09-11 07:14:26,2025-09-11 07:14:26,0.0,3497530,3497530,1,1,1,0,1,False
1598,2025-09-10,2025-09-11 07:32:45,2025-09-11 07:32:45,0.0,3497538,3497538,1,1,1,0,1,False
1599,2025-09-10,2025-09-11 07:33:31,2025-09-11 07:33:31,0.0,3497540,3497540,1,1,1,0,1,False
1600,2025-09-10,2025-09-11 07:47:58,2025-09-11 07:47:58,0.0,3497545,3497545,1,1,1,1,0,True
1601,2025-09-10,2025-09-11 07:50:07,2025-09-11 07:50:07,0.0,3497547,3497547,1,1,1,0,1,False
1602,2025-09-10,2025-09-11 07:53:40,2025-09-11 07:53:40,0.0,3497549,3497549,1,1,1,0,1,False
1603,2025-09-10,2025-09-11 07:57:53,2025-09-11 07:57:53,0.0,3497551,3497551,1,1,1,1,0,True
1604,2025-09-10,2025-09-11 08:09:28,2025-09-11 08:09:28,0.0,3497557,3497557,1,1,1,1,0,True
1605,2025-09-10,2025-09-11 08:29:05,2025-09-11 08:29:05,0.0,3497570,3497570,1,1,1,0,1,False
1606,2025-09-10,2025-09-11 08:39:06,2025-09-11 08:39:09,3.0,3497572,3497573,2,2,2,0,2,False
1607,2025-09-10,2025-09-11 08:45:05,2025-09-11 08:45:05,0.0,3497579,3497579,1,1,1,1,0,True
1608,2025-09-10,2025-09-11 08:47:36,2025-09-11 08:47:36,0.0,3497583,3497583,1,1,1,1,0,True
1609,2025-09-10,2025-09-11 08:53:47,2025-09-11 08:56:15,148.0,3497587,3497589,3,3,3,0,3,False
1610,2025-09-10,2025-09-11 09:07:37,2025-09-11 09:16:25,528.0,3497596,3497598,3,3,3,0,3,False
1611,2025-09-10,2025-09-11 09:25:25,2025-09-11 09:25:25,0.0,3497602,3497602,1,1,1,0,1,False
1612,2025-09-10,2025-09-11 09:42:48,2025-09-11 09:43:39,51.0,3497611,3497612,2,2,2,2,0,True
1613,2025-09-10,2025-09-11 09:52:58,2025-09-11 09:52:58,0.0,3497616,3497616,1,1,1,1,0,True
1614,2025-09-10,2025-09-11 10:07:06,2025-09-11 10:15:34,508.0,3497621,3497626,6,6,6+,0,6,False
1615,2025-09-10,2025-09-11 10:23:22,2025-09-11 10:23:22,0.0,3497633,3497633,1,1,1,1,0,True
1616,2025-09-10,2025-09-11 10:29:35,2025-09-11 10:29:35,0.0,3497635,3497635,1,1,1,1,0,True
1617,2025-09-10,2025-09-11 10:38:23,2025-09-11 10:40:25,122.0,3497638,3497640,3,3,3,0,3,False
1618,2025-09-10,2025-09-11 10:47:11,2025-09-11 10:47:11,0.0,3497645,3497645,1,1,1,0,1,False
1619,2025-09-10,2025-09-11 10:53:40,2025-09-11 10:53:40,0.0,3497648,3497648,1,1,1,1,0,True
1620,2025-09-10,2025-09-11 10:58:51,2025-09-11 10:58:51,0.0,3497651,3497651,1,1,1,0,1,False
1621,2025-09-10,2025-09-11 11:01:34,2025-09-11 11:01:34,0.0,3497654,3497654,1,1,1,1,0,True
1622,2025-09-10,2025-09-11 11:07:42,2025-09-11 11:07:42,0.0,3497660,3497660,1,1,1,0,1,False
1623,2025-09-10,2025-09-11 11:15:57,2025-09-11 11:15:57,0.0,3497669,3497669,1,1,1,1,0,True
1624,2025-09-10,2025-09-11 11:43:04,2025-09-11 11:45:12,128.0,3497676,3497678,3,3,3,0,3,False
1625,2025-09-10,2025-09-11 11:58:09,2025-09-11 12:02:15,246.0,3497682,3497683,2,2,2,0,2,False
1626,2025-09-10,2025-09-11 12:12:32,2025-09-11 12:13:40,68.0,3497688,3497689,2,2,2,0,2,False
1627,2025-09-10,2025-09-11 12:18:06,2025-09-11 12:18:06,0.0,3497692,3497692,1,1,1,0,1,False
1628,2025-09-10,2025-09-11 12:24:00,2025-09-11 12:24:00,0.0,3497694,3497694,1,1,1,0,1,False
1629,2025-09-10,2025-09-11 12:30:18,2025-09-11 12:30:18,0.0,3497696,3497696,1,1,1,0,1,False
1630,2025-09-10,2025-09-11 12:38:26,2025-09-11 12:38:26,0.0,3497701,3497701,1,1,1,1,0,True
1631,2025-09-10,2025-09-11 13:08:19,2025-09-11 13:08:19,0.0,3497718,3497718,1,1,1,1,0,True
1632,2025-09-10,2025-09-11 13:21:21,2025-09-11 13:22:41,80.0,3497721,3497723,3,3,3,0,3,False
1633,2025-09-10,2025-09-11 13:28:36,2025-09-11 13:28:43,7.0,3497725,3497726,2,2,2,0,2,False
1634,2025-09-10,2025-09-11 13:37:32,2025-09-11 13:37:42,10.0,3497727,3497728,2,2,2,0,2,False
1635,2025-09-10,2025-09-11 13:41:29,2025-09-11 13:41:29,0.0,3497733,3497733,1,1,1,1,0,True
1636,2025-09-10,2025-09-11 13:46:02,2025-09-11 13:46:02,0.0,3497735,3497735,1,1,1,1,0,True
1637,2025-09-10,2025-09-11 13:58:57,2025-09-11 13:58:57,0.0,3497740,3497740,1,1,1,0,1,False
1638,2025-09-10,2025-09-11 14:01:53,2025-09-11 14:01:53,0.0,3497744,3497744,1,1,1,1,0,True
1639,2025-09-10,2025-09-11 14:13:40,2025-09-11 14:13:40,0.0,3497753,3497753,1,1,1,0,1,False
1640,2025-09-10,2025-09-11 14:19:42,2025-09-11 14:19:42,0.0,3497757,3497757,1,1,1,1,0,True
1641,2025-09-10,2025-09-11 14:31:45,2025-09-11 14:31:45,0.0,3497762,3497762,1,1,1,0,1,False
1642,2025-09-10,2025-09-11 14:36:55,2025-09-11 14:36:55,0.0,3497766,3497766,1,1,1,1,0,True
1643,2025-09-10,2025-09-11 14:44:55,2025-09-11 14:44:55,0.0,3497769,3497769,1,1,1,0,1,False
1644,2025-09-10,2025-09-11 14:53:31,2025-09-11 14:53:31,0.0,3497775,3497775,1,1,1,1,0,True
1645,2025-09-10,2025-09-11 15:00:35,2025-09-11 15:00:56,21.0,3497777,3497779,3,3,3,3,0,True
1646,2025-09-10,2025-09-11 15:09:17,2025-09-11 15:09:17,0.0,3497781,3497781,1,1,1,0,1,False
1647,2025-09-10,2025-09-11 15:12:56,2025-09-11 15:12:56,0.0,3497784,3497784,1,1,1,1,0,True
1648,2025-09-10,2025-09-11 15:43:57,2025-09-11 15:43:57,0.0,3497797,3497797,1,1,1,0,1,False
1649,2025-09-10,2025-09-11 15:45:02,2025-09-11 15:45:53,51.0,3497800,3497801,2,2,2,2,0,True
1650,2025-09-10,2025-09-11 16:07:13,2025-09-11 16:07:13,0.0,3497817,3497817,1,1,1,0,1,False
1651,2025-09-10,2025-09-11 16:12:42,2025-09-11 16:12:42,0.0,3497819,3497819,1,1,1,1,0,True
1652,2025-09-10,2025-09-11 16:16:00,2025-09-11 16:16:00,0.0,3497821,3497821,1,1,1,1,0,True
1653,2025-09-10,2025-09-11 16:25:26,2025-09-11 16:25:26,0.0,3497827,3497827,1,1,1,1,0,True
1654,2025-09-10,2025-09-11 16:31:16,2025-09-11 16:31:16,0.0,3497829,3497829,1,1,1,0,1,False
1655,2025-09-10,2025-09-11 16:37:33,2025-09-11 16:37:33,0.0,3497833,3497833,1,1,1,0,1,False
1656,2025-09-10,2025-09-11 16:41:00,2025-09-11 16:41:00,0.0,3497837,3497837,1,1,1,1,0,True
1657,2025-09-10,2025-09-11 16:52:17,2025-09-11 16:52:17,0.0,3497844,3497844,1,1,1,1,0,True
1658,2025-09-10,2025-09-11 16:54:45,2025-09-11 16:54:45,0.0,3497847,3497847,1,1,1,1,0,True
1659,2025-09-10,2025-09-11 17:00:00,2025-09-11 17:00:00,0.0,3497849,3497849,1,1,1,1,0,True
1660,2025-09-10,2025-09-11 17:00:56,2025-09-11 17:00:56,0.0,3497851,3497851,1,1,1,1,0,True
1661,2025-09-10,2025-09-11 17:11:42,2025-09-11 17:11:42,0.0,3497854,3497854,1,1,1,1,0,True
1662,2025-09-10,2025-09-11 17:25:41,2025-09-11 17:25:41,0.0,3497864,3497864,1,1,1,1,0,True
1663,2025-09-10,2025-09-11 17:29:36,2025-09-11 17:29:36,0.0,3497866,3497866,1,1,1,1,0,True
1664,2025-09-10,2025-09-11 17:39:31,2025-09-11 17:39:31,0.0,3497871,3497871,1,1,1,1,0,True
1665,2025-09-10,2025-09-11 17:48:17,2025-09-11 17:51:09,172.0,3497873,3497874,2,2,2,0,2,False
1666,2025-09-10,2025-09-11 17:56:52,2025-09-11 17:56:52,0.0,3497879,3497879,1,1,1,1,0,True
1667,2025-09-10,2025-09-11 18:16:32,2025-09-11 18:16:32,0.0,3497882,3497882,1,1,1,0,1,False
1668,2025-09-10,2025-09-11 18:25:03,2025-09-11 18:25:03,0.0,3497889,3497889,1,1,1,1,0,True
1669,2025-09-10,2025-09-11 18:33:18,2025-09-11 18:33:18,0.0,3497893,3497893,1,1,1,1,0,True
1670,2025-09-10,2025-09-11 18:39:17,2025-09-11 18:39:17,0.0,3497895,3497895,1,1,1,0,1,False
1671,2025-09-10,2025-09-11 18:45:54,2025-09-11 18:45:54,0.0,3497897,3497897,1,1,1,1,0,True
1672,2025-09-10,2025-09-11 18:51:26,2025-09-11 18:51:26,0.0,3497900,3497900,1,1,1,0,1,False
1673,2025-09-10,2025-09-11 19:02:43,2025-09-11 19:02:43,0.0,3497906,3497906,1,1,1,0,1,False
1674,2025-09-10,2025-09-11 19:07:53,2025-09-11 19:07:53,0.0,3497908,3497908,1,1,1,0,1,False
1675,2025-09-10,2025-09-11 19:14:13,2025-09-11 19:14:13,0.0,3497914,3497914,1,1,1,1,0,True
1676,2025-09-10,2025-09-11 19:26:06,2025-09-11 19:27:02,56.0,3497918,3497919,2,2,2,0,2,False
1677,2025-09-10,2025-09-11 19:29:10,2025-09-11 19:29:10,0.0,3497921,3497921,1,1,1,1,0,True
1678,2025-09-10,2025-09-11 19:42:47,2025-09-11 19:42:47,0.0,3497926,3497926,1,1,1,1,0,True
1679,2025-09-10,2025-09-11 19:51:05,2025-09-11 19:51:05,0.0,3497927,3497927,1,1,1,1,0,True
1680,2025-09-10,2025-09-11 19:55:52,2025-09-11 19:55:52,0.0,3497930,3497930,1,1,1,0,1,False
1681,2025-09-10,2025-09-11 20:00:17,2025-09-11 20:00:17,0.0,3497933,3497933,1,1,1,1,0,True
1682,2025-09-10,2025-09-11 20:08:23,2025-09-11 20:08:23,0.0,3497936,3497936,1,1,1,1,0,True
1683,2025-09-10,2025-09-11 20:22:20,2025-09-11 20:22:20,0.0,3497941,3497941,1,1,1,0,1,False
1684,2025-09-10,2025-09-11 20:24:17,2025-09-11 20:24:17,0.0,3497943,3497943,1,1,1,0,1,False
1685,2025-09-10,2025-09-11 20:42:19,2025-09-11 20:43:04,45.0,3497948,3497949,2,2,2,0,2,False
1686,2025-09-10,2025-09-11 21:01:03,2025-09-11 21:01:03,0.0,3497960,3497960,1,1,1,0,1,False
1687,2025-09-10,2025-09-11 21:09:24,2025-09-11 21:12:16,172.0,3497961,3497962,2,2,2,0,2,False
1688,2025-09-10,2025-09-11 21:17:05,2025-09-11 21:17:05,0.0,3497967,3497967,1,1,1,0,1,False
1689,2025-09-10,2025-09-11 21:27:16,2025-09-11 21:27:16,0.0,3497975,3497975,1,1,1,0,1,False
1690,2025-09-10,2025-09-11 21:36:48,2025-09-11 21:36:48,0.0,3497977,3497977,1,1,1,0,1,False
1691,2025-09-10,2025-09-11 21:39:39,2025-09-11 21:39:39,0.0,3497979,3497979,1,1,1,0,1,False
1692,2025-09-10,2025-09-11 21:43:25,2025-09-11 21:43:25,0.0,3497981,3497981,1,1,1,0,1,False
1693,2025-09-10,2025-09-11 21:45:23,2025-09-11 21:45:23,0.0,3497983,3497983,1,1,1,0,1,False
1694,2025-09-10,2025-09-11 22:28:01,2025-09-11 22:28:31,30.0,3498000,3498001,2,2,2,0,2,False
1695,2025-09-10,2025-09-11 22:39:33,2025-09-11 22:39:33,0.0,3498005,3498005,1,1,1,1,0,True
1696,2025-09-10,2025-09-11 22:50:21,2025-09-11 22:50:21,0.0,3498008,3498008,1,1,1,1,0,True
1697,2025-09-10,2025-09-11 22:53:29,2025-09-11 22:53:29,0.0,3498010,3498010,1,1,1,1,0,True
1698,2025-09-10,2025-09-11 23:13:45,2025-09-11 23:13:45,0.0,3498023,3498023,1,1,1,0,1,False
1699,2025-09-10,2025-09-11 23:20:10,2025-09-11 23:20:10,0.0,3498025,3498025,1,1,1,0,1,False
1700,2025-09-10,2025-09-11 23:22:00,2025-09-11 23:22:00,0.0,3498028,3498028,1,1,1,0,1,False
1701,2025-09-10,2025-09-11 23:27:34,2025-09-11 23:27:34,0.0,3498030,3498030,1,1,1,0,1,False
1702,2025-09-10,2025-09-11 23:31:55,2025-09-11 23:31:55,0.0,3498033,3498033,1,1,1,1,0,True
1703,2025-09-10,2025-09-11 23:42:11,2025-09-11 23:45:12,181.0,3498035,3498037,3,3,3,0,3,False
1704,2025-09-10,2025-09-11 23:58:43,2025-09-12 00:00:09,86.0,3498043,3498044,2,2,2,0,2,False
1705,2025-09-10,2025-09-12 00:01:06,2025-09-12 00:01:06,0.0,3498046,3498046,1,1,1,1,0,True
1706,2025-09-10,2025-09-12 00:05:16,2025-09-12 00:05:16,0.0,3498048,3498048,1,1,1,1,0,True
1707,2025-09-10,2025-09-12 00:19:41,2025-09-12 00:19:41,0.0,3498055,3498055,1,1,1,0,1,False
1708,2025-09-10,2025-09-12 00:28:36,2025-09-12 00:28:36,0.0,3498059,3498059,1,1,1,1,0,True
1709,2025-09-10,2025-09-12 00:47:37,2025-09-12 00:47:37,0.0,3498068,3498068,1,1,1,0,1,False
1710,2025-09-10,2025-09-12 00:50:01,2025-09-12 00:50:01,0.0,3498071,3498071,1,1,1,1,0,True
1711,2025-09-10,2025-09-12 01:05:42,2025-09-12 01:05:42,0.0,3498079,3498079,1,1,1,1,0,True
1712,2025-09-10,2025-09-12 01:07:47,2025-09-12 01:07:47,0.0,3498083,3498083,1,1,1,0,1,False
1713,2025-09-10,2025-09-12 01:25:37,2025-09-12 01:25:37,0.0,3498088,3498088,1,1,1,0,1,False
1714,2025-09-10,2025-09-12 01:42:43,2025-09-12 01:42:43,0.0,3498100,3498100,1,1,1,1,0,True
1715,2025-09-10,2025-09-12 01:49:34,2025-09-12 01:49:34,0.0,3498105,3498105,1,1,1,1,0,True
1716,2025-09-10,2025-09-12 01:55:00,2025-09-12 01:55:00,0.0,3498107,3498107,1,1,1,0,1,False
1717,2025-09-10,2025-09-12 01:56:07,2025-09-12 01:56:07,0.0,3498109,3498109,1,1,1,0,1,False
1718,2025-09-10,2025-09-12 01:59:10,2025-09-12 01:59:10,0.0,3498112,3498112,1,1,1,1,0,True
1719,2025-09-10,2025-09-12 02:11:20,2025-09-12 02:11:20,0.0,3498118,3498118,1,1,1,0,1,False
1720,2025-09-10,2025-09-12 02:18:50,2025-09-12 02:18:50,0.0,3498123,3498123,1,1,1,0,1,False
1721,2025-09-10,2025-09-12 02:24:44,2025-09-12 02:24:44,0.0,3498126,3498126,1,1,1,0,1,False
1722,2025-09-10,2025-09-12 02:35:08,2025-09-12 02:35:08,0.0,3498131,3498131,1,1,1,1,0,True
1723,2025-09-10,2025-09-12 02:38:39,2025-09-12 02:38:39,0.0,3498134,3498134,1,1,1,1,0,True
1724,2025-09-10,2025-09-12 02:51:04,2025-09-12 02:51:04,0.0,3498138,3498138,1,1,1,0,1,False
1725,2025-09-10,2025-09-12 03:00:47,2025-09-12 03:00:47,0.0,3498140,3498140,1,1,1,0,1,False
1726,2025-09-10,2025-09-12 03:10:46,2025-09-12 03:10:46,0.0,3498144,3498144,1,1,1,0,1,False
1727,2025-09-10,2025-09-12 03:29:26,2025-09-12 03:29:26,0.0,3498146,3498146,1,1,1,1,0,True
1728,2025-09-10,2025-09-12 03:33:08,2025-09-12 03:33:08,0.0,3498149,3498149,1,1,1,1,0,True
1729,2025-09-10,2025-09-12 03:34:28,2025-09-12 03:34:28,0.0,3498151,3498151,1,1,1,1,0,True
1730,2025-09-10,2025-09-12 03:39:13,2025-09-12 03:39:13,0.0,3498155,3498155,1,1,1,1,0,True
1731,2025-09-10,2025-09-12 03:49:26,2025-09-12 03:49:26,0.0,3498159,3498159,1,1,1,1,0,True
1732,2025-09-10,2025-09-12 04:01:01,2025-09-12 04:01:01,0.0,3498162,3498162,1,1,1,0,1,False
1733,2025-09-10,2025-09-12 04:11:12,2025-09-12 04:11:12,0.0,3498165,3498165,1,1,1,0,1,False
1734,2025-09-10,2025-09-12 04:32:53,2025-09-12 04:35:01,128.0,3498173,3498174,2,2,2,0,2,False
1735,2025-09-10,2025-09-12 04:41:45,2025-09-12 04:41:45,0.0,3498178,3498178,1,1,1,0,1,False
1736,2025-09-10,2025-09-12 04:55:53,2025-09-12 04:55:53,0.0,3498185,3498185,1,1,1,0,1,False
1737,2025-09-10,2025-09-12 05:00:06,2025-09-12 05:00:06,0.0,3498188,3498188,1,1,1,1,0,True
1738,2025-09-10,2025-09-12 05:10:56,2025-09-12 05:10:56,0.0,3498193,3498193,1,1,1,1,0,True
1739,2025-09-10,2025-09-12 05:15:25,2025-09-12 05:15:25,0.0,3498197,3498197,1,1,1,1,0,True
1740,2025-09-10,2025-09-12 05:24:15,2025-09-12 05:24:15,0.0,3498200,3498200,1,1,1,0,1,False
1741,2025-09-10,2025-09-12 05:37:31,2025-09-12 05:37:48,17.0,3498205,3498206,2,2,2,0,2,False
1742,2025-09-10,2025-09-12 05:42:41,2025-09-12 05:42:41,0.0,3498209,3498209,1,1,1,0,1,False
1743,2025-09-10,2025-09-12 05:49:22,2025-09-12 05:49:22,0.0,3498212,3498212,1,1,1,0,1,False
1744,2025-09-10,2025-09-12 05:58:16,2025-09-12 06:01:45,209.0,3498214,3498216,3,3,3,0,3,False
1745,2025-09-10,2025-09-12 06:07:33,2025-09-12 06:07:33,0.0,3498218,3498218,1,1,1,0,1,False
1746,2025-09-10,2025-09-12 06:08:44,2025-09-12 06:08:44,0.0,3498220,3498220,1,1,1,1,0,True
1747,2025-09-10,2025-09-12 06:19:06,2025-09-12 06:19:06,0.0,3498222,3498222,1,1,1,0,1,False
1748,2025-09-10,2025-09-12 06:28:16,2025-09-12 06:28:16,0.0,3498227,3498227,1,1,1,1,0,True
1749,2025-09-10,2025-09-12 06:41:50,2025-09-12 06:41:50,0.0,3498233,3498233,1,1,1,1,0,True
1750,2025-09-10,2025-09-12 06:44:24,2025-09-12 06:44:24,0.0,3498235,3498235,1,1,1,1,0,True
1751,2025-09-10,2025-09-12 06:51:36,2025-09-12 06:51:36,0.0,3498237,3498237,1,1,1,0,1,False
1752,2025-09-10,2025-09-12 06:56:37,2025-09-12 06:56:37,0.0,3498239,3498239,1,1,1,0,1,False
1753,2025-09-10,2025-09-12 06:58:45,2025-09-12 06:58:45,0.0,3498241,3498241,1,1,1,1,0,True
1754,2025-09-10,2025-09-12 07:08:44,2025-09-12 07:08:44,0.0,3498245,3498245,1,1,1,0,1,False
1755,2025-09-10,2025-09-12 07:19:41,2025-09-12 07:19:41,0.0,3498249,3498249,1,1,1,0,1,False
1756,2025-09-10,2025-09-12 07:33:49,2025-09-12 07:33:49,0.0,3498252,3498252,1,1,1,1,0,True
1757,2025-09-10,2025-09-12 07:39:57,2025-09-12 07:39:57,0.0,3498254,3498254,1,1,1,1,0,True
1758,2025-09-10,2025-09-12 07:47:01,2025-09-12 07:48:34,93.0,3498257,3498258,2,2,2,0,2,False
1759,2025-09-10,2025-09-12 08:07:33,2025-09-12 08:07:33,0.0,3498272,3498272,1,1,1,0,1,False
1760,2025-09-10,2025-09-12 08:13:30,2025-09-12 08:13:30,0.0,3498276,3498276,1,1,1,0,1,False
1761,2025-09-10,2025-09-12 08:18:30,2025-09-12 08:18:30,0.0,3498280,3498280,1,1,1,0,1,False
1762,2025-09-10,2025-09-12 08:22:29,2025-09-12 08:22:44,15.0,3498283,3498284,2,2,2,2,0,True
1763,2025-09-10,2025-09-12 08:53:42,2025-09-12 08:54:04,22.0,3498294,3498295,2,2,2,0,2,False
1764,2025-09-10,2025-09-12 09:01:10,2025-09-12 09:01:10,0.0,3498302,3498302,1,1,1,1,0,True
1765,2025-09-10,2025-09-12 09:06:43,2025-09-12 09:06:43,0.0,3498306,3498306,1,1,1,1,0,True
1766,2025-09-10,2025-09-12 09:15:02,2025-09-12 09:15:02,0.0,3498309,3498309,1,1,1,1,0,True
1767,2025-09-10,2025-09-12 09:37:22,2025-09-12 09:37:22,0.0,3498319,3498319,1,1,1,1,0,True
1768,2025-09-10,2025-09-12 09:45:13,2025-09-12 09:47:59,166.0,3498321,3498323,3,3,3,2,1,True
1769,2025-09-10,2025-09-12 09:53:30,2025-09-12 09:53:30,0.0,3498326,3498326,1,1,1,1,0,True
1770,2025-09-10,2025-09-12 10:04:50,2025-09-12 10:04:50,0.0,3498330,3498330,1,1,1,0,1,False
1771,2025-09-10,2025-09-12 10:08:50,2025-09-12 10:08:50,0.0,3498333,3498333,1,1,1,1,0,True
1772,2025-09-10,2025-09-12 10:15:06,2025-09-12 10:15:06,0.0,3498337,3498337,1,1,1,0,1,False
1773,2025-09-10,2025-09-12 10:21:39,2025-09-12 10:21:39,0.0,3498340,3498340,1,1,1,1,0,True
1774,2025-09-10,2025-09-12 10:30:26,2025-09-12 10:35:27,301.0,3498343,3498345,3,3,3,0,3,False
1775,2025-09-10,2025-09-12 10:44:50,2025-09-12 10:44:50,0.0,3498353,3498353,1,1,1,1,0,True
1776,2025-09-10,2025-09-12 10:53:40,2025-09-12 10:53:40,0.0,3498359,3498359,1,1,1,1,0,True
1777,2025-09-10,2025-09-12 10:58:16,2025-09-12 10:58:16,0.0,3498364,3498364,1,1,1,1,0,True
1778,2025-09-10,2025-09-12 11:07:35,2025-09-12 11:07:35,0.0,3498369,3498369,1,1,1,0,1,False
1779,2025-09-10,2025-09-12 11:20:31,2025-09-12 11:20:31,0.0,3498374,3498374,1,1,1,1,0,True
1780,2025-09-10,2025-09-12 11:28:58,2025-09-12 11:28:58,0.0,3498378,3498378,1,1,1,1,0,True
1781,2025-09-10,2025-09-12 11:32:28,2025-09-12 11:32:28,0.0,3498381,3498381,1,1,1,1,0,True
1782,2025-09-10,2025-09-12 11:33:24,2025-09-12 11:33:24,0.0,3498383,3498383,1,1,1,0,1,False
1783,2025-09-10,2025-09-12 11:37:22,2025-09-12 11:37:22,0.0,3498386,3498386,1,1,1,1,0,True
1784,2025-09-10,2025-09-12 11:44:11,2025-09-12 11:44:11,0.0,3498388,3498388,1,1,1,0,1,False
1785,2025-09-10,2025-09-12 11:48:18,2025-09-12 11:48:18,0.0,3498392,3498392,1,1,1,1,0,True
1786,2025-09-10,2025-09-12 11:53:07,2025-09-12 11:53:07,0.0,3498395,3498395,1,1,1,0,1,False
1787,2025-09-10,2025-09-12 12:03:01,2025-09-12 12:03:01,0.0,3498400,3498400,1,1,1,0,1,False
1788,2025-09-10,2025-09-12 12:05:55,2025-09-12 12:05:55,0.0,3498402,3498402,1,1,1,0,1,False
1789,2025-09-10,2025-09-12 12:12:23,2025-09-12 12:12:23,0.0,3498404,3498404,1,1,1,0,1,False
1790,2025-09-10,2025-09-12 12:39:54,2025-09-12 12:39:54,0.0,3498415,3498415,1,1,1,1,0,True
1791,2025-09-10,2025-09-12 12:41:25,2025-09-12 12:41:25,0.0,3498417,3498417,1,1,1,0,1,False
1792,2025-09-10,2025-09-12 12:48:14,2025-09-12 12:48:14,0.0,3498418,3498418,1,1,1,0,1,False
1793,2025-09-10,2025-09-12 13:25:34,2025-09-12 13:25:34,0.0,3498436,3498436,1,1,1,1,0,True
1794,2025-09-10,2025-09-12 13:28:32,2025-09-12 13:28:32,0.0,3498439,3498439,1,1,1,0,1,False
1795,2025-09-10,2025-09-12 13:32:11,2025-09-12 13:32:11,0.0,3498444,3498444,1,1,1,1,0,True
1796,2025-09-10,2025-09-12 14:09:10,2025-09-12 14:09:10,0.0,3498463,3498463,1,1,1,0,1,False
1797,2025-09-10,2025-09-12 14:15:41,2025-09-12 14:15:41,0.0,3498466,3498466,1,1,1,0,1,False
1798,2025-09-10,2025-09-12 14:20:46,2025-09-12 14:20:46,0.0,3498469,3498469,1,1,1,1,0,True
1799,2025-09-10,2025-09-12 14:54:22,2025-09-12 14:54:22,0.0,3498486,3498486,1,1,1,1,0,True
1800,2025-09-10,2025-09-12 15:04:01,2025-09-12 15:04:37,36.0,3498490,3498491,2,2,2,0,2,False
1801,2025-09-10,2025-09-12 15:08:51,2025-09-12 15:08:51,0.0,3498494,3498494,1,1,1,0,1,False
1802,2025-09-10,2025-09-12 15:34:44,2025-09-12 15:34:44,0.0,3498505,3498505,1,1,1,1,0,True
1803,2025-09-10,2025-09-12 15:41:01,2025-09-12 15:41:01,0.0,3498506,3498506,1,1,1,1,0,True
1804,2025-09-10,2025-09-12 15:43:44,2025-09-12 15:43:44,0.0,3498508,3498508,1,1,1,0,1,False
1805,2025-09-10,2025-09-12 16:28:17,2025-09-12 16:30:44,147.0,3498522,3498524,3,3,3,0,3,False
1806,2025-09-10,2025-09-12 17:05:15,2025-09-12 17:05:15,0.0,3498540,3498540,1,1,1,0,1,False
1807,2025-09-10,2025-09-12 17:10:33,2025-09-12 17:10:33,0.0,3498544,3498544,1,1,1,1,0,True
1808,2025-09-10,2025-09-12 17:14:38,2025-09-12 17:14:38,0.0,3498547,3498547,1,1,1,1,0,True
1809,2025-09-10,2025-09-12 17:47:15,2025-09-12 17:47:15,0.0,3498561,3498561,1,1,1,1,0,True
1810,2025-09-10,2025-09-12 17:54:27,2025-09-12 17:55:25,58.0,3498563,3498564,2,2,2,2,0,True
1811,2025-09-10,2025-09-12 18:30:28,2025-09-12 18:30:28,0.0,3498583,3498583,1,1,1,0,1,False
1812,2025-09-10,2025-09-12 18:31:09,2025-09-12 18:31:09,0.0,3498585,3498585,1,1,1,1,0,True
1813,2025-09-10,2025-09-12 18:35:43,2025-09-12 18:35:43,0.0,3498587,3498587,1,1,1,1,0,True
1814,2025-09-10,2025-09-12 18:37:39,2025-09-12 18:37:39,0.0,3498589,3498589,1,1,1,1,0,True
1815,2025-09-10,2025-09-12 18:41:55,2025-09-12 18:41:55,0.0,3498591,3498591,1,1,1,0,1,False
1816,2025-09-10,2025-09-12 18:44:17,2025-09-12 18:44:17,0.0,3498593,3498593,1,1,1,0,1,False
1817,2025-09-10,2025-09-12 19:12:39,2025-09-12 19:12:39,0.0,3498600,3498600,1,1,1,0,1,False
1818,2025-09-10,2025-09-12 19:28:35,2025-09-12 19:28:35,0.0,3498607,3498607,1,1,1,0,1,False
1819,2025-09-10,2025-09-12 20:03:56,2025-09-12 20:05:03,67.0,3498631,3498632,2,2,2,2,0,True
1820,2025-09-10,2025-09-12 20:15:45,2025-09-12 20:15:45,0.0,3498637,3498637,1,1,1,0,1,False
1821,2025-09-10,2025-09-12 20:40:14,2025-09-12 20:40:14,0.0,3498652,3498652,1,1,1,1,0,True
1822,2025-09-10,2025-09-12 20:45:33,2025-09-12 20:45:33,0.0,3498654,3498654,1,1,1,0,1,False
1823,2025-09-10,2025-09-12 20:51:53,2025-09-12 20:53:09,76.0,3498657,3498658,2,2,2,0,2,False
1824,2025-09-10,2025-09-12 21:22:02,2025-09-12 21:22:02,0.0,3498672,3498672,1,1,1,1,0,True
1825,2025-09-10,2025-09-12 21:24:41,2025-09-12 21:24:41,0.0,3498676,3498676,1,1,1,1,0,True
1826,2025-09-10,2025-09-12 21:29:59,2025-09-12 21:29:59,0.0,3498678,3498678,1,1,1,0,1,False
1827,2025-09-10,2025-09-12 21:37:08,2025-09-12 21:40:42,214.0,3498681,3498682,2,2,2,0,2,False
1828,2025-09-10,2025-09-12 22:06:30,2025-09-12 22:06:30,0.0,3498694,3498694,1,1,1,1,0,True
1829,2025-09-10,2025-09-12 22:25:04,2025-09-12 22:25:04,0.0,3498699,3498699,1,1,1,1,0,True
1830,2025-09-10,2025-09-12 22:54:39,2025-09-12 22:56:45,126.0,3498710,3498712,3,3,3,0,3,False
1831,2025-09-10,2025-09-12 23:07:56,2025-09-12 23:07:56,0.0,3498718,3498718,1,1,1,0,1,False
1832,2025-09-10,2025-09-12 23:36:27,2025-09-12 23:36:27,0.0,3498736,3498736,1,1,1,1,0,True
1833,2025-09-10,2025-09-12 23:47:02,2025-09-12 23:47:02,0.0,3498738,3498738,1,1,1,0,1,False
1834,2025-09-10,2025-09-12 23:53:23,2025-09-12 23:53:23,0.0,3498739,3498739,1,1,1,0,1,False
1835,2025-09-10,2025-09-13 00:25:12,2025-09-13 00:25:12,0.0,3498752,3498752,1,1,1,0,1,False
1836,2025-09-10,2025-09-13 00:34:28,2025-09-13 00:36:51,143.0,3498753,3498755,3,3,3,0,3,False
1837,2025-09-10,2025-09-13 01:04:48,2025-09-13 01:04:48,0.0,3498776,3498776,1,1,1,1,0,True
1838,2025-09-10,2025-09-13 01:09:03,2025-09-13 01:09:03,0.0,3498779,3498779,1,1,1,0,1,False
1839,2025-09-10,2025-09-13 01:11:40,2025-09-13 01:11:40,0.0,3498781,3498781,1,1,1,1,0,True
1840,2025-09-10,2025-09-13 01:14:03,2025-09-13 01:14:03,0.0,3498783,3498783,1,1,1,0,1,False
1841,2025-09-10,2025-09-13 01:17:00,2025-09-13 01:17:00,0.0,3498786,3498786,1,1,1,1,0,True
1842,2025-09-10,2025-09-13 01:20:00,2025-09-13 01:20:00,0.0,3498789,3498789,1,1,1,1,0,True
1843,2025-09-10,2025-09-13 01:47:40,2025-09-13 01:47:40,0.0,3498806,3498806,1,1,1,1,0,True
1844,2025-09-10,2025-09-13 01:58:41,2025-09-13 01:58:41,0.0,3498811,3498811,1,1,1,1,0,True
1845,2025-09-10,2025-09-13 02:00:59,2025-09-13 02:00:59,0.0,3498813,3498813,1,1,1,1,0,True
1846,2025-09-10,2025-09-13 02:03:43,2025-09-13 02:03:43,0.0,3498817,3498817,1,1,1,1,0,True
1847,2025-09-10,2025-09-13 02:26:46,2025-09-13 02:26:46,0.0,3498831,3498831,1,1,1,0,1,False
1848,2025-09-10,2025-09-13 02:30:18,2025-09-13 02:30:18,0.0,3498833,3498833,1,1,1,1,0,True
1849,2025-09-10,2025-09-13 02:42:42,2025-09-13 02:42:44,2.0,3498835,3498836,2,2,2,0,2,False
1850,2025-09-10,2025-09-13 03:20:15,2025-09-13 03:20:15,0.0,3498849,3498849,1,1,1,0,1,False
1851,2025-09-10,2025-09-13 03:22:11,2025-09-13 03:22:11,0.0,3498851,3498851,1,1,1,1,0,True
1852,2025-09-10,2025-09-13 03:56:00,2025-09-13 03:56:00,0.0,3498861,3498861,1,1,1,1,0,True
1853,2025-09-10,2025-09-13 04:07:17,2025-09-13 04:07:17,0.0,3498867,3498867,1,1,1,1,0,True
1854,2025-09-10,2025-09-13 04:44:33,2025-09-13 04:44:33,0.0,3498888,3498888,1,1,1,1,0,True
1855,2025-09-10,2025-09-13 04:58:44,2025-09-13 04:58:44,0.0,3498894,3498894,1,1,1,0,1,False
1856,2025-09-10,2025-09-13 05:25:05,2025-09-13 05:25:05,0.0,3498904,3498904,1,1,1,0,1,False
1857,2025-09-10,2025-09-13 05:33:35,2025-09-13 05:33:35,0.0,3498907,3498907,1,1,1,0,1,False
1858,2025-09-10,2025-09-13 06:09:14,2025-09-13 06:09:14,0.0,3498928,3498928,1,1,1,0,1,False
1859,2025-09-10,2025-09-13 06:12:16,2025-09-13 06:12:16,0.0,3498930,3498930,1,1,1,0,1,False
1860,2025-09-10,2025-09-13 06:14:21,2025-09-13 06:14:21,0.0,3498933,3498933,1,1,1,1,0,True
1861,2025-09-10,2025-09-13 06:18:07,2025-09-13 06:18:07,0.0,3498936,3498936,1,1,1,1,0,True
1862,2025-09-10,2025-09-13 06:52:43,2025-09-13 06:52:43,0.0,3498952,3498952,1,1,1,0,1,False
1863,2025-09-10,2025-09-13 07:02:32,2025-09-13 07:02:32,0.0,3498954,3498954,1,1,1,0,1,False
1864,2025-09-10,2025-09-13 07:03:24,2025-09-13 07:03:24,0.0,3498956,3498956,1,1,1,0,1,False
1865,2025-09-10,2025-09-13 07:06:43,2025-09-13 07:06:43,0.0,3498958,3498958,1,1,1,0,1,False
1866,2025-09-10,2025-09-13 07:34:02,2025-09-13 07:34:02,0.0,3498970,3498970,1,1,1,1,0,True
1867,2025-09-10,2025-09-13 07:38:56,2025-09-13 07:38:56,0.0,3498973,3498973,1,1,1,0,1,False
1868,2025-09-10,2025-09-13 07:48:23,2025-09-13 07:48:23,0.0,3498980,3498980,1,1,1,0,1,False
1869,2025-09-10,2025-09-13 08:08:05,2025-09-13 08:08:05,0.0,3498989,3498989,1,1,1,0,1,False
1870,2025-09-10,2025-09-13 08:21:31,2025-09-13 08:21:31,0.0,3498995,3498995,1,1,1,0,1,False
1871,2025-09-10,2025-09-13 08:27:59,2025-09-13 08:27:59,0.0,3498998,3498998,1,1,1,1,0,True
1872,2025-09-10,2025-09-13 09:08:22,2025-09-13 09:08:22,0.0,3499028,3499028,1,1,1,1,0,True
1873,2025-09-10,2025-09-13 09:45:58,2025-09-13 09:45:58,0.0,3499044,3499044,1,1,1,1,0,True
1874,2025-09-10,2025-09-13 09:52:51,2025-09-13 09:52:51,0.0,3499047,3499047,1,1,1,0,1,False
1875,2025-09-10,2025-09-13 10:33:31,2025-09-13 10:33:31,0.0,3499071,3499071,1,1,1,1,0,True
1876,2025-09-10,2025-09-13 10:41:13,2025-09-13 10:41:13,0.0,3499077,3499077,1,1,1,1,0,True
1877,2025-09-10,2025-09-13 10:43:54,2025-09-13 10:47:10,196.0,3499079,3499080,2,2,2,0,2,False
1878,2025-09-10,2025-09-13 11:12:19,2025-09-13 11:12:19,0.0,3499091,3499091,1,1,1,1,0,True
1879,2025-09-10,2025-09-13 11:16:01,2025-09-13 11:16:01,0.0,3499093,3499093,1,1,1,1,0,True
1880,2025-09-10,2025-09-13 11:23:47,2025-09-13 11:23:47,0.0,3499095,3499095,1,1,1,0,1,False
1881,2025-09-10,2025-09-13 11:30:11,2025-09-13 11:30:11,0.0,3499097,3499097,1,1,1,1,0,True
1882,2025-09-10,2025-09-13 11:57:26,2025-09-13 11:57:26,0.0,3499112,3499112,1,1,1,1,0,True
1883,2025-09-10,2025-09-13 12:12:29,2025-09-13 12:12:29,0.0,3499116,3499116,1,1,1,1,0,True
1884,2025-09-10,2025-09-13 12:16:28,2025-09-13 12:16:28,0.0,3499118,3499118,1,1,1,1,0,True
1885,2025-09-10,2025-09-13 12:25:58,2025-09-13 12:25:58,0.0,3499122,3499122,1,1,1,0,1,False
1886,2025-09-10,2025-09-13 12:29:11,2025-09-13 12:29:11,0.0,3499124,3499124,1,1,1,0,1,False
1887,2025-09-10,2025-09-13 12:30:07,2025-09-13 12:30:07,0.0,3499126,3499126,1,1,1,1,0,True
1888,2025-09-10,2025-09-13 12:34:35,2025-09-13 12:34:35,0.0,3499129,3499129,1,1,1,1,0,True
1889,2025-09-10,2025-09-13 12:38:44,2025-09-13 12:38:51,7.0,3499136,3499137,2,2,2,2,0,True
1890,2025-09-10,2025-09-13 12:52:16,2025-09-13 12:52:16,0.0,3499143,3499143,1,1,1,1,0,True
1891,2025-09-10,2025-09-13 13:01:04,2025-09-13 13:01:04,0.0,3499145,3499145,1,1,1,0,1,False
1892,2025-09-10,2025-09-13 13:02:49,2025-09-13 13:02:49,0.0,3499147,3499147,1,1,1,0,1,False
1893,2025-09-10,2025-09-13 13:10:47,2025-09-13 13:10:47,0.0,3499152,3499152,1,1,1,1,0,True
1894,2025-09-10,2025-09-13 13:21:06,2025-09-13 13:21:06,0.0,3499157,3499157,1,1,1,0,1,False
1895,2025-09-10,2025-09-13 13:29:36,2025-09-13 13:29:36,0.0,3499164,3499164,1,1,1,1,0,True
1896,2025-09-10,2025-09-13 13:33:07,2025-09-13 13:33:07,0.0,3499167,3499167,1,1,1,1,0,True
1897,2025-09-10,2025-09-13 13:42:31,2025-09-13 13:42:31,0.0,3499175,3499175,1,1,1,0,1,False
1898,2025-09-10,2025-09-13 13:56:14,2025-09-13 13:56:14,0.0,3499181,3499181,1,1,1,0,1,False
1899,2025-09-10,2025-09-13 14:02:13,2025-09-13 14:02:13,0.0,3499186,3499186,1,1,1,0,1,False
1900,2025-09-10,2025-09-13 14:14:06,2025-09-13 14:14:06,0.0,3499194,3499194,1,1,1,1,0,True
1901,2025-09-10,2025-09-13 14:19:52,2025-09-13 14:19:52,0.0,3499196,3499196,1,1,1,0,1,False
1902,2025-09-10,2025-09-13 14:41:28,2025-09-13 14:41:28,0.0,3499205,3499205,1,1,1,0,1,False
1903,2025-09-10,2025-09-13 14:42:37,2025-09-13 14:42:37,0.0,3499208,3499208,1,1,1,0,1,False
1904,2025-09-10,2025-09-13 14:52:57,2025-09-13 14:52:57,0.0,3499211,3499211,1,1,1,1,0,True
1905,2025-09-10,2025-09-13 15:06:55,2025-09-13 15:07:05,10.0,3499214,3499215,2,2,2,0,2,False
1906,2025-09-10,2025-09-13 15:08:10,2025-09-13 15:08:10,0.0,3499218,3499218,1,1,1,1,0,True
1907,2025-09-10,2025-09-13 15:22:17,2025-09-13 15:25:58,221.0,3499220,3499222,3,3,3,0,3,False
1908,2025-09-10,2025-09-13 15:34:55,2025-09-13 15:34:55,0.0,3499232,3499232,1,1,1,0,1,False
1909,2025-09-10,2025-09-13 15:43:00,2025-09-13 15:43:00,0.0,3499236,3499236,1,1,1,1,0,True
1910,2025-09-10,2025-09-13 15:50:15,2025-09-13 15:50:15,0.0,3499238,3499238,1,1,1,0,1,False
1911,2025-09-10,2025-09-13 15:58:12,2025-09-13 15:59:14,62.0,3499240,3499241,2,2,2,0,2,False
1912,2025-09-10,2025-09-13 16:01:49,2025-09-13 16:01:49,0.0,3499244,3499244,1,1,1,0,1,False
1913,2025-09-10,2025-09-13 16:17:32,2025-09-13 16:17:32,0.0,3499247,3499247,1,1,1,0,1,False
1914,2025-09-10,2025-09-13 16:20:00,2025-09-13 16:20:00,0.0,3499249,3499249,1,1,1,0,1,False
1915,2025-09-10,2025-09-13 16:23:15,2025-09-13 16:23:15,0.0,3499251,3499251,1,1,1,1,0,True
1916,2025-09-10,2025-09-13 16:33:34,2025-09-13 16:44:02,628.0,3499255,3499262,8,6,6+,0,8,False
1917,2025-09-10,2025-09-13 16:49:59,2025-09-13 16:49:59,0.0,3499271,3499271,1,1,1,1,0,True
1918,2025-09-10,2025-09-13 16:55:28,2025-09-13 16:55:28,0.0,3499273,3499273,1,1,1,0,1,False
1919,2025-09-10,2025-09-13 17:01:05,2025-09-13 17:01:05,0.0,3499280,3499280,1,1,1,0,1,False
1920,2025-09-10,2025-09-13 17:13:51,2025-09-13 17:13:51,0.0,3499295,3499295,1,1,1,1,0,True
1921,2025-09-10,2025-09-13 17:35:42,2025-09-13 17:35:42,0.0,3499305,3499305,1,1,1,0,1,False
1922,2025-09-10,2025-09-13 17:39:27,2025-09-13 17:39:27,0.0,3499308,3499308,1,1,1,1,0,True
1923,2025-09-10,2025-09-13 17:44:42,2025-09-13 17:44:42,0.0,3499310,3499310,1,1,1,1,0,True
1924,2025-09-10,2025-09-13 18:05:19,2025-09-13 18:05:32,13.0,3499319,3499320,2,2,2,0,2,False
1925,2025-09-10,2025-09-13 18:11:09,2025-09-13 18:11:59,50.0,3499321,3499323,3,3,3,0,3,False
1926,2025-09-10,2025-09-13 18:12:30,2025-09-13 18:12:30,0.0,3499325,3499325,1,1,1,0,1,False
1927,2025-09-10,2025-09-13 18:28:35,2025-09-13 18:28:35,0.0,3499331,3499331,1,1,1,1,0,True
1928,2025-09-10,2025-09-13 18:43:34,2025-09-13 18:43:34,0.0,3499336,3499336,1,1,1,0,1,False
1929,2025-09-10,2025-09-13 18:55:03,2025-09-13 18:58:23,200.0,3499340,3499342,3,3,3,0,3,False
1930,2025-09-10,2025-09-13 18:59:14,2025-09-13 18:59:14,0.0,3499344,3499344,1,1,1,1,0,True
1931,2025-09-10,2025-09-13 19:09:36,2025-09-13 19:09:36,0.0,3499347,3499347,1,1,1,1,0,True
1932,2025-09-10,2025-09-13 19:16:17,2025-09-13 19:16:17,0.0,3499352,3499352,1,1,1,0,1,False
1933,2025-09-10,2025-09-13 19:21:04,2025-09-13 19:21:04,0.0,3499355,3499355,1,1,1,0,1,False
1934,2025-09-10,2025-09-13 19:23:17,2025-09-13 19:23:17,0.0,3499358,3499358,1,1,1,1,0,True
1935,2025-09-10,2025-09-13 19:25:04,2025-09-13 19:25:04,0.0,3499361,3499361,1,1,1,1,0,True
1936,2025-09-10,2025-09-13 19:33:11,2025-09-13 19:33:11,0.0,3499363,3499363,1,1,1,1,0,True
1937,2025-09-10,2025-09-13 19:42:38,2025-09-13 19:42:38,0.0,3499367,3499367,1,1,1,0,1,False
1938,2025-09-10,2025-09-13 19:56:07,2025-09-13 19:56:07,0.0,3499371,3499371,1,1,1,0,1,False
1939,2025-09-10,2025-09-13 20:05:13,2025-09-13 20:05:13,0.0,3499374,3499374,1,1,1,1,0,True
1940,2025-09-10,2025-09-13 20:10:56,2025-09-13 20:10:56,0.0,3499377,3499377,1,1,1,1,0,True
1941,2025-09-10,2025-09-13 20:19:41,2025-09-13 20:19:41,0.0,3499383,3499383,1,1,1,1,0,True
1942,2025-09-10,2025-09-13 20:30:29,2025-09-13 20:30:29,0.0,3499387,3499387,1,1,1,0,1,False
1943,2025-09-10,2025-09-13 20:37:23,2025-09-13 20:37:23,0.0,3499389,3499389,1,1,1,1,0,True
1944,2025-09-10,2025-09-13 20:38:21,2025-09-13 20:38:21,0.0,3499391,3499391,1,1,1,1,0,True
1945,2025-09-10,2025-09-13 20:43:51,2025-09-13 20:43:51,0.0,3499393,3499393,1,1,1,1,0,True
1946,2025-09-10,2025-09-13 20:54:20,2025-09-13 20:54:20,0.0,3499396,3499396,1,1,1,0,1,False
1947,2025-09-10,2025-09-13 20:59:56,2025-09-13 20:59:56,0.0,3499400,3499400,1,1,1,1,0,True
1948,2025-09-10,2025-09-13 21:09:39,2025-09-13 21:09:39,0.0,3499405,3499405,1,1,1,1,0,True
1949,2025-09-10,2025-09-13 21:14:00,2025-09-13 21:14:00,0.0,3499409,3499409,1,1,1,0,1,False
1950,2025-09-10,2025-09-13 21:22:53,2025-09-13 21:22:53,0.0,3499412,3499412,1,1,1,0,1,False
1951,2025-09-10,2025-09-13 21:28:35,2025-09-13 21:28:35,0.0,3499415,3499415,1,1,1,1,0,True
1952,2025-09-10,2025-09-13 21:36:21,2025-09-13 21:36:21,0.0,3499420,3499420,1,1,1,0,1,False
1953,2025-09-10,2025-09-13 21:45:27,2025-09-13 21:45:27,0.0,3499422,3499422,1,1,1,0,1,False
1954,2025-09-10,2025-09-13 21:50:16,2025-09-13 21:50:16,0.0,3499427,3499427,1,1,1,0,1,False
1955,2025-09-10,2025-09-13 21:51:50,2025-09-13 21:51:50,0.0,3499429,3499429,1,1,1,1,0,True
1956,2025-09-10,2025-09-13 21:57:22,2025-09-13 21:57:22,0.0,3499432,3499432,1,1,1,1,0,True
1957,2025-09-10,2025-09-13 22:07:55,2025-09-13 22:07:55,0.0,3499435,3499435,1,1,1,0,1,False
1958,2025-09-10,2025-09-13 22:18:10,2025-09-13 22:19:43,93.0,3499443,3499444,2,2,2,2,0,True
1959,2025-09-10,2025-09-13 22:25:42,2025-09-13 22:25:42,0.0,3499446,3499446,1,1,1,0,1,False
1960,2025-09-10,2025-09-13 22:28:42,2025-09-13 22:28:42,0.0,3499449,3499449,1,1,1,1,0,True
1961,2025-09-10,2025-09-13 22:34:18,2025-09-13 22:34:18,0.0,3499454,3499454,1,1,1,1,0,True
1962,2025-09-10,2025-09-13 22:40:57,2025-09-13 22:40:57,0.0,3499456,3499456,1,1,1,0,1,False
1963,2025-09-10,2025-09-13 22:44:28,2025-09-13 22:44:28,0.0,3499458,3499458,1,1,1,0,1,False
1964,2025-09-10,2025-09-13 22:49:28,2025-09-13 22:49:28,0.0,3499460,3499460,1,1,1,0,1,False
1965,2025-09-10,2025-09-13 22:51:01,2025-09-13 22:51:01,0.0,3499463,3499463,1,1,1,0,1,False
1966,2025-09-10,2025-09-13 22:52:25,2025-09-13 22:52:25,0.0,3499465,3499465,1,1,1,1,0,True
1967,2025-09-10,2025-09-13 23:00:38,2025-09-13 23:00:38,0.0,3499468,3499468,1,1,1,1,0,True
1968,2025-09-10,2025-09-13 23:03:00,2025-09-13 23:03:00,0.0,3499470,3499470,1,1,1,0,1,False
1969,2025-09-10,2025-09-13 23:15:35,2025-09-13 23:18:28,173.0,3499474,3499477,4,4,4,0,4,False
1970,2025-09-10,2025-09-13 23:30:31,2025-09-13 23:30:31,0.0,3499482,3499482,1,1,1,1,0,True
1971,2025-09-10,2025-09-13 23:38:39,2025-09-13 23:38:39,0.0,3499484,3499484,1,1,1,0,1,False
1972,2025-09-10,2025-09-13 23:40:47,2025-09-13 23:40:47,0.0,3499488,3499488,1,1,1,1,0,True
1973,2025-09-10,2025-09-13 23:43:14,2025-09-13 23:43:14,0.0,3499490,3499490,1,1,1,1,0,True
1974,2025-09-10,2025-09-13 23:51:51,2025-09-13 23:51:51,0.0,3499494,3499494,1,1,1,1,0,True
1975,2025-09-10,2025-09-13 23:59:59,2025-09-13 23:59:59,0.0,3499499,3499499,1,1,1,1,0,True
1976,2025-09-10,2025-09-14 00:06:44,2025-09-14 00:06:44,0.0,3499502,3499502,1,1,1,0,1,False
1977,2025-09-10,2025-09-14 00:12:18,2025-09-14 00:12:24,6.0,3499505,3499506,2,2,2,0,2,False
1978,2025-09-10,2025-09-14 00:15:28,2025-09-14 00:15:28,0.0,3499508,3499508,1,1,1,0,1,False
1979,2025-09-10,2025-09-14 00:20:05,2025-09-14 00:20:05,0.0,3499512,3499512,1,1,1,1,0,True
1980,2025-09-10,2025-09-14 00:23:39,2025-09-14 00:23:39,0.0,3499515,3499515,1,1,1,0,1,False
1981,2025-09-10,2025-09-14 00:25:19,2025-09-14 00:25:19,0.0,3499517,3499517,1,1,1,0,1,False
1982,2025-09-10,2025-09-14 00:30:20,2025-09-14 00:30:20,0.0,3499521,3499521,1,1,1,1,0,True
1983,2025-09-10,2025-09-14 00:37:37,2025-09-14 00:37:37,0.0,3499524,3499524,1,1,1,1,0,True
1984,2025-09-10,2025-09-14 00:44:33,2025-09-14 00:44:33,0.0,3499527,3499527,1,1,1,0,1,False
1985,2025-09-10,2025-09-14 01:04:43,2025-09-14 01:04:43,0.0,3499529,3499529,1,1,1,0,1,False
1986,2025-09-10,2025-09-14 01:07:34,2025-09-14 01:07:34,0.0,3499531,3499531,1,1,1,0,1,False
1987,2025-09-10,2025-09-14 01:12:11,2025-09-14 01:12:11,0.0,3499534,3499534,1,1,1,0,1,False
1988,2025-09-10,2025-09-14 01:21:22,2025-09-14 01:21:22,0.0,3499540,3499540,1,1,1,1,0,True
1989,2025-09-10,2025-09-14 01:23:41,2025-09-14 01:23:41,0.0,3499542,3499542,1,1,1,1,0,True
1990,2025-09-10,2025-09-14 01:37:28,2025-09-14 01:37:28,0.0,3499548,3499548,1,1,1,0,1,False
1991,2025-09-10,2025-09-14 01:40:45,2025-09-14 01:40:45,0.0,3499551,3499551,1,1,1,1,0,True
1992,2025-09-10,2025-09-14 01:55:33,2025-09-14 01:55:33,0.0,3499557,3499557,1,1,1,1,0,True
1993,2025-09-10,2025-09-14 02:00:57,2025-09-14 02:00:57,0.0,3499565,3499565,1,1,1,1,0,True
1994,2025-09-10,2025-09-14 02:10:17,2025-09-14 02:10:17,0.0,3499570,3499570,1,1,1,1,0,True
1995,2025-09-10,2025-09-14 02:34:08,2025-09-14 02:34:08,0.0,3499578,3499578,1,1,1,1,0,True
1996,2025-09-10,2025-09-14 02:40:16,2025-09-14 02:40:16,0.0,3499581,3499581,1,1,1,1,0,True
1997,2025-09-10,2025-09-14 02:45:58,2025-09-14 02:45:58,0.0,3499588,3499588,1,1,1,1,0,True
1998,2025-09-10,2025-09-14 02:50:39,2025-09-14 02:50:39,0.0,3499591,3499591,1,1,1,1,0,True
1999,2025-09-10,2025-09-14 02:56:41,2025-09-14 02:56:41,0.0,3499594,3499594,1,1,1,1,0,True
2000,2025-09-10,2025-09-14 03:03:18,2025-09-14 03:03:24,6.0,3499598,3499599,2,2,2,0,2,False
2001,2025-09-10,2025-09-14 03:06:03,2025-09-14 03:06:03,0.0,3499602,3499602,1,1,1,1,0,True
2002,2025-09-10,2025-09-14 03:28:15,2025-09-14 03:28:15,0.0,3499607,3499607,1,1,1,0,1,False
2003,2025-09-10,2025-09-14 03:28:37,2025-09-14 03:28:37,0.0,3499609,3499609,1,1,1,1,0,True
2004,2025-09-10,2025-09-14 03:37:30,2025-09-14 03:37:30,0.0,3499613,3499613,1,1,1,0,1,False
2005,2025-09-10,2025-09-14 03:47:47,2025-09-14 03:47:47,0.0,3499619,3499619,1,1,1,1,0,True
2006,2025-09-10,2025-09-14 03:49:11,2025-09-14 03:49:11,0.0,3499621,3499621,1,1,1,0,1,False
2007,2025-09-10,2025-09-14 03:53:41,2025-09-14 03:53:41,0.0,3499623,3499623,1,1,1,0,1,False
2008,2025-09-10,2025-09-14 04:09:09,2025-09-14 04:09:09,0.0,3499631,3499631,1,1,1,0,1,False
2009,2025-09-10,2025-09-14 04:17:21,2025-09-14 04:19:06,105.0,3499634,3499635,2,2,2,2,0,True
2010,2025-09-10,2025-09-14 04:24:41,2025-09-14 04:30:34,353.0,3499637,3499639,3,3,3,0,3,False
2011,2025-09-10,2025-09-14 04:43:25,2025-09-14 04:43:38,13.0,3499645,3499646,2,2,2,0,2,False
2012,2025-09-10,2025-09-14 04:51:13,2025-09-14 04:52:29,76.0,3499647,3499648,2,2,2,0,2,False
2013,2025-09-10,2025-09-14 05:06:42,2025-09-14 05:06:42,0.0,3499656,3499656,1,1,1,0,1,False
2014,2025-09-10,2025-09-14 05:08:52,2025-09-14 05:08:52,0.0,3499659,3499659,1,1,1,0,1,False
2015,2025-09-10,2025-09-14 05:23:26,2025-09-14 05:40:38,1032.0,3499660,3499668,9,6,6+,0,9,False
2016,2025-09-10,2025-09-14 05:49:26,2025-09-14 05:53:11,225.0,3499669,3499670,2,2,2,0,2,False
2017,2025-09-10,2025-09-14 06:00:53,2025-09-14 06:00:53,0.0,3499671,3499671,1,1,1,0,1,False
2018,2025-09-10,2025-09-14 06:08:24,2025-09-14 06:09:18,54.0,3499672,3499674,3,3,3,0,3,False
2019,2025-09-10,2025-09-14 06:15:52,2025-09-14 06:20:45,293.0,3499675,3499676,2,2,2,0,2,False
2020,2025-09-10,2025-09-14 06:32:49,2025-09-14 06:33:01,12.0,3499683,3499684,2,2,2,2,0,True
2021,2025-09-10,2025-09-14 06:44:35,2025-09-14 06:44:35,0.0,3499687,3499687,1,1,1,1,0,True
2022,2025-09-10,2025-09-14 07:00:13,2025-09-14 07:00:13,0.0,3499692,3499692,1,1,1,0,1,False
2023,2025-09-10,2025-09-14 07:03:27,2025-09-14 07:03:27,0.0,3499695,3499695,1,1,1,1,0,True
2024,2025-09-10,2025-09-14 07:08:07,2025-09-14 07:08:07,0.0,3499698,3499698,1,1,1,1,0,True
2025,2025-09-10,2025-09-14 07:19:05,2025-09-14 07:19:05,0.0,3499706,3499706,1,1,1,0,1,False
2026,2025-09-10,2025-09-14 07:23:56,2025-09-14 07:24:07,11.0,3499708,3499709,2,2,2,2,0,True
2027,2025-09-10,2025-09-14 07:26:58,2025-09-14 07:26:58,0.0,3499711,3499711,1,1,1,0,1,False
2028,2025-09-10,2025-09-14 07:32:07,2025-09-14 07:32:07,0.0,3499713,3499713,1,1,1,0,1,False
2029,2025-09-10,2025-09-14 07:34:45,2025-09-14 07:34:45,0.0,3499716,3499716,1,1,1,1,0,True
2030,2025-09-10,2025-09-14 07:40:05,2025-09-14 07:40:05,0.0,3499720,3499720,1,1,1,1,0,True
2031,2025-09-10,2025-09-14 07:51:09,2025-09-14 07:51:09,0.0,3499724,3499724,1,1,1,1,0,True
2032,2025-09-10,2025-09-14 07:54:04,2025-09-14 07:54:04,0.0,3499726,3499726,1,1,1,1,0,True
2033,2025-09-10,2025-09-14 07:56:32,2025-09-14 07:56:32,0.0,3499728,3499728,1,1,1,1,0,True
2034,2025-09-10,2025-09-14 08:01:01,2025-09-14 08:01:01,0.0,3499731,3499731,1,1,1,1,0,True
2035,2025-09-10,2025-09-14 08:07:17,2025-09-14 08:07:17,0.0,3499736,3499736,1,1,1,1,0,True
2036,2025-09-10,2025-09-14 08:18:43,2025-09-14 08:18:43,0.0,3499743,3499743,1,1,1,1,0,True
2037,2025-09-10,2025-09-14 08:26:40,2025-09-14 08:26:40,0.0,3499746,3499746,1,1,1,1,0,True
2038,2025-09-10,2025-09-14 08:33:35,2025-09-14 08:34:14,39.0,3499748,3499750,3,3,3,0,3,False
2039,2025-09-10,2025-09-14 08:38:00,2025-09-14 08:38:00,0.0,3499754,3499754,1,1,1,1,0,True
2040,2025-09-10,2025-09-14 08:51:23,2025-09-14 08:51:23,0.0,3499759,3499759,1,1,1,1,0,True
2041,2025-09-10,2025-09-14 08:59:32,2025-09-14 08:59:32,0.0,3499763,3499763,1,1,1,1,0,True
2042,2025-09-10,2025-09-14 09:21:20,2025-09-14 09:21:20,0.0,3499773,3499773,1,1,1,1,0,True
2043,2025-09-10,2025-09-14 09:28:06,2025-09-14 09:28:06,0.0,3499775,3499775,1,1,1,1,0,True
2044,2025-09-10,2025-09-14 09:32:09,2025-09-14 09:32:09,0.0,3499779,3499779,1,1,1,1,0,True
2045,2025-09-10,2025-09-14 09:36:15,2025-09-14 09:36:15,0.0,3499782,3499782,1,1,1,1,0,True
2046,2025-09-10,2025-09-14 09:46:50,2025-09-14 09:46:50,0.0,3499790,3499790,1,1,1,0,1,False
2047,2025-09-10,2025-09-14 09:51:44,2025-09-14 09:51:44,0.0,3499794,3499794,1,1,1,1,0,True
2048,2025-09-10,2025-09-14 09:57:20,2025-09-14 09:57:20,0.0,3499797,3499797,1,1,1,1,0,True
2049,2025-09-10,2025-09-14 10:13:01,2025-09-14 10:13:01,0.0,3499804,3499804,1,1,1,0,1,False
2050,2025-09-10,2025-09-14 10:15:03,2025-09-14 10:16:00,57.0,3499807,3499808,2,2,2,2,0,True
2051,2025-09-10,2025-09-14 10:24:57,2025-09-14 10:26:30,93.0,3499815,3499816,2,2,2,0,2,False
2052,2025-09-10,2025-09-14 10:31:26,2025-09-14 10:31:26,0.0,3499818,3499818,1,1,1,0,1,False
2053,2025-09-10,2025-09-14 10:33:35,2025-09-14 10:33:35,0.0,3499821,3499821,1,1,1,1,0,True
2054,2025-09-10,2025-09-14 10:53:41,2025-09-14 10:53:41,0.0,3499832,3499832,1,1,1,0,1,False
2055,2025-09-10,2025-09-14 10:57:58,2025-09-14 10:57:58,0.0,3499840,3499840,1,1,1,0,1,False
2056,2025-09-10,2025-09-14 11:16:13,2025-09-14 11:16:56,43.0,3499843,3499845,3,3,3,0,3,False
2057,2025-09-10,2025-09-14 11:24:21,2025-09-14 11:24:21,0.0,3499849,3499849,1,1,1,0,1,False
2058,2025-09-10,2025-09-14 11:38:09,2025-09-14 11:40:27,138.0,3499851,3499853,3,3,3,0,3,False
2059,2025-09-10,2025-09-14 11:47:35,2025-09-14 11:47:35,0.0,3499856,3499856,1,1,1,1,0,True
2060,2025-09-10,2025-09-14 11:50:05,2025-09-14 11:50:17,12.0,3499858,3499859,2,2,2,2,0,True
2061,2025-09-10,2025-09-14 12:00:20,2025-09-14 12:00:20,0.0,3499862,3499862,1,1,1,1,0,True
2062,2025-09-10,2025-09-14 12:07:44,2025-09-14 12:07:44,0.0,3499870,3499870,1,1,1,1,0,True
2063,2025-09-10,2025-09-14 12:18:31,2025-09-14 12:18:31,0.0,3499879,3499879,1,1,1,0,1,False
2064,2025-09-10,2025-09-14 12:53:49,2025-09-14 12:53:49,0.0,3499900,3499900,1,1,1,1,0,True
2065,2025-09-10,2025-09-14 13:05:43,2025-09-14 13:05:43,0.0,3499903,3499903,1,1,1,1,0,True
2066,2025-09-10,2025-09-14 13:47:38,2025-09-14 13:47:38,0.0,3499923,3499923,1,1,1,1,0,True
2067,2025-09-10,2025-09-14 14:28:37,2025-09-14 14:28:37,0.0,3499941,3499941,1,1,1,0,1,False
2068,2025-09-10,2025-09-14 14:30:46,2025-09-14 14:30:46,0.0,3499943,3499943,1,1,1,1,0,True
2069,2025-09-10,2025-09-14 15:05:10,2025-09-14 15:05:10,0.0,3499958,3499958,1,1,1,0,1,False
2070,2025-09-10,2025-09-14 15:47:22,2025-09-14 15:47:22,0.0,3499972,3499972,1,1,1,1,0,True
2071,2025-09-10,2025-09-14 15:54:43,2025-09-14 15:54:43,0.0,3499975,3499975,1,1,1,0,1,False
2072,2025-09-10,2025-09-14 16:42:12,2025-09-14 16:42:12,0.0,3499996,3499996,1,1,1,1,0,True
2073,2025-09-10,2025-09-14 17:15:43,2025-09-14 17:15:43,0.0,3500010,3500010,1,1,1,1,0,True
2074,2025-09-10,2025-09-14 17:24:32,2025-09-14 17:24:32,0.0,3500014,3500014,1,1,1,0,1,False
2075,2025-09-10,2025-09-14 17:56:00,2025-09-14 17:56:00,0.0,3500027,3500027,1,1,1,1,0,True
2076,2025-09-10,2025-09-14 18:04:30,2025-09-14 18:04:30,0.0,3500032,3500032,1,1,1,1,0,True
2077,2025-09-10,2025-09-14 18:39:25,2025-09-14 18:39:25,0.0,3500048,3500048,1,1,1,0,1,False
2078,2025-09-10,2025-09-14 18:50:54,2025-09-14 18:50:54,0.0,3500058,3500058,1,1,1,1,0,True
2079,2025-09-10,2025-09-14 19:28:47,2025-09-14 19:32:07,200.0,3500072,3500073,2,2,2,0,2,False
2080,2025-09-10,2025-09-14 19:42:19,2025-09-14 19:42:19,0.0,3500074,3500074,1,1,1,0,1,False
2081,2025-09-10,2025-09-14 20:11:19,2025-09-14 20:11:42,23.0,3500087,3500088,2,2,2,0,2,False
2082,2025-09-10,2025-09-14 20:22:07,2025-09-14 20:23:22,75.0,3500089,3500090,2,2,2,0,2,False
2083,2025-09-10,2025-09-14 20:52:55,2025-09-14 20:52:55,0.0,3500108,3500108,1,1,1,0,1,False
2084,2025-09-10,2025-09-14 21:01:44,2025-09-14 21:03:02,78.0,3500109,3500110,2,2,2,0,2,False
2085,2025-09-10,2025-09-14 21:39:07,2025-09-14 21:39:07,0.0,3500123,3500123,1,1,1,1,0,True
2086,2025-09-10,2025-09-14 21:45:29,2025-09-14 21:45:29,0.0,3500125,3500125,1,1,1,1,0,True
2087,2025-09-10,2025-09-14 22:17:25,2025-09-14 22:17:25,0.0,3500139,3500139,1,1,1,0,1,False
2088,2025-09-10,2025-09-14 22:25:53,2025-09-14 22:25:53,0.0,3500141,3500141,1,1,1,0,1,False
2089,2025-09-10,2025-09-14 22:32:37,2025-09-14 22:33:54,77.0,3500142,3500143,2,2,2,0,2,False
2090,2025-09-10,2025-09-14 23:05:55,2025-09-14 23:05:55,0.0,3500157,3500157,1,1,1,0,1,False
2091,2025-09-10,2025-09-14 23:49:08,2025-09-14 23:49:08,0.0,3500170,3500170,1,1,1,0,1,False
2092,2025-09-10,2025-09-14 23:50:11,2025-09-14 23:50:11,0.0,3500172,3500172,1,1,1,0,1,False
2093,2025-09-10,2025-09-14 23:54:46,2025-09-14 23:54:46,0.0,3500176,3500176,1,1,1,0,1,False
2094,2025-09-10,2025-09-15 00:26:41,2025-09-15 00:26:41,0.0,3500190,3500190,1,1,1,1,0,True
2095,2025-09-10,2025-09-15 00:28:51,2025-09-15 00:28:51,0.0,3500193,3500193,1,1,1,1,0,True
2096,2025-09-10,2025-09-15 00:33:44,2025-09-15 00:33:44,0.0,3500196,3500196,1,1,1,0,1,False
2097,2025-09-10,2025-09-15 00:36:20,2025-09-15 00:36:20,0.0,3500198,3500198,1,1,1,0,1,False
2098,2025-09-10,2025-09-15 00:43:36,2025-09-15 00:43:36,0.0,3500201,3500201,1,1,1,0,1,False
2099,2025-09-10,2025-09-15 01:19:57,2025-09-15 01:20:45,48.0,3500214,3500215,2,2,2,0,2,False
2100,2025-09-10,2025-09-15 01:56:09,2025-09-15 01:56:09,0.0,3500239,3500239,1,1,1,0,1,False
2101,2025-09-10,2025-09-15 02:36:01,2025-09-15 02:36:01,0.0,3500264,3500264,1,1,1,0,1,False
2102,2025-09-10,2025-09-15 02:45:06,2025-09-15 02:46:01,55.0,3500266,3500267,2,2,2,0,2,False
2103,2025-09-10,2025-09-15 02:48:06,2025-09-15 02:48:06,0.0,3500270,3500270,1,1,1,1,0,True
2104,2025-09-10,2025-09-15 03:20:44,2025-09-15 03:20:44,0.0,3500283,3500283,1,1,1,0,1,False
2105,2025-09-10,2025-09-15 03:22:29,2025-09-15 03:22:29,0.0,3500285,3500285,1,1,1,0,1,False
2106,2025-09-10,2025-09-15 03:33:15,2025-09-15 03:33:15,0.0,3500289,3500289,1,1,1,1,0,True
2107,2025-09-10,2025-09-15 03:58:58,2025-09-15 03:58:58,0.0,3500301,3500301,1,1,1,0,1,False
2108,2025-09-10,2025-09-15 04:01:43,2025-09-15 04:01:43,0.0,3500304,3500304,1,1,1,1,0,True
2109,2025-09-10,2025-09-15 09:40:26,2025-09-15 09:40:26,0.0,3500514,3500514,1,1,1,1,0,True
2110,2025-09-10,2025-09-15 14:55:50,2025-09-15 14:55:50,0.0,3500729,3500729,1,1,1,0,1,False
2111,2025-09-10,2025-09-15 16:24:50,2025-09-15 16:24:50,0.0,3500791,3500791,1,1,1,0,1,False
2112,2025-09-10,2025-09-15 18:01:51,2025-09-15 18:01:51,0.0,3500860,3500860,1,1,1,0,1,False
2113,2025-09-10,2025-09-16 02:39:47,2025-09-16 02:39:47,0.0,3501099,3501099,1,1,1,1,0,True
2114,2025-09-10,2025-09-16 10:14:40,2025-09-16 10:14:40,0.0,3501311,3501311,1,1,1,0,1,False
2115,2025-09-17,2025-09-17 00:31:16,2025-09-17 00:31:16,0.0,3501708,3501708,1,1,1,1,0,True
2116,2025-09-17,2025-09-17 04:10:11,2025-09-17 04:10:11,0.0,3501794,3501794,1,1,1,0,1,False
2117,2025-09-17,2025-09-17 09:32:17,2025-09-17 09:32:17,0.0,3501952,3501952,1,1,1,0,1,False
2118,2025-09-17,2025-09-17 11:05:51,2025-09-17 11:05:51,0.0,3501996,3501996,1,1,1,1,0,True
2119,2025-09-17,2025-09-17 13:06:34,2025-09-17 13:06:34,0.0,3502069,3502069,1,1,1,0,1,False
2120,2025-09-17,2025-09-17 16:22:48,2025-09-17 16:22:48,0.0,3502173,3502173,1,1,1,1,0,True
2121,2025-09-17,2025-09-17 17:31:48,2025-09-17 17:37:35,347.0,3502204,3502207,4,4,4,0,4,False
2122,2025-09-17,2025-09-17 17:56:54,2025-09-17 17:56:54,0.0,3502217,3502217,1,1,1,1,0,True
2123,2025-09-17,2025-09-17 18:30:58,2025-09-17 18:30:58,0.0,3502227,3502227,1,1,1,1,0,True
2124,2025-09-17,2025-09-17 19:01:02,2025-09-17 19:01:02,0.0,3502236,3502236,1,1,1,1,0,True
2125,2025-09-17,2025-09-17 19:25:05,2025-09-17 19:25:05,0.0,3502254,3502254,1,1,1,0,1,False
2126,2025-09-17,2025-09-17 19:32:02,2025-09-17 19:32:02,0.0,3502258,3502258,1,1,1,1,0,True
2127,2025-09-17,2025-09-17 19:35:44,2025-09-17 19:35:44,0.0,3502260,3502260,1,1,1,0,1,False
2128,2025-09-17,2025-09-17 19:55:16,2025-09-17 19:55:16,0.0,3502276,3502276,1,1,1,1,0,True
2129,2025-09-17,2025-09-17 19:59:32,2025-09-17 19:59:32,0.0,3502280,3502280,1,1,1,0,1,False
2130,2025-09-17,2025-09-17 20:06:42,2025-09-17 20:06:42,0.0,3502284,3502284,1,1,1,1,0,True
2131,2025-09-17,2025-09-17 20:25:12,2025-09-17 20:25:12,0.0,3502286,3502286,1,1,1,1,0,True
2132,2025-09-17,2025-09-17 20:53:53,2025-09-17 20:53:53,0.0,3502290,3502290,1,1,1,1,0,True
2133,2025-09-17,2025-09-17 21:55:31,2025-09-17 21:55:31,0.0,3502321,3502321,1,1,1,1,0,True
2134,2025-09-17,2025-09-17 22:19:11,2025-09-17 22:19:11,0.0,3502329,3502329,1,1,1,1,0,True
2135,2025-09-17,2025-09-17 22:54:04,2025-09-17 22:54:04,0.0,3502335,3502335,1,1,1,0,1,False
2136,2025-09-17,2025-09-17 23:42:10,2025-09-17 23:42:10,0.0,3502362,3502362,1,1,1,1,0,True
2137,2025-09-17,2025-09-18 00:38:06,2025-09-18 00:38:06,0.0,3502385,3502385,1,1,1,0,1,False
2138,2025-09-17,2025-09-18 01:00:06,2025-09-18 01:00:06,0.0,3502398,3502398,1,1,1,1,0,True
2139,2025-09-17,2025-09-18 01:07:19,2025-09-18 01:07:19,0.0,3502401,3502401,1,1,1,0,1,False
2140,2025-09-17,2025-09-18 01:26:45,2025-09-18 01:26:45,0.0,3502411,3502411,1,1,1,1,0,True
2141,2025-09-17,2025-09-18 01:58:03,2025-09-18 01:58:03,0.0,3502426,3502426,1,1,1,0,1,False
2142,2025-09-17,2025-09-18 02:16:30,2025-09-18 02:16:30,0.0,3502436,3502436,1,1,1,1,0,True
2143,2025-09-17,2025-09-18 02:52:14,2025-09-18 02:52:14,0.0,3502452,3502452,1,1,1,1,0,True
2144,2025-09-17,2025-09-18 03:15:31,2025-09-18 03:15:31,0.0,3502463,3502463,1,1,1,1,0,True
2145,2025-09-17,2025-09-18 12:27:34,2025-09-18 12:27:34,0.0,3502742,3502742,1,1,1,1,0,True
2146,2025-09-17,2025-09-18 12:32:05,2025-09-18 12:32:05,0.0,3502744,3502744,1,1,1,1,0,True
2147,2025-09-17,2025-09-18 12:34:14,2025-09-18 12:34:14,0.0,3502746,3502746,1,1,1,0,1,False
2148,2025-09-17,2025-09-18 12:41:27,2025-09-18 12:41:27,0.0,3502749,3502749,1,1,1,0,1,False
2149,2025-09-17,2025-09-18 12:45:38,2025-09-18 12:45:38,0.0,3502751,3502751,1,1,1,0,1,False
2150,2025-09-17,2025-09-18 13:00:52,2025-09-18 13:00:52,0.0,3502758,3502758,1,1,1,0,1,False
2151,2025-09-17,2025-09-18 13:09:45,2025-09-18 13:09:45,0.0,3502763,3502763,1,1,1,1,0,True
2152,2025-09-17,2025-09-18 13:16:01,2025-09-18 13:16:04,3.0,3502765,3502766,2,2,2,0,2,False
2153,2025-09-17,2025-09-18 13:19:09,2025-09-18 13:19:09,0.0,3502768,3502768,1,1,1,0,1,False
2154,2025-09-17,2025-09-18 13:20:50,2025-09-18 13:20:50,0.0,3502771,3502771,1,1,1,1,0,True
2155,2025-09-17,2025-09-18 13:31:39,2025-09-18 13:31:39,0.0,3502774,3502774,1,1,1,0,1,False
2156,2025-09-17,2025-09-18 13:43:21,2025-09-18 13:43:21,0.0,3502781,3502781,1,1,1,0,1,False
2157,2025-09-17,2025-09-18 13:52:29,2025-09-18 13:52:29,0.0,3502788,3502788,1,1,1,1,0,True
2158,2025-09-17,2025-09-18 14:02:22,2025-09-18 14:02:22,0.0,3502790,3502790,1,1,1,0,1,False
2159,2025-09-17,2025-09-18 14:10:25,2025-09-18 14:10:25,0.0,3502794,3502794,1,1,1,1,0,True
2160,2025-09-17,2025-09-18 14:17:08,2025-09-18 14:17:08,0.0,3502798,3502798,1,1,1,0,1,False
2161,2025-09-17,2025-09-18 14:33:12,2025-09-18 14:38:27,315.0,3502808,3502810,3,3,3,0,3,False
2162,2025-09-17,2025-09-18 14:53:17,2025-09-18 14:53:17,0.0,3502817,3502817,1,1,1,1,0,True
2163,2025-09-17,2025-09-18 15:09:37,2025-09-18 15:09:37,0.0,3502823,3502823,1,1,1,0,1,False
2164,2025-09-17,2025-09-18 15:14:32,2025-09-18 15:14:32,0.0,3502825,3502825,1,1,1,1,0,True
2165,2025-09-17,2025-09-18 15:20:48,2025-09-18 15:20:48,0.0,3502827,3502827,1,1,1,1,0,True
2166,2025-09-17,2025-09-18 15:24:45,2025-09-18 15:24:45,0.0,3502829,3502829,1,1,1,1,0,True
2167,2025-09-17,2025-09-18 15:28:31,2025-09-18 15:28:31,0.0,3502831,3502831,1,1,1,0,1,False
2168,2025-09-17,2025-09-18 15:28:40,2025-09-18 15:28:40,0.0,3502831,3502831,1,1,1,0,1,False
2169,2025-09-17,2025-09-18 15:34:51,2025-09-18 15:34:51,0.0,3502835,3502835,1,1,1,0,1,False
2170,2025-09-17,2025-09-18 15:38:17,2025-09-18 15:38:17,0.0,3502837,3502837,1,1,1,0,1,False
2171,2025-09-17,2025-09-18 15:50:22,2025-09-18 15:50:22,0.0,3502845,3502845,1,1,1,0,1,False
2172,2025-09-17,2025-09-18 15:58:29,2025-09-18 15:58:29,0.0,3502849,3502849,1,1,1,1,0,True
2173,2025-09-17,2025-09-18 16:23:24,2025-09-18 16:25:07,103.0,3502854,3502855,2,2,2,0,2,False
2174,2025-09-17,2025-09-18 16:34:21,2025-09-18 16:34:21,0.0,3502860,3502860,1,1,1,0,1,False
2175,2025-09-17,2025-09-18 16:45:07,2025-09-18 16:45:07,0.0,3502869,3502869,1,1,1,0,1,False
2176,2025-09-17,2025-09-18 16:48:49,2025-09-18 16:48:49,0.0,3502871,3502871,1,1,1,0,1,False
2177,2025-09-17,2025-09-18 16:57:59,2025-09-18 16:57:59,0.0,3502872,3502872,1,1,1,0,1,False
2178,2025-09-17,2025-09-18 17:04:28,2025-09-18 17:07:08,160.0,3502873,3502874,2,2,2,0,2,False
2179,2025-09-17,2025-09-18 17:16:53,2025-09-18 17:18:28,95.0,3502875,3502877,3,3,3,0,3,False
2180,2025-09-17,2025-09-18 17:24:14,2025-09-18 17:29:09,295.0,3502878,3502880,3,3,3,0,3,False
2181,2025-09-17,2025-09-18 17:35:07,2025-09-18 17:35:07,0.0,3502887,3502887,1,1,1,0,1,False
2182,2025-09-17,2025-09-18 17:40:51,2025-09-18 17:40:51,0.0,3502892,3502892,1,1,1,0,1,False
2183,2025-09-17,2025-09-18 17:50:24,2025-09-18 17:50:24,0.0,3502895,3502895,1,1,1,0,1,False
2184,2025-09-17,2025-09-18 17:58:54,2025-09-18 17:58:54,0.0,3502902,3502902,1,1,1,0,1,False
2185,2025-09-17,2025-09-18 18:14:53,2025-09-18 18:14:53,0.0,3502908,3502908,1,1,1,0,1,False
2186,2025-09-17,2025-09-18 18:20:04,2025-09-18 18:20:04,0.0,3502911,3502911,1,1,1,1,0,True
2187,2025-09-17,2025-09-18 18:31:09,2025-09-18 18:31:09,0.0,3502914,3502914,1,1,1,0,1,False
2188,2025-09-17,2025-09-18 18:33:09,2025-09-18 18:33:09,0.0,3502918,3502918,1,1,1,0,1,False
2189,2025-09-17,2025-09-18 18:49:04,2025-09-18 18:49:04,0.0,3502924,3502924,1,1,1,0,1,False
2190,2025-09-17,2025-09-18 18:57:25,2025-09-18 18:57:25,0.0,3502930,3502930,1,1,1,1,0,True
2191,2025-09-17,2025-09-18 18:59:25,2025-09-18 18:59:25,0.0,3502932,3502932,1,1,1,1,0,True
2192,2025-09-17,2025-09-18 19:10:18,2025-09-18 19:13:10,172.0,3502937,3502940,4,4,4,0,4,False
2193,2025-09-17,2025-09-18 19:17:50,2025-09-18 19:17:50,0.0,3502942,3502942,1,1,1,0,1,False
2194,2025-09-17,2025-09-18 19:22:10,2025-09-18 19:22:10,0.0,3502945,3502945,1,1,1,0,1,False
2195,2025-09-17,2025-09-18 19:27:59,2025-09-18 19:27:59,0.0,3502951,3502951,1,1,1,0,1,False
2196,2025-09-17,2025-09-18 19:47:41,2025-09-18 19:47:41,0.0,3502961,3502961,1,1,1,0,1,False
2197,2025-09-17,2025-09-18 20:03:25,2025-09-18 20:03:25,0.0,3502964,3502964,1,1,1,0,1,False
2198,2025-09-17,2025-09-18 20:12:31,2025-09-18 20:15:32,181.0,3502968,3502969,2,2,2,0,2,False
2199,2025-09-17,2025-09-18 20:23:02,2025-09-18 20:23:02,0.0,3502971,3502971,1,1,1,0,1,False
2200,2025-09-17,2025-09-18 20:32:14,2025-09-18 20:32:14,0.0,3502975,3502975,1,1,1,1,0,True
2201,2025-09-17,2025-09-18 20:50:37,2025-09-18 20:50:37,0.0,3502978,3502978,1,1,1,1,0,True
2202,2025-09-17,2025-09-18 20:58:23,2025-09-18 20:58:23,0.0,3502981,3502981,1,1,1,0,1,False
2203,2025-09-17,2025-09-18 21:06:37,2025-09-18 21:06:37,0.0,3502987,3502987,1,1,1,1,0,True
2204,2025-09-17,2025-09-18 21:09:59,2025-09-18 21:09:59,0.0,3502992,3502992,1,1,1,0,1,False
2205,2025-09-17,2025-09-18 21:18:17,2025-09-18 21:18:17,0.0,3502999,3502999,1,1,1,0,1,False
2206,2025-09-17,2025-09-18 21:21:50,2025-09-18 21:21:50,0.0,3503003,3503003,1,1,1,0,1,False
2207,2025-09-17,2025-09-18 21:27:51,2025-09-18 21:27:51,0.0,3503006,3503006,1,1,1,0,1,False
2208,2025-09-17,2025-09-18 21:35:50,2025-09-18 21:35:50,0.0,3503008,3503008,1,1,1,1,0,True
2209,2025-09-17,2025-09-18 21:50:39,2025-09-18 21:50:39,0.0,3503017,3503017,1,1,1,1,0,True
2210,2025-09-17,2025-09-18 21:53:38,2025-09-18 21:53:38,0.0,3503019,3503019,1,1,1,1,0,True
2211,2025-09-17,2025-09-18 21:57:08,2025-09-18 21:57:08,0.0,3503021,3503021,1,1,1,1,0,True
2212,2025-09-17,2025-09-18 22:06:50,2025-09-18 22:12:04,314.0,3503023,3503025,3,3,3,0,3,False
2213,2025-09-17,2025-09-18 22:34:28,2025-09-18 22:34:28,0.0,3503035,3503035,1,1,1,0,1,False
2214,2025-09-17,2025-09-18 22:46:50,2025-09-18 22:46:50,0.0,3503038,3503038,1,1,1,0,1,False
2215,2025-09-17,2025-09-18 22:51:20,2025-09-18 22:51:24,4.0,3503041,3503042,2,2,2,2,0,True
2216,2025-09-17,2025-09-18 23:01:41,2025-09-18 23:01:41,0.0,3503050,3503050,1,1,1,0,1,False
2217,2025-09-17,2025-09-18 23:03:19,2025-09-18 23:03:19,0.0,3503052,3503052,1,1,1,0,1,False
2218,2025-09-17,2025-09-18 23:13:49,2025-09-18 23:13:49,0.0,3503055,3503055,1,1,1,0,1,False
2219,2025-09-17,2025-09-18 23:28:14,2025-09-18 23:28:14,0.0,3503061,3503061,1,1,1,1,0,True
2220,2025-09-17,2025-09-18 23:38:29,2025-09-18 23:38:29,0.0,3503067,3503067,1,1,1,0,1,False
2221,2025-09-17,2025-09-18 23:40:36,2025-09-18 23:40:36,0.0,3503069,3503069,1,1,1,1,0,True
2222,2025-09-17,2025-09-18 23:53:33,2025-09-18 23:53:41,8.0,3503072,3503074,3,3,3,0,3,False
2223,2025-09-17,2025-09-19 00:00:11,2025-09-19 00:00:22,11.0,3503075,3503076,2,2,2,0,2,False
2224,2025-09-17,2025-09-19 00:04:54,2025-09-19 00:04:54,0.0,3503083,3503083,1,1,1,1,0,True
2225,2025-09-17,2025-09-19 00:12:09,2025-09-19 00:15:41,212.0,3503085,3503086,2,2,2,0,2,False
2226,2025-09-17,2025-09-19 00:23:47,2025-09-19 00:25:24,97.0,3503089,3503090,2,2,2,0,2,False
2227,2025-09-17,2025-09-19 00:30:06,2025-09-19 00:30:06,0.0,3503092,3503092,1,1,1,0,1,False
2228,2025-09-17,2025-09-19 00:40:54,2025-09-19 00:40:54,0.0,3503100,3503100,1,1,1,1,0,True
2229,2025-09-17,2025-09-19 00:53:01,2025-09-19 00:53:01,0.0,3503107,3503107,1,1,1,1,0,True
2230,2025-09-17,2025-09-19 00:57:42,2025-09-19 00:57:42,0.0,3503110,3503110,1,1,1,1,0,True
2231,2025-09-17,2025-09-19 01:11:03,2025-09-19 01:11:03,0.0,3503116,3503116,1,1,1,0,1,False
2232,2025-09-17,2025-09-19 01:11:32,2025-09-19 01:11:32,0.0,3503118,3503118,1,1,1,1,0,True
2233,2025-09-17,2025-09-19 01:20:45,2025-09-19 01:20:45,0.0,3503121,3503121,1,1,1,1,0,True
2234,2025-09-17,2025-09-19 01:25:57,2025-09-19 01:25:57,0.0,3503124,3503124,1,1,1,1,0,True
2235,2025-09-17,2025-09-19 01:32:21,2025-09-19 01:32:21,0.0,3503126,3503126,1,1,1,0,1,False
2236,2025-09-17,2025-09-19 01:45:44,2025-09-19 01:45:44,0.0,3503129,3503129,1,1,1,0,1,False
2237,2025-09-17,2025-09-19 01:54:33,2025-09-19 01:54:33,0.0,3503136,3503136,1,1,1,1,0,True
2238,2025-09-17,2025-09-19 02:16:42,2025-09-19 02:22:54,372.0,3503146,3503148,3,3,3,0,3,False
2239,2025-09-17,2025-09-19 02:28:43,2025-09-19 02:28:57,14.0,3503151,3503152,2,2,2,0,2,False
2240,2025-09-17,2025-09-19 02:32:33,2025-09-19 02:32:33,0.0,3503156,3503156,1,1,1,1,0,True
2241,2025-09-17,2025-09-19 02:43:57,2025-09-19 02:43:57,0.0,3503165,3503165,1,1,1,1,0,True
2242,2025-09-17,2025-09-19 02:48:00,2025-09-19 02:48:00,0.0,3503170,3503170,1,1,1,0,1,False
2243,2025-09-17,2025-09-19 03:11:50,2025-09-19 03:11:50,0.0,3503181,3503181,1,1,1,0,1,False
2244,2025-09-17,2025-09-19 03:14:59,2025-09-19 03:14:59,0.0,3503184,3503184,1,1,1,0,1,False
2245,2025-09-17,2025-09-19 03:20:30,2025-09-19 03:20:30,0.0,3503187,3503187,1,1,1,1,0,True
2246,2025-09-17,2025-09-19 03:36:33,2025-09-19 03:36:33,0.0,3503198,3503198,1,1,1,1,0,True
2247,2025-09-17,2025-09-19 03:43:21,2025-09-19 03:43:21,0.0,3503201,3503201,1,1,1,1,0,True
2248,2025-09-17,2025-09-19 03:54:29,2025-09-19 03:54:29,0.0,3503207,3503207,1,1,1,1,0,True
2249,2025-09-17,2025-09-19 04:05:09,2025-09-19 04:05:09,0.0,3503214,3503214,1,1,1,1,0,True
2250,2025-09-17,2025-09-19 04:06:55,2025-09-19 04:06:55,0.0,3503216,3503216,1,1,1,1,0,True
2251,2025-09-17,2025-09-19 04:17:08,2025-09-19 04:17:08,0.0,3503218,3503218,1,1,1,0,1,False
2252,2025-09-17,2025-09-19 04:22:06,2025-09-19 04:22:06,0.0,3503222,3503222,1,1,1,0,1,False
2253,2025-09-17,2025-09-19 04:28:42,2025-09-19 04:28:42,0.0,3503226,3503226,1,1,1,1,0,True
2254,2025-09-17,2025-09-19 04:38:56,2025-09-19 04:38:56,0.0,3503230,3503230,1,1,1,1,0,True
2255,2025-09-17,2025-09-19 04:45:40,2025-09-19 04:45:40,0.0,3503234,3503234,1,1,1,0,1,False
2256,2025-09-17,2025-09-19 04:55:26,2025-09-19 04:55:26,0.0,3503240,3503240,1,1,1,1,0,True
2257,2025-09-17,2025-09-19 04:58:46,2025-09-19 04:58:46,0.0,3503243,3503243,1,1,1,0,1,False
2258,2025-09-17,2025-09-19 05:13:46,2025-09-19 05:13:46,0.0,3503248,3503248,1,1,1,1,0,True
2259,2025-09-17,2025-09-19 05:15:26,2025-09-19 05:15:26,0.0,3503250,3503250,1,1,1,0,1,False
2260,2025-09-17,2025-09-19 05:21:24,2025-09-19 05:21:24,0.0,3503254,3503254,1,1,1,1,0,True
2261,2025-09-17,2025-09-19 05:29:35,2025-09-19 05:29:35,0.0,3503257,3503257,1,1,1,1,0,True
2262,2025-09-17,2025-09-19 05:37:33,2025-09-19 05:37:33,0.0,3503264,3503264,1,1,1,0,1,False
2263,2025-09-17,2025-09-19 05:41:31,2025-09-19 05:41:31,0.0,3503267,3503267,1,1,1,0,1,False
2264,2025-09-17,2025-09-19 05:46:45,2025-09-19 05:46:45,0.0,3503269,3503269,1,1,1,0,1,False
2265,2025-09-17,2025-09-19 05:54:05,2025-09-19 05:54:05,0.0,3503272,3503272,1,1,1,1,0,True
2266,2025-09-17,2025-09-19 06:01:33,2025-09-19 06:01:33,0.0,3503275,3503275,1,1,1,0,1,False
2267,2025-09-17,2025-09-19 06:03:06,2025-09-19 06:03:06,0.0,3503278,3503278,1,1,1,1,0,True
2268,2025-09-17,2025-09-19 06:15:54,2025-09-19 06:21:56,362.0,3503280,3503283,4,4,4,0,4,False
2269,2025-09-17,2025-09-19 06:28:07,2025-09-19 06:28:07,0.0,3503288,3503288,1,1,1,1,0,True
2270,2025-09-17,2025-09-19 06:46:32,2025-09-19 06:52:11,339.0,3503292,3503294,3,3,3,0,3,False
2271,2025-09-17,2025-09-19 07:12:45,2025-09-19 07:12:45,0.0,3503303,3503303,1,1,1,0,1,False
2272,2025-09-17,2025-09-19 07:16:55,2025-09-19 07:16:55,0.0,3503308,3503308,1,1,1,1,0,True
2273,2025-09-17,2025-09-19 07:21:47,2025-09-19 07:21:47,0.0,3503310,3503310,1,1,1,1,0,True
2274,2025-09-17,2025-09-19 07:25:44,2025-09-19 07:25:44,0.0,3503312,3503312,1,1,1,1,0,True
2275,2025-09-17,2025-09-19 07:37:32,2025-09-19 07:37:32,0.0,3503319,3503319,1,1,1,1,0,True
2276,2025-09-17,2025-09-19 07:49:16,2025-09-19 07:52:39,203.0,3503328,3503329,2,2,2,2,0,True
2277,2025-09-17,2025-09-19 07:56:14,2025-09-19 07:56:14,0.0,3503331,3503331,1,1,1,0,1,False
2278,2025-09-17,2025-09-19 08:02:36,2025-09-19 08:02:36,0.0,3503337,3503337,1,1,1,0,1,False
2279,2025-09-17,2025-09-19 13:01:51,2025-09-19 13:01:51,0.0,3503522,3503522,1,1,1,0,1,False
2280,2025-09-17,2025-09-19 15:10:32,2025-09-19 15:10:32,0.0,3503584,3503584,1,1,1,0,1,False
2281,2025-09-17,2025-09-19 21:20:11,2025-09-19 21:20:11,0.0,3503749,3503749,1,1,1,0,1,False
2282,2025-09-17,2025-09-20 01:13:01,2025-09-20 01:13:01,0.0,3503856,3503856,1,1,1,0,1,False
2283,2025-09-17,2025-09-20 15:58:56,2025-09-20 15:58:56,0.0,3504329,3504329,1,1,1,0,1,False
2284,2025-09-17,2025-09-20 17:00:03,2025-09-20 17:00:03,0.0,3504370,3504370,1,1,1,0,1,False
2285,2025-09-17,2025-09-20 17:51:15,2025-09-20 17:51:15,0.0,3504394,3504394,1,1,1,1,0,True
2286,2025-09-17,2025-09-20 17:56:12,2025-09-20 17:56:12,0.0,3504399,3504399,1,1,1,1,0,True
2287,2025-09-17,2025-09-20 21:13:26,2025-09-20 21:13:26,0.0,3504523,3504523,1,1,1,0,1,False
2288,2025-09-17,2025-09-20 23:01:15,2025-09-20 23:01:15,0.0,3504585,3504585,1,1,1,0,1,False
2289,2025-09-17,2025-09-21 04:37:41,2025-09-21 04:37:41,0.0,3504753,3504753,1,1,1,0,1,False
2290,2025-09-17,2025-09-21 06:25:19,2025-09-21 06:25:19,0.0,3504807,3504807,1,1,1,1,0,True
2291,2025-09-17,2025-09-21 23:39:36,2025-09-21 23:39:36,0.0,3505246,3505246,1,1,1,0,1,False
2292,2025-09-17,2025-09-22 21:06:20,2025-09-22 21:06:20,0.0,3505938,3505938,1,1,1,0,1,False
2293,2025-09-17,2025-09-23 07:36:33,2025-09-23 07:36:33,0.0,3506234,3506234,1,1,1,1,0,True
2294,2025-09-17,2025-09-23 17:22:03,2025-09-23 17:22:03,0.0,3506529,3506529,1,1,1,0,1,False
2295,2025-09-24,2025-09-24 13:24:26,2025-09-24 13:24:26,0.0,3507082,3507082,1,1,1,0,1,False
2296,2025-09-24,2025-09-27 12:06:29,2025-09-27 12:06:29,0.0,3509183,3509183,1,1,1,0,1,False
2297,2025-09-24,2025-09-29 16:55:26,2025-09-29 16:55:26,0.0,3510824,3510824,1,1,1,0,1,False
2298,2025-09-24,2025-09-29 21:52:22,2025-09-29 21:52:22,0.0,3510973,3510973,1,1,1,0,1,False
2299,2025-10-01,2025-10-02 17:02:45,2025-10-02 17:02:45,0.0,3512940,3512940,1,1,1,1,0,True
2300,2025-10-01,2025-10-03 16:49:27,2025-10-03 16:49:27,0.0,3513677,3513677,1,1,1,0,1,False
2301,2025-10-01,2025-10-04 15:24:23,2025-10-04 15:24:23,0.0,3514312,3514312,1,1,1,1,0,True
2302,2025-10-01,2025-10-04 18:02:56,2025-10-04 18:02:56,0.0,3514418,3514418,1,1,1,0,1,False
2303,2025-10-01,2025-10-05 02:35:22,2025-10-05 02:35:22,0.0,3514696,3514696,1,1,1,1,0,True
2304,2025-10-01,2025-10-05 05:37:14,2025-10-05 05:37:14,0.0,3514774,3514774,1,1,1,1,0,True
2305,2025-10-01,2025-10-05 23:45:45,2025-10-05 23:45:45,0.0,3515286,3515286,1,1,1,0,1,False
2306,2025-10-01,2025-10-06 00:09:50,2025-10-06 00:11:38,108.0,3515294,3515295,2,2,2,0,2,False
2307,2025-10-01,2025-10-06 00:41:55,2025-10-06 00:41:55,0.0,3515306,3515306,1,1,1,1,0,True
2308,2025-10-01,2025-10-06 01:07:28,2025-10-06 01:07:28,0.0,3515316,3515316,1,1,1,1,0,True
2309,2025-10-01,2025-10-06 01:33:12,2025-10-06 01:33:12,0.0,3515323,3515323,1,1,1,0,1,False
2310,2025-10-01,2025-10-06 01:36:01,2025-10-06 01:36:01,0.0,3515327,3515327,1,1,1,1,0,True
2311,2025-10-01,2025-10-06 01:58:49,2025-10-06 01:58:49,0.0,3515338,3515338,1,1,1,1,0,True
2312,2025-10-01,2025-10-06 02:19:22,2025-10-06 02:19:22,0.0,3515348,3515348,1,1,1,1,0,True
2313,2025-10-01,2025-10-06 02:22:23,2025-10-06 02:22:23,0.0,3515350,3515350,1,1,1,1,0,True
2314,2025-10-01,2025-10-06 02:29:06,2025-10-06 02:29:06,0.0,3515353,3515353,1,1,1,0,1,False
2315,2025-10-01,2025-10-06 02:55:20,2025-10-06 02:55:20,0.0,3515364,3515364,1,1,1,1,0,True
2316,2025-10-01,2025-10-06 03:40:11,2025-10-06 03:40:11,0.0,3515385,3515385,1,1,1,1,0,True
2317,2025-10-01,2025-10-06 03:47:21,2025-10-06 03:47:21,0.0,3515388,3515388,1,1,1,1,0,True
2318,2025-10-01,2025-10-06 04:42:00,2025-10-06 04:42:00,0.0,3515415,3515415,1,1,1,0,1,False
2319,2025-10-01,2025-10-06 05:33:35,2025-10-06 05:33:35,0.0,3515442,3515442,1,1,1,0,1,False
2320,2025-10-01,2025-10-06 06:16:57,2025-10-06 06:16:57,0.0,3515462,3515462,1,1,1,0,1,False
2321,2025-10-01,2025-10-06 06:26:16,2025-10-06 06:26:16,0.0,3515464,3515464,1,1,1,0,1,False
2322,2025-10-01,2025-10-06 06:32:54,2025-10-06 06:32:54,0.0,3515467,3515467,1,1,1,0,1,False
2323,2025-10-01,2025-10-06 06:35:05,2025-10-06 06:35:05,0.0,3515469,3515469,1,1,1,1,0,True
2324,2025-10-01,2025-10-06 06:54:04,2025-10-06 06:54:04,0.0,3515484,3515484,1,1,1,0,1,False
2325,2025-10-01,2025-10-06 06:57:25,2025-10-06 06:57:25,0.0,3515486,3515486,1,1,1,0,1,False
2326,2025-10-01,2025-10-06 07:18:45,2025-10-06 07:18:45,0.0,3515500,3515500,1,1,1,0,1,False
2327,2025-10-01,2025-10-06 07:49:58,2025-10-06 07:49:58,0.0,3515510,3515510,1,1,1,1,0,True
2328,2025-10-01,2025-10-06 08:19:50,2025-10-06 08:19:50,0.0,3515520,3515520,1,1,1,1,0,True
2329,2025-10-01,2025-10-06 08:39:13,2025-10-06 08:39:13,0.0,3515526,3515526,1,1,1,1,0,True
2330,2025-10-01,2025-10-06 08:44:37,2025-10-06 08:44:37,0.0,3515530,3515530,1,1,1,0,1,False
2331,2025-10-01,2025-10-06 09:10:26,2025-10-06 09:10:26,0.0,3515542,3515542,1,1,1,0,1,False
2332,2025-10-01,2025-10-06 09:30:18,2025-10-06 09:30:18,0.0,3515553,3515553,1,1,1,1,0,True
2333,2025-10-01,2025-10-06 10:02:28,2025-10-06 10:02:28,0.0,3515569,3515569,1,1,1,1,0,True
2334,2025-10-01,2025-10-06 10:56:32,2025-10-06 10:56:32,0.0,3515584,3515584,1,1,1,0,1,False
2335,2025-10-01,2025-10-06 11:23:41,2025-10-06 11:23:41,0.0,3515595,3515595,1,1,1,0,1,False
2336,2025-10-01,2025-10-06 11:27:36,2025-10-06 11:27:36,0.0,3515599,3515599,1,1,1,1,0,True
2337,2025-10-01,2025-10-06 11:48:13,2025-10-06 11:48:13,0.0,3515610,3515610,1,1,1,0,1,False
2338,2025-10-01,2025-10-06 11:48:17,2025-10-06 11:48:17,0.0,3515610,3515610,1,1,1,0,1,False
2339,2025-10-01,2025-10-06 11:51:43,2025-10-06 11:51:43,0.0,3515614,3515614,1,1,1,1,0,True
2340,2025-10-01,2025-10-06 12:24:13,2025-10-06 12:24:18,5.0,3515627,3515628,2,2,2,2,0,True
2341,2025-10-01,2025-10-06 12:48:56,2025-10-06 12:48:56,0.0,3515638,3515638,1,1,1,0,1,False
2342,2025-10-01,2025-10-06 12:55:56,2025-10-06 12:55:56,0.0,3515641,3515641,1,1,1,1,0,True
2343,2025-10-01,2025-10-06 12:58:12,2025-10-06 12:58:12,0.0,3515643,3515643,1,1,1,0,1,False
2344,2025-10-01,2025-10-06 13:20:48,2025-10-06 13:20:48,0.0,3515652,3515652,1,1,1,1,0,True
2345,2025-10-01,2025-10-06 13:37:44,2025-10-06 13:37:44,0.0,3515664,3515664,1,1,1,0,1,False
2346,2025-10-01,2025-10-06 13:41:12,2025-10-06 13:41:12,0.0,3515669,3515669,1,1,1,1,0,True
2347,2025-10-01,2025-10-06 13:51:41,2025-10-06 13:51:41,0.0,3515675,3515675,1,1,1,0,1,False
2348,2025-10-01,2025-10-06 13:58:11,2025-10-06 13:58:11,0.0,3515680,3515680,1,1,1,0,1,False
2349,2025-10-01,2025-10-06 14:15:45,2025-10-06 14:15:45,0.0,3515689,3515689,1,1,1,1,0,True
2350,2025-10-01,2025-10-06 14:24:59,2025-10-06 14:24:59,0.0,3515698,3515698,1,1,1,1,0,True
2351,2025-10-01,2025-10-06 14:50:23,2025-10-06 14:50:23,0.0,3515706,3515706,1,1,1,0,1,False
2352,2025-10-01,2025-10-06 15:08:31,2025-10-06 15:08:31,0.0,3515713,3515713,1,1,1,1,0,True
2353,2025-10-01,2025-10-06 15:22:32,2025-10-06 15:22:32,0.0,3515719,3515719,1,1,1,0,1,False
2354,2025-10-01,2025-10-06 15:33:47,2025-10-06 15:33:47,0.0,3515726,3515726,1,1,1,0,1,False
2355,2025-10-01,2025-10-06 15:35:30,2025-10-06 15:35:30,0.0,3515728,3515728,1,1,1,1,0,True
2356,2025-10-01,2025-10-06 15:44:16,2025-10-06 15:44:16,0.0,3515735,3515735,1,1,1,1,0,True
2357,2025-10-01,2025-10-06 15:57:02,2025-10-06 15:57:02,0.0,3515741,3515741,1,1,1,1,0,True
2358,2025-10-01,2025-10-06 16:16:37,2025-10-06 16:16:37,0.0,3515747,3515747,1,1,1,0,1,False
2359,2025-10-01,2025-10-06 16:29:49,2025-10-06 16:29:49,0.0,3515758,3515758,1,1,1,0,1,False
2360,2025-10-01,2025-10-06 16:39:51,2025-10-06 16:39:51,0.0,3515763,3515763,1,1,1,0,1,False
2361,2025-10-01,2025-10-06 16:59:51,2025-10-06 16:59:51,0.0,3515770,3515770,1,1,1,1,0,True
2362,2025-10-01,2025-10-06 17:05:22,2025-10-06 17:05:26,4.0,3515772,3515773,2,2,2,2,0,True
2363,2025-10-01,2025-10-06 17:09:16,2025-10-06 17:09:16,0.0,3515775,3515775,1,1,1,1,0,True
2364,2025-10-01,2025-10-06 17:33:30,2025-10-06 17:33:30,0.0,3515787,3515787,1,1,1,0,1,False
2365,2025-10-01,2025-10-06 17:42:09,2025-10-06 17:42:09,0.0,3515793,3515793,1,1,1,1,0,True
2366,2025-10-01,2025-10-06 17:59:25,2025-10-06 17:59:25,0.0,3515801,3515801,1,1,1,0,1,False
2367,2025-10-01,2025-10-06 17:59:38,2025-10-06 17:59:38,0.0,3515803,3515803,1,1,1,1,0,True
2368,2025-10-01,2025-10-06 18:03:20,2025-10-06 18:03:20,0.0,3515805,3515805,1,1,1,1,0,True
2369,2025-10-01,2025-10-06 18:16:14,2025-10-06 18:17:08,54.0,3515809,3515810,2,2,2,2,0,True
2370,2025-10-01,2025-10-06 18:24:03,2025-10-06 18:24:03,0.0,3515814,3515814,1,1,1,0,1,False
2371,2025-10-01,2025-10-06 18:31:42,2025-10-06 18:31:42,0.0,3515816,3515816,1,1,1,0,1,False
2372,2025-10-01,2025-10-06 18:34:41,2025-10-06 18:34:41,0.0,3515819,3515819,1,1,1,1,0,True
2373,2025-10-01,2025-10-06 18:42:30,2025-10-06 18:42:30,0.0,3515823,3515823,1,1,1,0,1,False
2374,2025-10-01,2025-10-06 18:51:28,2025-10-06 18:51:28,0.0,3515829,3515829,1,1,1,1,0,True
2375,2025-10-01,2025-10-06 18:57:18,2025-10-06 18:57:18,0.0,3515831,3515831,1,1,1,1,0,True
2376,2025-10-01,2025-10-06 18:58:33,2025-10-06 18:58:33,0.0,3515833,3515833,1,1,1,1,0,True
2377,2025-10-01,2025-10-06 19:10:29,2025-10-06 19:10:29,0.0,3515837,3515837,1,1,1,1,0,True
2378,2025-10-01,2025-10-06 19:18:09,2025-10-06 19:18:09,0.0,3515840,3515840,1,1,1,1,0,True
2379,2025-10-01,2025-10-06 19:36:31,2025-10-06 19:36:31,0.0,3515847,3515847,1,1,1,0,1,False
2380,2025-10-01,2025-10-06 19:39:51,2025-10-06 19:39:51,0.0,3515849,3515849,1,1,1,1,0,True
2381,2025-10-01,2025-10-06 19:49:13,2025-10-06 19:49:13,0.0,3515851,3515851,1,1,1,0,1,False
2382,2025-10-01,2025-10-06 20:07:06,2025-10-06 20:07:06,0.0,3515863,3515863,1,1,1,0,1,False
2383,2025-10-01,2025-10-06 20:10:18,2025-10-06 20:10:18,0.0,3515865,3515865,1,1,1,0,1,False
2384,2025-10-01,2025-10-06 20:15:45,2025-10-06 20:15:45,0.0,3515871,3515871,1,1,1,1,0,True
2385,2025-10-01,2025-10-06 20:21:55,2025-10-06 20:21:55,0.0,3515875,3515875,1,1,1,1,0,True
2386,2025-10-01,2025-10-06 20:38:16,2025-10-06 20:38:16,0.0,3515882,3515882,1,1,1,1,0,True
2387,2025-10-01,2025-10-06 20:45:07,2025-10-06 20:45:07,0.0,3515888,3515888,1,1,1,1,0,True
2388,2025-10-01,2025-10-06 20:59:30,2025-10-06 20:59:30,0.0,3515891,3515891,1,1,1,1,0,True
2389,2025-10-01,2025-10-06 21:16:29,2025-10-06 21:16:29,0.0,3515899,3515899,1,1,1,1,0,True
2390,2025-10-01,2025-10-06 21:32:51,2025-10-06 21:32:57,6.0,3515901,3515902,2,2,2,0,2,False
2391,2025-10-01,2025-10-06 21:38:48,2025-10-06 21:38:48,0.0,3515906,3515906,1,1,1,1,0,True
2392,2025-10-01,2025-10-06 21:54:57,2025-10-06 21:54:57,0.0,3515912,3515912,1,1,1,1,0,True
2393,2025-10-01,2025-10-06 22:10:23,2025-10-06 22:10:23,0.0,3515915,3515915,1,1,1,1,0,True
2394,2025-10-01,2025-10-06 22:19:28,2025-10-06 22:19:28,0.0,3515918,3515918,1,1,1,1,0,True
2395,2025-10-01,2025-10-06 22:30:58,2025-10-06 22:30:58,0.0,3515920,3515920,1,1,1,0,1,False
2396,2025-10-01,2025-10-06 22:37:33,2025-10-06 22:37:33,0.0,3515926,3515926,1,1,1,1,0,True
2397,2025-10-01,2025-10-06 22:41:59,2025-10-06 22:41:59,0.0,3515928,3515928,1,1,1,1,0,True
2398,2025-10-01,2025-10-06 22:52:24,2025-10-06 22:52:24,0.0,3515931,3515931,1,1,1,0,1,False
2399,2025-10-01,2025-10-06 22:56:38,2025-10-06 22:56:38,0.0,3515933,3515933,1,1,1,0,1,False
2400,2025-10-01,2025-10-06 22:59:40,2025-10-06 22:59:40,0.0,3515935,3515935,1,1,1,0,1,False
2401,2025-10-01,2025-10-06 23:06:50,2025-10-06 23:06:50,0.0,3515938,3515938,1,1,1,0,1,False
2402,2025-10-01,2025-10-06 23:17:31,2025-10-06 23:17:31,0.0,3515944,3515944,1,1,1,1,0,True
2403,2025-10-01,2025-10-06 23:30:16,2025-10-06 23:38:29,493.0,3515946,3515950,5,5,5,0,5,False
2404,2025-10-01,2025-10-06 23:46:09,2025-10-06 23:46:09,0.0,3515955,3515955,1,1,1,1,0,True
2405,2025-10-01,2025-10-06 23:56:46,2025-10-06 23:56:46,0.0,3515959,3515959,1,1,1,1,0,True
2406,2025-10-01,2025-10-07 00:05:29,2025-10-07 00:05:29,0.0,3515963,3515963,1,1,1,1,0,True
2407,2025-10-01,2025-10-07 00:08:05,2025-10-07 00:08:05,0.0,3515966,3515966,1,1,1,0,1,False
2408,2025-10-01,2025-10-07 00:14:19,2025-10-07 00:14:19,0.0,3515970,3515970,1,1,1,1,0,True
2409,2025-10-01,2025-10-07 00:30:26,2025-10-07 00:30:26,0.0,3515977,3515977,1,1,1,0,1,False
2410,2025-10-01,2025-10-07 00:33:07,2025-10-07 00:33:07,0.0,3515980,3515980,1,1,1,1,0,True
2411,2025-10-01,2025-10-07 00:44:29,2025-10-07 00:44:29,0.0,3515983,3515983,1,1,1,1,0,True
2412,2025-10-01,2025-10-07 00:59:57,2025-10-07 00:59:57,0.0,3515987,3515987,1,1,1,1,0,True
2413,2025-10-01,2025-10-07 01:12:39,2025-10-07 01:12:39,0.0,3515993,3515993,1,1,1,0,1,False
2414,2025-10-01,2025-10-07 01:14:51,2025-10-07 01:14:51,0.0,3515995,3515995,1,1,1,1,0,True
2415,2025-10-01,2025-10-07 01:24:07,2025-10-07 01:24:07,0.0,3516001,3516001,1,1,1,1,0,True
2416,2025-10-01,2025-10-07 01:38:16,2025-10-07 01:38:16,0.0,3516006,3516006,1,1,1,1,0,True
2417,2025-10-01,2025-10-07 01:52:43,2025-10-07 01:52:43,0.0,3516011,3516011,1,1,1,0,1,False
2418,2025-10-01,2025-10-07 02:01:32,2025-10-07 02:01:32,0.0,3516014,3516014,1,1,1,1,0,True
2419,2025-10-01,2025-10-07 02:04:38,2025-10-07 02:04:38,0.0,3516017,3516017,1,1,1,1,0,True
2420,2025-10-01,2025-10-07 02:24:20,2025-10-07 02:35:21,661.0,3516019,3516023,5,5,5,0,5,False
2421,2025-10-01,2025-10-07 02:44:53,2025-10-07 02:44:53,0.0,3516029,3516029,1,1,1,1,0,True
2422,2025-10-01,2025-10-07 02:55:00,2025-10-07 02:55:00,0.0,3516031,3516031,1,1,1,0,1,False
2423,2025-10-01,2025-10-07 03:06:15,2025-10-07 03:06:15,0.0,3516037,3516037,1,1,1,0,1,False
2424,2025-10-01,2025-10-07 03:11:52,2025-10-07 03:11:52,0.0,3516041,3516041,1,1,1,1,0,True
2425,2025-10-01,2025-10-07 03:22:36,2025-10-07 03:22:36,0.0,3516046,3516046,1,1,1,0,1,False
2426,2025-10-01,2025-10-07 03:33:01,2025-10-07 03:33:01,0.0,3516050,3516050,1,1,1,0,1,False
2427,2025-10-01,2025-10-07 03:50:38,2025-10-07 03:50:38,0.0,3516056,3516056,1,1,1,0,1,False
2428,2025-10-01,2025-10-07 03:57:31,2025-10-07 03:57:33,2.0,3516057,3516058,2,2,2,0,2,False
2429,2025-10-01,2025-10-07 04:15:52,2025-10-07 04:15:52,0.0,3516068,3516068,1,1,1,0,1,False
2430,2025-10-01,2025-10-07 04:38:38,2025-10-07 04:38:38,0.0,3516079,3516079,1,1,1,1,0,True
2431,2025-10-01,2025-10-07 04:57:05,2025-10-07 04:59:11,126.0,3516083,3516085,3,3,3,0,3,False
2432,2025-10-01,2025-10-07 05:07:13,2025-10-07 05:07:14,1.0,3516091,3516092,2,2,2,0,2,False
2433,2025-10-01,2025-10-07 05:26:56,2025-10-07 05:26:56,0.0,3516100,3516100,1,1,1,0,1,False
2434,2025-10-01,2025-10-07 05:38:09,2025-10-07 05:38:09,0.0,3516108,3516108,1,1,1,0,1,False
2435,2025-10-01,2025-10-07 05:41:04,2025-10-07 05:41:04,0.0,3516110,3516110,1,1,1,0,1,False
2436,2025-10-01,2025-10-07 05:46:41,2025-10-07 05:46:41,0.0,3516113,3516113,1,1,1,1,0,True
2437,2025-10-01,2025-10-07 05:50:37,2025-10-07 05:50:37,0.0,3516116,3516116,1,1,1,1,0,True
2438,2025-10-01,2025-10-07 06:09:06,2025-10-07 06:09:06,0.0,3516120,3516120,1,1,1,0,1,False
2439,2025-10-01,2025-10-07 06:09:56,2025-10-07 06:09:56,0.0,3516122,3516122,1,1,1,0,1,False
2440,2025-10-01,2025-10-07 06:13:04,2025-10-07 06:13:04,0.0,3516124,3516124,1,1,1,1,0,True
2441,2025-10-01,2025-10-07 06:18:25,2025-10-07 06:19:38,73.0,3516126,3516128,3,3,3,0,3,False
2442,2025-10-01,2025-10-07 06:27:05,2025-10-07 06:27:05,0.0,3516134,3516134,1,1,1,1,0,True
2443,2025-10-01,2025-10-07 06:45:20,2025-10-07 06:45:20,0.0,3516147,3516147,1,1,1,1,0,True
2444,2025-10-01,2025-10-07 06:50:55,2025-10-07 06:50:55,0.0,3516151,3516151,1,1,1,1,0,True
2445,2025-10-01,2025-10-07 06:56:02,2025-10-07 06:56:02,0.0,3516153,3516153,1,1,1,0,1,False
2446,2025-10-01,2025-10-07 07:00:07,2025-10-07 07:00:07,0.0,3516157,3516157,1,1,1,0,1,False
2447,2025-10-01,2025-10-07 07:13:54,2025-10-07 07:13:54,0.0,3516165,3516165,1,1,1,1,0,True
2448,2025-10-01,2025-10-07 07:17:10,2025-10-07 07:17:10,0.0,3516167,3516167,1,1,1,1,0,True
2449,2025-10-01,2025-10-07 07:26:07,2025-10-07 07:26:07,0.0,3516173,3516173,1,1,1,0,1,False
2450,2025-10-01,2025-10-07 07:30:43,2025-10-07 07:30:43,0.0,3516176,3516176,1,1,1,1,0,True
2451,2025-10-01,2025-10-07 07:49:15,2025-10-07 07:49:15,0.0,3516187,3516187,1,1,1,0,1,False
2452,2025-10-01,2025-10-07 07:52:15,2025-10-07 07:52:15,0.0,3516189,3516189,1,1,1,0,1,False
2453,2025-10-01,2025-10-07 07:57:15,2025-10-07 07:57:15,0.0,3516191,3516191,1,1,1,0,1,False
2454,2025-10-01,2025-10-07 08:23:19,2025-10-07 08:23:19,0.0,3516202,3516202,1,1,1,0,1,False
2455,2025-10-01,2025-10-07 08:35:44,2025-10-07 08:39:29,225.0,3516205,3516209,5,5,5,0,5,False
2456,2025-10-01,2025-10-07 08:45:34,2025-10-07 08:45:34,0.0,3516215,3516215,1,1,1,0,1,False
2457,2025-10-01,2025-10-07 08:51:37,2025-10-07 08:51:37,0.0,3516218,3516218,1,1,1,1,0,True
2458,2025-10-01,2025-10-07 09:06:43,2025-10-07 09:06:43,0.0,3516223,3516223,1,1,1,0,1,False
2459,2025-10-01,2025-10-07 09:08:42,2025-10-07 09:08:42,0.0,3516225,3516225,1,1,1,0,1,False
2460,2025-10-01,2025-10-07 09:18:15,2025-10-07 09:18:15,0.0,3516230,3516230,1,1,1,1,0,True
2461,2025-10-01,2025-10-07 09:39:45,2025-10-07 09:39:45,0.0,3516239,3516239,1,1,1,0,1,False
2462,2025-10-01,2025-10-07 09:43:57,2025-10-07 09:43:57,0.0,3516244,3516244,1,1,1,1,0,True
2463,2025-10-01,2025-10-07 09:49:26,2025-10-07 09:49:26,0.0,3516246,3516246,1,1,1,0,1,False
2464,2025-10-01,2025-10-07 09:58:48,2025-10-07 09:58:48,0.0,3516252,3516252,1,1,1,0,1,False
2465,2025-10-01,2025-10-07 10:00:12,2025-10-07 10:00:12,0.0,3516255,3516255,1,1,1,1,0,True
2466,2025-10-01,2025-10-07 10:15:07,2025-10-07 10:15:07,0.0,3516263,3516263,1,1,1,0,1,False
2467,2025-10-01,2025-10-07 10:18:47,2025-10-07 10:18:47,0.0,3516267,3516267,1,1,1,1,0,True
2468,2025-10-01,2025-10-07 10:27:39,2025-10-07 10:27:39,0.0,3516270,3516270,1,1,1,1,0,True
2469,2025-10-01,2025-10-07 10:33:47,2025-10-07 10:33:47,0.0,3516272,3516272,1,1,1,1,0,True
2470,2025-10-01,2025-10-07 10:41:27,2025-10-07 10:41:27,0.0,3516276,3516276,1,1,1,1,0,True
2471,2025-10-01,2025-10-07 10:52:11,2025-10-07 10:52:11,0.0,3516282,3516282,1,1,1,1,0,True
2472,2025-10-01,2025-10-07 10:56:08,2025-10-07 10:56:08,0.0,3516285,3516285,1,1,1,1,0,True
2473,2025-10-01,2025-10-07 11:00:36,2025-10-07 11:00:36,0.0,3516288,3516288,1,1,1,1,0,True
2474,2025-10-01,2025-10-07 11:10:46,2025-10-07 11:10:46,0.0,3516293,3516293,1,1,1,1,0,True
2475,2025-10-01,2025-10-07 11:13:00,2025-10-07 11:13:00,0.0,3516296,3516296,1,1,1,1,0,True
2476,2025-10-01,2025-10-07 11:16:48,2025-10-07 11:16:48,0.0,3516298,3516298,1,1,1,1,0,True
2477,2025-10-01,2025-10-07 11:44:12,2025-10-07 11:44:12,0.0,3516311,3516311,1,1,1,0,1,False
2478,2025-10-01,2025-10-07 11:49:22,2025-10-07 11:49:22,0.0,3516313,3516313,1,1,1,1,0,True
2479,2025-10-01,2025-10-07 11:51:28,2025-10-07 11:51:28,0.0,3516315,3516315,1,1,1,0,1,False
2480,2025-10-01,2025-10-07 12:08:11,2025-10-07 12:08:11,0.0,3516321,3516321,1,1,1,0,1,False
2481,2025-10-01,2025-10-07 12:11:01,2025-10-07 12:11:01,0.0,3516323,3516323,1,1,1,0,1,False
2482,2025-10-01,2025-10-07 12:32:18,2025-10-07 12:32:18,0.0,3516335,3516335,1,1,1,1,0,True
2483,2025-10-01,2025-10-07 12:36:10,2025-10-07 12:36:10,0.0,3516337,3516337,1,1,1,1,0,True
2484,2025-10-01,2025-10-07 20:03:34,2025-10-07 20:03:34,0.0,3516588,3516588,1,1,1,0,1,False
2485,2025-10-08,2025-10-10 09:25:54,2025-10-10 09:25:54,0.0,3518480,3518480,1,1,1,0,1,False
2486,2025-10-08,2025-10-12 06:22:14,2025-10-12 06:22:14,0.0,3519828,3519828,1,1,1,1,0,True
2487,2025-10-08,2025-10-12 12:56:40,2025-10-12 12:56:40,0.0,3520017,3520017,1,1,1,0,1,False
2488,2025-10-08,2025-10-12 13:11:00,2025-10-12 13:11:00,0.0,3520024,3520024,1,1,1,0,1,False
2489,2025-10-08,2025-10-12 15:02:40,2025-10-12 15:02:40,0.0,3520082,3520082,1,1,1,0,1,False
2490,2025-10-08,2025-10-14 17:13:04,2025-10-14 17:13:04,0.0,3521591,3521591,1,1,1,0,1,False
2491,2025-10-08,2025-10-14 19:18:41,2025-10-14 19:18:41,0.0,3521638,3521638,1,1,1,0,1,False
2492,2025-10-15,2025-10-16 13:12:32,2025-10-16 13:12:32,0.0,3522892,3522892,1,1,1,0,1,False
2493,2025-10-15,2025-10-17 02:48:36,2025-10-17 02:48:36,0.0,3523316,3523316,1,1,1,1,0,True
2494,2025-10-15,2025-10-17 14:26:43,2025-10-17 14:26:43,0.0,3523641,3523641,1,1,1,1,0,True
2495,2025-10-15,2025-10-17 23:16:17,2025-10-17 23:16:17,0.0,3523876,3523876,1,1,1,0,1,False
