hour,total_blocks,qubic_blocks,orphan_blocks,qubic_orphan_blocks,other_orphan_blocks,qubic_share,mean_difficulty
2025-08-01 00:00:00,30,11,0,0,0,0.36666666666666664,652755306887.0333
2025-08-01 01:00:00,29,4,0,0,0,0.13793103448275862,657470835048.9656
2025-08-01 02:00:00,28,5,0,0,0,0.17857142857142858,656546979967.5714
2025-08-01 03:00:00,31,7,0,0,0,0.22580645161290322,656546371718.4517
2025-08-01 04:00:00,25,5,0,0,0,0.2,657924513136.72
2025-08-01 05:00:00,28,3,0,0,0,0.10714285714285714,653316235483.5
2025-08-01 06:00:00,34,5,0,0,0,0.14705882352941177,652777534382.3823
2025-08-01 07:00:00,30,4,0,0,0,0.13333333333333333,656004261026.4667
2025-08-01 08:00:00,24,5,0,0,0,0.20833333333333334,652691952617.7084
2025-08-01 09:00:00,20,3,0,0,0,0.15,652870524850.0
2025-08-01 10:00:00,28,3,0,0,0,0.10714285714285714,664121897397.8928
2025-08-01 11:00:00,29,1,0,0,0,0.034482758620689655,658240833039.3448
2025-08-01 12:00:00,26,8,0,0,0,0.3076923076923077,644901775733.8462
2025-08-01 13:00:00,25,3,0,0,0,0.12,637756688550.72
2025-08-01 14:00:00,28,4,0,0,0,0.14285714285714285,637608514203.6072
2025-08-01 15:00:00,34,3,0,0,0,0.08823529411764706,629788449708.7059
2025-08-01 16:00:00,26,6,0,0,0,0.23076923076923078,629730810601.8077
2025-08-01 17:00:00,30,5,0,0,0,0.16666666666666666,625893343700.9
2025-08-01 18:00:00,29,5,0,0,0,0.1724137931034483,638031648293.9656
2025-08-01 19:00:00,28,5,0,0,0,0.17857142857142858,631477475502.3572
2025-08-01 20:00:00,28,6,1,0,1,0.21428571428571427,623233957444.0358
2025-08-01 21:00:00,24,5,0,0,0,0.20833333333333334,615339587783.0834
2025-08-01 22:00:00,34,7,0,0,0,0.20588235294117646,605023927930.2941
2025-08-01 23:00:00,34,7,0,0,0,0.20588235294117646,598827450529.2354
2025-08-02 00:00:00,31,7,1,0,1,0.22580645161290322,597788905302.9354
2025-08-02 01:00:00,34,9,0,0,0,0.2647058823529412,599547547944.7941
2025-08-02 02:00:00,37,11,0,0,0,0.2972972972972973,600806567587.3784
2025-08-02 03:00:00,22,2,0,0,0,0.09090909090909091,600560373354.5454
2025-08-02 04:00:00,32,7,0,0,0,0.21875,606499248401.8125
2025-08-02 05:00:00,44,5,0,0,0,0.11363636363636363,606082272112.9546
2025-08-02 06:00:00,43,6,0,0,0,0.13953488372093023,594838238810.907
2025-08-02 07:00:00,30,2,0,0,0,0.06666666666666667,609370443179.8
2025-08-02 08:00:00,28,6,0,0,0,0.21428571428571427,624684106300.5358
2025-08-02 09:00:00,32,3,0,0,0,0.09375,633185403940.5625
2025-08-02 10:00:00,22,5,0,0,0,0.22727272727272727,637437585228.0454
2025-08-02 11:00:00,27,4,0,0,0,0.14814814814814814,639258899937.7778
2025-08-02 12:00:00,40,10,0,0,0,0.25,642699713954.85
2025-08-02 13:00:00,38,9,0,0,0,0.23684210526315788,630189808802.8948
2025-08-02 14:00:00,26,8,0,0,0,0.3076923076923077,633342142713.0769
2025-08-02 15:00:00,30,8,0,0,0,0.26666666666666666,644361824845.1333
2025-08-02 16:00:00,27,3,0,0,0,0.1111111111111111,656397158082.3704
2025-08-02 17:00:00,40,13,0,0,0,0.325,656803872157.475
2025-08-02 18:00:00,36,7,0,0,0,0.19444444444444445,662605731483.6389
2025-08-02 19:00:00,36,9,1,0,1,0.25,660194316740.75
2025-08-02 20:00:00,37,11,0,0,0,0.2972972972972973,675034839337.4324
2025-08-02 21:00:00,26,7,0,0,0,0.2692307692307692,683082066788.8846
2025-08-02 22:00:00,36,8,0,0,0,0.2222222222222222,685045495441.5834
2025-08-02 23:00:00,33,12,0,0,0,0.36363636363636365,693879548817.8788
2025-08-03 00:00:00,29,8,0,0,0,0.27586206896551724,702117797391.8276
2025-08-03 01:00:00,25,8,0,0,0,0.32,712618717499.04
2025-08-03 02:00:00,33,5,0,0,0,0.15151515151515152,705887462200.8485
2025-08-03 03:00:00,28,9,0,0,0,0.32142857142857145,700573624196.3214
2025-08-03 04:00:00,26,4,0,0,0,0.15384615384615385,686975142407.6154
2025-08-03 05:00:00,30,5,0,0,0,0.16666666666666666,695401503987.9667
2025-08-03 06:00:00,25,7,0,0,0,0.28,698266378328.76
2025-08-03 07:00:00,25,3,0,0,0,0.12,698123529024.4
2025-08-03 08:00:00,26,6,1,0,1,0.23076923076923078,705913838766.6923
2025-08-03 09:00:00,22,4,0,0,0,0.18181818181818182,711647885734.3182
2025-08-03 10:00:00,28,3,0,0,0,0.10714285714285714,705106140991.6072
2025-08-03 11:00:00,42,9,0,0,0,0.21428571428571427,685334926124.1428
2025-08-03 12:00:00,25,3,0,0,0,0.12,674860280426.64
2025-08-03 13:00:00,33,3,0,0,0,0.09090909090909091,679747048355.7576
2025-08-03 14:00:00,33,1,0,0,0,0.030303030303030304,694580394274.7273
2025-08-03 15:00:00,34,7,0,0,0,0.20588235294117646,695265168819.0588
2025-08-03 16:00:00,30,6,0,0,0,0.2,690143979993.0
2025-08-03 17:00:00,36,8,0,0,0,0.2222222222222222,687566174332.3611
2025-08-03 18:00:00,27,5,0,0,0,0.18518518518518517,686340484299.037
2025-08-03 19:00:00,28,5,0,0,0,0.17857142857142858,683634701854.1428
2025-08-03 20:00:00,25,5,0,0,0,0.2,689394353822.68
2025-08-03 21:00:00,24,5,0,0,0,0.20833333333333334,687879009097.0834
2025-08-03 22:00:00,27,8,0,0,0,0.2962962962962963,676738592210.963
2025-08-03 23:00:00,31,6,0,0,0,0.1935483870967742,673523627145.5807
2025-08-04 00:00:00,34,6,0,0,0,0.17647058823529413,665492465214.5
2025-08-04 01:00:00,26,4,0,0,0,0.15384615384615385,665434212952.1154
2025-08-04 02:00:00,31,3,0,0,0,0.0967741935483871,663325049455.3549
2025-08-04 03:00:00,38,5,0,0,0,0.13157894736842105,665678773241.8158
2025-08-04 04:00:00,31,5,0,0,0,0.16129032258064516,665945003435.4193
2025-08-04 05:00:00,27,3,0,0,0,0.1111111111111111,669391216582.8148
2025-08-04 06:00:00,25,4,0,0,0,0.16,680274014201.28
2025-08-04 07:00:00,32,4,0,0,0,0.125,690468016393.25
2025-08-04 08:00:00,31,6,0,0,0,0.1935483870967742,692480720036.0646
2025-08-04 09:00:00,21,2,0,0,0,0.09523809523809523,685923065299.3334
2025-08-04 10:00:00,24,1,0,0,0,0.041666666666666664,680959812188.2084
2025-08-04 11:00:00,27,1,0,0,0,0.037037037037037035,676662862802.0741
2025-08-04 12:00:00,25,4,0,0,0,0.16,675813019854.24
2025-08-04 13:00:00,36,4,0,0,0,0.1111111111111111,660893326705.2778
2025-08-04 14:00:00,28,2,0,0,0,0.07142857142857142,650169454922.1786
2025-08-04 15:00:00,39,5,0,0,0,0.1282051282051282,643873826326.9231
2025-08-04 16:00:00,32,7,0,0,0,0.21875,643244912035.3438
2025-08-04 17:00:00,31,6,0,0,0,0.1935483870967742,641972424588.4517
2025-08-04 18:00:00,39,6,0,0,0,0.15384615384615385,651767180646.4872
2025-08-04 19:00:00,30,10,0,0,0,0.3333333333333333,658079908847.3334
2025-08-04 20:00:00,24,6,0,0,0,0.25,668290309557.8334
2025-08-04 21:00:00,31,5,0,0,0,0.16129032258064516,671710283605.258
2025-08-04 22:00:00,26,7,0,0,0,0.2692307692307692,671050215700.3077
2025-08-04 23:00:00,28,6,0,0,0,0.21428571428571427,667991604181.6786
2025-08-05 00:00:00,31,5,0,0,0,0.16129032258064516,665788385088.4517
2025-08-05 01:00:00,29,6,0,0,0,0.20689655172413793,660957895261.4482
2025-08-05 02:00:00,26,6,0,0,0,0.23076923076923078,660803471978.3077
2025-08-05 03:00:00,24,3,0,0,0,0.125,652671789901.625
2025-08-05 04:00:00,21,0,0,0,0,0.0,649811508845.3334
2025-08-05 05:00:00,26,1,0,0,0,0.038461538461538464,652550741770.0
2025-08-05 06:00:00,33,2,0,0,0,0.06060606060606061,652331286304.1818
2025-08-05 07:00:00,33,7,0,0,0,0.21212121212121213,637788995633.2424
2025-08-05 08:00:00,37,10,0,0,0,0.2702702702702703,634176984981.973
2025-08-05 09:00:00,28,0,0,0,0,0.0,644439123722.5714
2025-08-05 10:00:00,22,0,0,0,0,0.0,651823066796.4546
2025-08-05 11:00:00,29,2,0,0,0,0.06896551724137931,659351089005.0
2025-08-05 12:00:00,21,2,0,0,0,0.09523809523809523,657992331711.0476
2025-08-05 13:00:00,36,4,0,0,0,0.1111111111111111,648025147330.3055
2025-08-05 14:00:00,24,1,0,0,0,0.041666666666666664,637961023231.8334
2025-08-05 15:00:00,29,5,0,0,0,0.1724137931034483,628132472953.2413
2025-08-05 16:00:00,36,8,0,0,0,0.2222222222222222,626723622825.4445
2025-08-05 17:00:00,34,2,0,0,0,0.058823529411764705,618299402531.7941
2025-08-05 18:00:00,21,2,0,0,0,0.09523809523809523,612797172106.1904
2025-08-05 19:00:00,40,8,0,0,0,0.2,616272314902.275
2025-08-05 20:00:00,27,6,0,0,0,0.2222222222222222,617918180111.5555
2025-08-05 21:00:00,34,12,1,0,1,0.35294117647058826,614605157917.6177
2025-08-05 22:00:00,25,2,0,0,0,0.08,617029763567.8
2025-08-05 23:00:00,28,0,0,0,0,0.0,614741063431.75
2025-08-06 00:00:00,28,4,0,0,0,0.14285714285714285,617609153804.3214
2025-08-06 01:00:00,26,1,0,0,0,0.038461538461538464,613751935802.4615
2025-08-06 02:00:00,39,8,0,0,0,0.20512820512820512,608908447999.5128
2025-08-06 03:00:00,31,4,0,0,0,0.12903225806451613,616697299358.0
2025-08-06 04:00:00,28,2,0,0,0,0.07142857142857142,619406621323.9642
2025-08-06 05:00:00,19,0,0,0,0,0.0,623673282596.1052
2025-08-06 06:00:00,22,0,0,0,0,0.0,620668457305.909
2025-08-06 07:00:00,27,0,0,0,0,0.0,619483706335.4445
2025-08-06 08:00:00,23,0,0,0,0,0.0,610458276599.0
2025-08-06 09:00:00,27,0,0,0,0,0.0,597514188446.1482
2025-08-06 10:00:00,34,0,0,0,0,0.0,594050354863.2354
2025-08-06 11:00:00,25,0,0,0,0,0.0,592721186096.04
2025-08-06 12:00:00,31,0,0,0,0,0.0,591991979002.5807
2025-08-06 13:00:00,34,0,0,0,0,0.0,587755595032.2354
2025-08-06 14:00:00,29,4,0,0,0,0.13793103448275862,585331492738.0344
2025-08-06 15:00:00,28,4,0,0,0,0.14285714285714285,583570392097.9286
2025-08-06 16:00:00,31,2,0,0,0,0.06451612903225806,581414595546.5483
2025-08-06 17:00:00,35,5,0,0,0,0.14285714285714285,581125967610.2285
2025-08-06 18:00:00,38,7,0,0,0,0.18421052631578946,579868052973.8422
2025-08-06 19:00:00,41,8,2,0,2,0.1951219512195122,573158392357.439
2025-08-06 20:00:00,34,2,1,0,1,0.058823529411764705,579437483038.6765
2025-08-06 21:00:00,29,4,1,0,1,0.13793103448275862,582788009443.2759
2025-08-06 22:00:00,37,0,0,0,0,0.0,593101384034.5946
2025-08-06 23:00:00,25,1,0,0,0,0.04,593335691625.8
2025-08-07 00:00:00,33,10,0,0,0,0.30303030303030304,595037916949.6061
2025-08-07 01:00:00,39,6,0,0,0,0.15384615384615385,593831061917.359
2025-08-07 02:00:00,31,7,0,0,0,0.22580645161290322,589292433112.5483
2025-08-07 03:00:00,34,3,0,0,0,0.08823529411764706,597173525376.2354
2025-08-07 04:00:00,29,2,0,0,0,0.06896551724137931,614114100681.7931
2025-08-07 05:00:00,33,2,0,0,0,0.06060606060606061,620386357491.3939
2025-08-07 06:00:00,29,5,0,0,0,0.1724137931034483,629188133009.2413
2025-08-07 07:00:00,34,8,0,0,0,0.23529411764705882,633520948634.2646
2025-08-07 08:00:00,37,6,0,0,0,0.16216216216216217,640831204165.1082
2025-08-07 09:00:00,33,6,1,0,1,0.18181818181818182,643233372915.4849
2025-08-07 10:00:00,30,4,0,0,0,0.13333333333333333,644351859283.5
2025-08-07 11:00:00,32,1,0,0,0,0.03125,651012247150.125
2025-08-07 12:00:00,29,5,0,0,0,0.1724137931034483,658760930508.5862
2025-08-07 13:00:00,34,13,0,0,0,0.38235294117647056,664648489517.0294
2025-08-07 14:00:00,22,9,0,0,0,0.4090909090909091,667785720314.0
2025-08-07 15:00:00,32,13,0,0,0,0.40625,664319624652.25
2025-08-07 16:00:00,38,10,0,0,0,0.2631578947368421,666492278965.8948
2025-08-07 17:00:00,34,4,0,0,0,0.11764705882352941,655768906120.5883
2025-08-07 18:00:00,35,6,0,0,0,0.17142857142857143,667235901555.9143
2025-08-07 19:00:00,17,3,1,0,1,0.17647058823529413,670183375827.8235
2025-08-07 20:00:00,41,12,0,0,0,0.2926829268292683,670515994922.9269
2025-08-07 21:00:00,38,13,0,0,0,0.34210526315789475,678869079279.1316
2025-08-07 22:00:00,32,9,0,0,0,0.28125,676217884141.6875
2025-08-07 23:00:00,37,15,0,0,0,0.40540540540540543,687131810114.2433
2025-08-08 00:00:00,33,11,0,0,0,0.3333333333333333,695751570928.2727
2025-08-08 01:00:00,26,8,0,0,0,0.3076923076923077,700894612212.3462
2025-08-08 02:00:00,28,9,0,0,0,0.32142857142857145,706425891872.7858
2025-08-08 03:00:00,34,9,0,0,0,0.2647058823529412,712393698713.8529
2025-08-08 04:00:00,33,11,0,0,0,0.3333333333333333,718397388854.091
2025-08-08 05:00:00,32,14,0,0,0,0.4375,712911017088.6562
2025-08-08 06:00:00,29,11,0,0,0,0.3793103448275862,714944715993.2759
2025-08-08 07:00:00,37,15,0,0,0,0.40540540540540543,721150381244.0
2025-08-08 08:00:00,31,13,0,0,0,0.41935483870967744,727462890819.3871
2025-08-08 09:00:00,22,4,1,0,1,0.18181818181818182,722748705074.5
2025-08-08 10:00:00,26,2,1,0,1,0.07692307692307693,729939441477.4231
2025-08-08 11:00:00,30,4,0,0,0,0.13333333333333333,736334572771.9333
2025-08-08 12:00:00,33,7,0,0,0,0.21212121212121213,736820090613.1212
2025-08-08 13:00:00,23,2,0,0,0,0.08695652173913043,731846800414.3043
2025-08-08 14:00:00,17,1,0,0,0,0.058823529411764705,727864005236.0588
2025-08-08 15:00:00,22,3,0,0,0,0.13636363636363635,727895863447.7273
2025-08-08 16:00:00,33,3,0,0,0,0.09090909090909091,731486989919.8485
2025-08-08 17:00:00,20,3,0,0,0,0.15,715051168631.2
2025-08-08 18:00:00,27,7,0,0,0,0.25925925925925924,708921933327.0
2025-08-08 19:00:00,25,6,0,0,0,0.24,708978886356.92
2025-08-08 20:00:00,26,6,0,0,0,0.23076923076923078,698457719487.2693
2025-08-08 21:00:00,25,4,0,0,0,0.16,688513090268.88
2025-08-08 22:00:00,24,5,0,0,0,0.20833333333333334,687748042286.7916
2025-08-08 23:00:00,30,12,0,0,0,0.4,672795364724.4667
2025-08-09 00:00:00,23,8,0,0,0,0.34782608695652173,661689157361.7391
2025-08-09 01:00:00,26,4,0,0,0,0.15384615384615385,658623403156.6154
2025-08-09 02:00:00,22,6,0,0,0,0.2727272727272727,653711757031.091
2025-08-09 03:00:00,32,9,0,0,0,0.28125,651226225355.1562
2025-08-09 04:00:00,40,10,0,0,0,0.25,640153334213.75
2025-08-09 05:00:00,35,7,0,0,0,0.2,626754036551.3143
2025-08-09 06:00:00,30,6,0,0,0,0.2,623537042459.5
2025-08-09 07:00:00,39,8,0,0,0,0.20512820512820512,630790845867.5385
2025-08-09 08:00:00,28,6,0,0,0,0.21428571428571427,624020951433.5714
2025-08-09 09:00:00,25,3,0,0,0,0.12,618976476878.68
2025-08-09 10:00:00,32,9,0,0,0,0.28125,628677788168.75
2025-08-09 11:00:00,25,4,0,0,0,0.16,626486514620.92
2025-08-09 12:00:00,39,11,0,0,0,0.28205128205128205,617386845519.7179
2025-08-09 13:00:00,38,14,0,0,0,0.3684210526315789,614915436940.421
2025-08-09 14:00:00,42,17,0,0,0,0.40476190476190477,623504248121.9762
2025-08-09 15:00:00,29,11,0,0,0,0.3793103448275862,628275305547.9656
2025-08-09 16:00:00,38,8,0,0,0,0.21052631578947367,640828598441.3422
2025-08-09 17:00:00,32,9,1,0,1,0.28125,648788443363.4062
2025-08-09 18:00:00,36,14,5,0,5,0.3888888888888889,659623394614.4166
2025-08-09 19:00:00,35,6,1,0,1,0.17142857142857143,668733451960.9143
2025-08-09 20:00:00,35,8,3,0,3,0.22857142857142856,673295953303.4572
2025-08-09 21:00:00,41,17,0,0,0,0.4146341463414634,682098222640.5853
2025-08-09 22:00:00,34,15,0,0,0,0.4411764705882353,697324300485.9412
2025-08-09 23:00:00,30,14,0,0,0,0.4666666666666667,706588397162.0667
2025-08-10 00:00:00,26,11,0,0,0,0.4230769230769231,718025159533.5769
2025-08-10 01:00:00,31,13,0,0,0,0.41935483870967744,714325608640.6451
2025-08-10 02:00:00,35,12,0,0,0,0.34285714285714286,715002675636.5428
2025-08-10 03:00:00,38,16,0,0,0,0.42105263157894735,711290440335.0264
2025-08-10 04:00:00,24,10,0,0,0,0.4166666666666667,712640437933.0416
2025-08-10 05:00:00,29,11,0,0,0,0.3793103448275862,725134611127.1034
2025-08-10 06:00:00,27,7,0,0,0,0.25925925925925924,742781620179.2963
2025-08-10 07:00:00,26,10,0,0,0,0.38461538461538464,744746303878.9231
2025-08-10 08:00:00,28,11,0,0,0,0.39285714285714285,738832622569.1786
2025-08-10 09:00:00,36,14,0,0,0,0.3888888888888889,747158655301.1111
2025-08-10 10:00:00,31,9,1,0,1,0.2903225806451613,739463187724.2258
2025-08-10 11:00:00,27,7,0,0,0,0.25925925925925924,735817919632.6296
2025-08-10 12:00:00,29,6,0,0,0,0.20689655172413793,736534986368.862
2025-08-10 13:00:00,19,6,0,0,0,0.3157894736842105,738500340368.8422
2025-08-10 14:00:00,19,2,0,0,0,0.10526315789473684,736216903213.2106
2025-08-10 15:00:00,26,7,1,0,1,0.2692307692307692,732317774517.6538
2025-08-10 16:00:00,24,2,0,0,0,0.08333333333333333,730818441894.2084
2025-08-10 17:00:00,24,6,0,0,0,0.25,722845591189.7916
2025-08-10 18:00:00,23,8,0,0,0,0.34782608695652173,706187382639.6957
2025-08-10 19:00:00,31,8,0,0,0,0.25806451612903225,699559409465.3549
2025-08-10 20:00:00,21,4,0,0,0,0.19047619047619047,696920556495.0952
2025-08-10 21:00:00,22,4,0,0,0,0.18181818181818182,690579170634.8636
2025-08-10 22:00:00,32,1,0,0,0,0.03125,675140090706.625
2025-08-10 23:00:00,31,6,0,0,0,0.1935483870967742,664961962243.7097
2025-08-11 00:00:00,29,5,0,0,0,0.1724137931034483,650260154025.4482
2025-08-11 01:00:00,25,4,0,0,0,0.16,656013558925.08
2025-08-11 02:00:00,35,4,1,1,0,0.11428571428571428,650162072327.3715
2025-08-11 03:00:00,35,7,0,0,0,0.2,646425192736.8572
2025-08-11 04:00:00,33,12,0,0,0,0.36363636363636365,634330681305.697
2025-08-11 05:00:00,34,6,0,0,0,0.17647058823529413,635850939168.0883
2025-08-11 06:00:00,31,3,0,0,0,0.0967741935483871,638545233061.0
2025-08-11 07:00:00,34,6,0,0,0,0.17647058823529413,640541423652.2354
2025-08-11 08:00:00,32,3,0,0,0,0.09375,642890438195.4062
2025-08-11 09:00:00,36,8,0,0,0,0.2222222222222222,634871172957.3611
2025-08-11 10:00:00,28,4,0,0,0,0.14285714285714285,632072699218.0358
2025-08-11 11:00:00,38,5,0,0,0,0.13157894736842105,632377953674.1316
2025-08-11 12:00:00,42,12,3,1,2,0.2857142857142857,636814391068.8572
2025-08-11 13:00:00,28,6,2,0,2,0.21428571428571427,651189111984.8572
2025-08-11 14:00:00,21,8,4,1,3,0.38095238095238093,659614505951.3334
2025-08-11 15:00:00,24,5,4,1,3,0.20833333333333334,669249393630.5416
2025-08-11 16:00:00,37,11,4,4,0,0.2972972972972973,670327130271.8379
2025-08-11 17:00:00,45,16,7,3,4,0.35555555555555557,660257801944.7778
2025-08-11 18:00:00,33,9,5,1,4,0.2727272727272727,646983040665.7273
2025-08-11 19:00:00,28,8,3,1,2,0.2857142857142857,664218422857.2858
2025-08-11 20:00:00,31,11,7,3,4,0.3548387096774194,674965221843.258
2025-08-11 21:00:00,26,9,4,0,4,0.34615384615384615,671532827956.0
2025-08-11 22:00:00,23,12,8,1,7,0.5217391304347826,670442050977.7826
2025-08-11 23:00:00,36,19,12,5,7,0.5277777777777778,670506290621.4166
2025-08-12 00:00:00,29,11,6,0,6,0.3793103448275862,659297235120.7931
2025-08-12 01:00:00,41,18,9,1,8,0.43902439024390244,650223629231.5366
2025-08-12 02:00:00,31,16,8,1,7,0.5161290322580645,631114934531.2258
2025-08-12 03:00:00,27,11,6,0,6,0.4074074074074074,625385211657.6666
2025-08-12 04:00:00,39,10,6,1,5,0.2564102564102564,619422395193.7435
2025-08-12 05:00:00,33,7,5,2,3,0.21212121212121213,611288530544.2424
2025-08-12 06:00:00,46,20,9,0,9,0.43478260869565216,600092976840.4131
2025-08-12 07:00:00,41,10,1,1,0,0.24390243902439024,596332720871.5366
2025-08-12 08:00:00,41,16,0,0,0,0.3902439024390244,591572458868.0488
2025-08-12 09:00:00,46,14,0,0,0,0.30434782608695654,595259257261.2826
2025-08-12 10:00:00,29,9,0,0,0,0.3103448275862069,599411358546.2069
2025-08-12 11:00:00,36,11,1,1,0,0.3055555555555556,600708995004.3334
2025-08-12 12:00:00,34,6,0,0,0,0.17647058823529413,601568314743.4412
2025-08-12 13:00:00,32,4,0,0,0,0.125,609324525807.1875
2025-08-12 14:00:00,25,3,0,0,0,0.12,629065681473.28
2025-08-12 15:00:00,30,6,1,0,1,0.2,628279552820.4333
2025-08-12 16:00:00,30,6,0,0,0,0.2,620121224378.7
2025-08-12 17:00:00,19,3,0,0,0,0.15789473684210525,610191065585.421
2025-08-12 18:00:00,37,8,0,0,0,0.21621621621621623,612479675396.973
2025-08-12 19:00:00,35,7,0,0,0,0.2,614590509772.1143
2025-08-12 20:00:00,38,9,0,0,0,0.23684210526315788,626660323669.5264
2025-08-12 21:00:00,29,4,0,0,0,0.13793103448275862,644912256153.8276
2025-08-12 22:00:00,24,4,0,0,0,0.16666666666666666,651177105799.375
2025-08-12 23:00:00,30,5,0,0,0,0.16666666666666666,654292640341.3
2025-08-13 00:00:00,33,10,0,0,0,0.30303030303030304,669046463003.2122
2025-08-13 01:00:00,33,6,0,0,0,0.18181818181818182,667298306209.9395
2025-08-13 02:00:00,29,4,0,0,0,0.13793103448275862,673921885093.6552
2025-08-13 03:00:00,26,3,0,0,0,0.11538461538461539,673373078985.9231
2025-08-13 04:00:00,39,8,0,0,0,0.20512820512820512,667134319190.6666
2025-08-13 05:00:00,26,5,0,0,0,0.19230769230769232,661734276447.0
2025-08-13 06:00:00,29,4,0,0,0,0.13793103448275862,657356779626.1034
2025-08-13 07:00:00,30,6,0,0,0,0.2,655588054909.2333
2025-08-13 08:00:00,41,6,0,0,0,0.14634146341463414,652407056528.7317
2025-08-13 09:00:00,28,3,0,0,0,0.10714285714285714,649306101092.4286
2025-08-13 10:00:00,21,5,0,0,0,0.23809523809523808,647774482097.6666
2025-08-13 11:00:00,27,6,0,0,0,0.2222222222222222,657176565458.3334
2025-08-13 12:00:00,30,3,0,0,0,0.1,659203882484.9333
2025-08-13 13:00:00,22,1,0,0,0,0.045454545454545456,654521719167.6818
2025-08-13 14:00:00,34,7,0,0,0,0.20588235294117646,652338320158.0588
2025-08-13 15:00:00,36,5,0,0,0,0.1388888888888889,656154719381.5278
2025-08-13 16:00:00,31,8,0,0,0,0.25806451612903225,656282194196.6451
2025-08-13 17:00:00,22,2,1,0,1,0.09090909090909091,656122086522.091
2025-08-13 18:00:00,28,5,0,0,0,0.17857142857142858,656632534808.5358
2025-08-13 19:00:00,30,5,0,0,0,0.16666666666666666,657378926772.7
2025-08-13 20:00:00,34,9,0,0,0,0.2647058823529412,650013271573.2646
2025-08-13 21:00:00,29,9,0,0,0,0.3103448275862069,650130981892.8276
2025-08-13 22:00:00,23,8,0,0,0,0.34782608695652173,652363667665.3043
2025-08-13 23:00:00,31,4,0,0,0,0.12903225806451613,648886680070.3549
2025-08-14 00:00:00,23,6,0,0,0,0.2608695652173913,653605744190.5652
2025-08-14 01:00:00,33,5,0,0,0,0.15151515151515152,643418639977.5758
2025-08-14 02:00:00,30,3,1,1,0,0.1,641505108633.1666
2025-08-14 03:00:00,31,6,0,0,0,0.1935483870967742,633453186753.0646
2025-08-14 04:00:00,35,5,1,1,0,0.14285714285714285,626946995617.6571
2025-08-14 05:00:00,18,6,0,0,0,0.3333333333333333,630592665424.1666
2025-08-14 06:00:00,32,7,0,0,0,0.21875,633766070663.75
2025-08-14 07:00:00,38,7,0,0,0,0.18421052631578946,628596521479.3422
2025-08-14 08:00:00,26,5,0,0,0,0.19230769230769232,610029744909.4231
2025-08-14 09:00:00,23,3,0,0,0,0.13043478260869565,614834553460.9131
2025-08-14 10:00:00,24,3,0,0,0,0.125,626947908783.25
2025-08-14 11:00:00,34,6,1,1,0,0.17647058823529413,630805411104.5
2025-08-14 12:00:00,36,12,1,1,0,0.3333333333333333,621769540161.3889
2025-08-14 13:00:00,40,8,1,1,0,0.2,617963086775.925
2025-08-14 14:00:00,40,13,9,9,0,0.325,614656636393.85
2025-08-14 15:00:00,33,15,7,7,0,0.45454545454545453,615659441080.4242
2025-08-14 16:00:00,47,17,4,4,0,0.3617021276595745,623456302522.234
2025-08-14 17:00:00,34,14,2,2,0,0.4117647058823529,627230265633.0294
2025-08-14 18:00:00,37,15,0,0,0,0.40540540540540543,627362364388.7028
2025-08-14 19:00:00,45,24,0,0,0,0.5333333333333333,630968502541.8
2025-08-14 20:00:00,40,16,0,0,0,0.4,643416812746.875
2025-08-14 21:00:00,42,14,1,0,1,0.3333333333333333,661197429264.5476
2025-08-14 22:00:00,35,19,0,0,0,0.5428571428571428,674421780757.4286
2025-08-14 23:00:00,33,16,2,2,0,0.48484848484848486,687489295066.303
2025-08-15 00:00:00,31,15,1,1,0,0.4838709677419355,695564018533.6129
2025-08-15 01:00:00,34,15,1,1,0,0.4411764705882353,703116196158.1471
2025-08-15 02:00:00,33,13,1,1,0,0.3939393939393939,719399576883.2122
2025-08-15 03:00:00,29,12,0,0,0,0.41379310344827586,715657716356.862
2025-08-15 04:00:00,29,11,0,0,0,0.3793103448275862,723203752974.069
2025-08-15 05:00:00,31,14,0,0,0,0.45161290322580644,736350399061.8064
2025-08-15 06:00:00,34,14,1,1,0,0.4117647058823529,755638378918.0883
2025-08-15 07:00:00,32,13,1,1,0,0.40625,760222709425.5
2025-08-15 08:00:00,31,18,0,0,0,0.5806451612903226,762228602654.8387
2025-08-15 09:00:00,32,14,0,0,0,0.4375,765934705673.4062
2025-08-15 10:00:00,46,21,1,0,1,0.45652173913043476,769916770315.826
2025-08-15 11:00:00,31,15,0,0,0,0.4838709677419355,787148197139.871
2025-08-15 12:00:00,14,4,0,0,0,0.2857142857142857,791879490552.7858
2025-08-15 13:00:00,23,6,0,0,0,0.2608695652173913,798026975488.5217
2025-08-15 14:00:00,29,7,0,0,0,0.2413793103448276,806249665701.9656
2025-08-15 15:00:00,22,4,0,0,0,0.18181818181818182,806097465282.6364
2025-08-15 16:00:00,21,0,0,0,0,0.0,789351164477.3334
2025-08-15 17:00:00,18,0,0,0,0,0.0,774692443849.0
2025-08-15 18:00:00,22,0,0,0,0,0.0,770024948445.0
2025-08-15 19:00:00,15,3,0,0,0,0.2,766756540780.0
2025-08-15 20:00:00,31,12,0,0,0,0.3870967741935484,744880453978.2903
2025-08-15 21:00:00,27,8,0,0,0,0.2962962962962963,725038666975.7037
2025-08-15 22:00:00,27,6,0,0,0,0.2222222222222222,704416799658.037
2025-08-15 23:00:00,27,5,0,0,0,0.18518518518518517,701648527675.8518
2025-08-16 00:00:00,21,5,0,0,0,0.23809523809523808,701358911351.9048
2025-08-16 01:00:00,25,7,0,0,0,0.28,697069207775.88
2025-08-16 02:00:00,26,9,1,1,0,0.34615384615384615,694004084493.9615
2025-08-16 03:00:00,26,6,0,0,0,0.23076923076923078,681239070450.4615
2025-08-16 04:00:00,30,8,1,1,0,0.26666666666666666,673764004439.9333
2025-08-16 05:00:00,29,8,0,0,0,0.27586206896551724,664585549333.7587
2025-08-16 06:00:00,33,7,2,1,1,0.21212121212121213,659552132338.7576
2025-08-16 07:00:00,34,8,1,1,0,0.23529411764705882,654726252205.2059
2025-08-16 08:00:00,30,8,0,0,0,0.26666666666666666,645666040907.0667
2025-08-16 09:00:00,27,7,0,0,0,0.25925925925925924,641307020764.963
2025-08-16 10:00:00,24,8,0,0,0,0.3333333333333333,639040351280.6666
2025-08-16 11:00:00,27,4,0,0,0,0.14814814814814814,634324031967.4073
2025-08-16 12:00:00,52,23,1,1,0,0.4423076923076923,613545222980.3077
2025-08-16 13:00:00,39,11,0,0,0,0.28205128205128205,598734708276.9744
2025-08-16 14:00:00,33,7,1,1,0,0.21212121212121213,610007679143.0
2025-08-16 15:00:00,27,9,1,1,0,0.3333333333333333,616401245867.4445
2025-08-16 16:00:00,25,11,2,0,2,0.44,622573566797.16
2025-08-16 17:00:00,33,11,4,2,2,0.3333333333333333,632073134455.5151
2025-08-16 18:00:00,27,9,4,4,0,0.3333333333333333,632347472396.6666
2025-08-16 19:00:00,25,4,0,0,0,0.16,642635677632.08
2025-08-16 20:00:00,32,10,0,0,0,0.3125,628339891430.5312
2025-08-16 21:00:00,36,12,0,0,0,0.3333333333333333,622497539395.8889
2025-08-16 22:00:00,43,20,1,1,0,0.46511627906976744,616908820720.6511
2025-08-16 23:00:00,30,11,8,1,7,0.36666666666666664,621925958710.2333
2025-08-17 00:00:00,33,14,3,1,2,0.42424242424242425,636481868648.5454
2025-08-17 01:00:00,25,7,0,0,0,0.28,643162146202.4
2025-08-17 02:00:00,24,8,0,0,0,0.3333333333333333,645992281758.9584
2025-08-17 03:00:00,44,14,0,0,0,0.3181818181818182,640654934081.0
2025-08-17 04:00:00,31,9,0,0,0,0.2903225806451613,633080714683.2903
2025-08-17 05:00:00,33,8,1,1,0,0.24242424242424243,632763077080.6666
2025-08-17 06:00:00,31,8,9,0,9,0.25806451612903225,637464091201.5807
2025-08-17 07:00:00,36,12,0,0,0,0.3333333333333333,639651233834.8334
2025-08-17 08:00:00,40,18,1,1,0,0.45,645987622853.525
2025-08-17 09:00:00,34,12,0,0,0,0.35294117647058826,648994407443.3529
2025-08-17 10:00:00,25,8,1,1,0,0.32,639639011062.6
2025-08-17 11:00:00,28,10,0,0,0,0.35714285714285715,636596962653.8572
2025-08-17 12:00:00,29,7,0,0,0,0.2413793103448276,635090614482.1724
2025-08-17 13:00:00,36,8,0,0,0,0.2222222222222222,632622987770.7222
2025-08-17 14:00:00,37,5,0,0,0,0.13513513513513514,638163951157.4324
2025-08-17 15:00:00,25,7,2,2,0,0.28,646352647617.44
2025-08-17 16:00:00,30,5,0,0,0,0.16666666666666666,654898727650.0333
2025-08-17 17:00:00,27,4,0,0,0,0.14814814814814814,670662661494.963
2025-08-17 18:00:00,29,4,0,0,0,0.13793103448275862,669140888675.6552
2025-08-17 19:00:00,39,9,1,1,0,0.23076923076923078,660831894597.1025
2025-08-17 20:00:00,21,4,0,0,0,0.19047619047619047,651500364236.0476
2025-08-17 21:00:00,29,2,0,0,0,0.06896551724137931,648963344213.8966
2025-08-17 22:00:00,27,3,0,0,0,0.1111111111111111,658504342175.5555
2025-08-17 23:00:00,31,7,1,1,0,0.22580645161290322,652586088695.4193
2025-08-18 00:00:00,33,5,0,0,0,0.15151515151515152,663480325701.0
2025-08-18 01:00:00,26,6,0,0,0,0.23076923076923078,659385547388.8462
2025-08-18 02:00:00,24,3,0,0,0,0.125,649833214223.9166
2025-08-18 03:00:00,35,8,0,0,0,0.22857142857142856,653060124849.4
2025-08-18 04:00:00,43,13,1,0,1,0.3023255813953488,648131071651.8372
2025-08-18 05:00:00,26,6,0,0,0,0.23076923076923078,647963542941.3462
2025-08-18 06:00:00,30,4,0,0,0,0.13333333333333333,648195367106.2333
2025-08-18 07:00:00,20,2,0,0,0,0.1,650270951878.15
2025-08-18 08:00:00,33,8,0,0,0,0.24242424242424243,648248026161.0605
2025-08-18 09:00:00,31,11,0,0,0,0.3548387096774194,647285815868.4839
2025-08-18 10:00:00,24,5,1,1,0,0.20833333333333334,645697295834.1666
2025-08-18 11:00:00,33,5,2,2,0,0.15151515151515152,647013994100.1515
2025-08-18 12:00:00,35,6,1,0,1,0.17142857142857143,641305101209.1428
2025-08-18 13:00:00,35,12,0,0,0,0.34285714285714286,633013937511.8286
2025-08-18 14:00:00,32,8,0,0,0,0.25,634940446110.7188
2025-08-18 15:00:00,38,17,3,2,1,0.4473684210526316,642911714087.5264
2025-08-18 16:00:00,39,8,0,0,0,0.20512820512820512,649159586543.0
2025-08-18 17:00:00,26,9,0,0,0,0.34615384615384615,652435503875.6154
2025-08-18 18:00:00,29,7,0,0,0,0.2413793103448276,652627464050.3103
2025-08-18 19:00:00,28,8,2,2,0,0.2857142857142857,664757264353.6428
2025-08-18 20:00:00,28,10,0,0,0,0.35714285714285715,661877436820.1786
2025-08-18 21:00:00,23,8,0,0,0,0.34782608695652173,661061536175.5217
2025-08-18 22:00:00,18,7,0,0,0,0.3888888888888889,656825395192.2778
2025-08-18 23:00:00,34,6,1,1,0,0.17647058823529413,653239214049.7941
2025-08-19 00:00:00,25,7,1,0,1,0.28,649817902552.08
2025-08-19 01:00:00,32,7,1,1,0,0.21875,643962550845.3438
2025-08-19 02:00:00,31,12,1,1,0,0.3870967741935484,644567690928.0646
2025-08-19 03:00:00,33,13,1,1,0,0.3939393939393939,634695474129.9395
2025-08-19 04:00:00,41,16,2,2,0,0.3902439024390244,628890840309.8292
2025-08-19 05:00:00,32,14,0,0,0,0.4375,632817156208.375
2025-08-19 06:00:00,25,11,0,0,0,0.44,639832254157.68
2025-08-19 07:00:00,39,9,0,0,0,0.23076923076923078,643012068447.641
2025-08-19 08:00:00,25,11,0,0,0,0.44,646935106467.96
2025-08-19 09:00:00,32,17,0,0,0,0.53125,648689680680.0938
2025-08-19 10:00:00,30,12,0,0,0,0.4,652713754148.4
2025-08-19 11:00:00,41,10,0,0,0,0.24390243902439024,644193328478.5122
2025-08-19 12:00:00,37,10,0,0,0,0.2702702702702703,640944534461.8108
2025-08-19 13:00:00,28,2,0,0,0,0.07142857142857142,642052308523.3214
2025-08-19 14:00:00,27,5,0,0,0,0.18518518518518517,649989175550.2593
2025-08-19 15:00:00,28,5,0,0,0,0.17857142857142858,648464076215.75
2025-08-19 16:00:00,26,9,0,0,0,0.34615384615384615,648977618713.5769
2025-08-19 17:00:00,24,4,1,1,0,0.16666666666666666,648402093510.7084
2025-08-19 18:00:00,32,11,1,1,0,0.34375,652403552644.1562
2025-08-19 19:00:00,40,7,0,0,0,0.175,649977390306.475
2025-08-19 20:00:00,20,6,0,0,0,0.3,648649089681.45
2025-08-19 21:00:00,34,10,0,0,0,0.29411764705882354,656127927235.4706
2025-08-19 22:00:00,31,6,0,0,0,0.1935483870967742,665941535295.0646
2025-08-19 23:00:00,30,9,0,0,0,0.3,663371738730.3667
2025-08-20 00:00:00,22,4,0,0,0,0.18181818181818182,663029795542.909
2025-08-20 01:00:00,32,6,0,0,0,0.1875,664324847718.0625
2025-08-20 02:00:00,32,7,0,0,0,0.21875,664943571808.375
2025-08-20 03:00:00,22,5,0,0,0,0.22727272727272727,652264712519.6364
2025-08-20 04:00:00,36,10,0,0,0,0.2777777777777778,652465301250.6945
2025-08-20 05:00:00,35,6,0,0,0,0.17142857142857143,658483276472.3429
2025-08-20 06:00:00,28,10,0,0,0,0.35714285714285715,648435912243.5358
2025-08-20 07:00:00,33,3,0,0,0,0.09090909090909091,657435200106.2122
2025-08-20 08:00:00,24,8,0,0,0,0.3333333333333333,659722888382.4584
2025-08-20 09:00:00,23,4,0,0,0,0.17391304347826086,654132787294.0
2025-08-20 10:00:00,34,7,0,0,0,0.20588235294117646,649207653123.4706
2025-08-20 11:00:00,39,4,1,0,1,0.10256410256410256,636138175388.9231
2025-08-20 12:00:00,37,7,0,0,0,0.1891891891891892,634351982561.6757
2025-08-20 13:00:00,34,6,0,0,0,0.17647058823529413,644064660932.4706
2025-08-20 14:00:00,33,6,1,0,1,0.18181818181818182,649234873002.2424
2025-08-20 15:00:00,36,6,1,0,1,0.16666666666666666,664210425420.3055
2025-08-20 16:00:00,26,8,0,0,0,0.3076923076923077,672541207464.8462
2025-08-20 17:00:00,28,5,1,1,0,0.17857142857142858,672096678461.6786
2025-08-20 18:00:00,30,7,0,0,0,0.23333333333333334,668256190692.4333
2025-08-20 19:00:00,28,3,0,0,0,0.10714285714285714,670810798262.7142
2025-08-20 20:00:00,26,5,0,0,0,0.19230769230769232,669063082584.0769
2025-08-20 21:00:00,24,4,0,0,0,0.16666666666666666,666031840292.0
2025-08-20 22:00:00,30,3,0,0,0,0.1,662165886217.3334
2025-08-20 23:00:00,32,14,1,1,0,0.4375,669750793855.9688
2025-08-21 00:00:00,25,7,0,0,0,0.28,661209906503.12
2025-08-21 01:00:00,28,8,0,0,0,0.2857142857142857,657207976600.5714
2025-08-21 02:00:00,28,4,0,0,0,0.14285714285714285,664434859745.8214
2025-08-21 03:00:00,24,6,1,1,0,0.25,660092065026.0834
2025-08-21 04:00:00,19,4,0,0,0,0.21052631578947367,653254002252.9474
2025-08-21 05:00:00,31,8,0,0,0,0.25806451612903225,653519451718.0646
2025-08-21 06:00:00,29,5,0,0,0,0.1724137931034483,646018105908.8276
2025-08-21 07:00:00,28,6,1,0,1,0.21428571428571427,636275415822.6072
2025-08-21 08:00:00,32,9,0,0,0,0.28125,637225705215.5312
2025-08-21 09:00:00,27,2,0,0,0,0.07407407407407407,639339638237.5186
2025-08-21 10:00:00,22,5,0,0,0,0.22727272727272727,634173756000.6818
2025-08-21 11:00:00,26,1,0,0,0,0.038461538461538464,625798717591.9615
2025-08-21 12:00:00,35,11,1,1,0,0.3142857142857143,623994530966.7715
2025-08-21 13:00:00,39,7,0,0,0,0.1794871794871795,610025920780.8718
2025-08-21 14:00:00,42,15,2,0,2,0.35714285714285715,598425777544.5952
2025-08-21 15:00:00,37,12,6,0,6,0.32432432432432434,600650173334.5676
2025-08-21 16:00:00,41,12,7,1,6,0.2926829268292683,609243078008.5122
2025-08-21 17:00:00,27,10,3,0,3,0.37037037037037035,611084838859.6666
2025-08-21 18:00:00,34,11,8,0,8,0.3235294117647059,610951912929.8823
2025-08-21 19:00:00,29,8,4,3,1,0.27586206896551724,616566559525.2069
2025-08-21 20:00:00,41,14,5,3,2,0.34146341463414637,612954392289.2927
2025-08-21 21:00:00,32,15,6,0,6,0.46875,609658197422.0312
2025-08-21 22:00:00,31,10,2,1,1,0.3225806451612903,602375414523.9678
2025-08-21 23:00:00,35,9,4,1,3,0.2571428571428571,606507417280.4286
2025-08-22 00:00:00,27,11,3,1,2,0.4074074074074074,601236218555.5186
2025-08-22 01:00:00,31,7,0,0,0,0.22580645161290322,600597125252.7097
2025-08-22 02:00:00,36,11,0,0,0,0.3055555555555556,604302809633.0834
2025-08-22 03:00:00,31,12,3,1,2,0.3870967741935484,609690972461.9354
2025-08-22 04:00:00,29,11,0,0,0,0.3793103448275862,609191904392.862
2025-08-22 05:00:00,36,12,0,0,0,0.3333333333333333,613059107345.4722
2025-08-22 06:00:00,34,12,0,0,0,0.35294117647058826,614139253316.4706
2025-08-22 07:00:00,31,9,0,0,0,0.2903225806451613,611435787217.0646
2025-08-22 08:00:00,37,9,0,0,0,0.24324324324324326,620854466776.5135
2025-08-22 09:00:00,48,16,0,0,0,0.3333333333333333,633714922820.625
2025-08-22 10:00:00,38,17,0,0,0,0.4473684210526316,630180966635.7368
2025-08-22 11:00:00,29,8,0,0,0,0.27586206896551724,640569103517.2413
2025-08-22 12:00:00,28,2,0,0,0,0.07142857142857142,643998917588.2142
2025-08-22 13:00:00,24,1,0,0,0,0.041666666666666664,647890866383.2084
2025-08-22 14:00:00,25,11,0,0,0,0.44,648306276130.84
2025-08-22 15:00:00,33,1,0,0,0,0.030303030303030304,649258045439.3636
2025-08-22 16:00:00,25,4,0,0,0,0.16,654139318332.36
2025-08-22 17:00:00,24,4,0,0,0,0.16666666666666666,656234823682.3334
2025-08-22 18:00:00,24,4,1,1,0,0.16666666666666666,652010962497.75
2025-08-22 19:00:00,23,2,0,0,0,0.08695652173913043,652991038865.5652
2025-08-22 20:00:00,22,1,0,0,0,0.045454545454545456,654463032823.091
2025-08-22 21:00:00,27,1,0,0,0,0.037037037037037035,648773828985.0741
2025-08-22 22:00:00,27,2,0,0,0,0.07407407407407407,643341330692.4445
2025-08-22 23:00:00,29,4,0,0,0,0.13793103448275862,632735648605.931
2025-08-23 00:00:00,22,3,1,0,1,0.13636363636363635,631464284534.2273
2025-08-23 01:00:00,30,3,0,0,0,0.1,626778253087.6333
2025-08-23 02:00:00,21,6,0,0,0,0.2857142857142857,628517588159.4762
2025-08-23 03:00:00,22,6,0,0,0,0.2727272727272727,622678327962.5
2025-08-23 04:00:00,17,2,0,0,0,0.11764705882352941,616896020173.6471
2025-08-23 05:00:00,19,4,0,0,0,0.21052631578947367,618484316200.2632
2025-08-23 06:00:00,28,3,0,0,0,0.10714285714285714,610742580441.1428
2025-08-23 07:00:00,34,4,0,0,0,0.11764705882352941,596036945391.9117
2025-08-23 08:00:00,28,3,0,0,0,0.10714285714285714,576924711443.5
2025-08-23 09:00:00,23,3,0,0,0,0.13043478260869565,571552446413.3043
2025-08-23 10:00:00,38,4,0,0,0,0.10526315789473684,561479048373.079
2025-08-23 11:00:00,37,11,0,0,0,0.2972972972972973,545301469519.1892
2025-08-23 12:00:00,41,15,0,0,0,0.36585365853658536,535149460683.8049
2025-08-23 13:00:00,42,16,0,0,0,0.38095238095238093,540702929326.2619
2025-08-23 14:00:00,39,12,0,0,0,0.3076923076923077,544301474626.4359
2025-08-23 15:00:00,39,13,1,1,0,0.3333333333333333,550758318680.9231
2025-08-23 16:00:00,37,9,2,1,1,0.24324324324324326,551784000227.2162
2025-08-23 17:00:00,31,12,0,0,0,0.3870967741935484,560513682734.4193
2025-08-23 18:00:00,40,17,0,0,0,0.425,572389211688.25
2025-08-23 19:00:00,33,8,1,1,0,0.24242424242424243,583541447519.1515
2025-08-23 20:00:00,36,13,1,1,0,0.3611111111111111,583764806974.25
2025-08-23 21:00:00,21,6,0,0,0,0.2857142857142857,586757699090.1428
2025-08-23 22:00:00,36,7,1,0,1,0.19444444444444445,595302309822.4445
2025-08-23 23:00:00,38,8,0,0,0,0.21052631578947367,600927968964.7368
2025-08-24 00:00:00,32,11,0,0,0,0.34375,602011458966.2812
2025-08-24 01:00:00,36,17,0,0,0,0.4722222222222222,630827463569.9445
2025-08-24 02:00:00,42,8,0,0,0,0.19047619047619047,651937015592.0714
2025-08-24 03:00:00,31,10,0,0,0,0.3225806451612903,651774348014.3871
2025-08-24 04:00:00,27,6,1,1,0,0.2222222222222222,669026309342.2593
2025-08-24 05:00:00,31,7,0,0,0,0.22580645161290322,689285674371.9032
2025-08-24 06:00:00,33,12,0,0,0,0.36363636363636365,685819351333.697
2025-08-24 07:00:00,23,10,0,0,0,0.43478260869565216,681855278182.5217
2025-08-24 08:00:00,34,9,1,1,0,0.2647058823529412,681219511963.7354
2025-08-24 09:00:00,26,7,0,0,0,0.2692307692307692,683873435613.7693
2025-08-24 10:00:00,32,12,1,1,0,0.375,675468876240.5625
2025-08-24 11:00:00,24,10,0,0,0,0.4166666666666667,673130932539.2084
2025-08-24 12:00:00,33,11,0,0,0,0.3333333333333333,674827355333.5758
2025-08-24 13:00:00,18,2,1,0,1,0.1111111111111111,670537096723.0
2025-08-24 14:00:00,33,6,0,0,0,0.18181818181818182,667737145099.1212
2025-08-24 15:00:00,29,5,0,0,0,0.1724137931034483,668165663692.069
2025-08-24 16:00:00,22,4,0,0,0,0.18181818181818182,661419326555.4546
2025-08-24 17:00:00,25,4,0,0,0,0.16,659030264612.92
2025-08-24 18:00:00,21,3,0,0,0,0.14285714285714285,663384635902.238
2025-08-24 19:00:00,28,6,0,0,0,0.21428571428571427,654581701138.8572
2025-08-24 20:00:00,30,5,0,0,0,0.16666666666666666,655685090006.7667
2025-08-24 21:00:00,15,3,0,0,0,0.2,654235259495.1333
2025-08-24 22:00:00,23,2,0,0,0,0.08695652173913043,647398195027.5217
2025-08-24 23:00:00,35,5,0,0,0,0.14285714285714285,639916329278.3429
2025-08-25 00:00:00,27,9,0,0,0,0.3333333333333333,627990696638.4445
2025-08-25 01:00:00,27,5,0,0,0,0.18518518518518517,616901756803.037
2025-08-25 02:00:00,23,6,0,0,0,0.2608695652173913,614601524685.6522
2025-08-25 03:00:00,28,4,0,0,0,0.14285714285714285,606500779981.6786
2025-08-25 04:00:00,17,3,0,0,0,0.17647058823529413,599707224612.5294
2025-08-25 05:00:00,26,4,0,0,0,0.15384615384615385,595106156067.3846
2025-08-25 06:00:00,28,3,0,0,0,0.10714285714285714,591205718784.6428
2025-08-25 07:00:00,37,6,0,0,0,0.16216216216216217,575430991820.1621
2025-08-25 08:00:00,35,9,2,2,0,0.2571428571428571,564186437333.9143
2025-08-25 09:00:00,29,6,0,0,0,0.20689655172413793,566056847998.7931
2025-08-25 10:00:00,34,1,1,1,0,0.029411764705882353,562007869917.8823
2025-08-25 11:00:00,34,5,0,0,0,0.14705882352941177,559587750223.8235
2025-08-25 12:00:00,41,8,1,0,1,0.1951219512195122,560153175054.0975
2025-08-25 13:00:00,28,9,0,0,0,0.32142857142857145,555881719174.8214
2025-08-25 14:00:00,38,7,0,0,0,0.18421052631578946,562692325567.0
2025-08-25 15:00:00,39,11,2,1,1,0.28205128205128205,560838353195.3334
2025-08-25 16:00:00,36,7,2,1,1,0.19444444444444445,565607582039.75
2025-08-25 17:00:00,26,9,2,1,1,0.34615384615384615,571230650137.9615
2025-08-25 18:00:00,43,21,13,0,13,0.4883720930232558,577405954581.6279
2025-08-25 19:00:00,44,20,15,2,13,0.45454545454545453,581499003997.6818
2025-08-25 20:00:00,38,11,10,4,6,0.2894736842105263,583999885677.2894
2025-08-25 21:00:00,33,14,10,6,4,0.42424242424242425,588689048637.2727
2025-08-25 22:00:00,31,19,9,1,8,0.6129032258064516,583760069400.8387
2025-08-25 23:00:00,43,17,14,2,12,0.3953488372093023,579504352806.0465
2025-08-26 00:00:00,44,17,11,4,7,0.38636363636363635,576080755622.7046
2025-08-26 01:00:00,43,10,7,5,2,0.23255813953488372,570892353530.5814
2025-08-26 02:00:00,40,10,8,6,2,0.25,580524077035.9
2025-08-26 03:00:00,32,16,10,1,9,0.5,587001063976.8438
2025-08-26 04:00:00,32,11,8,3,5,0.34375,595017786782.875
2025-08-26 05:00:00,36,9,7,4,3,0.25,592055046286.1111
2025-08-26 06:00:00,46,7,6,5,1,0.15217391304347827,584877756079.3043
2025-08-26 07:00:00,38,8,3,2,1,0.21052631578947367,577876667715.8684
2025-08-26 08:00:00,40,14,0,0,0,0.35,579692048698.575
2025-08-26 09:00:00,39,11,0,0,0,0.28205128205128205,583167277896.1794
2025-08-26 10:00:00,38,16,0,0,0,0.42105263157894735,585582802456.1316
2025-08-26 11:00:00,34,12,1,1,0,0.35294117647058826,594430457978.1471
2025-08-26 12:00:00,24,4,0,0,0,0.16666666666666666,594564415735.5834
2025-08-26 13:00:00,24,5,0,0,0,0.20833333333333334,599246130724.2084
2025-08-26 14:00:00,19,5,0,0,0,0.2631578947368421,602118799320.4736
2025-08-26 15:00:00,28,5,0,0,0,0.17857142857142858,597709255347.1786
2025-08-26 16:00:00,42,10,0,0,0,0.23809523809523808,593875045529.762
2025-08-26 17:00:00,29,9,0,0,0,0.3103448275862069,584058751879.9656
2025-08-26 18:00:00,23,2,0,0,0,0.08695652173913043,588633416521.4783
2025-08-26 19:00:00,21,7,0,0,0,0.3333333333333333,595163977726.4286
2025-08-26 20:00:00,33,7,0,0,0,0.21212121212121213,608304404123.4242
2025-08-26 21:00:00,22,3,0,0,0,0.13636363636363635,610739984493.7727
2025-08-26 22:00:00,26,6,0,0,0,0.23076923076923078,603941701857.3462
2025-08-26 23:00:00,29,3,0,0,0,0.10344827586206896,597099313639.5172
2025-08-27 00:00:00,27,3,0,0,0,0.1111111111111111,590563986744.7407
2025-08-27 01:00:00,33,7,0,0,0,0.21212121212121213,583502555166.7576
2025-08-27 02:00:00,20,4,0,0,0,0.2,585573089616.3
2025-08-27 03:00:00,26,7,0,0,0,0.2692307692307692,591660127708.6538
2025-08-27 04:00:00,28,5,0,0,0,0.17857142857142858,594461191502.8214
2025-08-27 05:00:00,23,5,0,0,0,0.21739130434782608,588914872836.7826
2025-08-27 06:00:00,22,5,0,0,0,0.22727272727272727,581508880220.5
2025-08-27 07:00:00,33,12,0,0,0,0.36363636363636365,572226058960.0303
2025-08-27 08:00:00,30,5,0,0,0,0.16666666666666666,561576848294.3667
2025-08-27 09:00:00,30,3,0,0,0,0.1,545526327082.2
2025-08-27 10:00:00,25,2,0,0,0,0.08,539649005133.96
2025-08-27 11:00:00,35,1,0,0,0,0.02857142857142857,534289432241.8571
2025-08-27 12:00:00,36,3,0,0,0,0.08333333333333333,529184878574.0
2025-08-27 13:00:00,26,4,0,0,0,0.15384615384615385,526706716595.53845
2025-08-27 14:00:00,28,11,1,1,0,0.39285714285714285,534504375161.5
2025-08-27 15:00:00,27,0,0,0,0,0.0,544089908129.44446
2025-08-27 16:00:00,25,4,1,0,1,0.16,538369443444.8
2025-08-27 17:00:00,26,10,0,0,0,0.38461538461538464,525913458842.0
2025-08-27 18:00:00,33,4,0,0,0,0.12121212121212122,518600347589.0303
2025-08-27 19:00:00,31,7,0,0,0,0.22580645161290322,518282642529.3871
2025-08-27 20:00:00,32,8,0,0,0,0.25,520493956615.0
2025-08-27 21:00:00,27,3,0,0,0,0.1111111111111111,519988917592.2593
2025-08-27 22:00:00,22,8,0,0,0,0.36363636363636365,524802323563.6818
2025-08-27 23:00:00,30,7,0,0,0,0.23333333333333334,524747674169.1
2025-08-28 00:00:00,25,4,3,2,1,0.16,520858232245.8
2025-08-28 01:00:00,32,8,5,2,3,0.25,509655175616.21875
2025-08-28 02:00:00,32,3,3,3,0,0.09375,510709966735.28125
2025-08-28 03:00:00,44,11,0,0,0,0.25,506091030311.5227
2025-08-28 04:00:00,30,8,0,0,0,0.26666666666666666,499376681083.4
2025-08-28 05:00:00,27,3,0,0,0,0.1111111111111111,506982483957.9259
2025-08-28 06:00:00,42,13,0,0,0,0.30952380952380953,516405211697.3333
2025-08-28 07:00:00,36,8,0,0,0,0.2222222222222222,510101364060.6667
2025-08-28 08:00:00,37,5,0,0,0,0.13513513513513514,507865976771.56757
2025-08-28 09:00:00,26,4,0,0,0,0.15384615384615385,517150362106.46155
2025-08-28 10:00:00,38,6,0,0,0,0.15789473684210525,518555963474.0789
2025-08-28 11:00:00,36,6,1,0,1,0.16666666666666666,516239386113.3333
2025-08-28 12:00:00,46,13,8,4,4,0.2826086956521739,524059612924.413
2025-08-28 13:00:00,32,9,7,1,6,0.28125,532336455707.40625
2025-08-28 14:00:00,32,7,6,4,2,0.21875,536235091140.09375
2025-08-28 15:00:00,35,10,7,4,3,0.2857142857142857,547372582644.2
2025-08-28 16:00:00,38,13,9,3,6,0.34210526315789475,544001801402.3684
2025-08-28 17:00:00,40,17,11,2,9,0.425,537950687845.725
2025-08-28 18:00:00,38,9,6,3,3,0.23684210526315788,532341854306.1579
2025-08-28 19:00:00,47,16,12,7,5,0.3404255319148936,537767033083.4894
2025-08-28 20:00:00,40,15,9,3,6,0.375,543302050781.0
2025-08-28 21:00:00,31,9,6,3,3,0.2903225806451613,548012938155.0968
2025-08-28 22:00:00,36,14,8,3,5,0.3888888888888889,560579321700.0278
2025-08-28 23:00:00,39,13,10,3,7,0.3333333333333333,568089379289.8975
2025-08-29 00:00:00,31,12,8,2,6,0.3870967741935484,560036113957.742
2025-08-29 01:00:00,30,10,6,2,4,0.3333333333333333,553796198771.9667
2025-08-29 02:00:00,40,13,10,7,3,0.325,554388106345.675
2025-08-29 03:00:00,33,12,8,3,5,0.36363636363636365,549921590171.8182
2025-08-29 04:00:00,28,6,6,6,0,0.21428571428571427,549105006288.6429
2025-08-29 05:00:00,43,18,11,1,10,0.4186046511627907,543740586627.3023
2025-08-29 06:00:00,39,8,5,2,3,0.20512820512820512,538885237285.0769
2025-08-29 07:00:00,37,13,6,3,3,0.35135135135135137,523534726311.8919
2025-08-29 08:00:00,35,8,6,4,2,0.22857142857142856,526251501635.2
2025-08-29 09:00:00,51,20,1,1,0,0.39215686274509803,524719529308.03925
2025-08-29 10:00:00,36,11,0,0,0,0.3055555555555556,520023818287.8333
2025-08-29 11:00:00,39,14,1,0,1,0.358974358974359,525848191437.0513
2025-08-29 12:00:00,25,9,0,0,0,0.36,539304312064.0
2025-08-29 13:00:00,27,6,0,0,0,0.2222222222222222,542245107476.4815
2025-08-29 14:00:00,23,1,0,0,0,0.043478260869565216,546693873068.43475
2025-08-29 15:00:00,21,1,0,0,0,0.047619047619047616,548995759918.8571
2025-08-29 16:00:00,41,5,0,0,0,0.12195121951219512,547130635813.7561
2025-08-29 17:00:00,33,13,2,0,2,0.3939393939393939,539737054952.2121
2025-08-29 18:00:00,30,8,0,0,0,0.26666666666666666,531447385362.2
2025-08-29 19:00:00,26,4,0,0,0,0.15384615384615385,535482674165.9231
2025-08-29 20:00:00,37,7,0,0,0,0.1891891891891892,542694395221.8378
2025-08-29 21:00:00,29,6,0,0,0,0.20689655172413793,537848117954.13794
2025-08-29 22:00:00,31,7,0,0,0,0.22580645161290322,540635187936.9677
2025-08-29 23:00:00,31,8,1,0,1,0.25806451612903225,551164232606.2258
2025-08-30 00:00:00,29,5,0,0,0,0.1724137931034483,552762704455.6552
2025-08-30 01:00:00,25,3,0,0,0,0.12,555592619666.28
2025-08-30 02:00:00,30,9,0,0,0,0.3,562692775558.1666
2025-08-30 03:00:00,29,2,0,0,0,0.06896551724137931,563569647543.2759
2025-08-30 04:00:00,33,7,0,0,0,0.21212121212121213,559740855208.8788
2025-08-30 05:00:00,28,7,0,0,0,0.25,556493595155.9286
2025-08-30 06:00:00,28,4,0,0,0,0.14285714285714285,557903512878.7142
2025-08-30 07:00:00,28,4,0,0,0,0.14285714285714285,557849686225.5358
2025-08-30 08:00:00,36,7,0,0,0,0.19444444444444445,544369692103.5278
2025-08-30 09:00:00,30,3,0,0,0,0.1,539944188451.0333
2025-08-30 10:00:00,29,5,0,0,0,0.1724137931034483,538733105487.069
2025-08-30 11:00:00,27,7,0,0,0,0.25925925925925924,540209389813.7037
2025-08-30 12:00:00,37,13,1,0,1,0.35135135135135137,541305626823.91895
2025-08-30 13:00:00,46,18,0,0,0,0.391304347826087,546883311775.86957
2025-08-30 14:00:00,36,12,2,2,0,0.3333333333333333,547735914607.0833
2025-08-30 15:00:00,41,13,8,2,6,0.3170731707317073,551493429784.3658
2025-08-30 16:00:00,43,13,10,7,3,0.3023255813953488,568251482306.0233
2025-08-30 17:00:00,40,8,6,4,2,0.2,572137618136.4
2025-08-30 18:00:00,30,12,7,1,6,0.4,569320366551.4
2025-08-30 19:00:00,40,12,7,3,4,0.3,574235103337.325
2025-08-30 20:00:00,32,17,7,2,5,0.53125,575184816927.0938
2025-08-30 21:00:00,44,12,11,3,8,0.2727272727272727,574144022732.2273
2025-08-30 22:00:00,37,17,10,1,9,0.4594594594594595,576929044642.6757
2025-08-30 23:00:00,34,15,12,1,11,0.4411764705882353,574389180927.2059
2025-08-31 00:00:00,38,17,12,2,10,0.4473684210526316,580044283871.7894
2025-08-31 01:00:00,28,10,8,5,3,0.35714285714285715,583525875858.5358
2025-08-31 02:00:00,33,10,8,7,1,0.30303030303030304,579949774211.8485
2025-08-31 03:00:00,43,10,8,6,2,0.23255813953488372,567269328346.3024
2025-08-31 04:00:00,26,8,5,2,3,0.3076923076923077,564607718355.3077
2025-08-31 05:00:00,31,12,11,1,10,0.3870967741935484,563559343981.1613
2025-08-31 06:00:00,33,13,7,3,4,0.3939393939393939,560813879889.909
2025-08-31 07:00:00,34,11,10,2,8,0.3235294117647059,564159947457.5
2025-08-31 08:00:00,35,12,7,2,5,0.34285714285714286,549609299534.8571
2025-08-31 09:00:00,35,18,13,8,5,0.5142857142857142,548217641790.02856
2025-08-31 10:00:00,34,8,6,2,4,0.23529411764705882,543128575213.14703
2025-08-31 11:00:00,47,15,9,5,4,0.3191489361702128,543580658776.34045
2025-08-31 12:00:00,38,11,7,0,7,0.2894736842105263,534202028452.2105
2025-08-31 13:00:00,31,7,4,0,4,0.22580645161290322,523264754214.3226
2025-08-31 14:00:00,39,5,3,3,0,0.1282051282051282,517583047638.4872
2025-08-31 15:00:00,36,7,2,0,2,0.19444444444444445,517089853774.94446
2025-08-31 16:00:00,33,8,2,2,0,0.24242424242424243,512295676200.4545
2025-08-31 17:00:00,41,10,0,0,0,0.24390243902439024,509730602439.7805
2025-08-31 18:00:00,35,7,0,0,0,0.2,511558632296.0571
2025-08-31 19:00:00,32,3,1,1,0,0.09375,515959257562.375
2025-08-31 20:00:00,33,3,0,0,0,0.09090909090909091,518484564244.69696
2025-08-31 21:00:00,37,6,1,1,0,0.16216216216216217,517488767533.5135
2025-08-31 22:00:00,41,8,2,2,0,0.1951219512195122,521893618482.8293
2025-08-31 23:00:00,37,11,0,0,0,0.2972972972972973,532485906488.7568
2025-09-01 00:00:00,25,6,1,1,0,0.24,541879587380.52
2025-09-01 01:00:00,38,6,2,0,2,0.15789473684210525,544404388701.0263
2025-09-01 02:00:00,28,2,0,0,0,0.07142857142857142,548107166395.4643
2025-09-01 03:00:00,32,4,0,0,0,0.125,560016782376.5312
2025-09-01 04:00:00,31,5,0,0,0,0.16129032258064516,569893510951.7097
2025-09-01 05:00:00,42,8,0,0,0,0.19047619047619047,573517157306.5476
2025-09-01 06:00:00,28,5,0,0,0,0.17857142857142858,583582496048.6072
2025-09-01 07:00:00,31,7,0,0,0,0.22580645161290322,589674816120.0646
2025-09-01 08:00:00,34,5,0,0,0,0.14705882352941177,595445484123.1765
2025-09-01 09:00:00,26,5,0,0,0,0.19230769230769232,596900880397.5385
2025-09-01 10:00:00,30,5,0,0,0,0.16666666666666666,603202855140.7667
2025-09-01 11:00:00,29,6,0,0,0,0.20689655172413793,606098295838.0344
2025-09-01 12:00:00,34,9,0,0,0,0.2647058823529412,601697673758.4706
2025-09-01 13:00:00,37,12,1,1,0,0.32432432432432434,601021220544.5676
2025-09-01 14:00:00,46,12,11,6,5,0.2608695652173913,601691769906.5869
2025-09-01 15:00:00,47,19,13,5,8,0.40425531914893614,608344833068.7446
2025-09-01 16:00:00,45,11,11,11,0,0.24444444444444444,614117656089.6222
2025-09-01 17:00:00,36,12,5,3,2,0.3333333333333333,621269729299.8611
2025-09-01 18:00:00,31,6,5,3,2,0.1935483870967742,620813637223.6451
2025-09-01 19:00:00,41,11,9,3,6,0.2682926829268293,624194617517.8536
2025-09-01 20:00:00,42,15,9,1,8,0.35714285714285715,623601771756.8096
2025-09-01 21:00:00,35,13,5,2,3,0.37142857142857144,628339226469.8
2025-09-01 22:00:00,27,15,12,0,12,0.5555555555555556,636385486181.7778
2025-09-01 23:00:00,32,12,6,0,6,0.375,631329480123.625
2025-09-02 00:00:00,36,16,11,3,8,0.4444444444444444,632840214497.1111
2025-09-02 01:00:00,24,10,6,1,5,0.4166666666666667,637451315748.4166
2025-09-02 02:00:00,30,3,2,2,0,0.1,626414097501.0
2025-09-02 03:00:00,31,9,7,2,5,0.2903225806451613,620571344565.6451
2025-09-02 04:00:00,33,11,7,3,4,0.3333333333333333,612956790095.9697
2025-09-02 05:00:00,28,8,4,1,3,0.2857142857142857,599189025231.9642
2025-09-02 06:00:00,28,11,9,3,6,0.39285714285714285,598007140102.6072
2025-09-02 07:00:00,40,15,10,5,5,0.375,592991865652.65
2025-09-02 08:00:00,36,12,8,3,5,0.3333333333333333,582896545496.3611
2025-09-02 09:00:00,40,13,8,2,6,0.325,578177883033.05
2025-09-02 10:00:00,35,10,6,3,3,0.2857142857142857,576955452238.6
2025-09-02 11:00:00,44,16,12,4,8,0.36363636363636365,575303057060.5454
2025-09-02 12:00:00,25,5,2,1,1,0.2,571133672816.52
2025-09-02 13:00:00,31,1,0,0,0,0.03225806451612903,565734301054.6451
2025-09-02 14:00:00,30,4,0,0,0,0.13333333333333333,564505507616.8
2025-09-02 15:00:00,35,4,0,0,0,0.11428571428571428,550457372079.3715
2025-09-02 16:00:00,32,8,0,0,0,0.25,549038873650.21875
2025-09-02 17:00:00,30,7,0,0,0,0.23333333333333334,542039942907.9667
2025-09-02 18:00:00,39,6,0,0,0,0.15384615384615385,544744583195.4359
2025-09-02 19:00:00,26,5,0,0,0,0.19230769230769232,541233446042.5
2025-09-02 20:00:00,40,6,0,0,0,0.15,537705956167.525
2025-09-02 21:00:00,30,6,0,0,0,0.2,537962053130.13336
2025-09-02 22:00:00,34,6,0,0,0,0.17647058823529413,541591168239.91174
2025-09-02 23:00:00,38,15,0,0,0,0.39473684210526316,550861542099.1578
2025-09-03 00:00:00,39,10,0,0,0,0.2564102564102564,556876022614.0769
2025-09-03 01:00:00,30,4,0,0,0,0.13333333333333333,564530930335.3334
2025-09-03 02:00:00,36,8,0,0,0,0.2222222222222222,575970469677.75
2025-09-03 03:00:00,31,5,0,0,0,0.16129032258064516,585584081217.8064
2025-09-03 04:00:00,32,4,0,0,0,0.125,595578993090.1562
2025-09-03 05:00:00,33,6,0,0,0,0.18181818181818182,599384769389.1212
2025-09-03 06:00:00,30,4,0,0,0,0.13333333333333333,599843998854.4
2025-09-03 07:00:00,25,2,1,1,0,0.08,608250833456.08
2025-09-03 08:00:00,30,6,0,0,0,0.2,610394813985.2333
2025-09-03 09:00:00,35,5,0,0,0,0.14285714285714285,616862610383.0571
2025-09-03 10:00:00,27,4,0,0,0,0.14814814814814814,614639522428.8518
2025-09-03 11:00:00,22,5,0,0,0,0.22727272727272727,614495535432.8636
2025-09-03 12:00:00,25,3,0,0,0,0.12,621593380164.8
2025-09-03 13:00:00,27,4,0,0,0,0.14814814814814814,619625826926.3704
2025-09-03 14:00:00,24,2,0,0,0,0.08333333333333333,612719741733.0416
2025-09-03 15:00:00,32,5,0,0,0,0.15625,607297649687.5
2025-09-03 16:00:00,23,3,0,0,0,0.13043478260869565,605872372018.0435
2025-09-03 17:00:00,22,8,0,0,0,0.36363636363636365,600634535061.2727
2025-09-03 18:00:00,28,5,0,0,0,0.17857142857142858,601753234655.1786
2025-09-03 19:00:00,36,7,0,0,0,0.19444444444444445,594064706037.1945
2025-09-03 20:00:00,26,5,0,0,0,0.19230769230769232,588486392725.8077
2025-09-03 21:00:00,25,9,0,0,0,0.36,584747346784.4
2025-09-03 22:00:00,31,11,0,0,0,0.3548387096774194,586797371247.4839
2025-09-03 23:00:00,33,5,0,0,0,0.15151515151515152,580624424676.2727
2025-09-04 00:00:00,32,4,0,0,0,0.125,573283823322.8438
2025-09-04 01:00:00,38,9,0,0,0,0.23684210526315788,572894195237.4736
2025-09-04 02:00:00,26,4,0,0,0,0.15384615384615385,571195571187.8077
2025-09-04 03:00:00,42,5,0,0,0,0.11904761904761904,572133910977.6428
2025-09-04 04:00:00,38,5,0,0,0,0.13157894736842105,567354984102.921
2025-09-04 05:00:00,36,6,0,0,0,0.16666666666666666,571848883978.6666
2025-09-04 06:00:00,38,6,0,0,0,0.15789473684210525,580598504833.0
2025-09-04 07:00:00,35,7,0,0,0,0.2,586925014939.6857
2025-09-04 08:00:00,31,4,0,0,0,0.12903225806451613,586771137401.0968
2025-09-04 09:00:00,39,6,0,0,0,0.15384615384615385,601614913156.5897
2025-09-04 10:00:00,31,4,0,0,0,0.12903225806451613,609659198407.0322
2025-09-04 11:00:00,27,4,0,0,0,0.14814814814814814,611154204030.4445
2025-09-04 12:00:00,46,14,1,1,0,0.30434782608695654,625039345499.0652
2025-09-04 13:00:00,26,6,1,1,0,0.23076923076923078,634635990316.1154
2025-09-04 14:00:00,25,8,0,0,0,0.32,638504025874.12
2025-09-04 15:00:00,30,10,1,0,1,0.3333333333333333,658314443351.1
2025-09-04 16:00:00,21,8,0,0,0,0.38095238095238093,656694088486.619
2025-09-04 17:00:00,35,13,9,4,5,0.37142857142857144,654522186729.9429
2025-09-04 18:00:00,32,13,8,2,6,0.40625,653290334930.5312
2025-09-04 19:00:00,40,11,9,4,5,0.275,656222048782.2
2025-09-04 20:00:00,35,18,11,1,10,0.5142857142857142,650218641427.4857
2025-09-04 21:00:00,24,10,7,3,4,0.4166666666666667,646238534591.6666
2025-09-04 22:00:00,21,11,6,0,6,0.5238095238095238,644585259906.619
2025-09-04 23:00:00,33,17,9,4,5,0.5151515151515151,645358343853.7273
2025-09-05 00:00:00,26,7,10,4,6,0.2692307692307692,641549543936.6923
2025-09-05 01:00:00,27,4,0,0,0,0.14814814814814814,629727941479.7037
2025-09-05 02:00:00,30,7,0,0,0,0.23333333333333334,611630931993.5
2025-09-05 03:00:00,33,12,6,2,4,0.36363636363636365,592351394526.0605
2025-09-05 04:00:00,34,10,6,2,4,0.29411764705882354,583426203414.3235
2025-09-05 05:00:00,43,15,9,2,7,0.3488372093023256,576711515032.5814
2025-09-05 06:00:00,40,17,10,1,9,0.425,572027416459.5
2025-09-05 07:00:00,40,16,9,5,4,0.4,564643749434.4
2025-09-05 08:00:00,51,19,15,5,10,0.37254901960784315,562066377036.7843
2025-09-05 09:00:00,31,12,7,2,5,0.3870967741935484,563616555383.5161
2025-09-05 10:00:00,34,12,10,2,8,0.35294117647058826,560556904819.3823
2025-09-05 11:00:00,32,8,4,1,3,0.25,554786640423.5938
2025-09-05 12:00:00,34,6,4,2,2,0.17647058823529413,552882306047.5883
2025-09-05 13:00:00,31,3,2,2,0,0.0967741935483871,542533330101.0645
2025-09-05 14:00:00,26,5,3,2,1,0.19230769230769232,532181440177.3461
2025-09-05 15:00:00,34,5,3,1,2,0.14705882352941177,528862036895.85297
2025-09-05 16:00:00,27,4,3,2,1,0.14814814814814814,526303052858.37036
2025-09-05 17:00:00,38,6,4,2,2,0.15789473684210525,522209007836.5526
2025-09-05 18:00:00,52,8,6,5,1,0.15384615384615385,519479897903.6923
2025-09-05 19:00:00,25,6,4,0,4,0.24,516855803402.16
2025-09-05 20:00:00,22,3,3,3,0,0.13636363636363635,517007913884.4545
2025-09-05 21:00:00,45,1,1,1,0,0.022222222222222223,519254278064.55554
2025-09-05 22:00:00,27,3,1,1,0,0.1111111111111111,533384480813.3333
2025-09-05 23:00:00,35,5,3,1,2,0.14285714285714285,532719117037.4
2025-09-06 00:00:00,31,8,3,1,2,0.25806451612903225,544750009731.74194
2025-09-06 01:00:00,31,1,1,1,0,0.03225806451612903,540614137889.9032
2025-09-06 02:00:00,26,7,3,1,2,0.2692307692307692,537473339441.6539
2025-09-06 03:00:00,23,5,3,1,2,0.21739130434782608,536663236149.26086
2025-09-06 04:00:00,24,6,5,3,2,0.25,532650706405.9167
2025-09-06 05:00:00,47,8,6,3,3,0.1702127659574468,528433735349.04254
2025-09-06 06:00:00,31,7,4,2,2,0.22580645161290322,514633653936.6774
2025-09-06 07:00:00,31,6,3,0,3,0.1935483870967742,505772628513.80646
2025-09-06 08:00:00,30,7,4,1,3,0.23333333333333334,507589087263.23334
2025-09-06 09:00:00,45,6,3,2,1,0.13333333333333333,506907105755.8444
2025-09-06 10:00:00,35,2,2,2,0,0.05714285714285714,504122613928.45715
2025-09-06 11:00:00,40,10,6,4,2,0.25,504448200329.375
2025-09-06 12:00:00,34,9,6,3,3,0.2647058823529412,511567812002.5294
2025-09-06 13:00:00,44,7,5,4,1,0.1590909090909091,515871404574.7273
2025-09-06 14:00:00,45,18,12,3,9,0.4,520555043036.3555
2025-09-06 15:00:00,54,22,17,7,10,0.4074074074074074,522175696531.4074
2025-09-06 16:00:00,45,15,7,2,5,0.3333333333333333,523417931843.86664
2025-09-06 17:00:00,40,14,9,1,8,0.35,518428111397.55
2025-09-06 18:00:00,62,15,12,9,3,0.24193548387096775,536813192049.9677
2025-09-06 19:00:00,33,13,10,1,9,0.3939393939393939,533932411785.75757
2025-09-06 20:00:00,43,11,7,3,4,0.2558139534883721,541058343769.6512
2025-09-06 21:00:00,45,16,10,4,6,0.35555555555555557,551905008161.3556
2025-09-06 22:00:00,44,20,11,2,9,0.45454545454545453,557990777145.0
2025-09-06 23:00:00,37,14,8,2,6,0.3783783783783784,566418966532.2703
2025-09-07 00:00:00,34,11,7,4,3,0.3235294117647059,583530297517.2941
2025-09-07 01:00:00,23,5,4,3,1,0.21739130434782608,596084652745.3914
2025-09-07 02:00:00,43,19,14,2,12,0.4418604651162791,588698267631.8837
2025-09-07 03:00:00,37,16,12,1,11,0.43243243243243246,587651028442.2972
2025-09-07 04:00:00,28,13,7,2,5,0.4642857142857143,585995663207.5
2025-09-07 05:00:00,35,15,11,5,6,0.42857142857142855,587527595714.7142
2025-09-07 06:00:00,33,11,8,3,5,0.3333333333333333,590685571593.3334
2025-09-07 07:00:00,33,12,8,5,3,0.36363636363636365,577855245151.4546
2025-09-07 08:00:00,34,13,10,5,5,0.38235294117647056,571132819947.1765
2025-09-07 09:00:00,44,19,14,3,11,0.4318181818181818,565678240808.841
2025-09-07 10:00:00,43,13,8,5,3,0.3023255813953488,559900076360.4884
2025-09-07 11:00:00,48,16,10,3,7,0.3333333333333333,554514204801.375
2025-09-07 12:00:00,41,3,3,3,0,0.07317073170731707,553853075043.9025
2025-09-07 13:00:00,30,2,1,1,0,0.06666666666666667,557514709785.3
2025-09-07 14:00:00,43,8,5,3,2,0.18604651162790697,558612056108.907
2025-09-07 15:00:00,40,11,6,0,6,0.275,560173151444.325
2025-09-07 16:00:00,34,6,5,2,3,0.17647058823529413,558638118090.2941
2025-09-07 17:00:00,27,6,4,2,2,0.2222222222222222,556540235174.4073
2025-09-07 18:00:00,41,8,4,1,3,0.1951219512195122,560266521647.683
2025-09-07 19:00:00,39,10,5,0,5,0.2564102564102564,552886684176.1538
2025-09-07 20:00:00,35,11,5,2,3,0.3142857142857143,547364197958.5143
2025-09-07 21:00:00,28,13,8,0,8,0.4642857142857143,549890537297.9642
2025-09-07 22:00:00,26,10,3,0,3,0.38461538461538464,550851818408.1538
2025-09-07 23:00:00,27,7,2,0,2,0.25925925925925924,548901778392.96295
2025-09-08 00:00:00,23,6,4,0,4,0.2608695652173913,546627611996.26086
2025-09-08 01:00:00,25,2,1,0,1,0.08,547971206813.56
2025-09-08 02:00:00,34,7,4,3,1,0.20588235294117646,546146468704.0
2025-09-08 03:00:00,37,16,7,0,7,0.43243243243243246,536178054320.1081
2025-09-08 04:00:00,36,4,2,0,2,0.1111111111111111,536374532192.1389
2025-09-08 05:00:00,41,5,4,3,1,0.12195121951219512,539746484366.8293
2025-09-08 06:00:00,37,6,4,2,2,0.16216216216216217,545570408022.1622
2025-09-08 07:00:00,34,3,4,3,1,0.08823529411764706,556043393996.7941
2025-09-08 08:00:00,24,5,3,2,1,0.20833333333333334,557828603630.2084
2025-09-08 09:00:00,29,2,1,1,0,0.06896551724137931,554313089795.0
2025-09-08 10:00:00,41,5,3,2,1,0.12195121951219512,547666510392.4146
2025-09-08 11:00:00,43,8,5,2,3,0.18604651162790697,533460037432.6047
2025-09-08 12:00:00,36,9,6,2,4,0.25,531764156332.0278
2025-09-08 13:00:00,46,19,11,3,8,0.41304347826086957,535952039085.413
2025-09-08 14:00:00,27,6,4,2,2,0.2222222222222222,529337506997.8889
2025-09-08 15:00:00,31,11,9,2,7,0.3548387096774194,529517485465.4516
2025-09-08 16:00:00,39,8,7,6,1,0.20512820512820512,536768691573.2564
2025-09-08 17:00:00,40,13,9,6,3,0.325,534980175203.5
2025-09-08 18:00:00,31,7,5,3,2,0.22580645161290322,522867103560.0323
2025-09-08 19:00:00,31,9,6,3,3,0.2903225806451613,519540188988.8387
2025-09-08 20:00:00,35,9,6,3,3,0.2571428571428571,519285874167.3143
2025-09-08 21:00:00,43,12,10,7,3,0.27906976744186046,525692572700.7907
2025-09-08 22:00:00,37,13,9,4,5,0.35135135135135137,523387355594.0541
2025-09-08 23:00:00,33,13,8,5,3,0.3939393939393939,532289351522.9091
2025-09-09 00:00:00,51,18,13,6,7,0.35294117647058826,541494448842.3137
2025-09-09 01:00:00,40,5,5,5,0,0.125,541251109619.925
2025-09-09 02:00:00,38,11,7,3,4,0.2894736842105263,535901343181.9737
2025-09-09 03:00:00,28,9,4,1,3,0.32142857142857145,536919872763.3929
2025-09-09 04:00:00,24,9,8,3,5,0.375,534163241290.875
2025-09-09 05:00:00,44,11,7,3,4,0.25,536942280794.75
2025-09-09 06:00:00,40,8,7,6,1,0.2,530166458344.0
2025-09-09 07:00:00,38,8,6,2,4,0.21052631578947367,526275454303.9211
2025-09-09 08:00:00,48,20,12,1,11,0.4166666666666667,529569377396.7708
2025-09-09 09:00:00,29,9,6,5,1,0.3103448275862069,524341683896.7241
2025-09-09 10:00:00,36,17,12,4,8,0.4722222222222222,522702810013.6389
2025-09-09 11:00:00,47,17,13,6,7,0.3617021276595745,524922288179.6383
2025-09-09 12:00:00,47,13,7,2,5,0.2765957446808511,515920297855.0
2025-09-09 13:00:00,35,4,4,4,0,0.11428571428571428,513532330056.4857
2025-09-09 14:00:00,39,10,6,1,5,0.2564102564102564,525442910743.2308
2025-09-09 15:00:00,31,4,2,0,2,0.12903225806451613,528671101009.19354
2025-09-09 16:00:00,40,5,2,1,1,0.125,529125908126.575
2025-09-09 17:00:00,33,4,3,2,1,0.12121212121212122,537605464293.1212
2025-09-09 18:00:00,34,5,4,3,1,0.14705882352941177,541195239279.2059
2025-09-09 19:00:00,38,5,2,0,2,0.13157894736842105,543199738118.0
2025-09-09 20:00:00,37,7,4,2,2,0.1891891891891892,545909176250.8108
2025-09-09 21:00:00,39,10,7,3,4,0.2564102564102564,551550177173.4359
2025-09-09 22:00:00,26,3,2,1,1,0.11538461538461539,552041252924.2307
2025-09-09 23:00:00,34,7,4,1,3,0.20588235294117646,550519275517.5883
2025-09-10 00:00:00,29,8,5,2,3,0.27586206896551724,547750126251.8276
2025-09-10 01:00:00,25,5,2,2,0,0.2,550535802863.28
2025-09-10 02:00:00,27,12,7,2,5,0.4444444444444444,554222204294.1482
2025-09-10 03:00:00,34,6,4,1,3,0.17647058823529413,561329679381.0294
2025-09-10 04:00:00,43,8,4,3,1,0.18604651162790697,549161335713.8837
2025-09-10 05:00:00,24,4,5,1,4,0.16666666666666666,536260600309.5
2025-09-10 06:00:00,27,5,2,0,2,0.18518518518518517,536889393385.37036
2025-09-10 07:00:00,32,7,4,1,3,0.21875,539046426699.40625
2025-09-10 08:00:00,38,2,2,2,0,0.05263157894736842,538527246659.0526
2025-09-10 09:00:00,35,8,4,2,2,0.22857142857142856,536855320320.34283
2025-09-10 10:00:00,26,5,4,2,2,0.19230769230769232,531921283336.96155
2025-09-10 11:00:00,22,4,3,2,1,0.18181818181818182,530674822305.5909
2025-09-10 12:00:00,32,7,3,0,3,0.21875,534207759391.875
2025-09-10 13:00:00,32,8,4,0,4,0.25,532730415108.0625
2025-09-10 14:00:00,26,6,4,2,2,0.23076923076923078,519515588226.7308
2025-09-10 15:00:00,35,7,5,3,2,0.2,515939433248.17145
2025-09-10 16:00:00,36,2,2,2,0,0.05555555555555555,511017616186.05554
2025-09-10 17:00:00,32,6,5,4,1,0.1875,501879188419.90625
2025-09-10 18:00:00,32,4,3,2,1,0.125,500939043718.75
2025-09-10 19:00:00,33,3,3,3,0,0.09090909090909091,498768390525.3333
2025-09-10 20:00:00,38,10,6,2,4,0.2631578947368421,491955958699.0526
2025-09-10 21:00:00,36,4,3,2,1,0.1111111111111111,485486183663.7222
2025-09-10 22:00:00,30,4,1,0,1,0.13333333333333333,483533631757.2
2025-09-10 23:00:00,40,10,4,2,2,0.25,485877100752.975
2025-09-11 00:00:00,33,4,2,2,0,0.12121212121212122,488518077134.5455
2025-09-11 01:00:00,30,8,5,2,3,0.26666666666666666,489823493430.3
2025-09-11 02:00:00,27,6,3,0,3,0.2222222222222222,499143490090.5926
2025-09-11 03:00:00,32,6,4,2,2,0.1875,496681426440.40625
2025-09-11 04:00:00,43,7,5,3,2,0.16279069767441862,487171848543.7442
2025-09-11 05:00:00,36,4,4,4,0,0.1111111111111111,487715365851.6389
2025-09-11 06:00:00,54,10,8,6,2,0.18518518518518517,491562684115.05554
2025-09-11 07:00:00,36,10,7,2,5,0.2777777777777778,486827755793.44446
2025-09-11 08:00:00,52,15,9,3,6,0.28846153846153844,490543641498.03845
2025-09-11 09:00:00,35,12,7,3,4,0.34285714285714286,505404879423.5714
2025-09-11 10:00:00,45,17,14,3,11,0.37777777777777777,509848130138.9778
2025-09-11 11:00:00,37,11,7,2,5,0.2972972972972973,516161037116.8108
2025-09-11 12:00:00,38,11,7,1,6,0.2894736842105263,519548269128.0
2025-09-11 13:00:00,39,14,11,3,8,0.358974358974359,523375228491.97437
2025-09-11 14:00:00,41,10,7,4,3,0.24390243902439024,524196740601.439
2025-09-11 15:00:00,42,10,8,6,2,0.23809523809523808,523667441755.9286
2025-09-11 16:00:00,47,10,9,6,3,0.2127659574468085,531142722907.95746
2025-09-11 17:00:00,39,10,9,7,2,0.2564102564102564,531818695399.4103
2025-09-11 18:00:00,32,9,6,3,3,0.28125,533784388339.1875
2025-09-11 19:00:00,37,13,9,4,5,0.35135135135135137,540194110484.3514
2025-09-11 20:00:00,32,10,6,2,4,0.3125,548654845236.78125
2025-09-11 21:00:00,39,17,9,0,9,0.4358974358974359,542020292007.1539
2025-09-11 22:00:00,28,6,5,3,2,0.21428571428571427,541812914417.5
2025-09-11 23:00:00,41,15,9,1,8,0.36585365853658536,541866949556.95123
2025-09-12 00:00:00,39,9,7,4,3,0.23076923076923078,551252258084.6666
2025-09-12 01:00:00,44,12,8,4,4,0.2727272727272727,547690891435.4091
2025-09-12 02:00:00,35,12,6,2,4,0.34285714285714286,547858964274.25714
2025-09-12 03:00:00,28,10,7,5,2,0.35714285714285715,548716716875.3571
2025-09-12 04:00:00,32,12,6,0,6,0.375,548193930885.21875
2025-09-12 05:00:00,39,16,9,3,6,0.41025641025641024,546435106808.79486
2025-09-12 06:00:00,36,13,11,5,6,0.3611111111111111,539929004669.55554
2025-09-12 07:00:00,34,9,6,2,4,0.2647058823529412,532623666802.2941
2025-09-12 08:00:00,38,12,7,2,5,0.3157894736842105,531722809597.2105
2025-09-12 09:00:00,37,8,8,7,1,0.21621621621621623,527143150831.37836
2025-09-12 10:00:00,44,13,10,5,5,0.29545454545454547,521009725209.5909
2025-09-12 11:00:00,45,15,9,5,4,0.3333333333333333,526042697823.75555
2025-09-12 12:00:00,28,9,6,1,5,0.32142857142857145,526856542633.25
2025-09-12 13:00:00,37,5,3,2,1,0.13513513513513514,525758442611.56757
2025-09-12 14:00:00,38,8,4,2,2,0.21052631578947367,529746692145.6053
2025-09-12 15:00:00,28,8,6,2,4,0.2857142857142857,520261993227.5357
2025-09-12 16:00:00,28,5,3,0,3,0.17857142857142858,519096426007.7143
2025-09-12 17:00:00,34,7,6,5,1,0.20588235294117646,520946035062.2647
2025-09-12 18:00:00,39,9,6,3,3,0.23076923076923078,519554801794.97437
2025-09-12 19:00:00,32,6,2,0,2,0.1875,517444270474.375
2025-09-12 20:00:00,42,10,7,3,4,0.23809523809523808,515725213823.7619
2025-09-12 21:00:00,33,8,5,2,3,0.24242424242424243,516439578969.63635
2025-09-12 22:00:00,30,6,5,2,3,0.2,516848057461.4667
2025-09-12 23:00:00,31,8,4,1,3,0.25806451612903225,519782719505.4839
2025-09-13 00:00:00,33,7,4,0,4,0.21212121212121213,517668224896.0606
2025-09-13 01:00:00,47,10,8,6,2,0.2127659574468085,506437070038.04254
2025-09-13 02:00:00,43,8,6,3,3,0.18604651162790697,507737699391.18604
2025-09-13 03:00:00,16,5,3,2,1,0.3125,512893641771.5625
2025-09-13 04:00:00,37,6,3,2,1,0.16216216216216217,517142442148.1892
2025-09-13 05:00:00,29,4,2,0,2,0.13793103448275862,524232367745.2069
2025-09-13 06:00:00,38,10,5,2,3,0.2631578947368421,519868127708.3421
2025-09-13 07:00:00,37,10,6,1,5,0.2702702702702703,515337683774.32434
2025-09-13 08:00:00,38,3,3,1,2,0.07894736842105263,513552884300.8684
2025-09-13 09:00:00,35,7,3,2,1,0.2,511293101357.8
2025-09-13 10:00:00,38,6,4,2,2,0.15789473684210525,507992260972.1053
2025-09-13 11:00:00,30,6,5,4,1,0.2,515721089340.76666
2025-09-13 12:00:00,43,13,9,7,2,0.3023255813953488,512750989249.97675
2025-09-13 13:00:00,47,11,8,3,5,0.23404255319148937,511880206307.2553
2025-09-13 14:00:00,31,10,6,2,4,0.3225806451612903,516826304053.4194
2025-09-13 15:00:00,43,17,11,2,9,0.3953488372093023,523205513322.093
2025-09-13 16:00:00,51,20,14,2,12,0.39215686274509803,529385730974.2157
2025-09-13 17:00:00,46,9,5,3,2,0.1956521739130435,529055002991.5217
2025-09-13 18:00:00,35,14,12,2,10,0.4,523951059105.7143
2025-09-13 19:00:00,37,13,8,4,4,0.35135135135135137,531724752568.86487
2025-09-13 20:00:00,36,11,9,7,2,0.3055555555555556,545514249726.30554
2025-09-13 21:00:00,41,14,9,4,5,0.34146341463414637,543865111732.439
2025-09-13 22:00:00,47,15,11,5,6,0.3191489361702128,545258204270.57446
2025-09-13 23:00:00,43,16,12,6,6,0.37209302325581395,536185425750.3023
2025-09-14 00:00:00,41,17,10,3,7,0.4146341463414634,537204296907.7805
2025-09-14 01:00:00,43,11,8,4,4,0.2558139534883721,552083455679.6744
2025-09-14 02:00:00,38,7,7,7,0,0.18421052631578946,559292063943.2632
2025-09-14 03:00:00,40,14,9,3,6,0.35,559080782077.575
2025-09-14 04:00:00,38,15,10,2,8,0.39473684210526316,562498155164.8422
2025-09-14 05:00:00,35,20,13,0,13,0.5714285714285714,564634522466.3429
2025-09-14 06:00:00,26,7,9,3,6,0.2692307692307692,566242825620.3462
2025-09-14 07:00:00,50,17,13,9,4,0.34,563979803738.16
2025-09-14 08:00:00,42,12,10,7,3,0.2857142857142857,556624566976.9524
2025-09-14 09:00:00,45,8,7,6,1,0.17777777777777778,551873431628.5111
2025-09-14 10:00:00,50,13,9,3,6,0.26,556735453310.38
2025-09-14 11:00:00,30,14,10,3,7,0.4666666666666667,551607133278.8
2025-09-14 12:00:00,44,5,4,3,1,0.11363636363636363,560702449919.2046
2025-09-14 13:00:00,29,3,2,2,0,0.10344827586206896,572334452574.4138
2025-09-14 14:00:00,30,3,2,1,1,0.1,567978368345.8
2025-09-14 15:00:00,26,10,3,1,2,0.38461538461538464,565015586375.8462
2025-09-14 16:00:00,24,2,1,1,0,0.08333333333333333,560648647390.75
2025-09-14 17:00:00,32,4,3,2,1,0.125,563816439155.0
2025-09-14 18:00:00,32,7,3,2,1,0.21875,562025352187.7188
2025-09-14 19:00:00,29,8,3,0,3,0.27586206896551724,560663108193.8966
2025-09-14 20:00:00,30,11,5,0,5,0.36666666666666664,556197259733.9667
2025-09-14 21:00:00,26,3,4,2,2,0.11538461538461539,552542322164.9231
2025-09-14 22:00:00,25,7,4,0,4,0.28,550570120585.32
2025-09-14 23:00:00,27,8,4,0,4,0.2962962962962963,545472252537.5926
2025-09-15 00:00:00,34,11,5,2,3,0.3235294117647059,535868283891.14703
2025-09-15 01:00:00,37,7,3,0,3,0.1891891891891892,531505533032.4595
2025-09-15 02:00:00,40,8,4,1,3,0.2,520015769687.025
2025-09-15 03:00:00,30,7,4,1,3,0.23333333333333334,517032143021.3333
2025-09-15 04:00:00,33,6,1,1,0,0.18181818181818182,519399046096.0303
2025-09-15 05:00:00,38,5,0,0,0,0.13157894736842105,529348482285.1316
2025-09-15 06:00:00,41,12,0,0,0,0.2926829268292683,527544534725.0732
2025-09-15 07:00:00,34,7,0,0,0,0.20588235294117646,526402171233.08826
2025-09-15 08:00:00,48,5,0,0,0,0.10416666666666667,531256877248.6875
2025-09-15 09:00:00,35,6,1,1,0,0.17142857142857143,525706117664.8
2025-09-15 10:00:00,47,10,0,0,0,0.2127659574468085,535266093867.21277
2025-09-15 11:00:00,29,5,0,0,0,0.1724137931034483,537744478546.9655
2025-09-15 12:00:00,40,12,0,0,0,0.3,551676841245.85
2025-09-15 13:00:00,50,11,0,0,0,0.22,563833345467.2
2025-09-15 14:00:00,40,13,1,0,1,0.325,578182484153.125
2025-09-15 15:00:00,40,10,0,0,0,0.25,598608715062.7
2025-09-15 16:00:00,41,8,1,0,1,0.1951219512195122,625195296087.317
2025-09-15 17:00:00,43,14,0,0,0,0.32558139534883723,655888413297.6046
2025-09-15 18:00:00,39,15,1,0,1,0.38461538461538464,685987489517.9744
2025-09-15 19:00:00,25,9,0,0,0,0.36,705518649851.44
2025-09-15 20:00:00,24,12,0,0,0,0.5,714618579015.7916
2025-09-15 21:00:00,21,9,0,0,0,0.42857142857142855,728855931294.619
2025-09-15 22:00:00,33,11,0,0,0,0.3333333333333333,747031982396.4546
2025-09-15 23:00:00,32,14,0,0,0,0.4375,744026790571.5938
2025-09-16 00:00:00,30,12,0,0,0,0.4,734360145099.8667
2025-09-16 01:00:00,22,7,0,0,0,0.3181818181818182,734101668175.2727
2025-09-16 02:00:00,28,11,1,1,0,0.39285714285714285,742068786684.0
2025-09-16 03:00:00,23,7,0,0,0,0.30434782608695654,744174981219.3478
2025-09-16 04:00:00,24,11,0,0,0,0.4583333333333333,737335154646.9584
2025-09-16 05:00:00,31,7,0,0,0,0.22580645161290322,728935456562.0646
2025-09-16 06:00:00,25,10,0,0,0,0.4,725556768562.2
2025-09-16 07:00:00,31,14,0,0,0,0.45161290322580644,711215332994.6129
2025-09-16 08:00:00,27,9,0,0,0,0.3333333333333333,717344304665.1852
2025-09-16 09:00:00,36,12,0,0,0,0.3333333333333333,716852358591.6945
2025-09-16 10:00:00,20,7,1,0,1,0.35,715934912175.0
2025-09-16 11:00:00,21,9,0,0,0,0.42857142857142855,715796314473.3334
2025-09-16 12:00:00,28,6,0,0,0,0.21428571428571427,707634543943.3928
2025-09-16 13:00:00,24,1,0,0,0,0.041666666666666664,704282241368.8334
2025-09-16 14:00:00,31,7,0,0,0,0.22580645161290322,689903025995.3226
2025-09-16 15:00:00,31,1,0,0,0,0.03225806451612903,680548804016.2258
2025-09-16 16:00:00,27,6,0,0,0,0.2222222222222222,669018999597.1482
2025-09-16 17:00:00,30,5,0,0,0,0.16666666666666666,659960452099.8
2025-09-16 18:00:00,36,11,0,0,0,0.3055555555555556,655827933865.1389
2025-09-16 19:00:00,37,8,0,0,0,0.21621621621621623,646862879764.2703
2025-09-16 20:00:00,24,5,0,0,0,0.20833333333333334,653569799488.9166
2025-09-16 21:00:00,24,7,0,0,0,0.2916666666666667,659722452115.8334
2025-09-16 22:00:00,31,9,0,0,0,0.2903225806451613,662981459089.7097
2025-09-16 23:00:00,29,7,0,0,0,0.2413793103448276,659688814373.3103
2025-09-17 00:00:00,23,3,1,1,0,0.13043478260869565,646352683300.0435
2025-09-17 01:00:00,28,7,0,0,0,0.25,643499775013.3214
2025-09-17 02:00:00,21,3,0,0,0,0.14285714285714285,648202995200.2858
2025-09-17 03:00:00,20,4,0,0,0,0.2,642936654876.15
2025-09-17 04:00:00,28,8,1,0,1,0.2857142857142857,642160416821.0358
2025-09-17 05:00:00,26,3,0,0,0,0.11538461538461539,635579860612.3462
2025-09-17 06:00:00,27,6,0,0,0,0.2222222222222222,624314387741.1852
2025-09-17 07:00:00,29,3,0,0,0,0.10344827586206896,617184222766.5172
2025-09-17 08:00:00,34,3,0,0,0,0.08823529411764706,611088723592.2059
2025-09-17 09:00:00,37,14,1,0,1,0.3783783783783784,602500350771.8108
2025-09-17 10:00:00,25,3,0,0,0,0.12,596541703698.76
2025-09-17 11:00:00,35,6,1,1,0,0.17142857142857143,608097008266.6
2025-09-17 12:00:00,35,7,0,0,0,0.2,611311825037.5428
2025-09-17 13:00:00,44,4,1,0,1,0.09090909090909091,611389794532.0
2025-09-17 14:00:00,31,5,0,0,0,0.16129032258064516,609612036029.1936
2025-09-17 15:00:00,26,2,0,0,0,0.07692307692307693,610613637195.2307
2025-09-17 16:00:00,25,1,1,1,0,0.04,617226808921.8
2025-09-17 17:00:00,35,6,5,1,4,0.17142857142857143,614222130705.0571
2025-09-17 18:00:00,20,2,1,1,0,0.1,605874567645.35
2025-09-17 19:00:00,52,10,6,3,3,0.19230769230769232,597065785716.3846
2025-09-17 20:00:00,12,3,3,3,0,0.25,596008436213.5834
2025-09-17 21:00:00,32,2,1,1,0,0.0625,594978993982.5938
2025-09-17 22:00:00,25,5,2,1,1,0.2,594283923275.4
2025-09-17 23:00:00,29,4,1,1,0,0.13793103448275862,593522753765.1034
2025-09-18 00:00:00,26,2,1,0,1,0.07692307692307693,585194996154.6923
2025-09-18 01:00:00,34,7,4,2,2,0.20588235294117646,580748959698.7354
2025-09-18 02:00:00,31,2,2,2,0,0.06451612903225806,586337490005.9032
2025-09-18 03:00:00,21,3,1,1,0,0.14285714285714285,586863751512.4286
2025-09-18 04:00:00,35,6,0,0,0,0.17142857142857143,588845103126.4572
2025-09-18 05:00:00,28,7,0,0,0,0.25,588288611067.4642
2025-09-18 06:00:00,30,7,0,0,0,0.23333333333333334,582541692030.6
2025-09-18 07:00:00,33,6,0,0,0,0.18181818181818182,582793924904.7576
2025-09-18 08:00:00,28,7,0,0,0,0.25,575560632986.6428
2025-09-18 09:00:00,26,4,0,0,0,0.15384615384615385,571126404056.9231
2025-09-18 10:00:00,24,5,0,0,0,0.20833333333333334,573123325424.5
2025-09-18 11:00:00,40,10,0,0,0,0.25,567822657529.9
2025-09-18 12:00:00,42,16,5,2,3,0.38095238095238093,554982692062.9286
2025-09-18 13:00:00,42,18,9,3,6,0.42857142857142855,550819631753.0238
2025-09-18 14:00:00,35,10,7,2,5,0.2857142857142857,552211396017.0
2025-09-18 15:00:00,40,14,10,4,6,0.35,555813680283.8
2025-09-18 16:00:00,34,14,6,0,6,0.4117647058823529,557432142861.5588
2025-09-18 17:00:00,39,16,12,0,12,0.41025641025641024,556128994220.4872
2025-09-18 18:00:00,35,13,7,3,4,0.37142857142857144,559965550318.2
2025-09-18 19:00:00,40,14,8,0,8,0.35,547395187261.7
2025-09-18 20:00:00,29,10,7,2,5,0.3448275862068966,557288509505.1724
2025-09-18 21:00:00,47,14,9,5,4,0.2978723404255319,558808127490.4468
2025-09-18 22:00:00,34,10,7,2,5,0.29411764705882354,562906069686.4412
2025-09-18 23:00:00,37,17,9,2,7,0.4594594594594595,557670726299.973
2025-09-19 00:00:00,44,15,11,4,7,0.3409090909090909,561132515376.3864
2025-09-19 01:00:00,36,11,7,4,3,0.3055555555555556,558502362666.2222
2025-09-19 02:00:00,47,13,8,2,6,0.2765957446808511,563174225503.5745
2025-09-19 03:00:00,37,8,6,4,2,0.21621621621621623,561513899413.7028
2025-09-19 04:00:00,43,14,9,5,4,0.32558139534883723,563470390767.6511
2025-09-19 05:00:00,38,13,8,4,4,0.34210526315789475,568755520046.6052
2025-09-19 06:00:00,32,15,10,2,8,0.46875,569034795297.6875
2025-09-19 07:00:00,49,13,8,6,2,0.2653061224489796,572764025039.3469
2025-09-19 08:00:00,32,12,1,0,1,0.375,580837727614.8438
2025-09-19 09:00:00,43,16,0,0,0,0.37209302325581395,568818937317.6976
2025-09-19 10:00:00,41,16,0,0,0,0.3902439024390244,567172299849.3903
2025-09-19 11:00:00,37,14,0,0,0,0.3783783783783784,577021304149.2972
2025-09-19 12:00:00,31,8,0,0,0,0.25806451612903225,589634149205.129
2025-09-19 13:00:00,31,9,1,0,1,0.2903225806451613,601354885233.3226
2025-09-19 14:00:00,26,4,0,0,0,0.15384615384615385,611542039550.6154
2025-09-19 15:00:00,37,8,1,0,1,0.21621621621621623,615294518364.5135
2025-09-19 16:00:00,26,7,0,0,0,0.2692307692307692,614395074523.8846
2025-09-19 17:00:00,24,5,0,0,0,0.20833333333333334,625351779048.4166
2025-09-19 18:00:00,31,6,0,0,0,0.1935483870967742,628776956291.258
2025-09-19 19:00:00,20,4,0,0,0,0.2,629079160222.05
2025-09-19 20:00:00,21,2,0,0,0,0.09523809523809523,625612320917.238
2025-09-19 21:00:00,33,4,1,0,1,0.12121212121212122,629514494809.3939
2025-09-19 22:00:00,24,8,0,0,0,0.3333333333333333,624826258437.5416
2025-09-19 23:00:00,27,5,0,0,0,0.18518518518518517,616970017694.2593
2025-09-20 00:00:00,29,7,0,0,0,0.2413793103448276,616099288256.8276
2025-09-20 01:00:00,31,6,1,0,1,0.1935483870967742,607524137702.9032
2025-09-20 02:00:00,23,4,0,0,0,0.17391304347826086,602697750178.6522
2025-09-20 03:00:00,21,4,0,0,0,0.19047619047619047,601430259112.8572
2025-09-20 04:00:00,24,2,0,0,0,0.08333333333333333,603532911840.0
2025-09-20 05:00:00,30,6,0,0,0,0.2,601965645083.8
2025-09-20 06:00:00,36,6,0,0,0,0.16666666666666666,595233457242.3611
2025-09-20 07:00:00,26,3,0,0,0,0.11538461538461539,587205459308.3077
2025-09-20 08:00:00,28,4,0,0,0,0.14285714285714285,581523194232.4286
2025-09-20 09:00:00,47,7,0,0,0,0.14893617021276595,574904276305.2128
2025-09-20 10:00:00,37,7,0,0,0,0.1891891891891892,563390150864.5405
2025-09-20 11:00:00,30,10,0,0,0,0.3333333333333333,564249520833.3
2025-09-20 12:00:00,38,14,0,0,0,0.3684210526315789,574062414843.079
2025-09-20 13:00:00,42,10,0,0,0,0.23809523809523808,572938405034.119
2025-09-20 14:00:00,40,14,0,0,0,0.35,573327727611.575
2025-09-20 15:00:00,33,8,1,0,1,0.24242424242424243,585798904481.3939
2025-09-20 16:00:00,40,13,0,0,0,0.325,595717291911.5
2025-09-20 17:00:00,33,9,3,2,1,0.2727272727272727,605658126249.8485
2025-09-20 18:00:00,38,16,0,0,0,0.42105263157894735,620275728193.2894
2025-09-20 19:00:00,37,6,0,0,0,0.16216216216216217,626144092184.7838
2025-09-20 20:00:00,36,14,0,0,0,0.3888888888888889,640960399385.6945
2025-09-20 21:00:00,35,9,1,0,1,0.2571428571428571,647117021144.5143
2025-09-20 22:00:00,37,17,0,0,0,0.4594594594594595,664188248586.4054
2025-09-20 23:00:00,32,13,1,0,1,0.40625,691015648225.75
2025-09-21 00:00:00,30,10,0,0,0,0.3333333333333333,703345485398.1666
2025-09-21 01:00:00,29,13,0,0,0,0.4482758620689655,713178825662.2069
2025-09-21 02:00:00,25,10,0,0,0,0.4,713898153561.64
2025-09-21 03:00:00,42,19,0,0,0,0.4523809523809524,723434397903.0714
2025-09-21 04:00:00,21,6,1,0,1,0.2857142857142857,729204386807.762
2025-09-21 05:00:00,37,20,0,0,0,0.5405405405405406,722372050321.5946
2025-09-21 06:00:00,25,13,1,1,0,0.52,726361353231.28
2025-09-21 07:00:00,32,8,0,0,0,0.25,730157238055.3438
2025-09-21 08:00:00,27,9,0,0,0,0.3333333333333333,737221902528.8148
2025-09-21 09:00:00,32,13,0,0,0,0.40625,731473704985.1562
2025-09-21 10:00:00,31,4,0,0,0,0.12903225806451613,725147429157.6129
2025-09-21 11:00:00,31,14,0,0,0,0.45161290322580644,720452449503.0646
2025-09-21 12:00:00,20,5,0,0,0,0.25,730703514015.1
2025-09-21 13:00:00,22,4,0,0,0,0.18181818181818182,730952198185.6818
2025-09-21 14:00:00,26,3,0,0,0,0.11538461538461539,728735271624.7693
2025-09-21 15:00:00,26,5,0,0,0,0.19230769230769232,732780697127.7693
2025-09-21 16:00:00,20,3,0,0,0,0.15,718638748870.1
2025-09-21 17:00:00,21,2,0,0,0,0.09523809523809523,707668535605.762
2025-09-21 18:00:00,22,5,0,0,0,0.22727272727272727,701105767972.1818
2025-09-21 19:00:00,20,5,0,0,0,0.25,699840310765.85
2025-09-21 20:00:00,27,5,0,0,0,0.18518518518518517,686186600412.3704
2025-09-21 21:00:00,28,4,0,0,0,0.14285714285714285,670376689537.8572
2025-09-21 22:00:00,20,3,0,0,0,0.15,657245025248.9
2025-09-21 23:00:00,27,4,1,0,1,0.14814814814814814,650541255393.4445
2025-09-22 00:00:00,28,4,0,0,0,0.14285714285714285,644804725857.7142
2025-09-22 01:00:00,30,6,0,0,0,0.2,635966714971.7667
2025-09-22 02:00:00,23,6,0,0,0,0.2608695652173913,633915219029.4348
2025-09-22 03:00:00,29,2,0,0,0,0.06896551724137931,624374505474.8276
2025-09-22 04:00:00,32,5,0,0,0,0.15625,623314962788.625
2025-09-22 05:00:00,41,6,0,0,0,0.14634146341463414,606385533524.439
2025-09-22 06:00:00,30,4,0,0,0,0.13333333333333333,605911712029.6
2025-09-22 07:00:00,38,5,0,0,0,0.13157894736842105,603966340688.5
2025-09-22 08:00:00,21,0,0,0,0,0.0,606575693951.9048
2025-09-22 09:00:00,37,3,0,0,0,0.08108108108108109,603928391120.6487
2025-09-22 10:00:00,35,8,0,0,0,0.22857142857142856,597684487068.8572
2025-09-22 11:00:00,43,6,0,0,0,0.13953488372093023,586658246945.2094
2025-09-22 12:00:00,38,7,0,0,0,0.18421052631578946,589036291918.079
2025-09-22 13:00:00,43,14,0,0,0,0.32558139534883723,604670228015.3024
2025-09-22 14:00:00,38,11,0,0,0,0.2894736842105263,613581492496.421
2025-09-22 15:00:00,30,8,0,0,0,0.26666666666666666,631069754712.3334
2025-09-22 16:00:00,30,10,0,0,0,0.3333333333333333,643300455374.6666
2025-09-22 17:00:00,25,7,0,0,0,0.28,661331914344.56
2025-09-22 18:00:00,34,6,0,0,0,0.17647058823529413,665235609745.1765
2025-09-22 19:00:00,27,7,0,0,0,0.25925925925925924,669485319120.7778
2025-09-22 20:00:00,30,11,0,0,0,0.36666666666666664,670753044216.5667
2025-09-22 21:00:00,30,5,1,0,1,0.16666666666666666,685287772996.4
2025-09-22 22:00:00,23,4,0,0,0,0.17391304347826086,677667509505.7826
2025-09-22 23:00:00,29,10,0,0,0,0.3448275862068966,690591863202.931
2025-09-23 00:00:00,27,13,0,0,0,0.48148148148148145,691953067325.5555
2025-09-23 01:00:00,21,8,0,0,0,0.38095238095238093,688398342002.8096
2025-09-23 02:00:00,31,4,0,0,0,0.12903225806451613,682563022805.9032
2025-09-23 03:00:00,35,14,0,0,0,0.4,675195877761.8286
2025-09-23 04:00:00,33,11,0,0,0,0.3333333333333333,668258762967.9697
2025-09-23 05:00:00,32,12,0,0,0,0.375,668991954477.0938
2025-09-23 06:00:00,32,9,0,0,0,0.28125,683892515378.0
2025-09-23 07:00:00,27,10,1,1,0,0.37037037037037035,683247729326.3704
2025-09-23 08:00:00,20,5,0,0,0,0.25,681067531780.5
2025-09-23 09:00:00,31,10,0,0,0,0.3225806451612903,680740700277.129
2025-09-23 10:00:00,22,5,0,0,0,0.22727272727272727,669066502895.0
2025-09-23 11:00:00,32,10,0,0,0,0.3125,665044525289.25
2025-09-23 12:00:00,27,10,0,0,0,0.37037037037037035,652796392577.6296
2025-09-23 13:00:00,33,6,0,0,0,0.18181818181818182,646746184799.7273
2025-09-23 14:00:00,43,8,0,0,0,0.18604651162790697,639288695720.1395
2025-09-23 15:00:00,29,3,0,0,0,0.10344827586206896,633421596073.0
2025-09-23 16:00:00,31,5,0,0,0,0.16129032258064516,647461739125.4839
2025-09-23 17:00:00,36,2,1,0,1,0.05555555555555555,655329641127.4722
2025-09-23 18:00:00,25,8,0,0,0,0.32,653464874839.0
2025-09-23 19:00:00,23,3,0,0,0,0.13043478260869565,652429711917.5652
2025-09-23 20:00:00,22,1,0,0,0,0.045454545454545456,652989076052.2727
2025-09-23 21:00:00,27,3,0,0,0,0.1111111111111111,655412951142.5186
2025-09-23 22:00:00,24,2,0,0,0,0.08333333333333333,656318967344.2084
2025-09-23 23:00:00,28,4,0,0,0,0.14285714285714285,646080424182.5714
2025-09-24 00:00:00,23,10,0,0,0,0.43478260869565216,644861337969.9131
2025-09-24 01:00:00,15,4,0,0,0,0.26666666666666666,641840337422.9333
2025-09-24 02:00:00,27,3,0,0,0,0.1111111111111111,643294289153.4073
2025-09-24 03:00:00,23,7,0,0,0,0.30434782608695654,638881783632.0869
2025-09-24 04:00:00,28,5,0,0,0,0.17857142857142858,618551655854.8572
2025-09-24 05:00:00,28,5,0,0,0,0.17857142857142858,605343155274.1072
2025-09-24 06:00:00,32,2,0,0,0,0.0625,598109020557.9688
2025-09-24 07:00:00,30,8,0,0,0,0.26666666666666666,588210182381.7
2025-09-24 08:00:00,31,3,0,0,0,0.0967741935483871,587127415988.129
2025-09-24 09:00:00,32,6,0,0,0,0.1875,590374388895.7812
2025-09-24 10:00:00,26,3,0,0,0,0.11538461538461539,589186976456.3077
2025-09-24 11:00:00,37,3,0,0,0,0.08108108108108109,590267984922.5676
2025-09-24 12:00:00,33,1,0,0,0,0.030303030303030304,591425139660.1212
2025-09-24 13:00:00,31,2,1,0,1,0.06451612903225806,589012137567.9354
2025-09-24 14:00:00,38,10,0,0,0,0.2631578947368421,578963868298.7632
2025-09-24 15:00:00,38,6,0,0,0,0.15789473684210525,574137901385.2368
2025-09-24 16:00:00,30,8,0,0,0,0.26666666666666666,574286224625.2667
2025-09-24 17:00:00,38,6,0,0,0,0.15789473684210525,575743288379.1842
2025-09-24 18:00:00,32,4,0,0,0,0.125,576221092086.6875
2025-09-24 19:00:00,22,3,0,0,0,0.13636363636363635,584799230921.0454
2025-09-24 20:00:00,31,4,0,0,0,0.12903225806451613,591794377843.7742
2025-09-24 21:00:00,28,3,0,0,0,0.10714285714285714,596933151803.3214
2025-09-24 22:00:00,35,9,0,0,0,0.2571428571428571,590201900947.3429
2025-09-24 23:00:00,37,5,0,0,0,0.13513513513513514,603229346676.4595
2025-09-25 00:00:00,41,8,0,0,0,0.1951219512195122,608859930003.1951
2025-09-25 01:00:00,33,6,0,0,0,0.18181818181818182,626436651606.6364
2025-09-25 02:00:00,29,4,0,0,0,0.13793103448275862,633058595126.0344
2025-09-25 03:00:00,22,6,0,0,0,0.2727272727272727,639637060780.7273
2025-09-25 04:00:00,29,6,0,0,0,0.20689655172413793,645182004125.2413
2025-09-25 05:00:00,45,4,0,0,0,0.08888888888888889,643751742013.7778
2025-09-25 06:00:00,16,3,0,0,0,0.1875,638413866249.125
2025-09-25 07:00:00,43,5,0,0,0,0.11627906976744186,641419761329.186
2025-09-25 08:00:00,36,1,0,0,0,0.027777777777777776,646910835132.3334
2025-09-25 09:00:00,29,4,0,0,0,0.13793103448275862,651930182232.4482
2025-09-25 10:00:00,34,5,0,0,0,0.14705882352941177,661945156743.9117
2025-09-25 11:00:00,30,3,0,0,0,0.1,662796677853.4667
2025-09-25 12:00:00,37,10,0,0,0,0.2702702702702703,662657210202.7297
2025-09-25 13:00:00,21,4,0,0,0,0.19047619047619047,666158115939.619
2025-09-25 14:00:00,31,8,0,0,0,0.25806451612903225,665223804530.5161
2025-09-25 15:00:00,31,8,0,0,0,0.25806451612903225,667877338536.9678
2025-09-25 16:00:00,32,7,0,0,0,0.21875,663884032502.5625
2025-09-25 17:00:00,29,7,0,0,0,0.2413793103448276,675444106387.2069
2025-09-25 18:00:00,34,7,0,0,0,0.20588235294117646,681734655158.3823
2025-09-25 19:00:00,27,6,0,0,0,0.2222222222222222,692189305251.2963
2025-09-25 20:00:00,27,8,0,0,0,0.2962962962962963,685369234580.3334
2025-09-25 21:00:00,28,13,0,0,0,0.4642857142857143,685291329103.7858
2025-09-25 22:00:00,31,8,0,0,0,0.25806451612903225,683228697076.742
2025-09-25 23:00:00,20,6,0,0,0,0.3,678064381927.45
2025-09-26 00:00:00,32,11,0,0,0,0.34375,670487649311.2188
2025-09-26 01:00:00,35,13,0,0,0,0.37142857142857144,675811496813.1714
2025-09-26 02:00:00,37,12,0,0,0,0.32432432432432434,678598065072.8649
2025-09-26 03:00:00,20,3,0,0,0,0.15,674892100248.5
2025-09-26 04:00:00,25,6,0,0,0,0.24,674812187857.6
2025-09-26 05:00:00,30,11,0,0,0,0.36666666666666664,688880386737.4333
2025-09-26 06:00:00,28,6,0,0,0,0.21428571428571427,675138858493.8928
2025-09-26 07:00:00,26,7,0,0,0,0.2692307692307692,661295441144.6154
2025-09-26 08:00:00,29,7,0,0,0,0.2413793103448276,662061971678.862
2025-09-26 09:00:00,43,10,0,0,0,0.23255813953488372,656449414202.0233
2025-09-26 10:00:00,34,12,0,0,0,0.35294117647058826,653443588729.1765
2025-09-26 11:00:00,38,13,0,0,0,0.34210526315789475,654622102452.8948
2025-09-26 12:00:00,26,3,0,0,0,0.11538461538461539,673130220731.6923
2025-09-26 13:00:00,31,3,0,0,0,0.0967741935483871,673483681662.6774
2025-09-26 14:00:00,34,4,0,0,0,0.11764705882352941,676448845467.5588
2025-09-26 15:00:00,28,3,0,0,0,0.10714285714285714,670381012717.7858
2025-09-26 16:00:00,21,2,0,0,0,0.09523809523809523,673710942693.762
2025-09-26 17:00:00,22,1,0,0,0,0.045454545454545456,675035725763.0454
2025-09-26 18:00:00,21,4,0,0,0,0.19047619047619047,671650832181.4762
2025-09-26 19:00:00,28,3,0,0,0,0.10714285714285714,671207425739.75
2025-09-26 20:00:00,32,3,0,0,0,0.09375,662590146319.875
2025-09-26 21:00:00,23,6,0,0,0,0.2608695652173913,657490120125.6086
2025-09-26 22:00:00,17,3,0,0,0,0.17647058823529413,647747533950.4706
2025-09-26 23:00:00,21,1,0,0,0,0.047619047619047616,655640566256.762
2025-09-27 00:00:00,18,4,0,0,0,0.2222222222222222,655887150568.6666
2025-09-27 01:00:00,18,3,0,0,0,0.16666666666666666,655624800816.4445
2025-09-27 02:00:00,35,4,0,0,0,0.11428571428571428,634033819547.1714
2025-09-27 03:00:00,29,3,0,0,0,0.10344827586206896,609264323921.1034
2025-09-27 04:00:00,28,4,0,0,0,0.14285714285714285,598910104282.7142
2025-09-27 05:00:00,30,7,0,0,0,0.23333333333333334,607473926849.7333
2025-09-27 06:00:00,25,3,0,0,0,0.12,600340377813.12
2025-09-27 07:00:00,29,7,0,0,0,0.2413793103448276,598383990082.6207
2025-09-27 08:00:00,26,1,0,0,0,0.038461538461538464,598866383907.3077
2025-09-27 09:00:00,29,2,0,0,0,0.06896551724137931,594298295466.7931
2025-09-27 10:00:00,26,4,0,0,0,0.15384615384615385,584540831045.4231
2025-09-27 11:00:00,42,7,0,0,0,0.16666666666666666,569569162557.262
2025-09-27 12:00:00,32,7,1,0,1,0.21875,560624489391.875
2025-09-27 13:00:00,42,9,0,0,0,0.21428571428571427,559875698252.9762
2025-09-27 14:00:00,33,11,0,0,0,0.3333333333333333,556325875641.0605
2025-09-27 15:00:00,31,8,0,0,0,0.25806451612903225,554377912807.6774
2025-09-27 16:00:00,28,6,0,0,0,0.21428571428571427,556360065891.2858
2025-09-27 17:00:00,39,12,0,0,0,0.3076923076923077,563592282972.359
2025-09-27 18:00:00,32,13,0,0,0,0.40625,566358982326.1562
2025-09-27 19:00:00,27,8,0,0,0,0.2962962962962963,566419896693.4073
2025-09-27 20:00:00,47,14,0,0,0,0.2978723404255319,566260613781.4894
2025-09-27 21:00:00,32,4,0,0,0,0.125,578940357481.7812
2025-09-27 22:00:00,35,10,0,0,0,0.2857142857142857,596599555274.2858
2025-09-27 23:00:00,36,11,0,0,0,0.3055555555555556,611297885519.3611
2025-09-28 00:00:00,28,5,0,0,0,0.17857142857142858,616859123184.6428
2025-09-28 01:00:00,28,7,0,0,0,0.25,622831985330.8572
2025-09-28 02:00:00,40,14,0,0,0,0.35,631781183297.625
2025-09-28 03:00:00,36,8,0,0,0,0.2222222222222222,629486683095.4445
2025-09-28 04:00:00,35,8,0,0,0,0.22857142857142856,641808800093.5714
2025-09-28 05:00:00,36,11,0,0,0,0.3055555555555556,657619816639.1389
2025-09-28 06:00:00,21,4,0,0,0,0.19047619047619047,663197213376.238
2025-09-28 07:00:00,32,6,0,0,0,0.1875,666860865856.7812
2025-09-28 08:00:00,32,6,0,0,0,0.1875,674789267214.4688
2025-09-28 09:00:00,39,8,0,0,0,0.20512820512820512,668763312855.0769
2025-09-28 10:00:00,38,9,0,0,0,0.23684210526315788,665330251686.6316
2025-09-28 11:00:00,40,11,0,0,0,0.275,677669212080.55
2025-09-28 12:00:00,36,5,0,0,0,0.1388888888888889,697299148198.3334
2025-09-28 13:00:00,23,1,0,0,0,0.043478260869565216,703819622713.6957
2025-09-28 14:00:00,22,5,0,0,0,0.22727272727272727,716658894528.8636
2025-09-28 15:00:00,25,1,0,0,0,0.04,728792388351.24
2025-09-28 16:00:00,31,5,0,0,0,0.16129032258064516,733628932025.3549
2025-09-28 17:00:00,26,6,0,0,0,0.23076923076923078,723142576129.0385
2025-09-28 18:00:00,22,7,0,0,0,0.3181818181818182,710305103967.0
2025-09-28 19:00:00,26,2,0,0,0,0.07692307692307693,706669052539.1154
2025-09-28 20:00:00,26,1,0,0,0,0.038461538461538464,705733208276.8462
2025-09-28 21:00:00,24,5,0,0,0,0.20833333333333334,697596569945.1666
2025-09-28 22:00:00,20,2,0,0,0,0.1,692692179580.3
2025-09-28 23:00:00,23,4,0,0,0,0.17391304347826086,695424011917.0
2025-09-29 00:00:00,21,2,0,0,0,0.09523809523809523,700085155789.619
2025-09-29 01:00:00,21,3,0,0,0,0.14285714285714285,692253201385.9048
2025-09-29 02:00:00,25,2,0,0,0,0.08,673436646640.12
2025-09-29 03:00:00,29,5,0,0,0,0.1724137931034483,663474449731.2759
2025-09-29 04:00:00,34,9,0,0,0,0.2647058823529412,651104255812.5294
2025-09-29 05:00:00,23,3,0,0,0,0.13043478260869565,637053566311.8695
2025-09-29 06:00:00,27,3,0,0,0,0.1111111111111111,632339052982.7778
2025-09-29 07:00:00,37,9,0,0,0,0.24324324324324326,639111367109.2703
2025-09-29 08:00:00,34,5,0,0,0,0.14705882352941177,634213104652.9706
2025-09-29 09:00:00,22,2,0,0,0,0.09090909090909091,623708511972.8636
2025-09-29 10:00:00,39,2,0,0,0,0.05128205128205128,623163968970.7179
2025-09-29 11:00:00,33,4,0,0,0,0.12121212121212122,617268547486.9395
2025-09-29 12:00:00,32,6,0,0,0,0.1875,603014340011.8438
2025-09-29 13:00:00,36,8,0,0,0,0.2222222222222222,599980728313.1111
2025-09-29 14:00:00,38,7,0,0,0,0.18421052631578946,601296049211.2368
2025-09-29 15:00:00,41,14,0,0,0,0.34146341463414637,610195281762.4147
2025-09-29 16:00:00,33,7,1,0,1,0.21212121212121213,612568726722.303
2025-09-29 17:00:00,32,10,0,0,0,0.3125,617637298777.875
2025-09-29 18:00:00,34,9,0,0,0,0.2647058823529412,626313341940.2059
2025-09-29 19:00:00,31,5,0,0,0,0.16129032258064516,628666141056.4517
2025-09-29 20:00:00,29,5,0,0,0,0.1724137931034483,635833512319.5172
2025-09-29 21:00:00,27,5,1,0,1,0.18518518518518517,650624716746.4445
2025-09-29 22:00:00,26,4,0,0,0,0.15384615384615385,657227731163.8846
2025-09-29 23:00:00,17,4,0,0,0,0.23529411764705882,667154820775.6471
2025-09-30 00:00:00,23,6,0,0,0,0.2608695652173913,670566126408.9565
2025-09-30 01:00:00,30,5,0,0,0,0.16666666666666666,669384108744.1333
2025-09-30 02:00:00,31,8,0,0,0,0.25806451612903225,654045173349.6774
2025-09-30 03:00:00,30,6,0,0,0,0.2,644690405003.7333
2025-09-30 04:00:00,33,6,0,0,0,0.18181818181818182,650456825633.6061
2025-09-30 05:00:00,32,6,0,0,0,0.1875,648728636946.3125
2025-09-30 06:00:00,26,6,0,0,0,0.23076923076923078,643852402991.8846
2025-09-30 07:00:00,30,10,0,0,0,0.3333333333333333,651178612797.3667
2025-09-30 08:00:00,34,8,0,0,0,0.23529411764705882,654522222397.3235
2025-09-30 09:00:00,27,6,0,0,0,0.2222222222222222,641351560837.1111
2025-09-30 10:00:00,40,12,0,0,0,0.3,645433383763.55
2025-09-30 11:00:00,26,6,0,0,0,0.23076923076923078,646031158071.2693
2025-09-30 12:00:00,32,5,0,0,0,0.15625,641111757057.8125
2025-09-30 13:00:00,27,2,0,0,0,0.07407407407407407,641218952042.5186
2025-09-30 14:00:00,25,4,0,0,0,0.16,634328572112.64
2025-09-30 15:00:00,25,4,0,0,0,0.16,638964789247.52
2025-09-30 16:00:00,27,3,0,0,0,0.1111111111111111,633325389828.8518
2025-09-30 17:00:00,22,5,0,0,0,0.22727272727272727,631513224174.0
2025-09-30 18:00:00,28,3,0,0,0,0.10714285714285714,615797433413.0358
2025-09-30 19:00:00,33,5,0,0,0,0.15151515151515152,615223058165.2424
2025-09-30 20:00:00,25,3,0,0,0,0.12,606306450145.8
2025-09-30 21:00:00,32,5,0,0,0,0.15625,602786374055.1562
2025-09-30 22:00:00,35,3,0,0,0,0.08571428571428572,610348525960.8
2025-09-30 23:00:00,21,2,0,0,0,0.09523809523809523,620417888155.4762
2025-10-01 00:00:00,21,5,0,0,0,0.23809523809523808,622746314045.619
2025-10-01 01:00:00,26,4,0,0,0,0.15384615384615385,623535279176.5769
2025-10-01 02:00:00,23,2,0,0,0,0.08695652173913043,619473568580.6957
2025-10-01 03:00:00,34,5,0,0,0,0.14705882352941177,610293238196.6471
2025-10-01 04:00:00,27,7,0,0,0,0.25925925925925924,599181842635.5927
2025-10-01 05:00:00,36,7,0,0,0,0.19444444444444445,588246987427.8611
2025-10-01 06:00:00,25,0,0,0,0,0.0,590510437495.52
2025-10-01 07:00:00,31,4,0,0,0,0.12903225806451613,587618180541.4517
2025-10-01 08:00:00,36,3,0,0,0,0.08333333333333333,585205120586.3055
2025-10-01 09:00:00,38,6,0,0,0,0.15789473684210525,581438251966.0526
2025-10-01 10:00:00,33,5,0,0,0,0.15151515151515152,577835879684.0
2025-10-01 11:00:00,35,2,0,0,0,0.05714285714285714,576184129128.4286
2025-10-01 12:00:00,31,5,0,0,0,0.16129032258064516,579453297636.3549
2025-10-01 13:00:00,16,1,0,0,0,0.0625,580468357100.9375
2025-10-01 14:00:00,22,6,0,0,0,0.2727272727272727,584311511127.4546
2025-10-01 15:00:00,24,4,0,0,0,0.16666666666666666,591673907989.1666
2025-10-01 16:00:00,22,1,0,0,0,0.045454545454545456,592000350485.6364
2025-10-01 17:00:00,34,6,0,0,0,0.17647058823529413,581475491370.5294
2025-10-01 18:00:00,34,5,0,0,0,0.14705882352941177,574914199272.7646
2025-10-01 19:00:00,27,5,0,0,0,0.18518518518518517,563032149854.1111
2025-10-01 20:00:00,23,2,0,0,0,0.08695652173913043,564466404977.0869
2025-10-01 21:00:00,33,4,0,0,0,0.12121212121212122,567331065642.6061
2025-10-01 22:00:00,31,2,0,0,0,0.06451612903225806,562191962704.8064
2025-10-01 23:00:00,30,10,0,0,0,0.3333333333333333,558583334491.8667
2025-10-02 00:00:00,30,4,0,0,0,0.13333333333333333,566738219724.0333
2025-10-02 01:00:00,24,3,0,0,0,0.125,571956130418.0
2025-10-02 02:00:00,34,8,0,0,0,0.23529411764705882,570985485922.1471
2025-10-02 03:00:00,33,6,0,0,0,0.18181818181818182,569335960267.1212
2025-10-02 04:00:00,23,3,0,0,0,0.13043478260869565,561770771987.826
2025-10-02 05:00:00,22,1,0,0,0,0.045454545454545456,559753935086.8636
2025-10-02 06:00:00,30,3,0,0,0,0.1,562559675314.5
2025-10-02 07:00:00,25,4,0,0,0,0.16,559214650954.32
2025-10-02 08:00:00,37,8,0,0,0,0.21621621621621623,547461664779.7838
2025-10-02 09:00:00,41,6,0,0,0,0.14634146341463414,534539170656.2439
2025-10-02 10:00:00,20,0,0,0,0,0.0,529871548311.2
2025-10-02 11:00:00,29,2,0,0,0,0.06896551724137931,532516626788.7586
2025-10-02 12:00:00,41,8,0,0,0,0.1951219512195122,534717308640.09753
2025-10-02 13:00:00,40,6,0,0,0,0.15,539429083065.575
2025-10-02 14:00:00,38,13,0,0,0,0.34210526315789475,550896436151.0
2025-10-02 15:00:00,37,5,0,0,0,0.13513513513513514,562740097697.6487
2025-10-02 16:00:00,29,4,0,0,0,0.13793103448275862,562222290070.8276
2025-10-02 17:00:00,44,13,1,1,0,0.29545454545454547,570434551552.75
2025-10-02 18:00:00,40,16,0,0,0,0.4,581234674188.325
2025-10-02 19:00:00,36,10,0,0,0,0.2777777777777778,582617188739.2778
2025-10-02 20:00:00,25,4,0,0,0,0.16,591682308340.4
2025-10-02 21:00:00,27,8,0,0,0,0.2962962962962963,602371466375.8518
2025-10-02 22:00:00,27,7,0,0,0,0.25925925925925924,614458832008.8148
2025-10-02 23:00:00,29,8,0,0,0,0.27586206896551724,610033335401.3793
2025-10-03 00:00:00,36,9,0,0,0,0.25,606003100467.8611
2025-10-03 01:00:00,35,12,0,0,0,0.34285714285714286,608286799567.6571
2025-10-03 02:00:00,31,9,0,0,0,0.2903225806451613,622130699340.129
2025-10-03 03:00:00,26,6,0,0,0,0.23076923076923078,632919854215.5
2025-10-03 04:00:00,23,6,0,0,0,0.2608695652173913,641046837388.2174
2025-10-03 05:00:00,37,20,0,0,0,0.5405405405405406,640098482891.2433
2025-10-03 06:00:00,30,6,0,0,0,0.2,630622111737.0333
2025-10-03 07:00:00,31,7,0,0,0,0.22580645161290322,635933620634.1936
2025-10-03 08:00:00,43,14,0,0,0,0.32558139534883723,649444403307.0233
2025-10-03 09:00:00,30,6,0,0,0,0.2,648493764903.2
2025-10-03 10:00:00,27,4,0,0,0,0.14814814814814814,649223126385.037
2025-10-03 11:00:00,38,10,0,0,0,0.2631578947368421,659645327938.7106
2025-10-03 12:00:00,23,3,0,0,0,0.13043478260869565,653289134598.1305
2025-10-03 13:00:00,23,3,0,0,0,0.13043478260869565,652484337008.3914
2025-10-03 14:00:00,27,6,0,0,0,0.2222222222222222,658644323023.8148
2025-10-03 15:00:00,27,5,0,0,0,0.18518518518518517,659101885132.9259
2025-10-03 16:00:00,31,5,1,0,1,0.16129032258064516,643104076356.7742
2025-10-03 17:00:00,25,4,0,0,0,0.16,632779117849.36
2025-10-03 18:00:00,25,5,0,0,0,0.2,625312667264.28
2025-10-03 19:00:00,34,9,0,0,0,0.2647058823529412,634693157402.5883
2025-10-03 20:00:00,28,4,0,0,0,0.14285714285714285,633226898619.9286
2025-10-03 21:00:00,33,5,0,0,0,0.15151515151515152,635070633943.2424
2025-10-03 22:00:00,31,7,0,0,0,0.22580645161290322,635796851271.0646
2025-10-03 23:00:00,25,4,0,0,0,0.16,634551632048.08
2025-10-04 00:00:00,16,1,0,0,0,0.0625,634671698233.3125
2025-10-04 01:00:00,21,3,0,0,0,0.14285714285714285,633681910409.7142
2025-10-04 02:00:00,25,4,0,0,0,0.16,631969302463.92
2025-10-04 03:00:00,27,6,0,0,0,0.2222222222222222,628448605874.6666
2025-10-04 04:00:00,29,6,0,0,0,0.20689655172413793,615388779797.2069
2025-10-04 05:00:00,18,1,0,0,0,0.05555555555555555,611787892438.1111
2025-10-04 06:00:00,26,4,0,0,0,0.15384615384615385,603640936923.5769
2025-10-04 07:00:00,19,3,0,0,0,0.15789473684210525,598990115355.2632
2025-10-04 08:00:00,26,4,0,0,0,0.15384615384615385,593861384155.5769
2025-10-04 09:00:00,33,3,0,0,0,0.09090909090909091,578185302069.0605
2025-10-04 10:00:00,29,4,0,0,0,0.13793103448275862,559356367976.5862
2025-10-04 11:00:00,27,8,0,0,0,0.2962962962962963,555210872123.3704
2025-10-04 12:00:00,39,9,0,0,0,0.23076923076923078,553839193764.4359
2025-10-04 13:00:00,39,8,0,0,0,0.20512820512820512,543661475507.35895
2025-10-04 14:00:00,40,12,0,0,0,0.3,547476621191.7
2025-10-04 15:00:00,37,8,1,1,0,0.21621621621621623,554352271370.9459
2025-10-04 16:00:00,51,15,0,0,0,0.29411764705882354,557306044736.902
2025-10-04 17:00:00,31,9,0,0,0,0.2903225806451613,565408143681.8387
2025-10-04 18:00:00,37,14,1,0,1,0.3783783783783784,573480048326.7567
2025-10-04 19:00:00,29,4,0,0,0,0.13793103448275862,577985880695.3103
2025-10-04 20:00:00,30,10,0,0,0,0.3333333333333333,578397629014.3334
2025-10-04 21:00:00,33,7,0,0,0,0.21212121212121213,575585683817.5758
2025-10-04 22:00:00,40,12,0,0,0,0.3,584429440955.65
2025-10-04 23:00:00,35,9,0,0,0,0.2571428571428571,597152372650.9429
2025-10-05 00:00:00,25,4,0,0,0,0.16,602454277532.2
2025-10-05 01:00:00,35,12,0,0,0,0.34285714285714286,616455534112.3143
2025-10-05 02:00:00,37,18,1,1,0,0.4864864864864865,631872324480.2703
2025-10-05 03:00:00,29,9,0,0,0,0.3103448275862069,640611001184.2759
2025-10-05 04:00:00,20,5,0,0,0,0.25,654952337977.95
2025-10-05 05:00:00,22,8,1,1,0,0.36363636363636365,658540521815.6818
2025-10-05 06:00:00,21,7,0,0,0,0.3333333333333333,661190669951.2858
2025-10-05 07:00:00,18,3,0,0,0,0.16666666666666666,661178036230.5555
2025-10-05 08:00:00,21,7,0,0,0,0.3333333333333333,659037969897.0952
2025-10-05 09:00:00,36,11,0,0,0,0.3055555555555556,653118899119.9722
2025-10-05 10:00:00,33,6,0,0,0,0.18181818181818182,631718278174.0605
2025-10-05 11:00:00,34,7,0,0,0,0.20588235294117646,618065320185.6765
2025-10-05 12:00:00,30,4,0,0,0,0.13333333333333333,622358034485.2
2025-10-05 13:00:00,30,3,0,0,0,0.1,620951253234.1666
2025-10-05 14:00:00,23,3,0,0,0,0.13043478260869565,621419455820.6086
2025-10-05 15:00:00,39,6,0,0,0,0.15384615384615385,610383235572.6154
2025-10-05 16:00:00,31,3,0,0,0,0.0967741935483871,607112451225.6774
2025-10-05 17:00:00,26,5,0,0,0,0.19230769230769232,600981259332.6923
2025-10-05 18:00:00,34,5,0,0,0,0.14705882352941177,608397119453.3529
2025-10-05 19:00:00,33,4,0,0,0,0.12121212121212122,611785433676.7576
2025-10-05 20:00:00,15,1,0,0,0,0.06666666666666667,608337688898.8
2025-10-05 21:00:00,29,0,0,0,0,0.0,609762931102.5518
2025-10-05 22:00:00,25,0,0,0,0,0.0,608575563710.56
2025-10-05 23:00:00,31,3,1,0,1,0.0967741935483871,592916524198.5807
2025-10-06 00:00:00,21,4,3,1,2,0.19047619047619047,588129323122.8572
2025-10-06 01:00:00,32,6,4,3,1,0.1875,586838785958.25
2025-10-06 02:00:00,31,5,4,3,1,0.16129032258064516,582082994703.3871
2025-10-06 03:00:00,29,3,2,2,0,0.10344827586206896,570802793939.3793
2025-10-06 04:00:00,32,2,1,0,1,0.0625,564063106419.4375
2025-10-06 05:00:00,32,2,1,0,1,0.0625,566684215632.5312
2025-10-06 06:00:00,41,9,6,1,5,0.21951219512195122,572291854789.9512
2025-10-06 07:00:00,27,6,2,1,1,0.2222222222222222,580695525240.2222
2025-10-06 08:00:00,28,5,3,2,1,0.17857142857142858,584414243957.6072
2025-10-06 09:00:00,29,4,2,1,1,0.13793103448275862,577564813455.4138
2025-10-06 10:00:00,21,3,2,1,1,0.14285714285714285,575633556314.5714
2025-10-06 11:00:00,35,6,5,2,3,0.17142857142857143,562407015705.3429
2025-10-06 12:00:00,33,6,5,3,2,0.18181818181818182,555353339887.091
2025-10-06 13:00:00,43,11,5,2,3,0.2558139534883721,546725217041.23254
2025-10-06 14:00:00,31,4,3,2,1,0.12903225806451613,543443034691.0645
2025-10-06 15:00:00,40,8,6,4,2,0.2,538426679437.725
2025-10-06 16:00:00,30,7,4,1,3,0.23333333333333334,538759232799.06665
2025-10-06 17:00:00,40,10,7,5,2,0.25,536635835371.95
2025-10-06 18:00:00,42,13,10,7,3,0.30952380952380953,535115471535.619
2025-10-06 19:00:00,31,7,5,3,2,0.22580645161290322,526498098395.0323
2025-10-06 20:00:00,38,10,7,5,2,0.2631578947368421,530682341662.1053
2025-10-06 21:00:00,25,6,5,3,2,0.24,534121921926.36
2025-10-06 22:00:00,31,10,8,4,4,0.3225806451612903,532063599745.129
2025-10-06 23:00:00,34,15,9,3,6,0.4411764705882353,532959087819.17645
2025-10-07 00:00:00,34,10,7,5,2,0.29411764705882354,532622218799.7059
2025-10-07 01:00:00,32,7,5,3,2,0.21875,526503564632.125
2025-10-07 02:00:00,32,13,9,3,6,0.40625,522425547410.65625
2025-10-07 03:00:00,30,11,7,1,6,0.36666666666666664,523683241646.0333
2025-10-07 04:00:00,33,8,5,1,4,0.24242424242424243,519032865791.3939
2025-10-07 05:00:00,38,12,7,2,5,0.3157894736842105,508622403713.5526
2025-10-07 06:00:00,49,15,10,4,6,0.30612244897959184,502048300383.4286
2025-10-07 07:00:00,43,14,8,3,5,0.32558139534883723,493515098777.8605
2025-10-07 08:00:00,39,14,8,1,7,0.358974358974359,497701861488.28204
2025-10-07 09:00:00,38,11,7,2,5,0.2894736842105263,503194861761.2895
2025-10-07 10:00:00,40,9,8,7,1,0.225,509346754787.6
2025-10-07 11:00:00,37,9,7,5,2,0.24324324324324326,506895901290.1081
2025-10-07 12:00:00,33,4,4,2,2,0.12121212121212122,506452418788.8485
2025-10-07 13:00:00,37,10,0,0,0,0.2702702702702703,500556800450.2432
2025-10-07 14:00:00,43,6,0,0,0,0.13953488372093023,500961241193.1395
2025-10-07 15:00:00,32,6,0,0,0,0.1875,499778454077.46875
2025-10-07 16:00:00,31,6,0,0,0,0.1935483870967742,501599149364.25806
2025-10-07 17:00:00,27,7,0,0,0,0.25925925925925924,507516877136.0741
2025-10-07 18:00:00,38,9,0,0,0,0.23684210526315788,509110159837.4211
2025-10-07 19:00:00,32,4,0,0,0,0.125,508366947872.59375
2025-10-07 20:00:00,42,9,1,0,1,0.21428571428571427,520960952952.6667
2025-10-07 21:00:00,31,6,0,0,0,0.1935483870967742,529925916383.5161
2025-10-07 22:00:00,30,7,0,0,0,0.23333333333333334,535194215315.36664
2025-10-07 23:00:00,30,4,0,0,0,0.13333333333333333,550112345586.2667
2025-10-08 00:00:00,26,5,0,0,0,0.19230769230769232,556781620119.4231
2025-10-08 01:00:00,38,9,0,0,0,0.23684210526315788,561973678284.1316
2025-10-08 02:00:00,43,4,0,0,0,0.09302325581395349,561931865003.6976
2025-10-08 03:00:00,27,6,0,0,0,0.2222222222222222,562556900777.6296
2025-10-08 04:00:00,27,3,0,0,0,0.1111111111111111,564558562094.2963
2025-10-08 05:00:00,31,6,0,0,0,0.1935483870967742,577661332542.7097
2025-10-08 06:00:00,25,7,0,0,0,0.28,582258496567.28
2025-10-08 07:00:00,28,4,0,0,0,0.14285714285714285,578562054703.0714
2025-10-08 08:00:00,26,7,0,0,0,0.2692307692307692,578943842476.2693
2025-10-08 09:00:00,32,5,0,0,0,0.15625,577213284924.8438
2025-10-08 10:00:00,27,4,0,0,0,0.14814814814814814,580113461557.5186
2025-10-08 11:00:00,40,7,0,0,0,0.175,573719264122.625
2025-10-08 12:00:00,29,2,0,0,0,0.06896551724137931,568282086065.7241
2025-10-08 13:00:00,20,3,0,0,0,0.15,569272354262.05
2025-10-08 14:00:00,35,4,0,0,0,0.11428571428571428,577187056525.6285
2025-10-08 15:00:00,30,5,0,0,0,0.16666666666666666,584093970762.7
2025-10-08 16:00:00,33,6,0,0,0,0.18181818181818182,570104153624.1212
2025-10-08 17:00:00,22,6,0,0,0,0.2727272727272727,574100300223.6364
2025-10-08 18:00:00,31,6,0,0,0,0.1935483870967742,576849243152.9354
2025-10-08 19:00:00,34,5,0,0,0,0.14705882352941177,572331165025.8235
2025-10-08 20:00:00,24,5,0,0,0,0.20833333333333334,568476608991.6666
2025-10-08 21:00:00,26,4,0,0,0,0.15384615384615385,569533866852.5385
2025-10-08 22:00:00,22,6,0,0,0,0.2727272727272727,578511580334.3182
2025-10-08 23:00:00,30,5,0,0,0,0.16666666666666666,578469476107.9
2025-10-09 00:00:00,29,12,0,0,0,0.41379310344827586,569489311873.3103
2025-10-09 01:00:00,20,7,0,0,0,0.35,557517326539.9
2025-10-09 02:00:00,21,1,0,0,0,0.047619047619047616,552397517807.3334
2025-10-09 03:00:00,34,3,0,0,0,0.08823529411764706,547676563313.67645
2025-10-09 04:00:00,30,7,0,0,0,0.23333333333333334,545366794483.2
2025-10-09 05:00:00,33,8,0,0,0,0.24242424242424243,534577144452.48486
2025-10-09 06:00:00,23,1,0,0,0,0.043478260869565216,539672405057.8261
2025-10-09 07:00:00,37,6,0,0,0,0.16216216216216217,537355909639.0541
2025-10-09 08:00:00,39,5,0,0,0,0.1282051282051282,539065456610.3077
2025-10-09 09:00:00,27,2,0,0,0,0.07407407407407407,536277429526.03705
2025-10-09 10:00:00,39,8,0,0,0,0.20512820512820512,539817653272.6923
2025-10-09 11:00:00,25,8,0,0,0,0.32,535369592772.72
2025-10-09 12:00:00,34,10,0,0,0,0.29411764705882354,537840601167.94116
2025-10-09 13:00:00,42,12,0,0,0,0.2857142857142857,544146133191.4286
2025-10-09 14:00:00,46,8,0,0,0,0.17391304347826086,536882095701.73914
2025-10-09 15:00:00,37,12,0,0,0,0.32432432432432434,547946439737.6486
2025-10-09 16:00:00,51,21,0,0,0,0.4117647058823529,559430819136.6078
2025-10-09 17:00:00,38,6,0,0,0,0.15789473684210525,564760624684.8684
2025-10-09 18:00:00,37,14,0,0,0,0.3783783783783784,588704413465.5946
2025-10-09 19:00:00,36,6,0,0,0,0.16666666666666666,610278704262.8889
2025-10-09 20:00:00,42,13,0,0,0,0.30952380952380953,616859406438.5476
2025-10-09 21:00:00,22,8,0,0,0,0.36363636363636365,639380123933.6364
2025-10-09 22:00:00,30,7,0,0,0,0.23333333333333334,660458317685.8334
2025-10-09 23:00:00,34,15,0,0,0,0.4411764705882353,664719334965.1471
2025-10-10 00:00:00,27,8,0,0,0,0.2962962962962963,670738964798.3704
2025-10-10 01:00:00,27,8,0,0,0,0.2962962962962963,674311898091.3334
2025-10-10 02:00:00,23,8,0,0,0,0.34782608695652173,689317518340.9131
2025-10-10 03:00:00,25,12,0,0,0,0.48,682058198046.56
2025-10-10 04:00:00,32,5,0,0,0,0.15625,683756277698.2188
2025-10-10 05:00:00,23,6,0,0,0,0.2608695652173913,683391779629.3478
2025-10-10 06:00:00,20,6,0,0,0,0.3,683892038888.4
2025-10-10 07:00:00,34,6,0,0,0,0.17647058823529413,676352123964.1471
2025-10-10 08:00:00,30,8,0,0,0,0.26666666666666666,688268288711.2667
2025-10-10 09:00:00,22,3,1,0,1,0.13636363636363635,679005166247.7273
2025-10-10 10:00:00,29,5,0,0,0,0.1724137931034483,678099904133.1724
2025-10-10 11:00:00,27,6,0,0,0,0.2222222222222222,671987252782.4814
2025-10-10 12:00:00,30,5,0,0,0,0.16666666666666666,662323685459.5667
2025-10-10 13:00:00,32,0,0,0,0,0.0,659533255736.8438
2025-10-10 14:00:00,26,4,0,0,0,0.15384615384615385,650732175862.5769
2025-10-10 15:00:00,37,4,0,0,0,0.10810810810810811,641742151484.8108
2025-10-10 16:00:00,31,2,0,0,0,0.06451612903225806,638284261538.7742
2025-10-10 17:00:00,28,7,0,0,0,0.25,637804900555.1428
2025-10-10 18:00:00,30,5,0,0,0,0.16666666666666666,636974282961.9667
2025-10-10 19:00:00,30,2,0,0,0,0.06666666666666667,633193276712.9667
2025-10-10 20:00:00,27,3,0,0,0,0.1111111111111111,629561359440.037
2025-10-10 21:00:00,25,5,0,0,0,0.2,628584568493.72
2025-10-10 22:00:00,37,3,0,0,0,0.08108108108108109,631212921189.081
2025-10-10 23:00:00,28,5,0,0,0,0.17857142857142858,620665345849.3928
2025-10-11 00:00:00,32,7,0,0,0,0.21875,620174473427.0938
2025-10-11 01:00:00,30,6,0,0,0,0.2,620774153643.7
2025-10-11 02:00:00,29,1,0,0,0,0.034482758620689655,624222167999.5862
2025-10-11 03:00:00,15,3,0,0,0,0.2,630553377163.4667
2025-10-11 04:00:00,34,3,0,0,0,0.08823529411764706,628171413117.0294
2025-10-11 05:00:00,35,6,0,0,0,0.17142857142857143,628015634317.4286
2025-10-11 06:00:00,24,3,0,0,0,0.125,622984084487.0834
2025-10-11 07:00:00,24,3,0,0,0,0.125,619829935207.0
2025-10-11 08:00:00,30,3,0,0,0,0.1,620282809518.7
2025-10-11 09:00:00,24,6,0,0,0,0.25,623242588375.9584
2025-10-11 10:00:00,22,0,0,0,0,0.0,620503621029.3182
2025-10-11 11:00:00,25,2,0,0,0,0.08,618911861546.96
2025-10-11 12:00:00,28,6,0,0,0,0.21428571428571427,613650087227.9286
2025-10-11 13:00:00,33,3,0,0,0,0.09090909090909091,600665954104.4849
2025-10-11 14:00:00,36,9,0,0,0,0.25,591327089892.0
2025-10-11 15:00:00,38,10,0,0,0,0.2631578947368421,587191535969.4474
2025-10-11 16:00:00,35,9,0,0,0,0.2571428571428571,586062779018.2572
2025-10-11 17:00:00,31,4,0,0,0,0.12903225806451613,593096467421.7742
2025-10-11 18:00:00,32,6,0,0,0,0.1875,594639964190.9062
2025-10-11 19:00:00,23,4,0,0,0,0.17391304347826086,597790765251.7826
2025-10-11 20:00:00,40,9,0,0,0,0.225,604298063452.65
2025-10-11 21:00:00,42,11,0,0,0,0.2619047619047619,596781146343.2142
2025-10-11 22:00:00,36,12,0,0,0,0.3333333333333333,595337916566.7778
2025-10-11 23:00:00,29,9,0,0,0,0.3103448275862069,602363255516.5862
2025-10-12 00:00:00,28,9,0,0,0,0.32142857142857145,611068742964.6072
2025-10-12 01:00:00,32,9,0,0,0,0.28125,619124903064.9062
2025-10-12 02:00:00,32,11,0,0,0,0.34375,623866392842.4688
2025-10-12 03:00:00,23,5,0,0,0,0.21739130434782608,623589337898.1305
2025-10-12 04:00:00,27,9,0,0,0,0.3333333333333333,622064379664.4814
2025-10-12 05:00:00,40,8,0,0,0,0.2,627220258255.575
2025-10-12 06:00:00,33,8,1,1,0,0.24242424242424243,624140078915.909
2025-10-12 07:00:00,28,7,0,0,0,0.25,631879551122.3572
2025-10-12 08:00:00,28,8,0,0,0,0.2857142857142857,648979326015.3214
2025-10-12 09:00:00,25,5,0,0,0,0.2,654625064685.64
2025-10-12 10:00:00,24,3,0,0,0,0.125,658353252781.0416
2025-10-12 11:00:00,31,11,0,0,0,0.3548387096774194,652786730671.0
2025-10-12 12:00:00,35,3,1,0,1,0.08571428571428572,645830964886.6285
2025-10-12 13:00:00,30,4,1,0,1,0.13333333333333333,632569817793.8
2025-10-12 14:00:00,32,2,0,0,0,0.0625,634889135827.3438
2025-10-12 15:00:00,26,4,1,0,1,0.15384615384615385,636353512726.3462
2025-10-12 16:00:00,24,6,0,0,0,0.25,634675752977.0834
2025-10-12 17:00:00,27,4,0,0,0,0.14814814814814814,641995913563.2963
2025-10-12 18:00:00,37,6,0,0,0,0.16216216216216217,643433731314.4865
2025-10-12 19:00:00,41,7,0,0,0,0.17073170731707318,628460359587.122
2025-10-12 20:00:00,28,2,0,0,0,0.07142857142857142,615350057680.2142
2025-10-12 21:00:00,28,8,0,0,0,0.2857142857142857,621854111800.75
2025-10-12 22:00:00,27,9,0,0,0,0.3333333333333333,631831447545.1111
2025-10-12 23:00:00,33,5,0,0,0,0.15151515151515152,629517768097.697
2025-10-13 00:00:00,26,5,0,0,0,0.19230769230769232,625383486162.5
2025-10-13 01:00:00,26,3,0,0,0,0.11538461538461539,623783109615.9231
2025-10-13 02:00:00,33,5,0,0,0,0.15151515151515152,633355512820.091
2025-10-13 03:00:00,33,5,0,0,0,0.15151515151515152,634274838111.4546
2025-10-13 04:00:00,38,4,0,0,0,0.10526315789473684,620651887225.3158
2025-10-13 05:00:00,25,3,0,0,0,0.12,622884733155.28
2025-10-13 06:00:00,26,3,0,0,0,0.11538461538461539,624736793759.0769
2025-10-13 07:00:00,25,6,0,0,0,0.24,633471175108.04
2025-10-13 08:00:00,28,3,0,0,0,0.10714285714285714,632966547183.4642
2025-10-13 09:00:00,25,6,0,0,0,0.24,635190515141.08
2025-10-13 10:00:00,29,4,0,0,0,0.13793103448275862,630235030502.5172
2025-10-13 11:00:00,29,0,0,0,0,0.0,621126604851.0344
2025-10-13 12:00:00,30,14,0,0,0,0.4666666666666667,620602905771.2333
2025-10-13 13:00:00,28,8,0,0,0,0.2857142857142857,612901813495.3572
2025-10-13 14:00:00,32,4,0,0,0,0.125,615625330848.8438
2025-10-13 15:00:00,38,13,0,0,0,0.34210526315789475,617329968981.2106
2025-10-13 16:00:00,31,5,0,0,0,0.16129032258064516,625406093040.4517
2025-10-13 17:00:00,22,6,0,0,0,0.2727272727272727,619482487595.8182
2025-10-13 18:00:00,28,10,0,0,0,0.35714285714285715,615797049423.1428
2025-10-13 19:00:00,36,11,0,0,0,0.3055555555555556,611654025108.6666
2025-10-13 20:00:00,33,11,0,0,0,0.3333333333333333,610338448811.091
2025-10-13 21:00:00,26,6,0,0,0,0.23076923076923078,611599732038.9231
2025-10-13 22:00:00,41,14,0,0,0,0.34146341463414637,610418746879.7073
2025-10-13 23:00:00,32,10,0,0,0,0.3125,614372691555.4688
2025-10-14 00:00:00,36,9,0,0,0,0.25,621121305968.6389
2025-10-14 01:00:00,31,10,0,0,0,0.3225806451612903,622276913532.2258
2025-10-14 02:00:00,33,7,0,0,0,0.21212121212121213,621483561125.9697
2025-10-14 03:00:00,36,9,0,0,0,0.25,622550916010.1666
2025-10-14 04:00:00,29,9,0,0,0,0.3103448275862069,626829849229.069
2025-10-14 05:00:00,38,14,0,0,0,0.3684210526315789,637912743172.9736
2025-10-14 06:00:00,36,6,0,0,0,0.16666666666666666,647955838472.8055
2025-10-14 07:00:00,24,7,0,0,0,0.2916666666666667,655911214301.0834
2025-10-14 08:00:00,30,9,0,0,0,0.3,659179495228.0667
2025-10-14 09:00:00,26,6,0,0,0,0.23076923076923078,668986106705.4231
2025-10-14 10:00:00,37,11,0,0,0,0.2972972972972973,669324211523.1351
2025-10-14 11:00:00,40,13,0,0,0,0.325,665554359495.65
2025-10-14 12:00:00,28,5,0,0,0,0.17857142857142858,661164253356.7142
2025-10-14 13:00:00,31,3,0,0,0,0.0967741935483871,672004753532.5807
2025-10-14 14:00:00,24,5,0,0,0,0.20833333333333334,682441732899.875
2025-10-14 15:00:00,24,3,0,0,0,0.125,695702169390.7084
2025-10-14 16:00:00,16,4,0,0,0,0.25,691649839705.5625
2025-10-14 17:00:00,22,3,1,0,1,0.13636363636363635,693425909149.2273
2025-10-14 18:00:00,18,2,0,0,0,0.1111111111111111,686590223890.5
2025-10-14 19:00:00,22,7,1,0,1,0.3181818181818182,681949112454.4546
2025-10-14 20:00:00,26,3,0,0,0,0.11538461538461539,674456755826.7693
2025-10-14 21:00:00,25,2,0,0,0,0.08,655691645147.24
2025-10-14 22:00:00,20,2,0,0,0,0.1,645138937064.65
2025-10-14 23:00:00,21,3,0,0,0,0.14285714285714285,634773323121.619
2025-10-15 00:00:00,34,5,0,0,0,0.14705882352941177,627881241443.1471
2025-10-15 01:00:00,28,2,0,0,0,0.07142857142857142,616385717321.75
2025-10-15 02:00:00,21,3,0,0,0,0.14285714285714285,607444113642.0476
2025-10-15 03:00:00,20,4,0,0,0,0.2,605731716946.95
2025-10-15 04:00:00,25,1,0,0,0,0.04,603144828147.08
2025-10-15 05:00:00,27,4,0,0,0,0.14814814814814814,594459133997.963
2025-10-15 06:00:00,30,6,0,0,0,0.2,582381912996.8
2025-10-15 07:00:00,24,3,0,0,0,0.125,570048116957.625
2025-10-15 08:00:00,28,5,0,0,0,0.17857142857142858,564941775320.6072
2025-10-15 09:00:00,25,5,0,0,0,0.2,556935586811.72
2025-10-15 10:00:00,33,4,0,0,0,0.12121212121212122,553316166663.0605
2025-10-15 11:00:00,35,4,0,0,0,0.11428571428571428,547513766188.6286
2025-10-15 12:00:00,23,4,0,0,0,0.17391304347826086,540816302456.8261
2025-10-15 13:00:00,30,3,0,0,0,0.1,532387241554.13336
2025-10-15 14:00:00,43,4,0,0,0,0.09302325581395349,524381786731.6279
2025-10-15 15:00:00,23,4,0,0,0,0.17391304347826086,512989268816.65216
2025-10-15 16:00:00,34,2,0,0,0,0.058823529411764705,511885827404.0
2025-10-15 17:00:00,38,5,0,0,0,0.13157894736842105,515242090292.2105
2025-10-15 18:00:00,27,4,0,0,0,0.14814814814814814,520511837855.7037
2025-10-15 19:00:00,24,4,0,0,0,0.16666666666666666,525191409172.0833
2025-10-15 20:00:00,28,4,0,0,0,0.14285714285714285,529657972460.7143
2025-10-15 21:00:00,26,3,0,0,0,0.11538461538461539,528648051803.4231
2025-10-15 22:00:00,27,6,0,0,0,0.2222222222222222,524290614593.85187
2025-10-15 23:00:00,32,6,0,0,0,0.1875,527008647311.8125
2025-10-16 00:00:00,27,5,0,0,0,0.18518518518518517,520744004442.8148
2025-10-16 01:00:00,20,2,0,0,0,0.1,515929664980.4
2025-10-16 02:00:00,39,4,0,0,0,0.10256410256410256,516899362050.8205
2025-10-16 03:00:00,30,3,0,0,0,0.1,522194242172.6667
2025-10-16 04:00:00,50,4,0,0,0,0.08,517879953385.06
2025-10-16 05:00:00,40,4,0,0,0,0.1,520712594985.4
2025-10-16 06:00:00,37,9,0,0,0,0.24324324324324326,532628356121.7568
2025-10-16 07:00:00,29,5,0,0,0,0.1724137931034483,544916772827.2069
2025-10-16 08:00:00,29,3,0,0,0,0.10344827586206896,546857304049.65515
2025-10-16 09:00:00,35,4,0,0,0,0.11428571428571428,547029352211.34283
2025-10-16 10:00:00,38,3,0,0,0,0.07894736842105263,557052951415.1316
2025-10-16 11:00:00,40,6,0,0,0,0.15,548901427420.05
2025-10-16 12:00:00,46,10,0,0,0,0.21739130434782608,561839343501.4565
2025-10-16 13:00:00,38,7,1,0,1,0.18421052631578946,568818932051.579
2025-10-16 14:00:00,34,6,0,0,0,0.17647058823529413,577828547757.7059
2025-10-16 15:00:00,44,10,0,0,0,0.22727272727272727,599005086691.159
2025-10-16 16:00:00,28,11,0,0,0,0.39285714285714285,612900619213.1072
2025-10-16 17:00:00,32,8,0,0,0,0.25,630104571304.7188
2025-10-16 18:00:00,31,13,0,0,0,0.41935483870967744,647545839612.3549
2025-10-16 19:00:00,43,12,0,0,0,0.27906976744186046,656723251481.4186
2025-10-16 20:00:00,27,6,0,0,0,0.2222222222222222,674031863811.963
2025-10-16 21:00:00,26,8,0,0,0,0.3076923076923077,681419744009.0385
2025-10-16 22:00:00,22,10,0,0,0,0.45454545454545453,693227943325.091
2025-10-16 23:00:00,25,7,0,0,0,0.28,700882881391.88
2025-10-17 00:00:00,26,4,0,0,0,0.15384615384615385,697966196875.3846
2025-10-17 01:00:00,26,5,0,0,0,0.19230769230769232,683059943588.0
2025-10-17 02:00:00,35,9,1,1,0,0.2571428571428571,668629057164.1428
2025-10-17 03:00:00,33,7,0,0,0,0.21212121212121213,667123074909.8182
2025-10-17 04:00:00,31,8,0,0,0,0.25806451612903225,670701580285.1613
2025-10-17 05:00:00,30,8,0,0,0,0.26666666666666666,682498733868.4
2025-10-17 06:00:00,26,7,0,0,0,0.2692307692307692,686265940224.5385
2025-10-17 07:00:00,29,6,0,0,0,0.20689655172413793,681196200623.3793
2025-10-17 08:00:00,28,8,0,0,0,0.2857142857142857,681754858699.75
2025-10-17 09:00:00,32,7,0,0,0,0.21875,680034193353.25
2025-10-17 10:00:00,30,9,0,0,0,0.3,672751311030.1
2025-10-17 11:00:00,24,2,0,0,0,0.08333333333333333,667008902774.375
2025-10-17 12:00:00,20,2,0,0,0,0.1,668681867047.25
2025-10-17 13:00:00,28,4,0,0,0,0.14285714285714285,666400464436.25
2025-10-17 14:00:00,27,5,1,1,0,0.18518518518518517,659850632632.3334
2025-10-17 15:00:00,30,1,0,0,0,0.03333333333333333,646772194844.9333
2025-10-17 16:00:00,29,3,0,0,0,0.10344827586206896,643775906007.6552
2025-10-17 17:00:00,29,6,0,0,0,0.20689655172413793,638146327908.6897
2025-10-17 18:00:00,34,5,0,0,0,0.14705882352941177,633978894848.7059
2025-10-17 19:00:00,25,5,0,0,0,0.2,631923214127.84
2025-10-17 20:00:00,22,3,0,0,0,0.13636363636363635,626118058254.3182
2025-10-17 21:00:00,19,5,0,0,0,0.2631578947368421,622307272968.0526
2025-10-17 22:00:00,25,5,0,0,0,0.2,624967088416.56
2025-10-17 23:00:00,27,4,1,0,1,0.14814814814814814,628643809399.7407
