height,qubic_orphan_hash,main_block_hash,qubic_orphan_timestamp,main_block_timestamp,time_difference_seconds
3475189,4d331c44e318f6e8d8c65a1561ff190691cb7453a7b0d6d10f07d14c7b1b494c,aab3025fc23a8f3ea4d5a5122524a6e7a556566c6d147ceb96c71b2d79fcaeb9,2025-08-11 02:28:48,2025-08-11 02:28:47,1.0
3475535,6b2e98e6ed85abdaa6955e3f87a2aed808cda1bb0eab5cd3974ea5474ffc8d00,d171aab5613ed7f714403775d3e1d9c37b257e36e6483d95ff1ab2453b295d36,2025-08-11 12:24:20,2025-08-11 12:24:49,-29.0
3475587,9c1455058a11d4a0ba3f15bbb95814e8d83c607c698f98df86f1c2ed6bdd8f90,fd7a51674fe64462afd255e88d274d4d45e29b1335cd3ac516ccbf32001bab06,2025-08-11 14:34:21,2025-08-11 14:37:06,-165.0
3475604,c4efabebc965d6813a26be1f49ef650ca8de0b250feb80069d95d2a858d8d9c8,e098ad3daadf8ba99ea3ec30706ea0f12ccdd0c656e0c33350b5ed6eba63c22d,2025-08-11 15:39:26,2025-08-11 15:39:29,-3.0
3475613,7b33f02e7dab1225952e63c0614f543f820e07babc95e8e793d8c5024f0332db,0699e0b8d27aa81c9de42b45f142baa033b14e6c612e54d717832f4548fffdfb,2025-08-11 16:05:34,2025-08-11 16:13:14,-460.0
3475615,2730ae405a943e47f26241bdbbb70f8bb23f2073b1751baffeeccfca4a66ff2b,e2ef8777fb849a3b452d8e890719399f42bb6265310b6d6775a32fa52d58aad6,2025-08-11 16:10:46,2025-08-11 16:18:00,-434.0
3475616,5a14f09158073b76f15d876880df66244e1386bc82a119f7dbd3d99a698d7ce3,6aefe1f04643ecbf1141b0e2ce958cf7e4e244c55ddcd5792b1a0cfc6edfce93,2025-08-11 16:13:42,2025-08-11 16:19:10,-328.0
3475621,a6321c92aa70d28720353858792cf3e15b80f7dfb649dbb72ce69167885eb1b7,979a99eddfdf7817ca483316ab8d219eed08815921be8b2f9b733d7ca886e65b,2025-08-11 16:25:50,2025-08-11 16:26:36,-46.0
3475669,c26e07e8f48ae02ee9c3e2818addc00f3d22ad1d3923cfd42c366994b2681eaf,6e38cc9b2e1cb97485206c12479b80b2bcdba3a5e5326a73afacf538910cacf5,2025-08-11 17:36:07,2025-08-11 17:37:17,-70.0
3475677,7a0381edec0e9f1f795c2f1c0f3dc7a7b037eabcd90ebfe52a4286b11ab4e77c,442897d1e4f000d94bb48a2d7ca6fcd606b99cf6c23d84c2d59200104d875bf1,2025-08-11 17:52:23,2025-08-11 17:52:49,-26.0
3475682,b7c78a469b799d94e5c20fe1c7754282d105230e1d25e118dc11fc543877f390,49e8d8ae3a3f36adaaff260104f8430393bc7326402ae1904b3a9befb396c744,2025-08-11 17:57:35,2025-08-11 17:58:03,-28.0
3475702,7d1f8ae35c07c9858cb8f72119ca36ae25e62096799356729f74d2303c164fcd,5b54420e26cde0c6fdcf00198375eabe80521d4ef1bdb6b38c5909cd4d1411de,2025-08-11 18:42:39,2025-08-11 18:43:13,-34.0
3475712,a8092af8c5beb887a2acea1811edf971a114f6cb9db3dc325e22bf57e85586ac,52f37b77723bc8d054ca9f8f3291a24bcb3e5c25dc0026771f9fcf6875a5e408,2025-08-11 19:02:56,2025-08-11 19:03:22,-26.0
3475748,1b00633bf8f642fe5e3ec649d0379d6b2e82ecf94be057fbc45a85f44999a1ec,3289b09d1254e05e102563d4578c57176f479bd229596e2ed6360308a88ebbeb,2025-08-11 20:28:00,2025-08-11 20:27:28,32.0
3475755,95ea9286d65d2eb40a0a8a3750792c0776d579af4a8c8744802e31ddfa5d5409,ee8a0c008da79ad1ef2a63e60064dfd8cacca0d41c54ad32ec0021e2799a84ee,2025-08-11 20:46:09,2025-08-11 20:47:37,-88.0
3475758,b34a97ae7a62ec013e20bbb73e02b5c945bd3b10ad16157874549596cef2f17b,cdcb45e7e2cb962213b1ac2ca9f12203eae13c5c129c249e3e3858baac2cf0d6,2025-08-11 20:57:05,2025-08-11 20:57:58,-53.0
3475782,eeb9197def5baf522a5b92b807a87f9ad01687217ebe2452ff18ba88444b3091,2636baefaa19b266cca59a02139b3c2e95eb3efcd6688c55743d602924e008ab,2025-08-11 22:02:33,2025-08-11 22:13:11,-638.0
3475808,99405ef7f9aff2df21f96f6e31d5141df0a4079d44dca3526d78293b16e6e990,864d092420790e041fd11ddbe54c9edc2359181de81dda25941a9bd1dc82552a,2025-08-11 23:27:46,2025-08-11 23:27:49,-3.0
3475811,ced1fa15f5eca949348030b9fc60dbc848bdb0b796c16ccfa489aa0ae558fded,3ce5e58d48ff3736173861103cf0a9ade08af4e8753438e048e5c7612cb84ee1,2025-08-11 23:35:22,2025-08-11 23:47:25,-723.0
3475812,bdb17d46a145d97ad474123feeb113c699aec76bf580d923301fc5c20ccdbc80,9cbb6b1fdae8de741851c2a6eabc65d1b8f4193dfe428deb312b28764fddd073,2025-08-11 23:38:42,2025-08-11 23:47:33,-531.0
3475813,d35acb519e9abadfe2b8c4c9b5cf05175dad89ee72d7aec6bada0b1ad77db1e0,a936d157764bbcd9b523ce431fb22f720bc8b850f03123cf552c82763df5846f,2025-08-11 23:41:54,2025-08-11 23:48:34,-400.0
3475814,dc0c82eba1ca3fe68715b3df665199ef8c10b454271e2420cd0fc94eb634b132,b86c6025ff029425e8a21e70e9afbbe2381b4c9fcf5ae903a862dd88e335d186,2025-08-11 23:42:26,2025-08-11 23:48:43,-377.0
3475851,aa12b2e8b744520a8909d45e0eca705f35acfa7515005c7488622761c43a7628,ffbd951d25e86ce7f57d7ab605970961f00d439390497d76b1c3acda5a8fd8fe,2025-08-12 01:16:35,2025-08-12 01:16:54,-19.0
3475884,0e206e20e3d21a6e56a4878cdb4698e343861ad3711d7199e0c545411dcdc730,040f6c00614343ed4d495f3bcd12eb3e923b485a9d200e30f2d5aa0266f4bcb1,2025-08-12 02:19:08,2025-08-12 02:22:14,-186.0
3475927,4b575ed7f3786f7bbf8bc9c2b61bc16fbad2396412d8b3d0c74a70da83d6e617,b12335047e1678018405f48a13a5819e23e7dd97993ca7671d57ae64b9e87c37,2025-08-12 04:06:37,2025-08-12 04:07:37,-60.0
3475966,1927fc5e37b9368f9bcb1ab607f37dd4afe1739e08e69846e008af5c072736ed,16012365d22fb72bb5c936de1ebbb164d7bd1f1fc3b9ba7651474dc89ac21ec4,2025-08-12 05:33:10,2025-08-12 05:34:41,-91.0
3475973,21199ff7d511cf66ada2d2459e350f18c3c02165981470186077dfa91046d510,ed28e42da578d492a30373312c8e182a221aa60fcdd340121e1ab100557b3fa6,2025-08-12 05:42:54,2025-08-12 05:42:55,-1.0
3476025,22f3527a474e086cea2e04d1f197f2a720b8004a103eaf95e8dcddb4822b9975,3d228b1041e33682fe4e2ce00b5c96db30d9d402c2b6e7917534b9b04f9e00a4,2025-08-12 07:09:51,2025-08-12 07:09:43,8.0
3476196,a9f635d3b946aa3bdfb9dc48b4abaa3345d27e5bb51d44c818f47c720f71178a,7ddefa7800445b770eedaaeb129f4d919108438d92457e8a1b399b959b88c4f7,2025-08-12 11:42:49,2025-08-12 11:42:49,0.0
3477359,a5ade6f41b074105eb11908106fa0f4d5e9b98567a932fa2050066ceb75dbb4b,94b3f0cf8c4008fe1aec88fb573d1738970adc9342e94b3c1e5891b8ce85a810,2025-08-14 02:47:10,2025-08-14 02:47:10,0.0
3477424,f0f495bed9efbfa927e89c8070d3847f53830400b8208dff6e6c0da99a9cdbb7,73cebb0af0a08e56e7fef62eec5bee32f11b0f152788b340703f02dcc1ca3dc0,2025-08-14 04:47:47,2025-08-14 04:47:51,-4.0
3477596,5a638014708654c5321ecfe010139b16d6e0e4886ed7fdb030fd591d7269dfc4,40c8099c7884619ed3eb70574320d436ff454386b3ade3c8425a96894511d11d,2025-08-14 11:05:19,2025-08-14 11:05:20,-1.0
3477642,4b25f5add76345e6471851ad8a55a695d4d413257696515fb639315324cdf6af,4d8577efc381c6cc7e11e484046b9aaaffbde4acf89f53b00106dc874708e7d2,2025-08-14 12:32:17,2025-08-14 12:31:47,30.0
3477672,6cbbf5729cb869917a999263d43f903bb33f418debbbabc4a173282d9110fbfc,4464f8cc42034ad15dc4a612045f57f2ea70b03d091412bd498435b1efd6f864,2025-08-14 13:20:50,2025-08-14 13:20:51,-1.0
3477700,c575273b2591d3d662e303ac32d8453bf2535606f4e8c2137d8e409fd70074b9,c1dbab7930d3450a36f3adba6fe0a8bbd56d14e7cc4ee262fde298ddb37bfd7d,2025-08-14 14:03:46,2025-08-14 14:06:31,-165.0
3477707,4ea8c6b600de42c5438822d84f0e5d2516b8a21b1092e2ca14019619c0763f37,25858bfa65595f25d622c2e2a2cef00901a8568894ada33e91fd481de3433582,2025-08-14 14:19:30,2025-08-14 14:19:27,3.0
3477710,a79871fe1dc3f95392072b4bdc455ecadfbdb18b3420ffe5088e421ce0b9d3f8,09805a309e9dd6adf297aa04876ecb1edb1e5ae685e5959046779da06f457ea2,2025-08-14 14:21:06,2025-08-14 14:23:09,-123.0
3477714,ae06b2d41e8fdbbb788cedb60ee68d6a11248f5e13cba84c17bbfd2320246d22,7d4e2b183a2e3281d918ba67b0f5edb244c867fe1899ebb5171efe28205f765b,2025-08-14 14:29:06,2025-08-14 14:29:27,-21.0
3477718,e50f10327548c4d3bcd3909e1142624cd201759bb4e24831dec3086cfd3af893,bfe0fbc9373becfdb340db766ac6b6499cf29cebab79989ef130b8bd34999d02,2025-08-14 14:32:03,2025-08-14 14:32:43,-40.0
3477722,020b5db204c5ffd356b327824002cd15f618cafe927b3b7fbcc4764420d1f880,77a77c87c154d29a2a69e67e3461083b85ba59dbb7a08e1b8e76e2edcaf196ae,2025-08-14 14:43:23,2025-08-14 14:44:05,-42.0
3477728,26de62b4b07c91e23c487a9bb8ad22f57ae719f8fd7c8187f02ac8f925f0fabc,f3ed88ef65182f038acce9b27d71cd46a35bc3ee3c2137ad3045cb6dd9815596,2025-08-14 14:53:55,2025-08-14 14:57:45,-230.0
3477730,358e918d55cbd8e17cd6e0ba568c407c6e83c8c3bd6fb6ede10ec8974ebe076f,7ce9ef6897b9a6aa359fab1bf6195bc0a4c794dc69fbeb002304f7942b2e7d1c,2025-08-14 14:59:07,2025-08-14 14:59:28,-21.0
3477730,f3556b3885647cb0ab6507ffb5e80f3f8672fce11f998e81bb441c6d02e2e800,7ce9ef6897b9a6aa359fab1bf6195bc0a4c794dc69fbeb002304f7942b2e7d1c,2025-08-14 14:59:23,2025-08-14 14:59:28,-5.0
3477733,ff47993b4fa7c90022562d118f538150f7f5f58eae976839618f10cad88e540b,e4e56a1e8c79635955fae4965faeadf9f0978ecc9a998afa1f763a7655dde5d7,2025-08-14 15:01:31,2025-08-14 15:02:26,-55.0
3477736,6a41a8c6eb8f7d5f7df80ed2fbb95bf98f35ada9225ad13706146a222e44f159,4e7c61dcf2f7aa0b6cddc7feb29c5645a493dd94815c4c2b35f771ee22ce2234,2025-08-14 15:11:31,2025-08-14 15:15:31,-240.0
3477741,a9e94918a45cd8a0c3b178d72d09a26d58524babf3cb2dcc2ab96bef4dea6c2a,3c5e1d48f58d1af098c6d90fc2597853c95a197b3663528f2b0bbc1864531e10,2025-08-14 15:24:27,2025-08-14 15:29:23,-296.0
3477752,2341efb63e5a376d667861b35a577c953f034538a8237ceb3d90d04b5120c01c,3a293a5b107b821036b242b55a095bb0e4845b94e6ea5798a816b75da5c47718,2025-08-14 15:45:23,2025-08-14 15:47:20,-117.0
3477752,372023b4f651476ccbdea5ec01b082b5f290a3dcedfd615c3f32459b96581757,3a293a5b107b821036b242b55a095bb0e4845b94e6ea5798a816b75da5c47718,2025-08-14 15:46:43,2025-08-14 15:47:20,-37.0
3477754,2e4c439824335502ad0ead58c01f1e5b22ca342c795a5b4a79ab93266c2f93b3,02ce6feaa72effab208eed4d345e248bff4a93408511354299dd477f76ae6c43,2025-08-14 15:50:59,2025-08-14 15:54:06,-187.0
3477755,00416716693809cc565e3f456733e75b4d706c437353a3f76e39f6bff0ac17c4,05a6452f4b649f2a8214283a2ceac5fb1e68dcc281e0cc757fa23a63c38b1b6a,2025-08-14 15:54:35,2025-08-14 15:58:06,-211.0
3477758,2f047e3df4af104afa4ef1c65b1cb5895f5020987040f35be704fd1072d3083a,e6c166c70235b5f84cb229d5c5e26298a7b73b2359432eb833f3d482c6a50cbf,2025-08-14 16:04:52,2025-08-14 16:07:16,-144.0
3477760,0373861bb8f662544bc1a67486a7e384b801b8defe22cc1fe9c5b4253211c196,d322b39d14ddd2dfd6c12c1d0a7a757d221ec6210b66a36874d8be3f8b368508,2025-08-14 16:09:56,2025-08-14 16:09:53,3.0
3477761,0e7ee17aed10982b23ff0b3e9913dd806671919059a0dea090196782a58c0f76,3672d83366768447647db2bdcb927421a5bd8ef8ef9f630bc1f9737d115efe1d,2025-08-14 16:12:04,2025-08-14 16:13:45,-101.0
3477787,5d192909df401279199e4de181c113746e5badc6434f90eb56e4e322aa5f26e4,587edf96384259da2be58528d98c7ab72488ff79a97b0087353ee99a904faf4b,2025-08-14 16:44:12,2025-08-14 16:44:04,8.0
3477803,a122b34e938af0667f2973be4e5a16fe487269b3ed9645b05ebea2fd9a90905e,4aaadd687ca7df6cd8b0278fa9e037836594afd52fadf1a1ff81652010cec368,2025-08-14 17:15:08,2025-08-14 17:14:55,13.0
3477811,858d6844b08f59bb9feaf452d367d31d1397b2f76fd5211a8122038bc37798b3,bc12e57a030769c315c429e702bf31cd6f5e716d1a58b5396b7554ab8fd5fb5d,2025-08-14 17:23:08,2025-08-14 17:23:07,1.0
3478033,7d68a87258d18d64e0eee7fea2acff92fd20d9401a87e0a25ff1c13dcabee1ff,ccb053c937099e244b87ec8375fa4557a718feba293413dfe91cbe5e48aec290,2025-08-14 23:10:08,2025-08-14 23:10:08,0.0
3478053,e2b9b6ab2a13a1f6d915e6d1bb30bf098949c1009f2e100a60c7579d7be85138,f953dfe202d97fc6da8323fe0aeb0dce6c70d74a4f9bdf067f135fc47ca9e5e0,2025-08-14 23:47:12,2025-08-14 23:47:12,0.0
3478068,623181a65f89ba5794205c5702fb00177ff587c2be0e58daf9a91b59dde38d59,4d1327fc87c5aab790855b503137b0ca592bd5aa2c11b308f48242f8cb4faef8,2025-08-15 00:12:24,2025-08-15 00:19:38,-434.0
3478117,2117bcdf17d72f88cd4a128614de4fdbf97f35f7bd00586503edc6846a02107f,5a3ccf46e65c3b8c0a7d027ff050e66126d4f744448dde13d5049c92ae1c73bb,2025-08-15 01:43:29,2025-08-15 01:43:26,3.0
3478127,f11a3d43cd56c4d91cc22b1a9c13cf67787bb10860ac99028cd5dc239613a0cb,5065fe8a37597646ffdfe876bb9a42b519feffc25a529966bc3c962d7a63c8a0,2025-08-15 02:04:26,2025-08-15 02:04:18,8.0
3478263,1ff8b757dc9e134412dfb936983f4b42c818c105d3322e4d42abf225c803e8b2,ea7cdcd98cadb87e1635a132d1a92bc2715fceb210a67592763cc450a74a7ecf,2025-08-15 06:32:28,2025-08-15 06:32:12,16.0
3478304,482177608099c0607bfcc05ca58f638bed45f87d88cdf44fbabc033d96ac752a,fba3c4566c4bc4197494d33430aba7f2712499586ad26b4de37dc51f7daf1e64,2025-08-15 07:43:09,2025-08-15 07:43:13,-4.0
3478782,a82dced14a6f87fec5f30efa0ac090c288f5e6b10590daec040e4d0e3cb88a33,d1a66aa867829c5359e67b98d56398e5c61144240a0a3c8163892e494db938fc,2025-08-16 02:36:42,2025-08-16 02:36:42,0.0
3478842,ff60efd6f1d853cb9567fbe709b5e7aeb23a8ea0489c7cf6a9fc01db4b5c7532,4a672d8752590d25a29547c704e8db647f335ac00a40a687789d10525ccc5007,2025-08-16 04:34:30,2025-08-16 04:34:24,6.0
3478902,ade67da25a994fcaca46ebd28d56a66bdee8a314607726f28942521efcbdb005,15e8ee796ac558a375901739d0bf2aeb71c7167c89fbffc2e28edb957000a86a,2025-08-16 06:41:22,2025-08-16 06:42:28,-66.0
3478928,ad5b255f52d64764ca7ac9b39d2f8d56b871ef41b10bfd1b1465d2d09d353abc,3221747d8c89c0c41fe1d8c99f884524e52bd55cce8eeb1ff3be76e5592a9306,2025-08-16 07:38:04,2025-08-16 07:37:50,14.0
3479082,c90e82b0b40986e4845ca40ca04ef8ac22b7248a39637cce56437ac0111ee289,f036827a10e33bf187b5d387b4b3550a0976cd0d3977a64ff1da7d55491f54be,2025-08-16 12:34:55,2025-08-16 12:34:55,0.0
3479141,8afb8a49417ff38f089496408c5e3f1445c0eb516fc1855066d64a003cb59907,11ede7bc1d378483e383d873f6501e78fd94b93dfe6dace20476fcf71fb943c2,2025-08-16 14:00:55,2025-08-16 14:00:48,7.0
3479181,4d34b3d8d0cd4b9558d0eda2db17c08361a261a7fa8a3b2d4cdb2feea7f2ad6d,87aadd1191c2fbf2a523e242ddcd48a922ad8eb9421a017635432e0574ae250e,2025-08-16 15:21:28,2025-08-16 15:21:45,-17.0
3479222,9bbacaf8aadb2727ec031fa65547d2672448736c6bb58ab637c8fc6c2b047603,4bffeac4bc0caaf0da334d4ce1f0290d7518909154f43ac16e37bef92c49c51e,2025-08-16 17:02:49,2025-08-16 17:03:25,-36.0
3479226,e87b7d1bb6e07c0ea8d6838554c6125353107308acb2ac87fd4fd9d32b941f67,02a7d458172aec4d75df839c0a5b6134ad506f3b5fc72cf2f5703a3741c69332,2025-08-16 17:11:13,2025-08-16 17:11:27,-14.0
3479268,56a2edd83f3797ff9d424b02cb484bd85ae3abad07505e7cc97f540f1b2ccbaf,e118a3641e71f9b5a2c76056857da99e180c3cf0df2a1533ecaec3dab124776e,2025-08-16 18:43:14,2025-08-16 18:41:32,102.0
3479269,047127589fdd659f1e419fbacdb338f7ba1ddb0f90482b97913f2e03a2d6c471,a0792c4f19ef056ca2c66ef2fe277a2346018874944d9cbc307e0640ed45fe68,2025-08-16 18:47:15,2025-08-16 18:43:11,244.0
3479270,8232ed5921e422b8443acf945e587485357b4b17f9af72793c6af7ec25fc7ad6,8013c873073bbaec05d0bcfe223c75a6d5fadbe9652d3e36f2b27990b3d60db2,2025-08-16 18:47:23,2025-08-16 18:46:59,24.0
3479271,a962ef6c0270b9159d51b3058e513457f316fe390f3b87c3d9a8b9148fa7bd85,7530603c1f0f95d9c4d3015fcc51a486e8d372dfb941ec168be2b86b5c1ea737,2025-08-16 18:49:23,2025-08-16 18:51:40,-137.0
3479404,e3f7d90e787d4ddf13fe648c96316d969927759921ffdf3a2efaff8adf19cdc3,275a1130d94424e8c4a8550ca4b533a346e2aefeabed736630d5ce010879f461,2025-08-16 22:55:42,2025-08-16 22:53:12,150.0
3479428,edf2ce7f6451cb85079be5a1a50bda66e5b0fd721a508b089cbbed4122b9c3d2,ed1111d6267dbb9774bac48f70f97facb4ccd77692e6d62addc4a0fbcbd391fa,2025-08-16 23:49:19,2025-08-16 23:49:08,11.0
3479449,4df87596cb321ced88cd92f361b941f92164bc8f454e0dd96ffb772860a1e810,aba676193d8f20f74d9b7bd458735c98f5cc544efae5b1c31fed7332c4942009,2025-08-17 00:30:47,2025-08-17 00:30:42,5.0
3479601,7b2fd28ec799fadc0bbb3522d7e32a46341b459f1f95c8af9047ba40cfca787d,35be1f4d887c13c83a07882f6980d823b879745726970fedbf3b7d215e8406e5,2025-08-17 05:26:58,2025-08-17 05:27:51,-53.0
3479683,0498a0009d43b42096a836bb0b230e1fe0cf45c6a2d0b7adfd7632dfe375aff4,47fd836cd9858ed694ef79ac543cf129df9d38e8dd7df995d0fa99933fc96075,2025-08-17 08:17:00,2025-08-17 08:17:00,0.0
3479750,5b947860ac237a5b61e0f94d5191e69b0a9b434b3b37da4dcc718883eda39669,cb9fb3e8ca4fdeb3a31c3da3b36ed1dbf099046a69a1208da334cbe963417674,2025-08-17 10:08:37,2025-08-17 10:08:34,3.0
3479902,b6911668e81e5e73dbadcb8365106cf636fe15c1b4e7ce8473b14219c5888a51,46f9286ff1bb473f297f86f8457c54b8b351a0d926b6bf94a6149af9e41b8deb,2025-08-17 15:01:09,2025-08-17 15:01:01,8.0
3479917,85d31aed7f20b7ee2ef39d36d06031b22e0d099ad60955b95def3bec1c09e009,632c20ccd2dfed277475e2eaa9192b2c2d8c88013338db0da9e08a49ff29774f,2025-08-17 15:38:38,2025-08-17 15:35:34,184.0
3480040,2ebfaf525b5375b9021f754eba20e1590e4c1e6c9211961ccacd72208f166a30,bb93c86dcd94e13534a79be474c85da7bf304c32a5613936600649b1e7ed78db,2025-08-17 19:46:52,2025-08-17 19:46:52,0.0
3480134,ab2be2db7adb957a87820d8aa153692146119b8d86f71e3d6d372b66d8909ef8,2c10cb9a9607485124599d13d41457ec7fc38bd626f68a2915f82149ee96584d,2025-08-17 23:12:19,2025-08-17 23:12:21,-2.0
3480471,b9e1b66f80b7372d974abb73284b93b31060a027ba15d3ab1ec6caf1abe0851b,5bb74db4703aaeeca3eb67f29b8fcf1a1dbae78080eafb102bdae3a94b1b4da8,2025-08-18 10:36:41,2025-08-18 10:39:12,-151.0
3480492,a3456c1e953897b06c1dffcc48f9157c6634790afd26f90c5ee898a0db5cf0d2,217c707deedaadb4ca318e3512f061995400165ee646db691b1867fc6ece036e,2025-08-18 11:28:40,2025-08-18 11:28:43,-3.0
3480499,b9d31bf7bdb1695fc0376142ceae5a6ccc95010616fefd2b67c7d2e412d44e9f,6dd88df83847f72fbeef73cdcf27268ec42b95abfac794506a3fa09ab252bb1d,2025-08-18 11:40:05,2025-08-18 11:39:41,24.0
3480613,538192970c14ffc1f8b8771437c6958242ccc03e9ac094024a9673fcce82dfc2,b9551738ba0c26922fd88956304da0993eb123532d35499a9a258db93d2d0461,2025-08-18 15:09:20,2025-08-18 15:08:59,21.0
3480644,acefad019c7ebddf81a35ef8324cad74eeb7dfb832de63d16e213fb1f03a8d07,5cba06b0c8c77e104f596302cc591003a3bce53459d23a9cfd917692b6c6faf0,2025-08-18 15:57:12,2025-08-18 15:58:51,-99.0
3480745,235bbf448ee023435abf1332fadfa77a6f223d7ba4c1bb15fc1981269889cfd0,510f40257f3570aa28e464a85c8b7c85f4897c8fdd3ca07e8a6ba12d92032030,2025-08-18 19:27:14,2025-08-18 19:27:16,-2.0
3480763,df3ea2cbfb34ba97b59e28d451920318024457ff3570fa06bd701a5d1f5d9965,d91197370d2a90b0c9d74eebae37c7997f096745307817aeda4852a4b566ca7b,2025-08-18 19:57:47,2025-08-18 19:57:59,-12.0
3480837,94c4f988f73af28b61b3fbd2cde909bbe6dc4a04e6f8c421ce1bd398207f1719,67de34ea859072d125bbc9de7d2e0a5fc3139c05ba9fcae9b5f3f9b0f978b2ae,2025-08-18 23:10:04,2025-08-18 23:09:59,5.0
3480914,03722e3222b00f2de70436213d7c539079f6dfb8d57be426e7b4e0ca413fa1b0,4264a5c7fb0a095e178c2007cd5d1863b6725fe31d6f2bf0e4fc550bf960814d,2025-08-19 01:45:14,2025-08-19 01:45:23,-9.0
3480929,4bcd239f9950844296718b99b66749066eda06e4e91f5beead469471bd27b306,27be9a517925d99a74d5973d0910c45a2f65dfcaed59a869986d6efc5471cb76,2025-08-19 02:12:18,2025-08-19 02:16:10,-232.0
3480957,5d13803e9d9bd6532f0bb99450376886940d59e45422bd32ab59d5a51ee0f9b4,6b908b3d3456301ab849c1973d3ae4db66e8988d835980756994215a7e9c8533,2025-08-19 03:04:59,2025-08-19 03:05:05,-6.0
3481008,6b3620d32ebabeda0b13db3e01d4b8417dc25fc067d5b96edfcd9d3b6c7fcc55,2006de68c32d7189ce48ab458130993ae3fdb424d1de84c4dc9c4c3d3fbb8e75,2025-08-19 04:36:52,2025-08-19 04:37:10,-18.0
3481013,83da994c78fd98d6730731d7de38174dcea09798fae95674baed5d1026c9a89c,5f506a51c77a2156e6a229c3800b43eab118ad0cc1d0a8ef7af686ed3614f950,2025-08-19 04:39:32,2025-08-19 04:39:29,3.0
3481400,7406cdcf5fc9829f40049ee2df80a7a1b523c0314da7f4833b4f58fae0e550d1,63c00569609b137e19f53436a7098e5c23f48d029f1d4431e9bd42790bd7fbd8,2025-08-19 17:22:52,2025-08-19 17:22:46,6.0
3481429,e1e11a4724ceaf85fdbf661e67a02591dda7e8c935a4082dbbb8a42bf0022d8c,8ab8e77ad75e4e165be7ced3bce66c982301466de5e1c41c6d4c8b28d576c4d1,2025-08-19 18:32:55,2025-08-19 18:32:48,7.0
3482134,a41eb4b62f184037c2fcb203bef6bcdc82d78d839cf69a8f8b622317082778ab,15e68acc10a021803e60d7f148664aa91b58f699dc5049f367cc4e5a32d89e35,2025-08-20 17:24:47,2025-08-20 17:24:38,9.0
3482305,98d8333b804f24d64bbd4b6ca870902e264711c78d0776d59685cf977d45e8ec,d440f796c06210d1275be30a1589f26107bfbf8721e4628c802e7d68e0cae552,2025-08-20 23:26:19,2025-08-20 23:22:02,257.0
3482404,32800213eeb939b2b1f7ba468098df91d06138e6da7146457abfc799fb992f35,b6a97ade85f826581630bb6bce0f2813737eca8cb34ec180aeeb2eb22f2a80bb,2025-08-21 03:04:40,2025-08-21 03:04:40,0.0
3482668,46c04c6d8b3f648eeff437d0fd91e75beb4dbf2922914d53af2cd42ffbce9cc2,212f81bb6e12dd927d32f47dc4922caeb43f1ad09be01dcf5ff5e23ea6127899,2025-08-21 12:50:57,2025-08-21 12:50:54,3.0
3482794,b6e3337271a2620506deb3fa44701eff44ef1c42b7a4caef6d4136ce024b2394,ff6f109bcacb3e4bd2b0a6ec2c91bf5250b5812d50ac550e5a32666ffd38f594,2025-08-21 16:16:22,2025-08-21 16:16:18,4.0
3482867,7f38880cc36afa58b06c2bd1c5ba46235404e1d64051828540fd8f66fec7f929,61cccc7953e1ba5d66140a672820f6608b6550a528b3286c46761b2da1ffaff7,2025-08-21 19:01:35,2025-08-21 19:02:46,-71.0
3482878,f026483d2a7ec9580a96acafbfd5ae418cdafbb35d3b280bfc0516756a1cbbcf,6d1d790aa17ab0b03389625260bd1b7c57014a77cb30378df128c55daea15d45,2025-08-21 19:33:52,2025-08-21 19:36:04,-132.0
3482883,a6cb0bda39f406a09a2602f5be3705099c950627670fd3d78b063534aae2e41d,cf8b7d13c1fcc52a8c577daa1bce27355624d31638ba0b160271e1d2897d50e9,2025-08-21 19:46:24,2025-08-21 19:47:26,-62.0
3482893,d3c173f408af7f4f2c199d3f4e1a90bf54f1ed86bed2abcc1ada6a28fa8c0305,1969dbe8bc306ba70ac3f3a9278be7e1434a75e3babbc0f94a663270090fc702,2025-08-21 20:02:40,2025-08-21 20:04:53,-133.0
3482908,4b56be4945d878faefd1a18a74b46a17af9b324c84369ab226bff935fa8cc92c,c3dce957f2da8ca30de12b96cfb150e4cb4f602b28e2e451fef07bb00cbdc3b8,2025-08-21 20:31:44,2025-08-21 20:31:46,-2.0
3482911,7c381d4f6ecbf3cff17c0ad7dedf0817277b6406896233d18d8be540671573a3,1884537c84dbb653238a12c41b83c76c48b20acc1745ff9071fd97afc4890513,2025-08-21 20:32:48,2025-08-21 20:33:44,-56.0
3482955,688f6cb57bf8bce20ab00e49a220cd2f5bc603e7c6944e503c3a4e2aa4736bd2,e2fc20b9bfb6a611fa5237e3894b4dc29736d7fe11f930fe03e0488ad5a9e137,2025-08-21 22:05:45,2025-08-21 22:05:50,-5.0
3483013,178bb022abb99c3cf61b0bb74fa68a3155eab535b02dbdb5076b76b40263330d,b311c2f6762319265c7979e1d06e820c215a64872519f46656ff2e1b5f7c0ed4,2025-08-21 23:59:39,2025-08-21 23:59:38,1.0
3483037,bfb8b644548d41e1a84fbd717c858d3e5d4bd0240ad4fbad0aeb6adc3edb0aa9,2e860daf4fdfd1da89b4dd6a497bb95e2a25dfda2a2afc199af1e5fe5543b0ed,2025-08-22 00:56:35,2025-08-22 00:57:34,-59.0
3483120,85b71bb339df7393a8d3b560365ba23d3e49df6cb81790b9951669b78cbede91,3ccbe1a17ddc40d4bd2414228ff35227b2032fb02e9a7f9aff7b526d888df2b4,2025-08-22 03:36:29,2025-08-22 03:36:47,-18.0
3483586,b711b38670f63297439288a7309ec7a6bcfb843e3a8399f18c78e5a6fc57552d,157cbed1b01c456d10dba71278c12dafbb7f3aac6a8c5c330ffa2a7465e03044,2025-08-22 18:25:31,2025-08-22 18:25:25,6.0
3484201,bf87c6749f878bf666b563bad1e4917cc76cc6bf929012035914b3d63aadca37,45c01cafa596807d8ea32a9af3e10f651e9f2d919d8cd95f8045c0d26a1c47e6,2025-08-23 15:58:19,2025-08-23 15:58:27,-8.0
3484213,4506f8c847890ec76fb8b7adf8407a9fc7c4c90547713376898ca169b5655d2c,f483050d31c29d33642b6a81ece6dadaef4d1c1b1dbe247b58b4eeb681789802,2025-08-23 16:18:51,2025-08-23 16:18:49,2.0
3484332,99a99c3f8851a42b3f3e5d144b7a7bb7e7904a29bd8569078b6960da84640dce,582ae82dc4e880ed785837c5b4e12846bfe6be99bee73e14357c3da16e6beda8,2025-08-23 19:47:04,2025-08-23 19:46:48,16.0
3484374,0179ac95c84d233587be98666225d7a7dce79f9fe88a2f81349da7037bceb58d,ac8e85139a95bb80a8bf3b9106033504bda97faac3d219b5729b0b91b0de1146,2025-08-23 20:58:00,2025-08-23 20:57:56,4.0
3484615,8ccc58061304799547dee7cd737d9d600ce2969666f0f206970d0182a178155f,4d1e982d0894d72b98b027e12423404e5c4e7a4c267a53d228f567a9ff8144eb,2025-08-24 04:08:14,2025-08-24 04:08:11,3.0
3484732,ee839c61eab0ef90e9fa5547e0f1e00061920189d67bf00990611fafc5bb8155,34df371cc3345f681c180a66ed67bc490e039794691c91651aa98cae19ff4ce7,2025-08-24 08:14:48,2025-08-24 08:14:48,0.0
3484790,29de45a321aaf7c62a7d5df60e3ca30dfd7b5ae6cfb156a60d8ca167d78cfd5b,6a50327a29f4bdf219489c559776669fc869d46d888cd4d6d35712dcc0316bdf,2025-08-24 10:09:29,2025-08-24 10:09:27,2.0
3485391,d6afcc1f5aaebdb3647ccf3a9ded139f766182d206371ff784d6586d019e5e09,8478597dbade7ccc1179976773f850688361cbbd64182d765a8928713c15744e,2025-08-25 08:52:21,2025-08-25 08:53:22,-61.0
3485392,e0fe5b80e5a3757448a16f0250ed6c76e3110231848828f00573026ae32a4e19,0acc35faf880f1fd86fef431a7bb31eaf09c53ffb9ce96538dfa393d1e03600b,2025-08-25 08:53:25,2025-08-25 08:54:28,-63.0
3485448,2f03e13d28c42526f0450c76e6a968af09df56a060c71f2b4247e62ad69f53d2,45910a06b32619c5509c25b78a07b953b27f45c6e7f6335e5e3a78a89f736937,2025-08-25 10:38:39,2025-08-25 10:40:44,-125.0
3485633,0808cf99c97123055d7e8eb840b0493e28beb5c478de4129eb632e037e86379f,ebdcd402e1289649c730143602c79f09c4807041279dba7112a671170428a0d3,2025-08-25 15:57:56,2025-08-25 15:58:19,-23.0
3485655,7fee5ac37ff4fe2941a568cdcbb7189872bd0f4dbadfdb1e0d6a2d51fb2967e9,61913d7bdac7b08e1f72639f44854a956b07574419f690733331f82f2ef7b519,2025-08-25 16:36:05,2025-08-25 16:37:01,-56.0
3485691,3a206f08defae8d42d3a45fd74532452a4b279948fba6fb7c87770766bd18fbc,3f9faae86446010ac8f8f4d0b29091bc2c88e540e75503a4a097e0741dd8617d,2025-08-25 17:56:25,2025-08-25 17:55:18,67.0
3485736,242babc22be8705e5da80dc1a60bc763f88468b559b323297ff0fcbe4266fad6,9679f8552564dd8ce967babf4fa001d78c399c50aa0965993577cb43e73a85f8,2025-08-25 19:33:56,2025-08-25 19:33:24,32.0
3485747,c10446d704c841dd84d46dd9ee7c6fe40da39cd83dcb6133106103ab5175d3f0,976077c70983b0c128297544478dc0f29a557fb23af08bb3bf1cc5e6cf603c53,2025-08-25 19:53:15,2025-08-25 19:53:51,-36.0
3485756,2419242712f485edca1803552b71221856a1370c1aee84c729826ed28a0b7b64,959e02f9177ecaea4cf4045a1f4ae2b880326da7760acbfeba86e445fd4c34c5,2025-08-25 20:15:58,2025-08-25 20:17:09,-71.0
3485767,57f8394ca9ffd54e497b9870a6b892117d6fd0d5712fcb4e58528dd2217c689c,5300d139d5815ff75c3902c4beceaf26e767148a678197cf566ff95835a9c526,2025-08-25 20:35:05,2025-08-25 20:36:27,-82.0
3485771,6069eab00c1deb1cf05a9188495bdb1ecea822b817b7760220eb38e7d3a9a064,6c70054f29a00ad9305e5a43b656d3abfe3098f20266fca6fff686c1470e02bd,2025-08-25 20:42:16,2025-08-25 20:42:41,-25.0
3485777,397dd44ee90f30052cbae425537838e27e7278e467b170f60c034014b35a5206,fe1f8e3df97e2653c44112d8292c10df658c95ac8238f4d71cd7b08fac92521b,2025-08-25 20:54:01,2025-08-25 20:55:57,-116.0
3485779,98817d107afc7ed4a66a3c2f8942999ba95f2acd3c2440e11f82bbcfa8023cf5,dc9bca65af6b5fc4269fff35ab1521809cff31fb65fed9bf47e1ad40c7c7f779,2025-08-25 21:00:17,2025-08-25 21:04:01,-224.0
3485780,eae9f15cf09077dcbe2cd9e39f7f13c7c683cd7ad4c0796999f9e1ad3a15f215,6d5700b73272910f3641152ce8fcbb80f71565b0d027dad1cff48f2e7e048c66,2025-08-25 21:02:03,2025-08-25 21:04:45,-162.0
3485781,4fd6c2eb8303df71726e7434846d6f6391cf564a4ee6b1547f9a97d2068da2f9,cfe72e6c3617d6ecaab033a305367d98b8b5ccccd774abdd77513bf89a82bf36,2025-08-25 21:03:39,2025-08-25 21:05:09,-90.0
3485782,0550b477c4e036777a87432143296cba5f4a542729f48271b696f4e420cbcb4c,7e2e2654d47b4c462fa1d71a82181b07722629027673012661d1265723e967b7,2025-08-25 21:08:28,2025-08-25 21:10:17,-109.0
3485784,8b52dba6a1d4d61f371db1d1bc1ddae3c0e047dc4a3eef6c3698aeb8e0cab752,9fadb22f41ce130fd090b8c27b0c109352a20afb12e05f0550fb9954ee05a8ad,2025-08-25 21:13:51,2025-08-25 21:14:09,-18.0
3485801,4766dc46af36e3085ee079330eaaf1aeb197a34261f0791f02ab1ab7d828cdce,0bcdd5b26f6345c66d0a6a1d13f722fdaf7930964c65ae31467a2d9147027f80,2025-08-25 21:57:27,2025-08-25 21:52:46,281.0
3485804,1f0d16e80e4512b6864784875e6121acfe1e6a2cc67ff967adc05c3721fb4800,d98857eaf2df9bc4d06a982c590050fee0002b6ac3e3b8f8f0274827d0a88e4e,2025-08-25 22:09:52,2025-08-25 22:10:30,-38.0
3485824,249de2699bd1e48b42ff8de7eff0717d7d46c9fbbbab9df5a00810045efc1f09,9c6e89a8b1f28fd2af5aa22f6fbdfda3311aa14e3dee691aa3a76409c080771b,2025-08-25 23:05:07,2025-08-25 23:05:28,-21.0
3485828,a1ad504834e6896df61d4e2c2eb364ba24b82c7f7484c0afd414dddd0148d322,a905b3209c986b87c3965a8b64d1568e6bdaf51c83297b840bfde4f3ac7588ce,2025-08-25 23:12:51,2025-08-25 23:13:15,-24.0
3485853,3859884f63e8b702b311f00259540b869ccd4bc81d0fc552e08381ac8abe3ad2,e7ccd30dce363b00a204b6098e5fce8ab4ccc1efaf9dc699d07b61092b4bc11b,2025-08-26 00:02:40,2025-08-26 00:00:15,145.0
3485856,7756042c25857e2a95b33b98dc7ad5e08147f527c98852f9db993256e257d268,8862b14daac08f89153862d4f35dcc5c5615d920d7a76eb4f18de11f82ad1a06,2025-08-26 00:07:34,2025-08-26 00:09:07,-93.0
3485866,9ddabf28cf4408d957db5641b818b27ee2355078bfed37de94a8850c4c848c0e,81473a3d9d64c743c39e2bb35b2c3ba3cdea37c79426aeaa7a4771c473f46aaa,2025-08-26 00:26:10,2025-08-26 00:25:37,33.0
3485876,18a38bb9d749c135a68ab8e14cd7337ccffecad678cee0294795670edd3ba40c,ccfaafffba2beb109b391d7c30a12d185914b2c51b0e2f5283ae912e8593f814,2025-08-26 00:47:34,2025-08-26 00:48:40,-66.0
3485887,49d2c65bd27830c29dcf4178bebbea254fe9efa102a7026338196f70707e3e60,9825badc9783bcd96861bd5e0a1197afc3ce25a901e7d9846b3dc5fd423fd6a9,2025-08-26 01:01:30,2025-08-26 01:04:05,-155.0
3485893,11284e56910a3c53774f64045abc1cbe3909ee2d15eea5c20e1f6f95b5841792,9c66fe42a5a23712e675c17277e58a96a93d33548a07d93eb5fd04da5f2bd977,2025-08-26 01:15:58,2025-08-26 01:18:18,-140.0
3485904,fdfe90d0f8db53b725486171504fa1bab5ea4a44dc1484e164de00da2df2e652,0a7af1cb8f1acbb1959772f1d6a069bd82e73baf3d335eabb56ce737ae4d5980,2025-08-26 01:32:37,2025-08-26 01:33:20,-43.0
3485911,677f43ab860e64b7c57abc59831fd87e3636b08efd50a055bbea48ecea2852f9,d3c28e1422a56496b88c6afe20c1ebc0a6489616d5b659c096518f1d06019e42,2025-08-26 01:44:14,2025-08-26 01:47:45,-211.0
3485912,d3a19946632df634439e2419f78b170b07d5a482d17ba7a5d82e4f77ddfb1697,973faccd86dd6971ef3e0575a9813af8de3d3ff1e2fb95c00416f76d565bee1f,2025-08-26 01:44:42,2025-08-26 01:47:47,-185.0
3485929,1a8b9762b2da2bb413b39b6454240535b548e4b51cbde2709edba05dc00ec855,28cae1552d33ea5fdd4c7890ffcf42afddc1d81b3d5589b4232ded5d5c016e4d,2025-08-26 02:15:49,2025-08-26 02:16:06,-17.0
3485931,fc7abd3e8766e4c11998ee0167d6768056c1c10200a0e77497a1204e50ecad6c,86e62bfe14565ff8f7aa78db11aacee0a8adb90ef27a30fb889229f7489e8707,2025-08-26 02:20:13,2025-08-26 02:22:49,-156.0
3485933,b00a1fc930fcfcb009cb755b6ef944dabce7fef0b13a84e29784e1bda25eb2d3,c83ae3d85696a4d840437d1a9e98a29c4a617391087db5a20559b9a99d2e1ec3,2025-08-26 02:26:03,2025-08-26 02:32:57,-414.0
3485934,4ea3d7ebfa4634e8a3860709fdfd3d98f1de2218213f7b576e1146475ed4e25e,14b9f2dd8576eb0b7e5acf51bdc3b2bd7d5bf3f8887fbb7313f9e6f36bfd6250,2025-08-26 02:33:13,2025-08-26 02:33:04,9.0
3485935,83fdcec415f52992c8660e3cf64643899be5be7ef3d8d6633596d845398f2ef6,fc34cf3118b83a1c8872036d6699d63bbcfdcb56700fa092096612c2288815d0,2025-08-26 02:34:50,2025-08-26 02:35:05,-15.0
3485952,3a238e3ae51711327c804e84a856cdd89eb3d81d86f802466387329aa93df441,d9c7e11e160bbea6e0d8f7b42b9bed0c6d3a2198059bc0a42ecee9e86ab2971d,2025-08-26 02:58:55,2025-08-26 02:59:27,-32.0
3485954,5edcc836dbfe307e70c59db7c53d3831e09252ab65b0f10594b01deacfb159b2,423b01fc7aecce8f4bb9975378f7621190c11694b313cb547d80beb4312e472d,2025-08-26 03:02:22,2025-08-26 03:04:08,-106.0
3485983,36bef3c5dbbb14b23c9b221e96090ebcea32c7e6fc6c09236fd091a72a480bac,b663901b49b340761b01ed6d9a3671403732ad137b3f2c896e58430a7f0d89c6,2025-08-26 04:18:25,2025-08-26 04:19:55,-90.0
3485992,827f2e6fb778443e1beef4fc16ffe376f62eac7e5a871abe73e6b95d68bcd740,059eb49a0f3ed62eff1b0f053956923457ebd63b08d1c5ef6006dbf1b78b27dc,2025-08-26 04:43:06,2025-08-26 04:43:39,-33.0
3485997,9e845e76f42fa76714e7912fa09b403373b2c734f031657c869bad35facfe722,08bddca844bffdb06764db095fa5fe022add5e64269ba91d5c90f0689380ab0c,2025-08-26 04:54:30,2025-08-26 04:54:55,-25.0
3486002,f4e2b538fc5aa9e6ead006d7ea4535c8c780cdae7cf7ceab42f140ffcac4e72f,841b3e02ac778ccd51f184f4d08de17468436cc8079dbbf873e697ce7e286b5f,2025-08-26 05:08:15,2025-08-26 05:08:24,-9.0
3486008,937cb9aca8bbd85110077db95adcb91dfc298e3b46efc15fe0f6e20942aebf37,62af8277749cab72f34e51cfbafb4084b636d45cf331d2428f31a05f9b258fc2,2025-08-26 05:17:55,2025-08-26 05:18:10,-15.0
3486023,0a181076bb3e7faa2f875a074a081d3db1e25b33634d938899eb07dc16eabda6,345c46b91ce4a468ab012608797d5674af62a999d5f81127df305cf06c7808c7,2025-08-26 05:47:41,2025-08-26 05:50:03,-142.0
3486025,b0f017a914559610474954ede9e51e3b6872fa88b95f83cb586bd26ddeab3a44,651df1dcc07f32e087a3bfaaf15f5f51939fd8d6c55c3c061e2ae9f76b762d3c,2025-08-26 05:52:35,2025-08-26 05:52:39,-4.0
3486039,febeb36405ee5d5df732ecbcaec030d869b44b387aeeda28e4f8ab10ae367b8d,c184c2c0303540f4e74dd60e6ed741dad77a691a8298431f6f7aefac100291c6,2025-08-26 06:19:38,2025-08-26 06:20:06,-28.0
3486048,72a83b8506724304448c4588220144bf203f297ba9b151f6a334294c95942f3b,8e25155d4a71d4a315418e9e3d8f80171f28694d3a11735fc50d022f4f0ee7a9,2025-08-26 06:31:32,2025-08-26 06:33:26,-114.0
3486050,1e1d53e02cf67e16a6d2f14cf74e2db80cf7f2908282b5095d284848bc300a29,c546619c244f2a2828670c79a63737fce9dbad97200c4f95df37804d1f72cd2e,2025-08-26 06:37:57,2025-08-26 06:39:38,-101.0
3486056,240bed5869e7c5368e2e8bdf3ccb39fe0ea2fb24ba07cfa257c3adbc4947ca61,18c6b71083df58b29d8c2e0ba69204a438cc4ab01bd1a3f4e269692fe04c18a6,2025-08-26 06:47:14,2025-08-26 06:47:42,-28.0
3486061,6e89dc603c1c4c77b1b63dc01aa71cfcf05713ca158475b5fa604519990e3478,475b20fb7d022f65bbce565a4819e45ebcb01d6b79892ee6c002c5666a0d4b9d,2025-08-26 06:50:01,2025-08-26 06:50:42,-41.0
3486069,ba6c68e37908227876a1a7239475573408327c4070b5a111dca088806ec7f340,6f578a8910d6f1899b1a73a2ecffd3f1c95aa98561c360ade467977b6196d489,2025-08-26 07:00:16,2025-08-26 07:05:28,-312.0
3486071,2547a2e00ccfa17dc3c9c3b7fa7d3cdef8c1ebb16dcce59d2f55c5b93cc58b13,aa3bdd7a7dffdc1a2f9ba5c3b0c7aaa55a55c716462e82dc0be97ffb7e8190de,2025-08-26 07:06:52,2025-08-26 07:09:25,-153.0
3486239,002b6efec63d4904306f1d4d6f3cc0385ba7e864a0a669f40780fadcd427d1de,c3f40c86d8d066f6a095753a47716967a546aa2e11c288c3d5a5a65ead5ee922,2025-08-26 11:29:27,2025-08-26 11:29:18,9.0
3486980,b35c25a187e9f0c135738d56c98fc9ec3d7ea0716e272660ed5373ab1422aa3b,be74667e28dfffe0df614ff462b50cff4edecd2d9a92dd1a8588146b453b1f85,2025-08-27 14:36:40,2025-08-27 14:36:42,-2.0
3487261,617de95b5a4df71a0510d472136731826b12b3a45b71f24b43fdc0e9e6ac93a0,e150705ceaa85b43917f37a7388544ae3d2a027aa2225349c8f2a989c049dd8f,2025-08-28 00:32:17,2025-08-28 00:36:57,-280.0
3487262,63a95d5ef416c1bcedf6c189cf1eb5fb2e2990ef3b13160e6e8fcbaa745c2b68,a54d937db2b4f8a6137e6cd406a79a9bfdf4e9f9b841231448cb64d259e82887,2025-08-28 00:33:07,2025-08-28 00:37:08,-241.0
3487280,f4b05291c3281cf809fa2b47ee055208d0e4714b5f93eddc4aefe40f3de2888b,17621895f63df7ba96ac0e3763712333ab24d0cde3aca08854057a478e9ce363,2025-08-28 01:24:49,2025-08-28 01:25:16,-27.0
3487285,be5a60726edadb9dd740cea2ce7e13181fcdcf29d3e587a7f869d94af4ac6db2,06c940cdc9d50ffd6463bf75852d85b3d8e940de2f46167b85d686b51e1437a7,2025-08-28 01:33:46,2025-08-28 01:34:58,-72.0
3487310,b511bd35a67715108d54e55debbac9c6faf2e9d134e4d7ae48b99dfb5b38eb0a,0c66f80ec6552401a52eba8a101d1a1907eac4c915096d0b9cb523dc21aa96fe,2025-08-28 02:36:23,2025-08-28 02:37:45,-82.0
3487314,a7dda33ceed9ba4b7a27db37af8e2d8741eb36811145dcd6e9b5fd0496148819,d03fb432af6f2e26bd3c100223c3a332ab2dc6b65d088c36dd01d5e2424a3539,2025-08-28 02:40:47,2025-08-28 02:43:39,-172.0
3487316,f676f8a57297ef17672731d4877a5e51da4de93acb7ad8a9bfe610e867cb92f0,507da2d5b5e25c56e1abefd25c48eba454d4f08c4c39d3f36baa092fd220b9a3,2025-08-28 02:44:29,2025-08-28 02:45:14,-45.0
3487651,5d7f66ce0197ea74504d737f7b7abcad493d5b148428e1eac838bb33580cde35,38db7bb4a923cac763ee83bd28d852339707a33e9b0e7cccdaa576bd264d7414,2025-08-28 12:13:04,2025-08-28 12:15:43,-159.0
3487661,3b41a73157724961eee559d78bc39ea380099398c94024a3d52e5fb4db4c7298,2035c71745e331a7519aa6506e0f969cb905f6fae58bbfadee48f521f81f893f,2025-08-28 12:30:15,2025-08-28 12:32:35,-140.0
3487669,c16880c5321295965f30c7bd6cac6014044575ea17f8a20f116cd79e69815445,a1b98c3ba562374de1129cff1daf635f5be13b91f14f0314ea7a1912ee696578,2025-08-28 12:46:45,2025-08-28 12:46:50,-5.0
3487677,fe0a87cd526298f7089cbcecb317b791218ee4780d5f7e9a7fe7cbd41f8647e4,e5fd23a0a3a2b7f705b281e7a6ba94ecf371571d2c51f785f87508f25f44ca6d,2025-08-28 12:57:03,2025-08-28 12:59:52,-169.0
3487681,b1fd225b6c593edb74d4ca0ab6427e0ab8cea95981e0200399122e655a35d86c,4f07bbb6ae02d1a76d672c377b63c78170d39225b1925fb5fabb5ac3ff88a21c,2025-08-28 13:06:47,2025-08-28 13:08:42,-115.0
3487703,c59ef336b74f9777e44eff3b270def408e65622a591195c69d63c8bcaaa31add,13709f39597e96ee5da6802d4928c1c8facec2a619eefb7e0c624d97e516bb26,2025-08-28 14:03:12,2025-08-28 14:01:09,123.0
3487709,0c31a204e8a761e8820ec590087fd744708d998fdfb2cdd77e0b60ea1f6fed81,8e17688e914a115bda40baa41285129db2d5015d8c0ef8d1c0b1e57c911f5ac9,2025-08-28 14:14:11,2025-08-28 14:15:46,-95.0
3487711,5a9dd129dc5e862ca331f2b0a2ca81233f4311e19e3a3e537713a0ed70486626,ef6a2637c36378d0481812978ce5f1373d0a0c21fb30c9111ca2487b4787257f,2025-08-28 14:17:02,2025-08-28 14:19:23,-141.0
3487714,944b7f3bd2b7c2d4e3966f5d7823da2d09c14e3f69e47465b52eb7d692de95cf,ff78f34085eba7d2d3b2a507452dfa4e2fcf7a06651fba172a4d382bfb99a139,2025-08-28 14:27:44,2025-08-28 14:30:28,-164.0
3487729,45b92651b474f426f811236ea7421be57029a45617f2f6c178307102992c357c,f92455e5a52633b0ad1c4f06407f0eb6578c1f2df7f1094c02ea4fdc7aabd709,2025-08-28 15:00:19,2025-08-28 15:04:13,-234.0
3487730,28b6e48d61132c85107d73179b07adb291d43910851aa6a2b80ac1a904cb1b0e,07e6c2ed24bea55a613d6614f95fdc6030dac6f1c8f99d0652ced74cbcce8c4f,2025-08-28 15:02:37,2025-08-28 15:05:30,-173.0
3487749,2d37f94c36758dd2f0551d61d73d286800099d3fc55a490ad63a116e97a33e58,b4473c672fd7ea64165ec3432cc3931ac79129cf01a55e2540cac5c5540d0ba9,2025-08-28 15:46:22,2025-08-28 15:48:14,-112.0
3487752,0ac16d713a6fe8bf7a69760fd7e57398793f68c07b59f47a055850fcd3647406,519e1b5fb6edfd60556cf89c31b89a89108f40df8018b7655ea037efd8278db1,2025-08-28 15:52:07,2025-08-28 15:53:57,-110.0
3487759,a2440537fc06bb56a350c53ff517dd2c8195b2af13de282ff5062971a441ba27,17b0376e03e589d35799ff0bc344871dc387cc79529c6b2a03ea81cee101f8d3,2025-08-28 16:06:21,2025-08-28 16:08:30,-129.0
3487769,8d6d78e47e6d9091ae121b03fec210efb4a6832ccb378270804c35ecab4a86bc,6a3571c6f57fd0832dd59cb4a22e0329c24212c1bff25c56b6463b7cc1e11d48,2025-08-28 16:25:28,2025-08-28 16:26:31,-63.0
3487774,87eb9ab6d3b1959fb5f7e3a313a9e96d40ca28367ecf81db48d23efd3f25ee5c,f4804d04d6ce774cb29c4c14f4b7d7646b1427e7e4db6562f173669c057a9dce,2025-08-28 16:33:39,2025-08-28 16:35:38,-119.0
3487789,e34e2b9be45113f34fdd596948462e455a758f47066a21185224e81d4ed2385c,fdd49ac74e545619f8f2bd1997299b77d51ec87dca94b783d8acbd7e44a6e049,2025-08-28 17:07:44,2025-08-28 17:06:39,65.0
3487798,c4254b17bbc4d9d76c4d2a3823237fcde21954f5f7edaf0b45341ab82f064754,4b7cf471d455c1c4d482f13fdcb4092fce57e747b6c2645945cd45451fc471ae,2025-08-28 17:27:28,2025-08-28 17:27:31,-3.0
3487815,5a713ec72a9a50db567e9fed23faf6ba35158ff6129533d8fae814c1dc23d509,22c46cefd64a1697b6a1cae15be55a60447910719af7f8ea9a3c4aa31126f159,2025-08-28 18:00:59,2025-08-28 18:00:57,2.0
3487817,dee1584704b2c092405acfc9c66813c80bc7c9ce1059bcb233286e79cd26bb6f,39b71d75dfdfc6193fb168ccd295ed8942592a491d075e8c1c4dcc3b1795449e,2025-08-28 18:03:01,2025-08-28 18:07:31,-270.0
3487836,6e1a628a13d719ff14c67a0213da538c0ed19e9aa8f2874b947920fa487b8c74,26199fb2d03a9b7aac9b1ed0f467536423871314b0e9b388e3c358fa317bc1f4,2025-08-28 18:40:57,2025-08-28 18:42:44,-107.0
3487847,434607d3c8e357439983bd9b6cb5c301010c45d6c6cdfff4bc70eca0bd77127c,22a34850b8886a80b643fe51336edd80b8392c4bf40bb59fac40c669cbd823fb,2025-08-28 19:01:07,2025-08-28 19:03:25,-138.0
3487850,f8d128cbee59d1061153f747059816aa93b1a650adcf486b1c99aad5859d930f,68377fcadbff91b0b62bbbb4495451a3eb175d56fe13a25d329820c46663f909,2025-08-28 19:07:21,2025-08-28 19:07:11,10.0
3487869,1d307c499a41375a4c3de4b2b5073f7cc60ed3ac058777e334ffbb7b46a18bfe,8e765b58bc47774e3b4504810a9a91e4508f64f1d5b017891eae87e06f6b1dd1,2025-08-28 19:35:06,2025-08-28 19:36:16,-70.0
3487872,4c66b2672d830a91b4fcaa0d0695ca4e7cfab8f7ce9b5697a0e7b829adf7c7da,71cddfec63139b2cd8fb8f9ff47cabd77d30f3a1958fc362323be31407cce650,2025-08-28 19:39:58,2025-08-28 19:40:45,-47.0
3487874,da8d09c33800b20dbc9cf3b3ab0f041ebab796d9f9fd83bf9c26335c0fbb4252,546e5873e9c06c4da2951029b9a4f97c4c174ff3c2f19f4d280b932efa18301e,2025-08-28 19:43:59,2025-08-28 19:44:12,-13.0
3487879,5517e6c0276f6f7dc36ab48b0ffb3fce13b057fafc5fc85038246826e8b48c95,51da87ce8fbd9b1fc5f64aafa39108ee42821c1d92c419dd150d7a4ce5bbfab0,2025-08-28 19:52:12,2025-08-28 19:56:41,-269.0
3487882,668cd9f5d1006ccb52529f0fbf47b300f37bd7d6f1a0fb20257028a30af51f84,818e474498dc6c3ce5621358b073a33d91c596c8df8e9a34317970d2d8f5ef13,2025-08-28 19:59:39,2025-08-28 20:01:27,-108.0
3487897,7647ec34b9762bd0192feb388b75b27ca355a7b3151620dd3916af6fd914af66,39c114f94805423903e0cbffaa3425017652251e4f8829466ec128bdfca7fd17,2025-08-28 20:31:02,2025-08-28 20:30:54,8.0
3487903,36caf9ab55b4575d3e78475a0bd2c616ffaa5632becd570ec2de8fe075164982,f86f7ba746fae99a1c2b8394738d277118a16fe2122e370141995526caaf473a,2025-08-28 20:39:42,2025-08-28 20:40:51,-69.0
3487909,25795434648026af9e33b261beb3fce0d69b10ab27f44e3f962aae7d41f9378b,0ce05ce0a739990163a6ea90d0ffad89e501c722d09ecaf0014dd75d1a0755b9,2025-08-28 20:50:26,2025-08-28 20:54:04,-218.0
3487914,a22719ca6e9e065eb3ea9802bb0fe564a812c30a0f89d56d30c39b05fe05ac50,789d0dce60da5e6180c54968f5586ffb7f692aef57c8bde8a9d495be6096a962,2025-08-28 21:02:13,2025-08-28 21:01:22,51.0
3487924,5761470614d8b66fb68b16343ba539b09cb3e5fecef6815cd307e4a0c1835547,ccc7fccf065a6d8e03cae478fefb8cf953dcf913e777bc94d9574117b9350e88,2025-08-28 21:33:09,2025-08-28 21:35:53,-164.0
3487933,16a293583c8ddd806576bcf1f5625af266818f0cbf1fbd620517fbf2e8830136,a652fc890a4653d1a591e654660118428eeada36714fb3b9705a74be556d86c0,2025-08-28 21:50:04,2025-08-28 21:54:05,-241.0
3487938,7f739b33295be8d9d039d5315f8054a85c98d7fc25062d876b67efadafdc591d,d877640b08b4d0ba283b162cb93debc3ce55232b0dc8074eb1c4616a86bc5da8,2025-08-28 22:00:43,2025-08-28 22:00:56,-13.0
3487949,999a6ae2dcf45919eda62a991ea57b48c04b483ce86b78ed9117b99eb4dd562e,b286496f9cd49e3d84f60a26833ec320a00f0dfce1bc36c56dbd3712bbf4d484,2025-08-28 22:26:17,2025-08-28 22:28:11,-114.0
3487954,5238580f9621922744a5a761414bb38e9ce6586c586dda5df72f7f881081b2f1,5a50ce75b284e293bf329fb17b0d4d518a671fb2cbb5e3aee7fae0a4e7fdc804,2025-08-28 22:31:54,2025-08-28 22:34:21,-147.0
3487978,e9f114f3e5ff0059deb5f83c7dab213fe7a38b97b5b255f9b9e85e61ec7023f1,ce22066a347e00d33ec5431a8236241137c6e069a473e2495b8aa1eae88dd5f9,2025-08-28 23:23:22,2025-08-28 23:24:57,-95.0
3487980,d4946d03fc6e5eaaa46cee1ec44e949ac78e11b8bae657016ac3d29532cca7aa,fef4428a2747b94b2bea85a8fdd2b0b0e616c3e7bf7ae23260005ce328263322,2025-08-28 23:27:09,2025-08-28 23:29:00,-111.0
3487992,d1fd0ef14738bbd20be01f712921ec84d2410b8688d0d884422213a8fb0c8092,caddd101651fbe4286c57971ad178540be24cc2fee536198ce5214f5cc05871c,2025-08-28 23:48:04,2025-08-28 23:50:16,-132.0
3488012,6a45b6250e2e888b198728983c5c260e4cb8c046e497e08a8d25de71a2f27ddf,4149364e882f8b1cc83e9be0782213bc0e429d1eed184449a2eed27a41ed4388,2025-08-29 00:50:17,2025-08-29 00:50:21,-4.0
3488017,e4ba79277ed7582b0a07eb7bfcd0baba44c76e155fbc1da07cdb507f5a3e7fe1,0c6b7884d2d4a52217597e18bff4adf28dc4cc8bb18866010f4c4ef1b4edc00e,2025-08-29 00:59:36,2025-08-29 00:59:06,30.0
3488020,00286987d7dc8b0f4fb5655fd82abdf0c89eb4dfdd5562fbba6aaa7b4c586ff1,a42be7f6608fc2ad2090298c116a2f83f0590cb3d593433820d37fa800791a29,2025-08-29 01:03:01,2025-08-29 01:03:06,-5.0
3488032,f50a1c2421cae881aa9c6d379d110e5b6224a918b88f248baff5200dbd891c2b,3cba999b74d4278cc648960323604907fc5198d4da7aa335c6ef18ff24cd6cc0,2025-08-29 01:36:53,2025-08-29 01:41:47,-294.0
3488045,71d32595ec7f4176022426e8842980d797104844c4f4f82f68fc1529b8d102ad,5384ef02e4ff2dbb563d14894c7975adfb6c02b056bf9a1764be25d9a9ce8e0a,2025-08-29 02:04:24,2025-08-29 02:04:24,0.0
3488047,f27180de05aa39f46e9a5b14fbe1c14d27ca6b183d14c6e2b16f8b2ede9c3750,90e6eec019f35039d6a6aee69d168fc6dbfbae1fbae047e320fba1e8d0ae8905,2025-08-29 02:08:39,2025-08-29 02:08:38,1.0
3488057,5fa8e02b9c701183b818dd32d9f0ecefd87b1c16ad340ebb09cf14d52df9f8dd,0ac7993b86c49c1b488d0ff9b98d5d1f828c409d9196936676ed27a86adfe23d,2025-08-29 02:24:44,2025-08-29 02:27:08,-144.0
3488063,1ac4e35ecd595d760667660e4672b19bcec6c6e98ee814e23c9e06ff807d6bb4,4ea48a9e295ae733b71c1f335bd5a84632837a64064745bd38d03d0d36059f4e,2025-08-29 02:40:43,2025-08-29 02:46:33,-350.0
3488064,af39fac3aa8eb650dac7a2dd8f86f59a36d448457446a23978ff163ba0d1923d,52e1a95176d7f74f216b8c86a06d32ae79de1203240c7de56b301532795d35c7,2025-08-29 02:42:08,2025-08-29 02:49:21,-433.0
3488065,a56a5dbd2a838fbd29bb636b999c900a99572c6ac0a3b84ba7ed7ff449145ddc,067c60d6b3531b11212a25a743a02053413f2db945815f64e83ffa670c323c89,2025-08-29 02:44:19,2025-08-29 02:53:55,-576.0
3488066,bf99158c94cad89f0fe5ea84ec48c49b3d3ed6d016c05f8bbc576e6460348d8c,065ac493e1d7d05c6dd8fec88d7e4a0b0d58a01c68f095f4bc0cee4419796b30,2025-08-29 02:48:17,2025-08-29 02:54:09,-352.0
3488083,cb0a5f9ced5fd75cae6aa587220a511766aa3527031049a7e529de74a2ee3901,45df1072cd22ea8c86c7a31211c5e5752a106322371a8d26259b10350b362eeb,2025-08-29 03:17:20,2025-08-29 03:13:43,217.0
3488092,ff12913f0a21506155d30d06105f4b71f55fbd6e448c657d52b9057d9ec774d5,ac241ef95c0fb7a18ad38c7f43a89b1df803d5c0b712252e68ea818924e9b729,2025-08-29 03:47:00,2025-08-29 03:50:14,-194.0
3488097,b0b8e5af6c8ee60fd824e112e112e1c22d5f91c8055de5e15498908436be70f5,47aee615914b230703f43c74edef9b92fe67639706ddddb061af0b0b90e5de30,2025-08-29 03:59:03,2025-08-29 04:01:24,-141.0
3488101,0c81616b0eaf433e0ee335ecc93799e737a2c3a60945f1566c78f353210601dd,8a584fcb529e4ad54c9721d5ecc303aa1faea1689310e2dc8706e34fc127a59a,2025-08-29 04:05:33,2025-08-29 04:06:42,-69.0
3488104,4bc4fec72a47e60994c9e6b919c7244fb67d981fd6cd49a6a42adaccc11110dd,dd3133b5683b148bf741065fc641ac740ba8008a55123ff0fa8d1964c58b5734,2025-08-29 04:12:42,2025-08-29 04:12:50,-8.0
3488111,6551855997e6a88e377c425eeb79838031a7b6b9211bbbf33489d74a2d6dbf89,77839ab8959e0345163554b9adc4ad827ace24fda365e03d8fd18e491cf9559e,2025-08-29 04:36:59,2025-08-29 04:37:15,-16.0
3488113,d7974fe67f366a11912dc7db5aafc246e37553146430f769689f1cb4141e24f3,366513242750314b604b57b9813298e305431ddc660f69cc10b01ba54d28ae18,2025-08-29 04:43:39,2025-08-29 04:44:07,-28.0
3488116,6c4f66247009b54e3978241d0ea675e0a379b1c99f7bfc6f1e10b933aab13aa7,d57ca18824fe31ace4d2652d160467176ed2dcf42a79c490baa407bbb0e8e893,2025-08-29 04:50:29,2025-08-29 04:46:20,249.0
3488118,28e3eeeb711cc538b41fbca3bfbae1ae582d63a71d965d1a0633cd9a7503384e,45f221105e8032b3c90878a515c5e8e7d6c3fc001c642bccc7bee5c1c460b4bd,2025-08-29 04:59:24,2025-08-29 04:59:48,-24.0
3488120,975998763171cb886159edab13cf38059d01aeb84222c2c517001d214479a0c6,565e3505499a4c290ef432e1ade9c3d516b4f4842dbcb1103d92e48288d97800,2025-08-29 05:03:46,2025-08-29 05:07:01,-195.0
3488153,6f254472f9718d8784ec050321a5ff3909498821871431b68a1ceab0c2692a5c,b6239ee741c2ce7524efbeecec46d42ce90532a4a5e9d7e77f473e3178e722d6,2025-08-29 06:05:27,2025-08-29 06:05:26,1.0
3488164,87fb29b5ad23d92d9b8e5ff7afb975a2eac3e8639a20d8d84516cd6ee9261bbc,173eed92f3b43c7ee862fd0b3e1b3db047660bb24e8496cc50c73b409d0a650b,2025-08-29 06:25:02,2025-08-29 06:25:06,-4.0
3488188,bc07e6298effa7778296c524a5a517547c01afb06056427f14e1c53aed549ef4,8d3d8216c6b5d7180f9c883e3a26d1b375b2889d2bb35bf803ab791154bbb1ad,2025-08-29 07:03:56,2025-08-29 07:06:14,-138.0
3488212,254a30bb396811c054140f78fc2b0dbf7b26bf73738a807da51472397bf9cb22,fae40d1ac236b0f3790228de119f1423071024e2093c80716d736f2349f14f63,2025-08-29 07:54:40,2025-08-29 07:55:31,-51.0
3488214,f5477b52eda7703967d772c737a0a79e41b144147ba12e4f1dcbc0caf3c1c342,beca4f10bc467a06c7fd6a86597bafa74472b09e58fb292a49a3eaee55ceb762,2025-08-29 07:57:08,2025-08-29 07:58:40,-92.0
3488227,0906426db9e0cd94ff299b1ae77a43968a4d8cf1c1cb6e4351bc015844199e17,c7fd85a4e979a7d9960ca4583da445ef3a260196ed7e72935af0a874589668e7,2025-08-29 08:20:58,2025-08-29 08:16:40,258.0
3488232,285176149be6ddba733f467b8e1e64ed79774be9ee70b8b926fdf75a5f3e7ec3,11dcfe31cb77c1e4419a70df59b33a8f30a49e224e236e7059c80aa5ede1bc45,2025-08-29 08:30:06,2025-08-29 08:31:42,-96.0
3488238,7706debfcbfd8f5f4738e5fafed33eb08f7c153282459d8dc9f4d0328e06e0df,c359bd166060e974e068a5d14bbbc0e4aa034d5cc5b6a9ab7a9ff9a2bf3df5fe,2025-08-29 08:52:24,2025-08-29 08:53:19,-55.0
3488240,ef271a0a8e552b7bcf1d83e2879218bd1becc82806ef2f7ae52b03fa7db0d8d8,a578570c99e59b56152e7c07ad0eccaad021421cbd5e9301ce7af8cf3558b43d,2025-08-29 08:55:51,2025-08-29 08:57:34,-103.0
3488246,09773e242ea1ea01d64d9eb72ea47c7e456d87160e584a43cbd5113dcfb5c7a8,a050ac6edf93ec1e975196f0f20d107f1f8ad50d94481361f90384474ac429d1,2025-08-29 09:03:51,2025-08-29 09:05:35,-104.0
3489177,e3b36e52a352bbf200da71a05167f369e430237a7559961049d758a55545a142,9e943bae90906021ce28312bc947ad509aec6e39726fbda768d553c35f51d30d,2025-08-30 14:35:15,2025-08-30 14:37:00,-105.0
3489185,2d14d0b1766a9dcd9ed081d86c861e484ab5b039211c1bd24cbbb2dda42d23e5,9b20d843dce09ce151df4bde4ec6532bfecce12c2a1c670ec6062b64a7768380,2025-08-30 14:55:28,2025-08-30 14:58:12,-164.0
3489199,25bcd3ab6e1acf64d28a7ab5314dcf752928da97dce1f536cee5d44c80fbe6a2,5e8f2f8ea35059e8320e33e2642c8cbb0aa56fc0cdc62353e31f867099e4a9de,2025-08-30 15:19:39,2025-08-30 15:22:08,-149.0
3489205,d9f3b3d8d4f4ede51921e92bbba13b96bd5d02aefd5f9856e992c97bac0cebf1,b9245e37e24e31c27d75a4e95b7ef515b576642fcf7b50ae3e891c704f9e9782,2025-08-30 15:31:34,2025-08-30 15:33:07,-93.0
3489221,d13010ad79a802dcc82e2b8c1a6268aac0d97420ca76529de0f3eb465a6274cb,487691a5e70d9fb9c70bd5839678f1bcf5e5cec659bd14c4e16efaec035560f1,2025-08-30 16:01:59,2025-08-30 16:02:48,-49.0
3489224,f4a5c3d6cdbd582ba1ac18385931901ac2e0b872d2e87e383b3dbdd9b254fa40,17327d0d337877e111320e50dce6561385395d4317089e5dfe16d3c59cb4f3b3,2025-08-30 16:08:09,2025-08-30 16:09:33,-84.0
3489230,30e4a6f2d64b1e8426c7b5bf712c8823b062d9f43dce5a493498e68fe923418e,9ae8da04488bd2ec915562d86c52be18435953271e0504db425e9099bccc2cb7,2025-08-30 16:14:14,2025-08-30 16:15:18,-64.0
3489233,2a901349731a8bdd7fa1f472c0d53cde8caa7334168f8321a3db2cf8fa764810,65db9ce4baa393045c8eda60fa0e9408f481b12e1c11f1383f8303361270f0da,2025-08-30 16:17:12,2025-08-30 16:26:21,-549.0
3489237,cc0a243ef5ed353cd273912188380339f5c37f5f1561ea4f2dd9045b16bc52ee,a3bbf2ebdd1903bbf5f1b9e69cad9d7992219c062eec4c6e171ee017bcdcad89,2025-08-30 16:30:23,2025-08-30 16:31:37,-74.0
3489241,5098412d0b00b9c5f4442632192618fe60a8d4533878c47a7a65c2de2f31c6a6,22104bc6129fba8884481cbaeff82310f29f31f237da5cf295aa451ec63d5093,2025-08-30 16:37:38,2025-08-30 16:38:53,-75.0
3489249,eb3e12f12c530f2c595c29d2cbcee370c27d5a0817c96bd1106aca083a2d2319,17519a519a25218b8ecc922f9767140e6a3055463757a88e5f1ddee54079b96d,2025-08-30 16:50:19,2025-08-30 16:50:43,-24.0
3489262,e856614d5d73a4cffb3bd6497592ebfe862d8038f00b4cb4755b3b3c15347dbc,46a1e43b5f97c18cdd6a2606d258fbb60b22ce8d3d83490f53c38b76ea0fcc44,2025-08-30 17:17:36,2025-08-30 17:17:44,-8.0
3489271,73a64ef297a9d383fa47bc5d619fbdb0132425dfb0f65828dd676438c7a9adb2,0903b72caed7f84e83265d99850c7808d893c7e19b50c4ef439676e6ac4288c1,2025-08-30 17:30:50,2025-08-30 17:31:08,-18.0
3489274,2b255d67064c9dba0233b79f9d3bec8740b60cbbee61f214144e400c945817b1,b8e7edb3691a53afb2bba775e5f654cab94ed0af6ba0eea2d85354bbf3ca8ef5,2025-08-30 17:34:18,2025-08-30 17:37:02,-164.0
3489281,a1696d608824c95fe2e6465a85c223f6f5cccd615c6ce5dac3f2a6f16a4efcfb,5fc0c6c68b41930e0ad5b314bfd17b8ffbb8d29735a0adb1b91e0749fe4463cf,2025-08-30 17:50:21,2025-08-30 17:50:47,-26.0
3489299,0479c9cb98f58d3e825d341405ed6b155195ca5d043989fd5f05a42b23b10c25,8df988bc057f5d3b4068b21c6865ab56c14560de24c6d82dbb627f7ec4c17a78,2025-08-30 18:35:01,2025-08-30 18:35:40,-39.0
3489312,a574f581f9380f4aa7fefc4665d211d6e3c1a3d0c45ccac2930702f6e57d473f,21074c44c8b825d10331da9c71925f8c164620be39c433aa42bcdacec71704dc,2025-08-30 19:02:25,2025-08-30 19:03:38,-73.0
3489333,319c5388bdf29b4aba043644f200a5d8b524b458a01e62e6c2184ecc270fb0a7,d30920cf143fc0f5ae53900bb03912b8fe0ce3bf89170d6d9a10b5e20c8feb14,2025-08-30 19:43:33,2025-08-30 19:43:37,-4.0
3489340,35da466a77d4c9f6f73195113def996193fba943a1fe2bcdd78f1b84aee6118e,1afc7eb4eb7c428e76e2702619dc01991147c528aea0efec34ebb0db605aa1ed,2025-08-30 19:56:59,2025-08-30 19:57:52,-53.0
3489345,70c150d402ae872872a08f3cfac5ea4c4b699e6bff49160ce247a67769ae0c66,3773f1093d15df1c56c24d5d05ab0cc3109ad8ba42ded65f26ccb1a92e14d1dc,2025-08-30 20:04:26,2025-08-30 20:05:14,-48.0
3489350,bde44df30731ae8a00771a2e493d73c209f25feb2aa58bedc111d0159fdb81c5,3dd86aa0eab57f8ffc9d70890698b4908b64397b81ef18906ddabd02fcbae0ee,2025-08-30 20:23:08,2025-08-30 20:23:35,-27.0
3489379,cfd6e3318914600d847e59d6c283825185ac1bbcc5457d300be60da4c3ab0128,9581c73be9d45066c08219f2e422f8ea55187deea18bf7a641db53a6320e092d,2025-08-30 21:19:01,2025-08-30 21:20:03,-62.0
3489396,b0d9492121132168168c9d0903bbd3c8693d094c89b27006ac73dc9cd6e056ed,55782ddf421f5a7a96b2acc9e6d1de046c0c5b6efacad2d8c9aa8dffe9833efc,2025-08-30 21:50:46,2025-08-30 21:52:59,-133.0
3489399,76d849b45223484ea0ba4a8496bf6bb7989f70aa615b34474c8173c1e05bbb45,578f13f34c29a35a4ea90b827ec98c4d903e0e28dcff3921dfa953adfec000ed,2025-08-30 21:56:23,2025-08-30 21:57:58,-95.0
3489424,8c599064ae385cf292f868566ce3ef1965bee9baaafd2a5fed7be92fd68a571a,92497898882108264dac5fcff71af2c8e2b60e9d9295c69efc1af5019988416b,2025-08-30 22:49:10,2025-08-30 22:49:34,-24.0
3489441,b06d1f095bd2ebac6cd35722c01d498e4b9af9702179c2d77ca229f7c350abaa,a9abc06258ac0b780ffd2a489fddd975f0ed8d53a98a5a484e7ca3ad45d194d8,2025-08-30 23:37:49,2025-08-30 23:37:34,15.0
3489473,c60fe0e7582a8dd1249fb20980d50c327772fa2a6870fec672ab8d21b628dd44,cf9f304804b2950d96f8fd1e675aa302632a24d34cebd7a7669321e8bf52ec1a,2025-08-31 00:57:30,2025-08-31 00:59:08,-98.0
3489474,aac44ff1fa3348165e3cf2cefa0f98e7a82114d0805c9b65d8240d05ef2852ed,dce35c8c3787d231001d4d8b5020f32bc62d59ae867aa2284320db9be8bf26e8,2025-08-31 00:58:52,2025-08-31 00:59:38,-46.0
3489481,3d013ec72391fe10ce333b5112a61ebf813aaf45b10e4b16e4c67b1a29ba9338,4cfd4f36ea13c3c96318935428ec1582673bee0b65e102bebf75977737577f47,2025-08-31 01:10:42,2025-08-31 01:10:47,-5.0
3489485,f9484f2c599be5d6b316e6fd8bbfca361e438c1c013c537f377c47ff2a857383,7a5c5fb633597a0e6794b6938f0b1e5f0713e0a699525abcb1ae2e17438bb3fe,2025-08-31 01:18:49,2025-08-31 01:21:08,-139.0
3489487,27178f3df00a6c9fc91c9f8e9b844fbc073ad76f9db5f97a206717819f3ed771,fa6b988183807d4033403314e8161377cb3757188f469d6fb909d6267616c1f8,2025-08-31 01:25:33,2025-08-31 01:25:27,6.0
3489492,f8952a91b86d12db8edb3227d6b589e114e7050b4fdbf6cbbb8ad13b02f0a57d,9c54f07dc64c0f9b92ecfc47ef74a674a80fd5442b2053e84b1492093f05048b,2025-08-31 01:52:49,2025-08-31 01:52:54,-5.0
3489494,5a3300d08ab7d9ba9bf0c55ff19e6ba2c7fbb1c66d39a69b5ae846db75683474,4bebb75c3dc471e67ac306c84719a0ca3640b38204a707832f386fe6987f48e7,2025-08-31 01:55:58,2025-08-31 01:56:30,-32.0
3489501,de2ddbc9ddff1875f5f9e0ea9a1a2e9f123ba4ca7a6e3664d81dcedb232087f6,11670e57de9e56709c0b5d58d6570f13b3034fcf8533bb0750f551572b3227fa,2025-08-31 02:05:33,2025-08-31 02:05:57,-24.0
3489503,0fd800bcca841c9b33c31280844da95031a2febaeb6a470c3186d763f7d5415f,a357c1a2534e83bdfde7e99e6e56a60b1bb4ed93e0ca12c567c60ce4cd6a8f06,2025-08-31 02:10:56,2025-08-31 02:11:54,-58.0
3489506,0dcebdea09cb03fee8b1a2dc3a3c8af7df7af8089fc00f3efc080cfa59fcdb27,8833a86670c440d8914401388dd51b399b4760bb8661dd71e796aedd90bc8d41,2025-08-31 02:23:42,2025-08-31 02:23:44,-2.0
3489509,636b74277ddecc608e18e17c297b581ccba5e8f851dce9b645333073415b41fb,f009a175cec1a77040f61e6b1e3d1eef125d5878c6727b9ef323155d288b9390,2025-08-31 02:36:14,2025-08-31 02:37:23,-69.0
3489513,5d217a2e4d7b4d3925f36bcb94cb116301e04c881d12cbcaaea7cb8aeb3eb437,b2bc290b8e476a1e71919f42006217bdaaf948543344193ff336ccd32b7648b1,2025-08-31 02:43:35,2025-08-31 02:46:46,-191.0
3489516,69f71a1055dddc4dabca0f6c3bc89e476492f0dd2923ab447efcd9205c5909fe,6232c6368d65939a952ed90ab0e94467327112fa540a5ede9f624b1ae04be12b,2025-08-31 02:51:28,2025-08-31 02:54:02,-154.0
3489521,d39f6d8831a7757ace19d51a620a9cb61f716387f68b343a3816430449e6b4ab,f63695adb7111e3976d692e8e9dc9c97f93e966c3b2283bf24238a36696f3d2e,2025-08-31 02:59:49,2025-08-31 02:59:35,14.0
3489523,e57206dd6f673294e14dfebc008de47cafa878008f379b54b623fbadbc053f2c,78f446b567cc4e9e233bcbab01b3b7a2cd3c92e65db4347094ae8b46365599b6,2025-08-31 03:01:53,2025-08-31 03:04:20,-147.0
3489524,0be409c11e0199ac7d09fd191d516576ae377e9db69afbdef70667674bd254b1,5e59ab4d420eb3b68a1048a315c6415eb7e8bbddecf1355f158b3403722972f5,2025-08-31 03:05:18,2025-08-31 03:05:08,10.0
3489542,e3bba857349f7d5bc0c6cf5ae5fc753594180489371e1bd3a3861eda69762481,5af47339489d6538d626c797f6287a96cc99a62fac06ae12e3633f6509ed4a22,2025-08-31 03:30:57,2025-08-31 03:32:50,-113.0
3489545,7b09c6b1d017812a830bb0316004f88f21ab6e8bbb769de0e6e168c8b0a5e15c,311e18fea447fe418a8f10faf77b0c28250973f0ecb7ba4da16610fdcfe31c6f,2025-08-31 03:39:21,2025-08-31 03:39:50,-29.0
3489553,385b10b8f4d5562c6a368e239e9b5a320316ddd13bb8e12a1307d64865b550f0,7389438e304f76cdf0eb153b9129674e1be30dbf4d32f4ea85c8707016ed4097,2025-08-31 03:55:09,2025-08-31 03:57:12,-123.0
3489556,b50118215f8141d829684777ca878bd1a171d5bbdb95e037cac0e639bba4cb05,8a4c1d1bc1f3970f5d2cb3549a4e6b435e4fd92891611f003b748661f8ea1cf9,2025-08-31 03:59:15,2025-08-31 03:58:54,21.0
3489568,f169cc37ca528818ce31ab55a213bd5f3624a6dd0f41b341a78cb4afcfedf607,bb35f138699155132d7750a30f364c5d6839663cea2dbb933f97b0e878fb256e,2025-08-31 04:18:40,2025-08-31 04:20:28,-108.0
3489570,043f3a2a659fa83632414d8bb53f82ee4660ba773966fb1857008c93581bdb56,d319c6207090e42979d17844225e266c3682ebe06d80e9ff950a3bd66325767e,2025-08-31 04:34:24,2025-08-31 04:37:37,-193.0
3489584,955fa9d28ffc6a5a47e916b2eedca2df0bc9e01e58a47a76bc4a63e1cf6eca58,37f3c90370c25e775cc5349bdc417570e99fe4e2951a3273581f15a6be8ed0cf,2025-08-31 05:26:01,2025-08-31 05:26:06,-5.0
3489606,d1ac053aa6a9d30346586f0d2fb06a7b84b31edda3d23a9ca84a2548c3166be3,b8d1e2c2d10b5258c0e86c2fd61b1a22138cefde2194983c84f1b20c557153fc,2025-08-31 06:17:19,2025-08-31 06:20:28,-189.0
3489608,a8fbf911204e2a5e0f9678334ba00266e5d2012286cb7fa0d60d7d2aec22e1a9,9492c940917a0e935b934302e574c30136d98622f281cd16c5c0f22eaf2efb95,2025-08-31 06:23:11,2025-08-31 06:23:33,-22.0
3489615,e96f9e45a1fd2806c24ff972b09e0fae74dabe4fc9276134c1d59ac6a709855b,56f3fd507c259c3eb0f05ccb7af646e152803d8e073c078c5fe212961688bfd2,2025-08-31 06:32:43,2025-08-31 06:39:18,-395.0
3489633,41023498347346fef652fa18bf337345c8be61c2509428fad0872e2e506624d3,c7423fc38888b907c3fd4211a6ac62ff49165e8002daa6565588f24b0e885aaa,2025-08-31 07:24:13,2025-08-31 07:26:43,-150.0
3489645,7f6bc20aa6a555e710da14cc59714bf2d38b9385f708bb50d00160bccf689ce5,ca61ebadf6d3f8b423b8c30891f2225183499850e630737dc9092578c615f529,2025-08-31 07:53:46,2025-08-31 07:55:17,-91.0
3489651,f1ce132e0c5e6270205b0cc0da4103cff0e6f8ae0a1452cba9875b238dfe4c20,e3d21c5a05fe0ddcaa438f468468c054bfd11727f5068ca2a994168be6799502,2025-08-31 08:02:34,2025-08-31 08:03:04,-30.0
3489659,05c30a4163e764cea0380344a9f01c14af7c80b6247e495a1a687c0b54c68fe7,4f950fb8c85c04059028278e12fe3aa8ec7ed2864bf8e40b0cdd61a14c9c77e5,2025-08-31 08:19:46,2025-08-31 08:19:45,1.0
3489692,3ef1c70c473368942694bbcbe5617bb4baa1163b7e1bd9af27d8ce44bda45dae,bc1d4f27dda7c6a5d871a005a6ea29b680706c165c96e2d0be19226eb983ff64,2025-08-31 09:34:27,2025-08-31 09:38:36,-249.0
3489694,661ed5e4f69da35bcf73a56cf158238db97f321f98ff6c20f8ee54322c62396e,b269407f1ab7ac027f110da299a0870381201434e9825c7fa20aba339229d352,2025-08-31 09:41:26,2025-08-31 09:44:11,-165.0
3489695,b0ee0b2e7a3d909c34f0bbd06acdcd58903548435b84bb6d9c82c0c16fdbac86,e4562aec38e66b72ae47c30a9c7135229fa8ec2375d88a6a6092528b3b9e033e,2025-08-31 09:41:54,2025-08-31 09:48:09,-375.0
3489696,392a99aca6e308af1edcd52540b32ca3719634e90d959c5ac0eeb836f3f71bea,b58a9d3ee86c525c6bd190965f20223a52fcc7fef0c8f35a7b100f722547a7f1,2025-08-31 09:43:50,2025-08-31 09:53:06,-556.0
3489697,070b7d991b779f6b5324fcbe8cad206e243303268d31206238d76693a0792f95,529d7954a1d147a3618c3b24c6e14976d423738dd9b8a40322a9f3a48326a506,2025-08-31 09:46:15,2025-08-31 09:57:03,-648.0
3489698,7b7c160f17a23db507e3c096aff097c04ccbd6c13a7d0fd8d06581aec881ff8c,1ba92a23fdbbeb0d2a0fa74497f217d027b75e8d7c2dd366161231514a0617c3,2025-08-31 09:50:45,2025-08-31 10:00:27,-582.0
3489699,0e8721fc1bb7dd860baa655aad3e9d48c01ade714deed3553bcc524f232e01f6,843b922e8ca4a34fc2b6c4b38f19faeba9b59cd07f70bfb38ed7b5833c027fab,2025-08-31 09:56:36,2025-08-31 10:01:17,-281.0
3489700,5eead6e9f5724aa915e9491a080e05caeb92f7ecc0aeb34a33356b2db4ba200b,b2f9642fd7b0debbcb5e01dc75a41c64c375bf66f019b28d5fa46119c92dddb0,2025-08-31 09:59:14,2025-08-31 10:01:44,-150.0
3489711,d49c22703cab890b0129ae9c6bf0822c6652c33e611d825657a5c3e9df2d4f28,3495fb2b5a86d06c5a1ee3737d9954c3b7cec037a67937a95279d8fcbafeb152,2025-08-31 10:18:39,2025-08-31 10:19:23,-44.0
3489715,fec2c281ad50e06bf3ad7b2cbc28d9500d082a2f038dda5ee572ea2357f56e98,52d3acba5a8f7bf5985126daaba3cf8c48b858fcd8ddd38d648e906d38e3f994,2025-08-31 10:33:39,2025-08-31 10:36:57,-198.0
3489728,6756caf7b092780f5736951a887e9f9bdbde536e8ff99dc25dc3720627b18445,0c6e4021551c8730375497b6b33620281229d8ced088e237dc567378e60f2105,2025-08-31 11:01:12,2025-08-31 11:00:44,28.0
3489734,6e24f6e504379bf34b9b79a90b6455f15dbadc61fd411d94c79d3b6bde2add62,7f178362417c8f26699bb804af81646fd64e8d9a90af426ba0c7fbaece6063a8,2025-08-31 11:08:58,2025-08-31 11:09:53,-55.0
3489741,e7b46ef067231c723c1effd21dcc5ea09b90da082c28a542b936f21bf92b1bb8,5d9cc5727bbf203b051532bd895f95656cb13547964f4357c1dc673651ed8e34,2025-08-31 11:22:05,2025-08-31 11:24:26,-141.0
3489746,e882f7de2509491428bc4755cd06f005a0a56cf1ed0cfc851a6cf5f1a2436dc4,e1c276cbc86cf6246f8bf5e3b333bcff9a60cae021a60da4dae162794221b669,2025-08-31 11:34:02,2025-08-31 11:36:10,-128.0
3489755,6554fb51166eb4cc2c2c9823acabe22dfc32e823d70a2f06b867626213e76ca6,3de88517d8da724fd672183ed4cd993d8d7dd9574dcead0ccdec117ff3bb9b73,2025-08-31 11:44:18,2025-08-31 11:44:09,9.0
3489839,ed22375e43645ec3232d77793dd74d6f3dd30f8571ed5d93029fbbcb41fdeb1e,d4356424cb863dcb1b42afc001ed14f44a45c18218f1a4bf07790963bd5e2d58,2025-08-31 14:29:38,2025-08-31 14:33:33,-235.0
3489844,d593f27c6a491682b379f102b2f8142c3352e69103daba5f3c224a2d78d9fdf7,14227cee25d0ed21ab0c23ac2a24ff92fd4ae7b11604a69a0c7df53059f11f53,2025-08-31 14:43:33,2025-08-31 14:43:35,-2.0
3489848,e7137a34779408e479e7248be5fe24a9f8067ca87a31370ea6526a5a07ff7183,3a7c6257d2a7405df442e820f281f63d3b8a7e4268ef784c8b59ba95c8610066,2025-08-31 14:46:32,2025-08-31 14:47:10,-38.0
3489891,0fbaea35e2be10b80710fe2c6e1d25b7be5f587495edb355b570b97f3f55c9b4,398a8d33f2d01b11de0a6c220dcfa4225b459fee80d00f8e84ab39f77f286a18,2025-08-31 16:00:36,2025-08-31 15:59:54,42.0
3489911,44d644de7ee0af0bd166abf84034ac610af2af4b7d201881f2d3c771935daa8e,ec80e92594c95b0cdbb750a7a557e678c9875f5c011e8afff360773cd73af161,2025-08-31 16:46:27,2025-08-31 16:46:17,10.0
3490013,0b5fa7b92236a0e73f7ee8fbcc7df2ca6ad6faab1b749a39a3f5f88be277e9de,7c34b98f0b9432d564b376da2fa9491ba71f67450a0b1296035d8d54af4c5712,2025-08-31 19:26:17,2025-08-31 19:25:57,20.0
3490068,0212e00a839530010d7025695aa1b6db7215cf7022a28fc275ce3b1104b6b740,48b1cc4b7c55d5edaa92e755d9e573fbd96cc690cd992a2351164c4a0c01c9ab,2025-08-31 21:09:27,2025-08-31 21:09:28,-1.0
3490123,244e5f097f689bf17eaac4b60791ab3b4712d7aa2de3f1f2fc4dfe4d79a76453,d786175efb0b594928c101e26fc943f4f18a23f1c6da5e945e15a52ccf8ec687,2025-08-31 22:30:44,2025-08-31 22:30:31,13.0
3490128,cb120ca03e20de624caeeb9bea0103a91d0a7a9be1b59bcfb502accbcc67182b,f3ce7c1e8b0955350db020d491ba74ac118889c59a6279273ecdbb966f5f8c42,2025-08-31 22:38:23,2025-08-31 22:38:14,9.0
3490180,7d0cb7bce3a14ba7cef3fe312836d343f6a04d879b505d2652e8dd1be31e7cf7,a5bc2f8716601637875c2c62802dbb3f2110599a264660ed8a04a23bc2e5445e,2025-09-01 00:30:30,2025-09-01 00:30:28,2.0
3490611,36c0ab40de970f77896af9d4bb9d5941102fb35c79e5649fc1a1fde4f24fb9fb,dcbacc67e08f11a91a23951f36826dcc6868f657ba05f7c4880e60085afc23dc,2025-09-01 13:47:06,2025-09-01 13:48:40,-94.0
3490619,d15ea628adcccf5e51f9a8cc59fd3a91fe62152d7ccad13fc5c1217c5c4c84bf,af868edb37ae0b51f30a848a37874b7888fa059befa1ef872bee05699a065e21,2025-09-01 14:05:56,2025-09-01 14:06:10,-14.0
3490625,61957c0905263218343e6ef8686ab3e2fbb6de87b9cea48e4f3ef4cfd36c1e32,af84e6a0907284f99c9e975ad4ef459679394511cd59fcc9cdd0c58baa02c94c,2025-09-01 14:20:49,2025-09-01 14:22:41,-112.0
3490627,f62ad2329a92305ad7ac4e9b6fea469f0bd8d8021a6237221f77525ac1e62717,d0777200d1df18b02163847f79aabda68b286650c9761e743c69bb31e9dc58b7,2025-09-01 14:24:47,2025-09-01 14:25:24,-37.0
3490634,a5bcd4d65de0ea9c519bfcd29ffabb22bd27acfddfa95c245fd2be2eb2eb943d,b3342531f7f13830744bc435bc9a1a3c1fdc88e96ae05365abbc3dd646ddfa14,2025-09-01 14:39:51,2025-09-01 14:40:17,-26.0
3490641,321abbc142672f4dd8148110058cfff7981ed8be8c3054135d484bc30d04a8a3,62db759c61c233afe3d781278d88ac846bf9a2ca3a7065346d3f5a0de8eaf68a,2025-09-01 14:44:05,2025-09-01 14:45:28,-83.0
3490651,52d0e72bfca8e1b7c3c9170a8b0b9b4110577c57269cfb373992b9d20408fe27,71ec6023934a7a02ea0ba9541fde8c6c091dd85f636308697c770e6558e56e47,2025-09-01 14:59:53,2025-09-01 15:03:29,-216.0
3490654,7591bde01c660708876b6f075eb2108b878e32c2e73a32095ffe7fa2e514b178,b21f45030b7d17903e1c1dd26e19f423b00c671f7e5b66e98d45a50b39b78963,2025-09-01 15:07:02,2025-09-01 15:07:57,-55.0
3490657,5e3631231408503cf6ed05018869ba48d0ef7cfb5c7f4e38e3946d0e9d84f3e2,5951b200bd54d66fc1a12ec286e6e919499743cbc870ee495e1906c534067494,2025-09-01 15:10:45,2025-09-01 15:11:03,-18.0
3490668,a7bd96089059c54ef1051c04d91e21b8e908369ec713fcb7e45259ec12d0b7f3,82d1a10422f2a14ea80a793fe512897db43f0b635de7ffdf4d68fd97e31f8a7e,2025-09-01 15:28:38,2025-09-01 15:31:31,-173.0
3490669,29a6b32a482b7a42155028cbd264c02f4183539e7a369444210c08f7caf93307,f1bb744d16a90e761205a754c3f3c08e18f3fa7957a5b7ee45dc24ebc9858ab1,2025-09-01 15:31:52,2025-09-01 15:31:52,0.0
3490680,2639ff4e806641a75634ba6e0d580867d4134ef89963380a85b84981d7c620f3,f31e4f7cf861d58dca83e175bc46c992359d97a9d6411e3afd026c50975da77a,2025-09-01 15:55:37,2025-09-01 15:56:25,-48.0
3490687,637ff8bf539a871db3ee560dd05a5219972a03c422279f90edceb23124c1a186,8193cbecabeabcacfe0a0f1a35acd03c72622e2039d054590bcd01ee7bb424a2,2025-09-01 16:05:01,2025-09-01 16:04:19,42.0
3490690,8c196ba9e1365a5544ddb74c16471ea4fccc3415c9819e034d9ccf7fa5fc8a32,63478dd26aaf25d521bb78308674fb8320724a4190e9a5854441c59bb29f9385,2025-09-01 16:10:52,2025-09-01 16:14:20,-208.0
3490691,99c74fbba4abfbced77b3de2f2feb4e430ea0dfd74ce9ecd8fd2a061230951a4,fbf1f0bc3c17c6ab2c929a78dd94241b5caf150cec4ea77629a4502b7fc8fe4d,2025-09-01 16:12:46,2025-09-01 16:16:17,-211.0
3490692,5c24deebe447de3580e0cac7bd8b8a686a6884534c3862ee3a56fcf04555ced6,05ba5ea8533c2be03917284c2fcea84568f28856c1f6cb6bcf50465856ffaca3,2025-09-01 16:13:28,2025-09-01 16:17:21,-233.0
3490694,2409148ca40ea5022bfe5206a7a7d120f843035d5ebce9feabd2579f365ce9ac,f6bcb0ed336259e136b6a02fd903e609325c90fcd5a3f7947e612a7d4c54c959,2025-09-01 16:17:56,2025-09-01 16:19:23,-87.0
3490698,2aedd68557fd20dbf169b8ebf052a06a20855c7fef866f2ca021520eb16963d0,3284ec30cfbeda75c6f57dabbb60a8548f16c3a06198cb3f30138afcf0e9516e,2025-09-01 16:27:19,2025-09-01 16:28:06,-47.0
3490708,1be734183d7196d66470da276c5411a5884faf6e78a868db1621994fd0b5ee57,c26ea9d6809b5da62297e9beaad925cbbd47a6d05266721a3f28f25a3b1dd413,2025-09-01 16:39:09,2025-09-01 16:41:35,-146.0
3490710,51395857a48ecd92bad88f4d28a07390953d829debbdff8c99818958ed399d8d,81e03535cb2cbfd83964bec03921140ec3fdd042c6d65ea52bea3ab30b6c98c6,2025-09-01 16:43:32,2025-09-01 16:43:31,1.0
3490712,091b76118dfcc097aea4ab27b62001e9e91be0fe8beb6327dbd6ddc53b05c588,70503bd4502561e8d9e71a2067617659da938e2ce2397cb96e02e4a29e0adbc2,2025-09-01 16:48:36,2025-09-01 16:51:03,-147.0
3490713,e9796f00546273c352dfedecb368be8dc48baca8d49a1eaa9414990553b6a9c7,f0e532cee7faeaee341ea772b40b752d6e65a01ae723e23f9d7193dd178c532e,2025-09-01 16:49:37,2025-09-01 16:51:59,-142.0
3490714,c9e5499211d2d5a92682fe6e42e59eb1fe2aee0b3d7c20fda3973845103134bd,851e8843f28e8817165712c0a47b0652ac835ece8f2ecf48ced208d09008d163,2025-09-01 16:50:09,2025-09-01 16:52:43,-154.0
3490727,77330dc7c5f281e081733e0b9232c982923f6156d124c15b59919c4c1a918063,49737ecbf9eb818e434576f1195f1db6546506a056f154904427e6a89b16da0e,2025-09-01 17:18:30,2025-09-01 17:21:52,-202.0
3490734,6004b96c7b39f83cc1e09cba5c4f5385a446b8dc53fd354f05b891ba4f0e278f,0e5dccd46c38fbd7a1859a4f69b373ce0c07ef41559ecc139fb1848c348b757a,2025-09-01 17:32:52,2025-09-01 17:38:06,-314.0
3490745,920d7d0a3d9e3eb7791627446048ffc4ccdef82884c87bebcbe1e105b7d3a5b9,d6dfe665552e3b135472490aaa52e8a27d6394d8a95c819a1f06dc66d13086ab,2025-09-01 17:51:42,2025-09-01 17:52:07,-25.0
3490764,0ee832b23743443ed3e1b147c79cfdb06f710395c82f324f5e2b39631246d836,77fe845daa2a856bd8f4fb8c5e5ace7fcc496ebe98f3e26a910067ef13515957,2025-09-01 18:36:46,2025-09-01 18:38:00,-74.0
3490769,19c336841bcaf77cd674573e37ba4f0de6d9ceb1d33bc60025e8051cd2fff3e2,e185d10ae97c6de334a058482fcb606d363e16a58926cbcb06148762e3819454,2025-09-01 18:46:20,2025-09-01 18:46:43,-23.0
3490775,295fcd65d5d06d005ff9219d298254d749b419f2311ae175368e9e3c5cc2e9e9,486f743fb0433df65015136e4b41bc2b6b5f2ed1e9d96d7d40f7ee9fd295b6b1,2025-09-01 18:57:50,2025-09-01 18:58:03,-13.0
3490777,7383b52cc7e88ea1bfa393ef243911f8f4d575df3b30d72a7a7a9d91e1c34e20,3f658d943bd46d5a35935d8b203fe44e8b46a03c83287aed9f7f3830aca7a3b4,2025-09-01 19:02:23,2025-09-01 19:02:20,3.0
3490788,016151bab649a164c893cf2c7f25bf2ea8837a8f370a2db2680bdb6923707fef,0850844604f50e4568d9cfd7de52dc62cb2124ef75cfbea7900f29b81a2d1b20,2025-09-01 19:16:03,2025-09-01 19:18:20,-137.0
3490795,d7a06558f751247540d39c73afd28fa52338bdced8def115c959346e27d828b3,a67fc46d4c25dd701340bc307ce50072262dba3a18271861b275fc82e7896f86,2025-09-01 19:27:55,2025-09-01 19:28:22,-27.0
3490828,bd1b9a0d971e1f205987ad006610bf91e033ec4b8ac8f74ad6bf19750fdb8737,0fb959e87b421ee369399d2ed037d26dba60f33d2bbc47d42d39ec41f5419d65,2025-09-01 20:42:52,2025-09-01 20:42:46,6.0
3490843,139459a0f24145d922858967e4e54a32bd5b487e64cd7163b293b8f13a0a35c5,edb39db5ec480ee0f6ced90140eb3e338fab5402f428b7f7fceed2d46ce8a9af,2025-09-01 21:11:39,2025-09-01 21:12:42,-63.0
3490845,82f425a5bc50cc545989bdd156459879157bf4232180a69590736663cc3c78ca,357e76f578cc5644049f8a04c39cf4e7543174e86d460bf6271420f33951a26d,2025-09-01 21:15:53,2025-09-01 21:16:30,-37.0
3490923,9ec0095bb74d9973fae177688970856d41a7b3ed04a16a7d2ae8b72ee62bfbd4,aa7209572aa5f2f577c7df900609c45bbb60a34f94581cc7b3f7fb37dad5a81e,2025-09-02 00:25:49,2025-09-02 00:25:48,1.0
3490932,b253d6196c9cbbfb37610d797fa0b732341dd675762f8682229f92ca38ce2dfa,990cda94549b078637c3209db40e22ce88af4e5e56b127d5906d157bb1461080,2025-09-02 00:45:26,2025-09-02 00:46:33,-67.0
3490934,10121217ee32aa828a341eacc508afbf06af914e310892d9f2bed33e38c2ffc2,3b4a37f8a19840ebf9f59b43859b0aecb14f2c45a241ea98aa266aab6dfdbee4,2025-09-02 00:54:42,2025-09-02 00:56:08,-86.0
3490949,6087b105d7e991e8e37b73f635a79cd8e769cf578a52861eb53a271973368312,4d9ac29dffc4ae5ff54fc54421391253eb1d0cb2c9490876822d42a623a47acb,2025-09-02 01:27:10,2025-09-02 01:27:54,-44.0
3490955,fa24394f504583f892be821da13df441724b58d1415e67adc0e01c4424da9d5e,6e378fe4eff86c8898a729f979433a9c682213e340ccb6facb4962615b3cc661,2025-09-02 02:03:16,2025-09-02 02:05:43,-147.0
3490975,dd60598dcc4dd1aa15b9b6a96daba95b109cb2b9a44e4435811d7dc847dba048,2db4599c8e9ca9bbb36f09ddd63a967ace64e21f57741fccd9f692074644b4a0,2025-09-02 02:39:58,2025-09-02 02:40:01,-3.0
3490995,f6deaffa2b16cc51540c79f4f76ea319b2c833fdc0856b0d944e2b9f89b74c6f,d673bf905aef809694138bda18797f25d84527dad223cef2768ca5658f929b60,2025-09-02 03:30:26,2025-09-02 03:28:56,90.0
3490997,d7fc8c6c1b9a9280418cc901a515f403580117ecafaacdf2a4c9d7c7cf3038f7,bb67f24598c8e4b711e911b3611f3bd54733e4e90ec3b2f8124bdca1d1f8dbe5,2025-09-02 03:38:17,2025-09-02 03:38:25,-8.0
3491011,f8eefaac0550fdb02bdb08b984484d86e8df45a829bb3d508cdc878152cb7611,b8198ace123d24a58884947d5a9015bd7c22b7550ea8074986309b895ed92be0,2025-09-02 04:09:15,2025-09-02 04:09:45,-30.0
3491015,e5ab4fd7b877c115906c66216fe198cac1344dab6728ac24d645c94878fe01c9,d44c7e50256e6a51720dcac98ed993a3b05ee0a60492ed5436eb8b41d77fa1bf,2025-09-02 04:12:22,2025-09-02 04:13:10,-48.0
3491024,d4132d9c1f518fef2af288ca24ee0bbb9e9da4c1bcb0857140a0c6b742723167,690829112473144f1292ea639ae04cdaacd3896e1bab4f45afad8637170b16eb,2025-09-02 04:35:47,2025-09-02 04:36:26,-39.0
3491037,ae87c8048d4c17569f15addc06e7867344532e5d80e6a3724378165ce3ed4b8a,1dd5027047f83ff48bba6e7849b6ffe3bbeb96d5d505b0f2d24a50a57367ed09,2025-09-02 05:16:34,2025-09-02 05:18:14,-100.0
3491058,3e5172a8ffe4d8c80539140ccac22d86e5e93658e7d0d1a1f5e42da70e385e19,c82b973bfd388ad614326b4313f846639deb2ce0bc125dfb6a4e994741c6b127,2025-09-02 06:06:24,2025-09-02 06:09:35,-191.0
3491067,33aceb5d043d76cba2765a513187bbb24e55ff92472552e9ba23c3e8f0856e88,d003625f70894274ef75e90851690693a21b4a00aa65a25ab728402368d3c9f5,2025-09-02 06:27:24,2025-09-02 06:27:56,-32.0
3491072,b2ac15dc269063ff3e91605f438791e3dd96c12f55951582075345c15bcd0fb6,ebb33025d1dbaf59b75c000e4e1fbc60beb49ba0703ce7a07d87fd385dab2999,2025-09-02 06:47:08,2025-09-02 06:47:55,-47.0
3491080,909cec8ec54f36537ba9f28c5ad5b53e91ee7f8d7852eba236dac24371d96bf2,8e4d7944d588b5ee658d828f1c8581bb04a6284fc824bb34e4f132136fa388f3,2025-09-02 07:07:48,2025-09-02 07:11:04,-196.0
3491091,aab203d907deae877925b3241bea7ad4317c42593ee404e11590fbad248ede5a,02a83525e9e5c3e7f1c9e44d9e13da7ac3f932ea752aebbffc3e2ae05cd45d63,2025-09-02 07:29:20,2025-09-02 07:29:25,-5.0
3491095,286ca8456fd48cc905c13e22a6cb8c737a079c3406a6a1daf653d1f10ac83476,02eb0d1eef33c12d789c918be701a0b4d5f38b6b17e19cd4fe5b3a1779899ba7,2025-09-02 07:40:11,2025-09-02 07:41:23,-72.0
3491097,9c49e8ba041f253f1333461ee89786e19c393fe34ccd6df98d561775be6994f5,029cfdc66c68e4bde679fdb8f120e6ecc72ed50dcfd63279705f8b950c4fb9cc,2025-09-02 07:45:06,2025-09-02 07:45:21,-15.0
3491101,cc3dd7b7a0790f99fdb5c40fa5ed341e880d34931f8af98edadb56940ec7b626,fd515e5c73b7e5ce89400545c9f707c058c940c3d968a495e7946659c17b1ebb,2025-09-02 07:51:18,2025-09-02 07:53:30,-132.0
3491114,875b7b830edafd9917c79541a6b1300921cae833f0ca299f810f6f493d91421a,02a86e19be67e66f2a06bbbcfe73b9ad4dae0dcfb655ce3f6bb918a6b780d3cc,2025-09-02 08:09:01,2025-09-02 08:11:12,-131.0
3491116,45830fadbeb2b85164ea5b7f908cf8fc433c8b56e03455228e948247ac943b60,c8604e0233ed740aec04b9dee5ccf62cbeb0c9e7a2a49000fa4ce71e673255d4,2025-09-02 08:14:15,2025-09-02 08:13:50,25.0
3491118,15db00ae98e184ee193bbbbcbd859a9cba89492f885ef5b9a26701e23ff915c8,e7fae8250e91fcc9c1a7dba804c5cfe8416faf776d1c7637185e10638fc58220,2025-09-02 08:21:20,2025-09-02 08:22:35,-75.0
3491152,1a7755583b5b3f9e0a6c021cd0e48bf248dd883fa93fa5bde1cd9e922a5c20ec,f4600d9d05ece5aba428677f61c2526ddfd5962b55d2318e573c57530e9cf96a,2025-09-02 09:26:09,2025-09-02 09:26:16,-7.0
3491162,a79bdc977fa16aa1104d164ed195ab512e843f4904c9537650fc28dbb1ca4326,3760db8572c338dc7a4d148057e675139ed5e41468e632d2af97f1770387cb40,2025-09-02 09:47:32,2025-09-02 09:50:39,-187.0
3491170,cf6523a7dd7a8a7007c1f0db022e6c78f3ceec2dc97a98fd3585d8f7606ca5fa,ec10a9a99d3d5ca71ffbd329a32f6c48512ed5e616001541a079d709ba6a709b,2025-09-02 10:10:42,2025-09-02 10:11:03,-21.0
3491172,38db5d410366125347da271fafd08223bc0c8ea789e334b7814acd60e1027932,198c4ba5d7473594b33fcef9a1f9c49c2cf7eed7a7192a90230fc6a6f40ca62a,2025-09-02 10:14:13,2025-09-02 10:16:54,-161.0
3491192,31f4656c004c50ac88d86ded0efd051abb45627f34d83f86b5395d893b3d89d9,a4fc95a634c576de96ffe2890f47fa3108fde4770327dfac65b96a53050678f7,2025-09-02 10:54:23,2025-09-02 10:54:22,1.0
3491197,da1156f6540d8586fb5e6af793edf01ec01d6f51e244fbe04746e7c9c2c83b6f,6b95710509d8f48b695e90716a06fe0f30a5c76f00617e9d1bcd9d36e238ce4e,2025-09-02 11:04:57,2025-09-02 11:06:20,-83.0
3491214,2d493a63a895d1e4c7a8fc3f707edd05480629f8e32c64677700ccd5ee92eb95,069bed41ace19d955e3661479b975759a790c0a3b3b14ca75d47ef5201d435ae,2025-09-02 11:30:47,2025-09-02 11:35:54,-307.0
3491217,985fe7cfc35439db35e21a03578ea3de50d9dbb2066a19f46450fa5471f48eee,b618b6cc76eb157c9157545da2204381549fbcf04f6344c0850db381ca035ea2,2025-09-02 11:37:44,2025-09-02 11:38:47,-63.0
3491220,a0aae8d84724329b842c3201c41845debe7981a39406caac807579599dbf668d,3ad0952586e4c5a8a1c8c30adaba8decb04d79022e0bb8fe89ea167bc99aa000,2025-09-02 11:45:36,2025-09-02 11:45:39,-3.0
3491234,55b3a3f6a2c6e9835c4053ac7696d573e9633bb8420cb438327651a0ec09f673,ab6b7caf1952be04817e40f24b94317799aa2307f4700b20371c6423ad132662,2025-09-02 12:17:43,2025-09-02 12:19:38,-115.0
3491865,5b52d789ccce9f042467ccfa49ab8f5cb1f3ad6e016ee42394f898057dd15b24,7de2b382c6b4a1e3582d9d33857bb58605c25f947f55064a8beee23bd5a44a90,2025-09-03 07:46:35,2025-09-03 07:46:37,-2.0
3492740,cb81dd1ff170d4b87031cb896c2d97072ac231f8e2f5e1e178681654c544c938,a39d76b483693c254becfa2d257aa8a0151abfff0f67d19279054cf895912611,2025-09-04 12:16:19,2025-09-04 12:16:11,8.0
3492792,132385d95331871a733e11b18342473bd612ccc9f664a710ebcf7ed853de9d59,30c538bf65e18db13e54955a4e4bfd9cb9e5bc8a79d1d9af7b0dfe117a546f19,2025-09-04 13:38:06,2025-09-04 13:38:06,0.0
3492874,4ca46c01c87db3034625538d9aadceea2fddbbc34719fa0e4ac6f25df64c3fb8,d3069fe478fdbcd2bc71af84f8e7c08d0cc8e37ce5b9c229fb99b72898643601,2025-09-04 17:06:56,2025-09-04 17:10:12,-196.0
3492887,f73cd1349bdc539d4e7a680184f7eda51e613b4a67b1f33aaec0d61e1d577d80,7e522f654fa966bb177cde535d0607b0f68ae0c6a7a73a0b9d7554100606aeed,2025-09-04 17:27:17,2025-09-04 17:28:48,-91.0
3492891,01ff6819f94bc233bfb4cc6057f0eceb121396482b6ef7829011497696016d72,9c02561ea962615947a7d1cf1f068cbca7a208902135fd5d7c8798453f2829f7,2025-09-04 17:36:23,2025-09-04 17:39:35,-192.0
3492899,dafc22eb0a49bd8c7d148bd85d18ffe05ceda35783e2cab3d4d0f7117f3e1d65,9ac487e2a962a2818d3a1207940bd262e0a305fabcba7ee8a007374d30f9df56,2025-09-04 17:57:54,2025-09-04 17:59:33,-99.0
3492915,d95f271fd0a8f92faff6526f246e3c8476859d56d4fdf56d63f7ed14ed6d6397,16909f9823a6e82acfde20dd8b2586e06692567d54448e99ed91e4ec90812727,2025-09-04 18:39:51,2025-09-04 18:41:11,-80.0
3492924,0bc79260e898706e63a2145dc4b74a3a756433e6d854ae70054d2847595f5bbf,bc255bd67cc19b70d62ed54a74892bc635e1417e403b81c314f8d035bb5566f0,2025-09-04 18:59:46,2025-09-04 19:01:29,-103.0
3492925,902ebeaac05427dea3eb9c122fcbdc7a87c8c496a00604f434c52acea33e36af,5d8afeae8c2d87f40393903c5165deba04c59e85b2605291a44fb7fa153682ab,2025-09-04 19:01:09,2025-09-04 19:01:44,-35.0
3492926,b3b4bedeb45f049c0356f4dc25398ac4606e2b4c1496deaf0992ca38cb87bab2,1f619839f429f5bf121078c9dea298c2e39ed5268d52ca678ab77ca5d5e9bfff,2025-09-04 19:02:22,2025-09-04 19:02:26,-4.0
3492938,534d8af9bfa8e561912d74972c33071c58d3ac906dd1d4fdaee5afca6d71977c,e706d274a570afea80f2cdff90321c7694fffbc43fa17f9e5fe3300d33bcd15f,2025-09-04 19:34:22,2025-09-04 19:34:24,-2.0
3492947,f5432b98ef8aa31233fe337c136adfddbc82f0f7543ee3a9ab50ef0bbc3447ba,e1a61ad4c6c68d8ba8bba4eae1c9eccc165d3a022b2ff4cd61c755db00f9f2ff,2025-09-04 19:47:48,2025-09-04 19:48:03,-15.0
3492956,42fd879c3f3855c63c312d61fc742e0d0a35d9b6b642dbd2d037f566023e5cc9,af82026835b46849600b21efefe81189200939578ff6da05e5fd60d3cb26100b,2025-09-04 20:03:24,2025-09-04 20:03:56,-32.0
3492983,bb7034d53bf35afd87e3cf7a22143c3c3c4f464dbd78fda9c7e91db565f38c86,d857f97fa11a8440ebf9aa4f2f748ac5b28d25db116cfe383397014aa55cbcc0,2025-09-04 21:19:09,2025-09-04 21:19:52,-43.0
3492985,cba8848ee59109d2be56369bbef6938a424ff0a1e28347d8c47c2f5448d3c828,1d6d676ae79fd7a1d492b5c4aa6282c3f4569fcf0228381dd7227e7400d985a1,2025-09-04 21:29:46,2025-09-04 21:29:43,3.0
3492995,a4ed9aa3994e526accdb7a7ce973cfcf673dd1c61d38e2dab78933f428c1492e,7798f5004d325833c055d81b9d320a54f548c6e6d00b6e26bf149245bcec6cad,2025-09-04 21:57:25,2025-09-04 21:54:42,163.0
3493013,85a7c5aa582b5bb43a9d17bd26ef607e06a60362b74ea11c06f85d1b9205a121,fdffe721f7e36580177d97d1c0b5850c7f7fde9496edfc7c172505046370a096,2025-09-04 23:06:07,2025-09-04 23:07:06,-59.0
3493017,8526ab1e85fa6af403a7359fece79273108876acc1cb0c5e22ac9492533a6d8e,7d01ef5b965e3ac9c4ffdef9cad74d50bb0fcb38b64e6d2a833670eeb7ec236c,2025-09-04 23:17:27,2025-09-04 23:21:38,-251.0
3493018,fbf7de6d95efc5f92dd43f96c28c5072a346b85ae1c99cb7e1bcd0f725ba3640,aae0f6d9635ae3e338633119ba057910554276f74702d3df50f4ad0f36ece92c,2025-09-04 23:20:07,2025-09-04 23:21:56,-109.0
3493020,9a7ef12a4c3597479f99621a46ab2a6fe518c37c6b1a647be6a3c9187122dfc6,1f0de39b15bf2a6c1aa6d5f75115327ad20070066ec855d088dc35989d171aeb,2025-09-04 23:22:59,2025-09-04 23:23:08,-9.0
3493041,0d5616b6a3d87949af8e3de617ea0483588ffe8de380506684f933d78a86d9a1,2ed6623373194e69612adcb18c1bd70024fd6035c2adf8d586e47d14c30a0751,2025-09-05 00:30:11,2025-09-05 00:30:30,-19.0
3493046,a48835594a4d6d12e8e59e222eed138553de0def2d26c486d6a5d165e1d5f0a3,8d36a1f41fa0fdfefea5eac24ad162cdd2ad18eb47294d570bd9bfa97e43cb88,2025-09-05 00:37:13,2025-09-05 00:36:50,23.0
3493049,ad6fe5901abf17958479d0c7e16a1b0187f661f3ffa134617d855529b18dac1b,3b565ecf3bacef902048b278e3f997e9228e07a589fe476950d1123d84ddb1a4,2025-09-05 00:49:38,2025-09-05 00:51:38,-120.0
3493051,b0b114ab13c39e4ee314e569c384a7d590ebbaeeaabfa43992e86ce3af9f276c,0f428e33c1b508aac1362cb616270e99cfb0c128797bd49c053dec0b47f0afd6,2025-09-05 00:53:54,2025-09-05 01:02:21,-507.0
3493113,26838a0ed9e1aec89c17fd49cb056ada7a785f447a9ff2476a659ad7c2e3e71a,ec42a4172fcf2e5f5d311a495346d39cae1f0f33b52ccde7afcd04bb18ea1df3,2025-09-05 03:16:09,2025-09-05 03:16:53,-44.0
3493124,b6ccf4e9e53f39c028d0702a05c8df9a6a2872a1466b8a801450f122d47c683d,0a5b83fd0d911defacf0776bab3dd928b23fdd1518479512fa642dff15eb465e,2025-09-05 03:35:55,2025-09-05 03:36:15,-20.0
3493135,82628162bc030f5e45263103406e248e11001d3bfabd8a20f30ece7826a0b5ca,12438b81b30fb3a33626f7c2e912f61d81ae910866e0b2dddb0c8d2cb8db6d59,2025-09-05 04:02:30,2025-09-05 04:02:18,12.0
3493151,902ccb92c3be1cd90d2e9b47e8346683c8d838dbafe69eb05292c94ad35e125a,cd8f2840adc7fc61cd06e2a18a48066810742af4b9cdaa92aa4b7311bdce6234,2025-09-05 04:37:26,2025-09-05 04:38:31,-65.0
3493191,d0de7575ead002602bd4242f95e97a161d62be5279d808f2d58e3f646658ad91,bd31da0b85ed719e109e0fa810f4f1086dd55b898b3c6a58b3930f6994fddf53,2025-09-05 05:53:15,2025-09-05 05:55:22,-127.0
3493196,23df2b431955b34d0fafc5b9b786db7a1fd1ea6d212a9fccc3bd6c7d13e602b1,377afeda1aec4a364e32611686d345b12c8f2aeed6c13a3d40ab4a04977bc4a1,2025-09-05 05:57:45,2025-09-05 05:57:50,-5.0
3493202,afb1969a9ee0bbf71553cd6ac1a246239d5faa50962efc7d87debd313477629b,f83be39845f024064e505bf5d5807afac73388b9b6fe2c1ccb8e8c6388ea0464,2025-09-05 06:17:46,2025-09-05 06:17:49,-3.0
3493230,d8de71fe289fa52d05a0afbac1fdc9d190ee50ecf3d30233cacf95fc84802853,5c2472c80ecfd2033105882f9f704cc838f9e632d0e3c886e4e8a01f5bad4c2c,2025-09-05 07:03:21,2025-09-05 07:07:54,-273.0
3493232,ec2b092091620869c6cae1871684a497c9456921ccb49500aa16ae7ac6746b95,7c801da04dc808ea940e6f85f48fce3761cef371c1eb13d0ddca9ca36f1386bd,2025-09-05 07:11:26,2025-09-05 07:11:34,-8.0
3493235,c459d270788567a589f79f0b47bc5ba3302e572d8135212c85d77d0966f8fb53,656fccf1a80c7a907403334da5abc38d83bb5b409ee690ca7e16df6bc8e7a01f,2025-09-05 07:15:39,2025-09-05 07:17:08,-89.0
3493240,0b26da15dfa40eb3b297d69c24dfa6f289b92f6aeff710f6effeeba69ecceb4c,733bf5a7004e199464f55a9b95c0f043922e76e52ac93f993ea5ff0e54a86037,2025-09-05 07:28:21,2025-09-05 07:29:04,-43.0
3493253,5350a12c0e054d4f05d5bcfefb1f501b27e2e3a6470ae953c8f5421fb203646a,03b5d5c69b2708abfe9b0c5654f6ab12b496ff9d46abd19a490cb637094660bb,2025-09-05 07:49:48,2025-09-05 07:50:02,-14.0
3493278,ccab2636479c028afe64f64f8c74b520feaa18f404fa4dca2c7e5d80f84ab4ba,1aac4ab8f97d35f9914ba00762f2075ddd81b34b0482a83e3c3f01e04ec71bf0,2025-09-05 08:38:48,2025-09-05 08:38:55,-7.0
3493282,3a75633d9161dfbf8f70071358c368455f1329359a9281cfdd143dfba63132ff,f6d04b26b3f0f81affeefda94299367290872520078e5c579b17f2e4f96c7051,2025-09-05 08:41:26,2025-09-05 08:43:21,-115.0
3493287,4ab2c4962fbf47492df4f556b64a063e4cb3fef315d18da6808a52de9fa9bd85,3e627edc1bdc7d66de0e51b6d4acdcf1f193c310ba3914040bcf2c2ca5dcc0f3,2025-09-05 08:44:58,2025-09-05 08:44:55,3.0
3493292,60b797ed135560f11b29960865edaf3d436b3d0f8d018384e1c7aa70e1862679,fdd2984350256bba3e0c15a10a8a670dadccec5b1e26a8a164c6c1c90a70210f,2025-09-05 08:51:41,2025-09-05 08:54:03,-142.0
3493294,5a1f11131b09a29b77098092840af0d92aa292ce92baf1ca3b8b881512762261,d22b608cbcd684aa7afdd17d19ef9f782a31ca53261c2b515a6024671d4e8678,2025-09-05 08:57:41,2025-09-05 09:00:22,-161.0
3493296,03c4d5190c16a6967f255a8d0d13acd862322c0841859e9f4e4b508276397403,907f131920142835418abdb7f59d6db72e52008236afb59bba78893738809e22,2025-09-05 09:01:47,2025-09-05 09:03:55,-128.0
3493300,adf748dda704d7e588fff1c1527816dab1631a39db7867555ebba8f1ab281e50,25a55d5743ddab996d88daa9f7574057692405f50b6d60651fac72770a563989,2025-09-05 09:10:28,2025-09-05 09:11:16,-48.0
3493318,9664aafae340f603fa57844f555737059185548eff84d2004361e0880488ddf6,c658d86f190ee41a5891f9746e6c71bcfb35275e82a2aa79e60b8266564c5811,2025-09-05 10:07:35,2025-09-05 10:08:44,-69.0
3493338,5ac0b91be2d2d719ee174f49824439757943b614f3068481de462f0cf5928644,dca2a44b9353ce11b449d5d7014e11cca6250f3f6b2ffb1144883991f755ea29,2025-09-05 10:54:51,2025-09-05 10:55:16,-25.0
3493359,7741aed5e102182273f7f0afd4e2621d4c8bb78b520b9b6d5f7951e15c3c491c,abe56181e70396a7d0b6f3afaffee9809ec38be90603ecb2a589dc008f299818,2025-09-05 11:32:27,2025-09-05 11:32:50,-23.0
3493377,4790361cacc3a009c974803d694847e76e8666e58e83bf52488fe7a6f02c5c8a,0ac95dd3c414de807041ba671a1bf204742460a97718353a36e0173fc794fc83,2025-09-05 12:10:02,2025-09-05 12:09:56,6.0
3493392,f12a693e74410397731602d830250d3b069416017e93b1145152b409b1063867,f4f30cef434ddccac7034532b9511ccc0b2ad03d244e7c5039f157eed9308029,2025-09-05 12:42:09,2025-09-05 12:43:10,-61.0
3493412,240d9e1dbaa48728a7542f2acb6d3d59c094877c2661dd06ec352b3904b2bc54,b938a6a2d281b2cfdf27246a81176f27220946b1cfd54c86545f159800462a50,2025-09-05 13:32:42,2025-09-05 13:34:58,-136.0
3493416,d5ab30b6cd5d33540ece9112795cf0a3f974fd198e0e556262291afe93556e53,43c01a9205b91e1b8dfd731a3f25c78f615b534f653e5d1394d7a905b7ffcdb8,2025-09-05 13:39:54,2025-09-05 13:39:54,0.0
3493436,690f5cc4cda41aee15768ddb6792363918cff4b1b250304d5182c00d325c0ca9,5d7c57bcd6fafc55fd313982718e12b5e5fe01464a9281fe0ece5c3c59555e6c,2025-09-05 14:09:33,2025-09-05 14:16:38,-425.0
3493452,0aa14a23236efa140b017272705fb49231c561a6616b0a96bcc5baa090abba43,53e4535b668fe3d25015e9b5f7465d884797ed009fa510f32c79effba25ffe72,2025-09-05 14:58:23,2025-09-05 15:00:18,-115.0
3493459,7365e9e2dc6777cc123e7f5d8430b04808e430e693a34ca9d25607d5ec685362,adfc7bc22fb9d0f853fa54f38a60ba5ee3acd0288bd29a131c1c3035d77ae339,2025-09-05 15:11:46,2025-09-05 15:11:41,5.0
3493496,60558bfa8a91dc4525990653d47b3bc30af5848adabd8742f24e5981d068f91d,401dc76f8ef4ccd9ea7c7cf9b707f70e6b05c8dcc221a2722fa974f991690268,2025-09-05 16:26:12,2025-09-05 16:28:52,-160.0
3493503,38d8e69ff819c86fb248420c3624152e9d12694abbf005c657c4c6690782eaec,2a86a84064566e52ee636cbe62d50f877ae26a7870b10da01cb9449463a10ca8,2025-09-05 16:47:12,2025-09-05 16:48:18,-66.0
3493524,813eeac96364fc42909763671ebd55f0fd06f4f3e8cf53af9bbf52973543af04,c04449411165749a936fa9791bf87656840044f4366ea6b20a613c2ae94f76a6,2025-09-05 17:27:43,2025-09-05 17:33:48,-365.0
3493540,8a4c4ce189ea2380575b7572e0c3fad44a9e6c742da1339599c7db8493901dc9,45017eb106e74687b500e4cdc327e07b72b1e0f9ad18cf9eb5ec30888da02030,2025-09-05 17:59:15,2025-09-05 17:59:44,-29.0
3493543,cbc0c213f355b6cc456b7463af4aa33a71100c1691cf127bead1201c929e118a,7dcf6e168c64cdee1a532dde13a51b83a18e3d15e3bc7c751a20428e490dbc69,2025-09-05 18:03:04,2025-09-05 18:04:20,-76.0
3493551,685fb0ae6bc65ef4d9c3ade1631d5aadd725cc7c6a48149ea245b53d8094e297,d88a08e4217f355e2f6540aafb949827d641549fdbd605ab76ab661903923697,2025-09-05 18:15:08,2025-09-05 18:16:45,-97.0
3493574,bdcab60b32c222c5606de712af85b1d8318939b5266eb0a4db20a53a49c2edc4,2ba2ce215d0dc3338e0a57958b0a8d69175e64a83d0611745f66fe177c471906,2025-09-05 18:52:02,2025-09-05 18:52:36,-34.0
3493581,d227fc77a1d3a361fae54485b670af801a3e47564808a99ee5aa46da433882c9,99ec3a49cc5481844e35afe2424fb13b8a901a97e9bb19dac9d6e18bb1746d01,2025-09-05 18:55:53,2025-09-05 18:55:42,11.0
3493585,2dcce580e8c2a71c71b4ed1947007708e68d423b68bc98d036a0b6fff988b3cd,5efb9eb7d4d2109722b92415bb2d96c03d0f2b9c8299778b3450d948ab30ce44,2025-09-05 18:58:35,2025-09-05 18:59:35,-60.0
3493613,ff1293f8e69115377cf16d6f5b3f1b24a5b59604ca99338df413e9a32432c4e3,7126a4efdd6a0eba8cb73303036b9b06523e8a30b739d24ebe64e11832bdd89f,2025-09-05 20:10:28,2025-09-05 20:10:39,-11.0
3493615,8ae76bf70aa75e2dc8aa92913626ca6b3d2079045ddce469bca9b989a00edcfc,d00f7f84007815ee7e7b904b67c3a92d5b840b6fac0463f218b27bf680837b79,2025-09-05 20:12:31,2025-09-05 20:18:14,-343.0
3493617,b83833ca2ef9eab8552e427a6045b7ca177f6d632d837e73186af90421fd9ab6,88a260e6172445ec9aafbf10486b7b3e4ccb60b02c074f2dbe98e0f7cdbbd801,2025-09-05 20:26:28,2025-09-05 20:29:08,-160.0
3493629,6f8b8371e925e3451271ff3679244d6961ebbaa96ca8abf4d37f5992ada6d0b3,1660c0f4614d0d726b600f9915f62567743f0102ae6b04a173a9e521cf1a825d,2025-09-05 21:04:16,2025-09-05 21:04:33,-17.0
3493685,437bf27c6a7478c9924655ef287fe6d4831141b1cde8a618fd14153b596d66cc,04873460731e32c44a491c1a27764a9d545740ba0a1b5144d4036f5233c6e86b,2025-09-05 22:26:13,2025-09-05 22:28:09,-116.0
3493706,0cd1b2688b929ef0d5dff24a56409d513355411d86d2faed88494d0e0064c7d2,9edd9ef5d9b3e83fad23b803a4642d034ec413982027e5096ecfc8bdf29d805c,2025-09-05 23:19:23,2025-09-05 23:20:36,-73.0
3493754,082832471858e9976c53912bf2bd3b0c6604ba3de764312c53b21c0754bd2642,a4d69f7d4aa8f36667cb6f0de67669417bbd60f57a864991fb354dfcc57feba5,2025-09-06 00:57:42,2025-09-06 00:57:59,-17.0
3493764,a9003f23b4d39f2858e064cfcbff11a34f0f7fc2f7f5e8a93ce944f550dd6f5b,59cdca9a4631ae6a3d935ddffb06bafe1dd9eb2735a3e7cb24364029898b400e,2025-09-06 01:29:02,2025-09-06 01:29:46,-44.0
3493807,c5d9943c7057281fdda23942277d04d691352bad1efd59b8480d11a1f0ab259d,6f6da1147f928802864ccc237c57cf5fa5eab389f844ed43d99d787ab076da65,2025-09-06 02:57:18,2025-09-06 02:58:37,-79.0
3493827,99d8a3a7d8286772ce3badaf705378e1e804bc9f20b9a10181a4435475bc6513,f8afbe7bdc3bea6dcea77004f3c50c93629410f47c5043d3f3451129c1184fd3,2025-09-06 03:52:26,2025-09-06 03:56:37,-251.0
3493835,d807f24ba61acf57a8cbadff1e5566c13fc7106cd477fe17ec392007fbc7695e,6f0ab8ac7d199900750957bc7b116f7e6313dfb879fefc628744215dc2490319,2025-09-06 04:22:48,2025-09-06 04:26:24,-216.0
3493840,528277c3b3fbe6a9dd29afc0e3dc45533cd31aba0504e1e1f3efde1a524f81a7,c4413dcf9ba7b37b14a206fff6061bdd1dd4af55f2fa310983e7bf47e060f8b4,2025-09-06 04:37:24,2025-09-06 04:36:35,49.0
3493841,a2a3735a69528f5583862d7da1ec3e7cc1814bf22d053521766fec832eb906ed,348c603fcede7050c32a0dbdea6eb4e2482faf85f35dca4c4ac70418863346d8,2025-09-06 04:38:08,2025-09-06 04:38:39,-31.0
3493858,a7ee8c97c33d05c8cecdefd2020adf7137b56bb71ee0c5d7e43842b67ece9a3f,da21d7a9dc836ad3e98d87f767ab04411f824e02df9794dd9f28926ca6a5f046,2025-09-06 05:12:18,2025-09-06 05:12:25,-7.0
3493870,5d3af619fe9c63da507735e8340b339eb2fb6e407ed4aacfa5715e4124b9e71b,cba0855126a22981fe2132c8f5a2f6d215e8cf023064d4ffc1115ef6908db665,2025-09-06 05:25:02,2025-09-06 05:25:33,-31.0
3493887,dc82dc78d5e4eaa90d3ae65f9a3670ece6931491d341dfd72c87cb287b9de328,395690522461b906f74e3d996877ffd19f7a5387e0fd997fd4bc68afca69a7be,2025-09-06 05:54:56,2025-09-06 05:59:02,-246.0
3493892,d3047c46b7edac1821443ff3be8c75ebc6625caa29d852ea9d58e66fa6465c25,de8fd86931ccdf264045e8f95d8aa2742e385d42bdb7c258f0f2f42a8f24196e,2025-09-06 06:03:17,2025-09-06 06:04:06,-49.0
3493907,f7bd982f53a89a1392e72eb04e0d0fdf7fb546d055b1d15f76cf709835d5e08a,af68e362e0e66e38f1c3891a2e191a0111f44c8415e770da79ed9e9189451ca1,2025-09-06 06:35:51,2025-09-06 06:35:18,33.0
3493945,16c5afb9230f72cb467e0d508aee3c2cf27cc69170af42b06f5cceece4d55e06,35a31680766904e2c6bc6150773c02e856e8132799297f717cdcee9ef0d7beec,2025-09-06 08:07:39,2025-09-06 08:08:55,-76.0
3493995,3d262bb55dacee6c4681716bc7a86fe3a82b39cc8f740bfde192ebea1d323a3a,25ebbad8c3d40baaa385a4fe629ad04bfe2aaf1df8bd1d53e5b6ee62ccee0d65,2025-09-06 09:39:00,2025-09-06 09:39:55,-55.0
3494004,350a09fd9bcc073b5c3a818a45e7be461c09f332a6248dd4b7a6bada35a87c3c,87428340d2c23a3875a6ecb0acd7ba504c61f472ef959963a21d7a513b2f7572,2025-09-06 09:47:39,2025-09-06 09:48:13,-34.0
3494021,9f8f5525334e5a9c01edce255a429b405e0fba60f93712b971fbaea7dc8eb11c,0f2fdfaff271701f8f9753e1fc1a883c555a07981566f696bd1ba3f16db3f26e,2025-09-06 10:20:39,2025-09-06 10:18:52,107.0
3494028,cf520af1129aea60dc5560358344f02560c604b5ca3c2adf03d900f7391f487e,5102231097217b77df813ec5872104530e58bbcc363efca092be348c8f9fc219,2025-09-06 10:28:54,2025-09-06 10:30:03,-69.0
3494047,fa6a2ee2ecf5dbef02754078f305153de3d2937d514724210bcfe5caef59291f,c15b60084c5b8d1eccf8ea30a9f671a8f6ddc26705b399086f2afea3cb2a86fc,2025-09-06 11:04:47,2025-09-06 11:09:31,-284.0
3494072,61b1e9c6b59595dace2f845a5d46943f9db261443b07e60b0ab9bb9a26091117,afcf7a3e41f2c4dffdad33192936042511429a9c7be73bbf8da99b4cb5a72c06,2025-09-06 11:50:39,2025-09-06 11:50:53,-14.0
3494076,30d010f6f41cfa74c36345ff868eef5efde6f73cfa45682f6fcc8a0db4edb507,7f630f95e2b9f42ae9bf4c5e527f7e48272839035e18fa29ec74077ed3890d3d,2025-09-06 11:52:34,2025-09-06 11:53:20,-46.0
3494078,08894d07890e08fdc17ea3ba3bd961e2f684d0a25eca2e713f79b54ba61cf26d,9348ff4108dc7fa7f1052b7ba69e3fe7a77090d0d0f7b480b5a79e4960000303,2025-09-06 11:54:39,2025-09-06 11:55:10,-31.0
3494096,9e374f12f6e0c66ae9cd0b688594303a061cf4006e59bd6ae58094e7ab54b239,b5a5d6ea9c66ba08995971441e51fb548fa1d7cdf7f3168ed10f67a029d8d35f,2025-09-06 12:29:00,2025-09-06 12:29:29,-29.0
3494102,0b0f9aab9bb359d1dc9709e91f472e3cc45a0ec34e5c67bd2603d3228a8e86d4,37b141a4ce11ad64240528bc85b73994a7e1f8765673b68493a408cf8c353f11,2025-09-06 12:36:57,2025-09-06 12:38:29,-92.0
3494107,afcd137642397235052cde70ba0ec2e42c91d935d42f7a181bbfca34da7c75c8,2691db27325094b561940e53d2f44f72bb70f526398707b99c1e898859c428d5,2025-09-06 12:49:38,2025-09-06 12:56:19,-401.0
3494117,4455b17b1956f8691d0886193b1eb520dfa8701d71868397e2440e80ef38f21a,e47711775144bc51e3077ba2eac34fd6f5749d7d9a32b71e3e10478ebcf42266,2025-09-06 13:14:55,2025-09-06 13:16:30,-95.0
3494119,fcf04834901ce5b9735fe96d8f0d010a69bc85fb7c5887fb4acf03c22efc1f8d,37270002a3e3f5223a9d0b6ca0f09558053c69c19cf05abcedbc9ff61f40166f,2025-09-06 13:18:39,2025-09-06 13:18:44,-5.0
3494130,869669fcc934a21afba094df9dd3b34c73f198bde3c33b71b47c3ca511ff1044,d59645875d8bdaffc438301cdf3d9c0d84d57c2bd53b75ecbc694aee35907a52,2025-09-06 13:39:05,2025-09-06 13:39:23,-18.0
3494134,23e00839e2d4c9fa06eb42525088fc2215c3dab412b442d39b3f16d3110d54ed,42d1e71da647f5b9cac3634589dfa98e1aa23c7847d88454da9848e684148a93,2025-09-06 13:45:35,2025-09-06 13:45:40,-5.0
3494150,6c48a64147338b9a5459aae7a5b03633465586e73b03fd95b7d55aabf429d112,71eec83294fc2c87bf2adbcb29e58f23dd0bc0f49a345c3d0e81613b42eaabea,2025-09-06 14:04:23,2025-09-06 14:05:10,-47.0
3494157,ff0141f1ea87c024b5d39398591ae57d441e1baa479ac0675c09a37d9ce67661,f395043e3b1678163e47dcd64106fe3e0693ee5fe4ae8dc8a3509e488f61e1fd,2025-09-06 14:19:57,2025-09-06 14:19:52,5.0
3494170,38454b3f565d664e4a5dfecd58b94c1cfbc8509b0f4fba8b25a433b511ccd667,2a846307a71758652c35611f47e1e7e594e9ea43b1cc3f207d6f2378d482e6b6,2025-09-06 14:42:14,2025-09-06 14:42:45,-31.0
3494182,70febd9fe26f17633656e32ba29bcb2ad827310898440716ab2688f54c9859cc,b1bfd08e055693e691bd5f8641309ba40f8f70d82bb0e3f2cd42313661bcc93c,2025-09-06 15:08:23,2025-09-06 15:08:27,-4.0
3494188,f1cd566f740325721c6f1daa124d9a4308a93232655508cd924b7df328939eff,320ed8c131f377b093f56951302438535248c14a0a3271e5eba50fd564fff3a8,2025-09-06 15:18:52,2025-09-06 15:19:00,-8.0
3494200,619b04e0e52dd12d75123ec9da718900e1652a5cda89e9ac2ad893e887b656cf,1fc4f6a8347dc9940475d7714681deca0db3b68019f391dbd08bbbcdd12d44b2,2025-09-06 15:35:08,2025-09-06 15:36:26,-78.0
3494207,edab952a52589595d3581a880cf652745d1f35931770ea7f3243e96bf821900f,1970be896456fdba6c6b5189e0b8c597a2d0701fc4bb46ac2cb9f2f235027768,2025-09-06 15:45:28,2025-09-06 15:46:41,-73.0
3494208,2f3a7608ae6ba91e2ccfd48b2a86de6057296f2f8a605bff0b06719123ec0444,89f1f69193d8a9b1ed0828334fd76adc95868a1b0a310e89b451ed5aeb71b6a0,2025-09-06 15:46:17,2025-09-06 15:46:48,-31.0
3494210,2fa1189f163b93794aaf6d05e8f1ec822eae58f3efbaff4b229a974f94fdc76f,664f2815827ebad7f67ed495f8ec3485cc42b62d7b8fa67c0d392f2e05db8ace,2025-09-06 15:49:30,2025-09-06 15:50:08,-38.0
3494212,b3646a6df75c5f75e934a8e947e75d7ecf1515ba0e986ab49264a76fc1e494a2,866733c5271af5649608cf58482e30539642d3496a99bdd0714cfec216ad9097,2025-09-06 15:52:24,2025-09-06 15:55:22,-178.0
3494234,95abf8393dd0059ed6e2c9d66eb47aeb1e700255bed54b489a4f7af122d47be8,52c927464a381c0273b3c58271e87bd06058c128b7ee265e9c452c9fafd8d554,2025-09-06 16:22:55,2025-09-06 16:23:07,-12.0
3494236,2650ea48096b37d684a3f2060049f850e0ab2af71c517c1558de1267fdb04d75,acb67a42dc7d1f86dcbd26196f94e9c590336bb9cafabfa21c43e7584538a075,2025-09-06 16:24:16,2025-09-06 16:24:32,-16.0
3494276,39b637a55cb557436bdcbeb026c10e2631f2178ed883d8b8bfa995c5b72b0fb0,d1aefa5146af3088417a501d0b2eb7b7f84570852d50cd57a3c28f64fe5b6ae2,2025-09-06 17:48:05,2025-09-06 17:49:00,-55.0
3494288,3a8097a86d1549dfeb0efc75625c3114b6f1a1e26de74759c7c1930d599163c7,9b7d9a28884204e3c8d53bfbb0cf1ea5b24feda37095379acc90109dadaaecde,2025-09-06 18:05:39,2025-09-06 18:05:51,-12.0
3494292,c5427c1d0ea2bf1e9ec91804a8a1c253b575a29fe67b62a3d71d3ffd188c5996,0ba4e5d0b7f5c97c985d424c13b7cd65bf2f131ac802841da4095ed9d2122312,2025-09-06 18:07:09,2025-09-06 18:07:26,-17.0
3494295,0a39810778c0a96e3ecbb86b024265126abc5780e941be5756f1af44c35d7176,9811f518eeb8d357b3974743394f6e0905d80eb68d25f2c80141ad1e65fd4f08,2025-09-06 18:10:42,2025-09-06 18:12:20,-98.0
3494297,7f524333e074d72c386e6429185ebdbfcaa4d945d166ca5e0da89b935ed5c931,ea62fee37a2b1c93edaab084433020c093b4c745ad9864c87b14878f36b8eabb,2025-09-06 18:15:29,2025-09-06 18:16:16,-47.0
3494299,770079300e9cbe65375d9823a6cf68be9d9e4ddeff7077852029d71d5bdde36b,438de9fa51d995ef6cc8d69c4afb094dea9d89bd69ad90652e99e8b363357241,2025-09-06 18:20:15,2025-09-06 18:20:54,-39.0
3494301,8db8904213937d42450003e71cf827d80b602c6697ca12604a6f2aa9bdc53f4b,3dd985ead37f0e0c7daf8901c46763b1010f597113be976f6291e8f2f8d6c003,2025-09-06 18:22:20,2025-09-06 18:24:19,-119.0
3494303,c9be8df67b22dacc92e7ff1d1a2e4fbd7b36d667acf012666ae9f141520c2a70,18a800a4a22b3a2c03d52464981a9103cb67c7e7f6fd91adb9b0f080cd51b285,2025-09-06 18:26:07,2025-09-06 18:25:59,8.0
3494314,d0d82547f51f703ec5ccf3d7082a54525a1b6adb938c5ce828ef049b7f19e47a,143145db1ddf64ea0483a0ca9e9fd7395bd02954e481d56f36b93df8c8a75fe3,2025-09-06 18:37:27,2025-09-06 18:37:38,-11.0
3494318,deeb594cbac9a982b033300d7ee621204753b062fdb8eb62ca6d60b282f9ebb6,e55fb37bea92f8e505eead9d8fab75eee7846c448e988af10b8e352b7475a888,2025-09-06 18:40:10,2025-09-06 18:40:16,-6.0
3494357,2822f1cd9a7eab78d5210fd985f5de2b8d10a93165f68bede269f6aee75da638,8355f6149858f0c51c99bcfab839043232a4f1cb0790b553fe55c167c218e493,2025-09-06 19:56:42,2025-09-06 19:58:59,-137.0
3494368,f34d5fa2554a3f5a72106004e1c7459341b349d684a5ec626af9131344c086a1,d33e3a524ba42c5d7df89f5233900a83e3d757a1bd769ff5d521b8e30c6d90a8,2025-09-06 20:11:44,2025-09-06 20:10:46,58.0
3494375,d56795b5dc20b3961bee7662690e2544843d9dc287cb5978862f15ff9b61b19c,5e3437c27d7af04b7bc527e1fd609a0b042f7545d47a2fe95acf80adb09baaa4,2025-09-06 20:19:50,2025-09-06 20:19:48,2.0
3494389,11cd374bb800e763244bd7cc4a84089deb4c6e52f2f94efdff6ba433c4d04889,27c0a1fd55252cd1dd040d719d548b322d9f03e2c0668c9fbcc3ef94f364d9f5,2025-09-06 20:43:34,2025-09-06 20:45:41,-127.0
3494396,9b0b0cdeb7e84d3c1fea4dd38d2ba3696c5bd9fa5506cf7abec55ea2cab5f957,f59f442bdcb410964cfb105c1e037dc2c26dc6bcd29251fd6cd445a0be7045b3,2025-09-06 21:01:09,2025-09-06 21:00:54,15.0
3494403,c8409e910b42f2ee79670add486f8b03c575c6e408323b20a6f835c75acfa865,9a727cc5a95428357472982ca874b9f622831828fdc511186be7487385e1c685,2025-09-06 21:06:40,2025-09-06 21:07:49,-69.0
3494405,bca118afb0b1d1cef267a257001c4c221858c500a56484ab0086b05adeddab1d,311ad1cdd512fb795bfb2a55d98bb94274a57d5bf536c63cd3e02058bea8a4fa,2025-09-06 21:09:22,2025-09-06 21:09:25,-3.0
3494426,40684c6ae1eadeb2660cce32f539a866f58dda2550a2ac23be3776967b3582a7,c7a7e60622639193eca03b616a95462f20a8c72e8e093931c127e9de183f9f91,2025-09-06 21:52:24,2025-09-06 21:55:33,-189.0
3494448,22d77049c7651071b68c95e12d6df37e46263c5fa4522f7615f3f016b003967c,aa493c0cb1445347ff4704b8dfeca6e86ffe72468da7181ac4bbaeae059d3c60,2025-09-06 22:26:33,2025-09-06 22:27:19,-46.0
3494452,883c6feebc9a33e79dacdff6bbccfe42d448dcac123fbd33417b61c6342fdda2,e8e21225cc894cf8c2150bca2e16826eb5c2d7ee5e1cc5365a2006ab7a4f85d9,2025-09-06 22:34:57,2025-09-06 22:38:16,-199.0
3494473,664bf5ffe555fda52b077c50f68b4f88cc4c0fa2b62abab00bb7865b10e14c04,0e7f1d799a6ed270c9c29fe50609c660439b18142a6f9247d45a6d4fa174e5ba,2025-09-06 23:21:38,2025-09-06 23:21:52,-14.0
3494487,d3fd7511c1feb977ed4fb1ee252566b5fe59c7e6a83739d932545e88ce1288ea,a40728b810f7f0bc1f7c9614e27113ced7b4ea9f5e40b4685e169d9bf63b7323,2025-09-06 23:44:06,2025-09-06 23:45:00,-54.0
3494492,411a093e0ae52f2c287b1140edae883add36c768a0fcc7a5492d78dfc65b2e03,a74dbe71857b8ac170f1d8155a038603a552ccf394ea78ab9bcfaf670bd5a27f,2025-09-07 00:00:28,2025-09-07 00:00:56,-28.0
3494498,23deee443a9fe59554dbbc7da5aecaf13936dfa4e3f85b042872a95b5491df4b,c00e25420da49f82373da10aa2131f03608626e12511dbec2cfc5e8ddfe9c361,2025-09-07 00:10:53,2025-09-07 00:13:53,-180.0
3494517,58a511aa60d57c7e08505c032805eae1493901396aa46f6dcb3fe7ebdeba492e,9566290d4f83364f95079530e41fd6e56e452eff8185305ff91835d31aa9f756,2025-09-07 00:54:47,2025-09-07 00:55:56,-69.0
3494519,cda99487287ec87f07d05182711fbede83d0ce1f1420f63c168803d00b387ba8,3c4049b7de385cd1d6684f0290632f82abc68087ab93bd31b5333cc762cfcd5e,2025-09-07 00:59:40,2025-09-07 01:00:14,-34.0
3494523,985bf8f4a827fe058d71808745d51c715cde8c2eda63fbf347c8788e75beeafd,53da3f457e3ac466e4a7f8e5a9d223e354b43439bd7bc1f0a8c78b285c093d66,2025-09-07 01:09:29,2025-09-07 01:12:05,-156.0
3494526,66ff47c1fd8a8372f50955589b74f22c74ae57bd23cc4bf94cc95d8946927f19,d9c65bd7d04279bc432770b43a462df2177c920c4349b7f4229c8eb848aeff06,2025-09-07 01:27:04,2025-09-07 01:27:14,-10.0
3494530,3f15bdad502ba6c66c3a28636fa0eab75621fedb417cb2329a45ecc637907ff3,3a9c91e2d72632b584e4daec401a8a9f6a7bc27b7b5ff227f168c5b21ee3e9bb,2025-09-07 01:32:29,2025-09-07 01:36:15,-226.0
3494556,becdccd2573c36c1057c7348d9585bf4111049d25ad753c3b6c10653a2866683,6326d0609550d3c565cabe90c7eb537677827d01b42f6779b4cd1e1942d05ea9,2025-09-07 02:35:45,2025-09-07 02:36:16,-31.0
3494567,ac5d4a3bc222a988c3c70c0bfdb4652e60dcd2f8e93d4395291e7461e779a51a,4c4e81871ae40643a1fddc3ec6ece1ce48da82575a5037fd778c7323d7d8166e,2025-09-07 02:58:42,2025-09-07 03:02:40,-238.0
3494586,4bf78e737ae3360514942347acea1d9d051235ed9181b912c27604159d88ee6c,13cdea8af0253e3d780aa41cdf3bc5bcf845f10bb12453732b3172ecadcc571a,2025-09-07 03:36:45,2025-09-07 03:38:11,-86.0
3494597,c650167a8088f681be949243bece21fe28366a54825f4b426725778d8e05b889,e860798ccc0eb64a0f771ab5262462b16ae0075ebe3870fc94085f82bee1dd8d,2025-09-07 04:19:21,2025-09-07 04:19:25,-4.0
3494605,fa57d966c7c4dd5d0200a7e58a1d82b1486be0ba3872dd42a51b7838e2ab1961,4688911c199d5e5c49ff9e0a3b0822ded899a8fa1c83154f29ae4583c875937e,2025-09-07 04:44:24,2025-09-07 04:47:11,-167.0
3494619,aecc30e54060d12a484ae0c18476f7a768a7dd7737811102b3b56879f3a72d9f,47f7393c0e92e53b4162eb1ccc57541f8f203d852a12d4c67b454c227bd6c75e,2025-09-07 05:11:22,2025-09-07 05:11:25,-3.0
3494621,e6b969638ccadf6eb91b1509b4396f735400bff0f258da49d692759a1b02b3ca,873226f62f126ec38ecfdf7bf8a8b0a42c746aeefef39d291cd0ef6ef9f1e904,2025-09-07 05:15:15,2025-09-07 05:16:26,-71.0
3494625,6ba7d0211104763fe5d02fe92d5da294ab13c165380f6d61e86017dd5a140f5a,b705db87b448b73561f431ca12de27e783b542b5873f7b0c77a4bd0b36313d5f,2025-09-07 05:21:10,2025-09-07 05:22:14,-64.0
3494637,1121859f2b50ffbee1c66eccc1519d2b49f71a8ea76b42060e7f97b018cda8d6,627f07ab4ead529d2de4211c395864de87b995df21f1dbfe67e22d8fd81371ca,2025-09-07 05:56:09,2025-09-07 06:02:14,-365.0
3494638,2f86c7693eb749a9dec19f478a44f9cdd48887435adda7d5948914fa32d78d0b,9e8f2b8f583d8307aa556e29d3fadd47c166ff74253ce4c766d464baeded72dc,2025-09-07 05:57:18,2025-09-07 06:06:35,-557.0
3494639,cc6da1d364cd4598f8ceaaa0aa4829d20937bcb6b24ef40a3f2ae17dfc8f6a6a,eeb8db47dee5d6fcc48b987fb0256d85d5bf4326ae62ff8b1121759087ba1087,2025-09-07 06:01:27,2025-09-07 06:06:43,-316.0
3494643,a50a3fad9d23d7ffe47052965c21df11eb2f2a6b1511e622f27ecbf9f572fe28,61c99033298cdf9ebcd9444e9db52a26fe12a9fcde4d97d3b2f28846b1db9156,2025-09-07 06:15:53,2025-09-07 06:15:51,2.0
3494652,0ced97fb7ef0981249e1a22c368526b4c69b615d37b7e3cb4d19ab1a1a646f8a,92892088b8bc37fb6a62faed6eb7f3e00ff3b72568ae0086870782abc369b6f7,2025-09-07 06:27:21,2025-09-07 06:28:26,-65.0
3494668,f83de88afcea0ad7c5481c9855cedef6321e5a63823ff973c9f9862836197a09,0712383e60c07aef10ada6ea700ee64697640c1a3710913f13f58e8d9b9185ac,2025-09-07 07:07:39,2025-09-07 07:07:37,2.0
3494671,5829cd7a43ab41d661f154d645b5b5b6cfc2fc903ff24fcd4e3b3d967ada1f61,31179d2c75954edd63154e0a16558434d2d8bdffdec2ed1fe4e5a0c423d6d055,2025-09-07 07:15:29,2025-09-07 07:15:45,-16.0
3494675,4069ed615d1bbaeb904b7813cacc3f2b0a3b2b0f9e8bd66e8ee09006334c4617,ebb6e08dae5075d24f4957d29515814bfc08e736873ca99aa1a9080f316d6516,2025-09-07 07:20:52,2025-09-07 07:21:36,-44.0
3494679,914a759777283f92d956f27531220219dc57934e5360a9d7a3dc12d6f70900d5,957260c89aeb65dbd94a42c7b7c2132c3c30da2430106525a093401fc41ede0e,2025-09-07 07:32:40,2025-09-07 07:32:33,7.0
3494681,27a08bedd8445646f7877020aaaafde8683b67b31d2478a4de6ef50e7b4a6a34,4e4203b05c9f5aac29494f0ffada731a71e21a6bf847be71949a5120113f4480,2025-09-07 07:40:53,2025-09-07 07:42:03,-70.0
3494689,52809d2a9fe4e8205dead507e8b66d0a00a2cc96d7fe2af0bae5124a716371e1,ba70bc3c579079437eaf314445fda9c6dfdc7df686a626e4697780ef4ec74da8,2025-09-07 08:02:41,2025-09-07 08:03:02,-21.0
3494692,b6215784ecedb73aabd711f4daae0d563fbba02503e794811a8a64c9b11db96c,8def934242333628290c1ea344191bd8313a94d43ff5e8108e580b12c9030e4f,2025-09-07 08:09:37,2025-09-07 08:13:41,-244.0
3494696,2e1faa185b710fc3ee171be4aa404c091f75cd3c8f49ce27b186b277521fe0ac,c1f7e61641fafa83cea3718acf6b316c899ac9c546e26663ca66f63a40d8bfd5,2025-09-07 08:20:02,2025-09-07 08:20:06,-4.0
3494703,5aa36fb7dac132605e39d308f97864151b32226b8e2110633f5ae658a4846f8c,3bd89039b39eab193428f217381ba06b8e0c9b5ad3d443dbc058eb5565ec7a2c,2025-09-07 08:44:24,2025-09-07 08:45:49,-85.0
3494704,bf38273e88dbf9edb0b1fa009fe3c0acc552b923a40926ca218f51800f0d0180,308ca355ba9f72f801af0a79c3eecc5724b09a5b74a2fc5aaa4ad0ef036854e0,2025-09-07 08:45:52,2025-09-07 08:46:57,-65.0
3494715,7a632d65889c427adbd5433a2e8428531e79fc431d8ca5c02f3ffac88b64456c,e646d4e1afb8f1652703b2ed9606f48bd19b1bbcd68eb8c575f733edbae4d3ce,2025-09-07 09:04:12,2025-09-07 09:06:56,-164.0
3494716,671a325cdaa48b4a7fb9a02856ad8cfacf16adb9b658eab6320b128de2463b2f,4adc146622df91cfb9ff66d53718e5acfae6190d114e21bc2a853733877528e0,2025-09-07 09:04:13,2025-09-07 09:07:04,-171.0
3494740,3f2100efd6cffd06563a884709bce4355fba72bd825851b4fadc0314d2e2bc0d,b22bde238dda23fc9b57d1b434e98140eda3b54b3ae01b494a9cceacffb7b522,2025-09-07 09:58:09,2025-09-07 09:58:50,-41.0
3494753,c09e7ec9a622a04e4556d34bccfe9ba521efe04c218da94af8a1abf61ac54f08,abbe429df3a04dd684d5d750bb9c359cac6a2eb6ba1fb5d32651b377da0bb77f,2025-09-07 10:17:49,2025-09-07 10:18:04,-15.0
3494759,9bf550f9e35174900676b250cfc432b75648a8cf20d126f83ddc628721a46166,c61c6d862b798ff6687790af7d7c8a141bd5e101926edd8d11a780b539c9d4b4,2025-09-07 10:24:40,2025-09-07 10:29:26,-286.0
3494765,42a612a688e3d914a57b04857d72605454223dd6c7c15ae817fac0257b57943c,d7d0037dab765a942af916c4e5cf6bf1b1710ce8b46f4f61dcc4695770860105,2025-09-07 10:37:19,2025-09-07 10:37:51,-32.0
3494766,f6d4b475c48ad9dba11daa7949ba4c6eb457f8ed2f810e39f7f5a110a3002755,7dec8626d2646c635361558bfca171b85234901d9403c6121b6e18c230b7a1b3,2025-09-07 10:37:34,2025-09-07 10:37:59,-25.0
3494769,1c4b8d5cd54682e5897d0b06437ef36cd6e7272c3ca81e550d38633591b2e79a,8463c7a4d70fbf1f03d04cb752b5eb5f7c2a2e17448d8ceff9849b4f038e1833,2025-09-07 10:48:10,2025-09-07 10:49:00,-50.0
3494790,b0f870f0e3bb8869952e8f1a708824b200ce2866e24430542f9d4d6d9be53731,7992d24f607dc74dc22cc1bf9daf1a0e6db55ef5767c1893d5458533f02e6f5b,2025-09-07 11:24:17,2025-09-07 11:24:37,-20.0
3494794,03c1ac95fd7bd08dc6e6652ea3f6ee9bfad68443d1f3f6e7b8569ccc80f3e1df,58d2884a8f9cccb81f9c4bd71e6d167f030931189ff425d9161ac3d75d58c118,2025-09-07 11:27:19,2025-09-07 11:27:38,-19.0
3494803,fa704010cc632da59c5e02767d1ff68e06a3713b2c24829908d740732045ea3b,46f6d499d1def26c6a0836b25cc42bc57dfa1a2a1f3fe6627f3aec77cb5462c0,2025-09-07 11:43:09,2025-09-07 11:45:41,-152.0
3494821,8bf8fffdf5087f52a9e540af111fe9986e9a9f297fd69cb62746e0c2d864b7a8,832ab9f183a38ab13f784974abb39a1a25a57fe53e539c54894cae84fb6c9edb,2025-09-07 12:07:03,2025-09-07 12:07:04,-1.0
3494831,ee5a8f011632e4006e3f8cf94962acb1f4885b52f98c1333f959629f9fc99e79,126728c9cb8e9fd16fa144f230bd21d5ce38996f87e973ad865513ef391d7181,2025-09-07 12:24:51,2025-09-07 12:24:04,47.0
3494840,9dda6bd2850327459370c96d243653a56ff540ef5963167a3394b22a66c66546,d0768c88883fc937777e8df5779c89ca038bc53dc3f587970be0639dd23915b2,2025-09-07 12:42:51,2025-09-07 12:43:01,-10.0
3494880,7f5fc1406f4b9243ae748f11d64b19dceb13be83589c76051fd52147361acf2d,5a4b3eb9591c383beb20397c911ccbcf08533fec5fa4dedbf94aacf00388213a,2025-09-07 13:57:45,2025-09-07 13:59:59,-134.0
3494882,60f8c4434e6249616ab7877966e3553c648bfed1a5e49c54e2d94cb6b25b9e66,94eefd2573811ed508097d74561dac74b4064d9779192239f88039bbe37b2139,2025-09-07 14:01:05,2025-09-07 14:01:41,-36.0
3494896,1a045f3ce0b44d88a8a82f8f400f13f526dfac94faa81a03eaa1fae86ee4ae5d,8f9b6d43968d0dfdd1d4f479a3f3aa4ca9c82b4b68d97f5e6a4702fb135e847f,2025-09-07 14:30:26,2025-09-07 14:31:03,-37.0
3494901,cb3d5da2eb41a21e60098e419c783fe433844805748df136277f0de9a3d90ad9,91155d4a5b9c8fee31fbd1d2bf2e08ed88b85c6416d1123da3875842428b3274,2025-09-07 14:37:05,2025-09-07 14:39:24,-139.0
3494967,5a02c246ebcea45d791501924ec1f255a4825fa9afdf0ba9f9f1311eaba8710f,2446f2ca58afbd73a22347af8e47006f3e82e8a9b8c7f222d44c8b5e73eab96a,2025-09-07 16:28:23,2025-09-07 16:29:53,-90.0
3494969,7157337d09c179887cc36a83df44317ff73b76a4944b375bf78326ac29433b54,55c4e2c16aa32c5174867370e2df858d0a4a04335515dac2ce286f93ae599f8c,2025-09-07 16:35:06,2025-09-07 16:37:40,-154.0
3494990,2088347197eaa3eb8ecec7a9503764b7452821c698dca6cb6f368854cd07e72c,521dd54e693ba16786d086b08b054bd7b49701dc85cde30431bae6ef6614a823,2025-09-07 17:23:03,2025-09-07 17:23:34,-31.0
3495003,e81cacb8f87cb0b119b17f5cea3d9e065e6753f534006f47936a4adf174589d0,431e99dd3111fcfd32d9120c56e983d37a4668c7c1eb63bbfca5fa0e5b0d4113,2025-09-07 17:57:34,2025-09-07 17:57:28,6.0
3495026,5d39290d1934301619be7a0debf5a31dfbecbb9ce54832e4d27f4565ba6a4ae6,08ae3c3de69cc28457713bcc834f14bc08e7ca3a056a926cb85c329075a090f6,2025-09-07 18:34:37,2025-09-07 18:35:11,-34.0
3495079,897d94d78d38a5e049c79607c822831e3fda3f5ef4d4c1cd768d45dd69cb09af,e25fd23070487bf158bb8cfda0e0a6dc7f7c4b96448bd5224cd94c6df85deb93,2025-09-07 20:13:13,2025-09-07 20:13:15,-2.0
3495082,b94497dac78b67e347ce0990614c7c87de4aebf39d943a5d066163db04cbf977,add40ebcb62af05d11f80b111da84e12f452443c82190ad47620c81da2c4e7a4,2025-09-07 20:17:26,2025-09-07 20:19:22,-116.0
3495225,8c4d0e0a1450b81412a6abd2788c95dd5d55d52e9db8e20d3f560010e5340beb,5012299123bc3283654940952f2d24146b20cbd0e41de9d50cee7719d8db497d,2025-09-08 02:11:52,2025-09-08 02:12:54,-62.0
3495227,a73a6f6fe6e4a59e2f81b6558279eccb88d27673929f4cd94660125ef61da0f8,c56192b125595889c95358bfbef8446a6a6be7a34be5baa09a983e576ca2d582,2025-09-08 02:14:28,2025-09-08 02:17:46,-198.0
3495231,ed015a3b5e58c5af4c69ae6bf71f410259d1cb72671b19980c6e23f0544eb212,7c723fe82a1031147b577e2b5895f522f86f407dc835359352a646431df077fc,2025-09-08 02:20:31,2025-09-08 02:20:44,-13.0
3495319,4bf1e87aea6c786d8a27f9ebb8d3027953547bf9b158fab31e040a4ee0b7f68f,2acc8d78ab862ba753fb1515887b70d5988d3bef77f31dc844cf24e62f087f28,2025-09-08 05:08:19,2025-09-08 05:08:28,-9.0
3495343,ce1c2ddd77066066af642cce8c09c0cf9298ce4a7793bd81b2712ee67f0509d6,d3fe9979212f5989df276891b793432d8c1e98664dd73cad0af22ab9456056b8,2025-09-08 05:50:22,2025-09-08 05:50:24,-2.0
3495345,b8578d82ebdd5d27a8cf6104918dbeb278a631c9929cb141f54a9be92759bd7b,43db10f20b76df4404edf6617f292ec6b2dcf61ac00d0402dc4fffb591de36b6,2025-09-08 05:52:19,2025-09-08 05:52:57,-38.0
3495370,47d2d0faf4a0e458343d60b89b2cb2aeb1fb49c11c54667faa94cccc6e4c6b0f,1ae7b2d03914423128e715ef6403754b0a52efc08ed3d8b6af5f224a698223ef,2025-09-08 06:45:12,2025-09-08 06:45:55,-43.0
3495374,29e9a36de6516a068586d079246bbef81ebbbcb35480dfaad3586b99f502a8c0,300dc7178299db2e11127b9cd7b06ebb39aebb8c8950d0280921fd71aefc440d,2025-09-08 06:48:32,2025-09-08 06:48:54,-22.0
3495387,4935e34eed998b58ff967017078424a7bec3ac231ec226c0dba7830a78a4311d,6a333478a37a47d79231825db506f18b65ff5c54a1eaa93cd7fd5058f88ddcbf,2025-09-08 07:19:42,2025-09-08 07:20:21,-39.0
3495393,d23564578455476f55ab54f35fefe889d6bb8c0a5ac52b3b84aa67d0b13401e1,de56f0d4acfde1c9fd2e624caaf65e446a0cc2b2d2d1fd763e4b2cb61d63734d,2025-09-08 07:28:07,2025-09-08 07:28:05,2.0
3495397,77c1df1097d1e5ea38da70cfe350364090d0c7e288f53e9040e3ef266b7d6812,4bab6905b450d471df905ae20ac1c99c33c0ee37ee15957099ab136a3d8caa43,2025-09-08 07:32:11,2025-09-08 07:32:55,-44.0
3495415,a1e92d9814a825e6433686fbdae34ec56759eaaf8735ab5ed5bdcc9b23307d14,95ebfa38d942b0383f208c524b4a6a7147c0cc6b3fe85a483d45733e9bee6caf,2025-09-08 08:18:20,2025-09-08 08:21:58,-218.0
3495416,634c7ac472872d3cd7a188c72c06296c8ba9e83c29b83bc8765a3611b7f914e0,e00d199ea4874361a2e67b8bf2e3a26351ef5220774d52af8a5abc047c50e62f,2025-09-08 08:21:06,2025-09-08 08:22:18,-72.0
3495452,9a6bd153841c068256f0f4d48069bf7652f0d61dcdb9f870c53da1af6f9ccb0b,b3b9814604c65729b5f9d3f51dd653d1b05c8e1b38c7958fb4ae33edde007eb7,2025-09-08 09:48:21,2025-09-08 09:48:52,-31.0
3495465,00a34f89af05c7dbff2a7e4e0b4fb56ef2387aa62befff29012a4783211c060f,0fd3bf442f19a6e7c2f102e1ad1ed24c16b19d1d2648f001aabd4656e874060a,2025-09-08 10:15:29,2025-09-08 10:16:20,-51.0
3495474,1f2c97f119847086e176a5ea73c49818607c656796d11ce2c04d91757b260934,ef2cc2ed5402cf676f1bedbc764fc1e27d9e44231a23831e6c1fa21cb3bfdd83,2025-09-08 10:26:02,2025-09-08 10:26:56,-54.0
3495526,17c7e364476aada0755bf3ce8b98ded7b088089e4a4a9ba8f6d54dfde2740a14,cc2c5a0e34522810ac3bacadfcd3b6d28e34369cbda2dda5de97469c70790802,2025-09-08 11:48:55,2025-09-08 11:49:46,-51.0
3495534,b0c4d24388351d57e6fb02c485a3d33d9138f07258b22fc35229356348302ecb,3c7467ea87c905718d6164ad0011effe763f993a83f301b3d95ff20c064d6928,2025-09-08 11:57:52,2025-09-08 11:59:15,-83.0
3495536,21f3405a51fbbbf9f4b3f82e805c1c5873d028967bf38ec2f9f3dc94ffa68b1b,32a04d062ecd429473d69f982954e5716f8d781c94f2bcdd69f4c9600dbb4c48,2025-09-08 12:08:56,2025-09-08 12:05:27,209.0
3495560,07c62951b6efcddcfdc8340f650a6e2b1fb6c6884fd8e0fabbc940dece1c7383,05c55efdfde71813f995673a60f5b798060dc6f8e745adaa2c4041af6a235dd4,2025-09-08 12:52:30,2025-09-08 12:52:36,-6.0
3495570,a37f2925965171c5bb1a41d3a8ea00eca62a2b927c2ff0a8fac908f4eb513d37,8b89f3d755c8b5e6f9cda4cee36c9d864cadf4174e064020bc52104ea07dfa66,2025-09-08 13:05:22,2025-09-08 13:08:11,-169.0
3495572,fa5172e7938944a9edbb69a8a07074a05836d9f60fb99ab4056e88defe1b5ef2,b8ccbd3850994272a8cfc1b8e510232c2d8d70da5cc99dc0df93aa3216afaf33,2025-09-08 13:11:30,2025-09-08 13:11:17,13.0
3495588,fe52e28e7e7c60c4c8c2b4d8902e24ca363a31c0532bc1ce74ac634d653fa863,21dda9eb2d3c42015ea27ce6d3788fd610c804c91e77acefbc63dec762d7cd0e,2025-09-08 13:38:44,2025-09-08 13:39:47,-63.0
3495614,396e3b3ab7041e94685761e8f8c87f8ffda2ef906a4920c61fdaf3dbb3539770,b639c0797a8af31d6f39d826ddd8de5873f23eb9dd73196b3f15c9e527e921d5,2025-09-08 14:30:56,2025-09-08 14:30:39,17.0
3495618,af74a102dfa4a278d253f6e6da8db5e7dabd4e60bd4e0321d36910babd42a1c5,930f7fd374e2a6b78dfcb305ff7a3485476130d57cea4fd66f1b3d2fa6175f9b,2025-09-08 14:37:48,2025-09-08 14:45:01,-433.0
3495638,7ca5fee0eb50c78b6bbd19a7365e30fca8d01aac59a7aead8d33b00c7a2ddc08,4acd7c62e850ed381c38f5f0a8749a68e3e08d401a484a784558cfa64670ca96,2025-09-08 15:39:18,2025-09-08 15:36:53,145.0
3495640,f6d8374aae5699206fad140c46854daabf7e760f496a157ceb59cb5b3b1fc277,8404e21ccc46918ac4b795dccbfc5d1438cbc28c9dd891d4c537262853e44041,2025-09-08 15:55:12,2025-09-08 15:53:12,120.0
3495653,6153b50b350c9627626d085a270d963dd20b8211713e2db408a1d13b395d27e4,85e7ff4d170238891c8e266938cb3675fb6438b12ff311c61e744d29143ed6b0,2025-09-08 16:09:33,2025-09-08 16:09:27,6.0
3495659,37946f767c54cb5247176e95c4c7ea1ceb622cf09a80a5f45ec93ffac8add0ea,397aa0843400c76b600b14554a613acc0fc87f21a112e7f62f40c7d7145e35ac,2025-09-08 16:17:52,2025-09-08 16:19:46,-114.0
3495666,ce14a3ceb31f1321946d86f888a50dacca193d1b55438291f9df22b8826fe7b9,af0b4466c355ca4b944b2af5381c724c7ae8c0b93618d226987f1b623fc879e3,2025-09-08 16:36:34,2025-09-08 16:35:58,36.0
3495668,c3f6e573152fb9ba5bafba7887dec24543228fd4d39c1e90855452ec55979708,2c881df4eaeb288a19542606c7895c87048c43f462f851a909537acd77b3f802,2025-09-08 16:42:56,2025-09-08 16:44:53,-117.0
3495674,83444fd826eff6377471eb4510923827f8f04029c1b5e0045c82ec18e086f301,f289cdc7524ed129e2c0302ca73f95e9de34fe5155d096d86b8b87bf21b1cc86,2025-09-08 16:51:43,2025-09-08 16:52:59,-76.0
3495678,7bc58f1227b9f63863d0f481ac07868c4115a1dd3765b10725f69a999a3dc03b,c478dbe2105bd831740df85c8b60d7f9533ad2b8f4425591b77f8543248077f9,2025-09-08 16:58:04,2025-09-08 17:00:29,-145.0
3495682,070ddde90dfd0f162c87d044a3befe89136f3c00095e713c92c916360d9ec9a4,3ee1624da532cebf66b1f8f9e81e535f52c9e264ce63002df343851d53835934,2025-09-08 17:10:42,2025-09-08 17:12:00,-78.0
3495688,b1f7d82fe9d55fde19a89a26e30b9b49730d16b70def276df543377fca3b2288,4fb50a00a62a94d1ac4ccaa2eaa5b386e1638e5c982ebae754826c31ffe1fa01,2025-09-08 17:25:51,2025-09-08 17:24:49,62.0
3495690,f60bb0bd043cf848cad7c19b567494a115d740a8626391a10ae0f5944afcc68d,cd55425e34000f5c60993d1f9f3fc8aa21dbf0097b77fda4b62bd0f19209692d,2025-09-08 17:30:47,2025-09-08 17:33:56,-189.0
3495695,3e81723eb1abbab59441e3a9115cd2e062d4705d85a2ea5ce60da916f76578ca,7d93f1eec52f14295e1619720c78bf31ec4f6b1637b3ab057efa8f6d65bb17cf,2025-09-08 17:39:24,2025-09-08 17:40:05,-41.0
3495697,a74102b74100198dc1a916d0d8d594506b69a28dc9a61200a16d1ea4435bcf89,6ef01d683e94c06a1f62ddbce8ac7278a814e0c082ce2624ef683559662aee87,2025-09-08 17:41:08,2025-09-08 17:42:28,-80.0
3495702,d853d3892dbf400eaec5f14d5f51391c4688c94a1d176fe7df5f173fef180a85,7e5b52712468ca00285563a6adea95dab8b1ff1de00ff2839a9edce70e8a0c65,2025-09-08 17:52:21,2025-09-08 17:53:00,-39.0
3495710,9c03139338fc41b7f660c0dab6811d83c29d83ce0d9d47a0dbc84e53ee7e2efb,8abd3c43887c3000f020e1d4a06bac32b98ee0c110b84a4ce8096ba1daa06a15,2025-09-08 18:05:31,2025-09-08 18:06:39,-68.0
3495725,20dbe7928bd05d53213f0efe3af2c925eb77994fb611d9eec1404778dde23735,48fc8c3bedd10d25e78b21f2255775b65737d181124f89210f0009ce3c91af27,2025-09-08 18:35:56,2025-09-08 18:36:50,-54.0
3495728,9d1eee6c89a683204e4bc54cf19045c11735b9742587f52e6e700d79b3d9d2c5,077df53d51b164f634fbc7836e5bb9762a13823ed6771d5b19c55ec2d4dc050d,2025-09-08 18:41:31,2025-09-08 18:41:41,-10.0
3495735,565de2e27c43379cdcf1ee8448d539556ce04d252c1e8abb1e23d4eabcfef9cf,137e893e826442153e9ff6464b11fd9475acceb208a345d7f2ef00b252b77238,2025-09-08 19:01:16,2025-09-08 19:01:32,-16.0
3495737,5a06f3afa6cf8c94300982a53a772615727b10957eef840027bb9db3d5b804a6,2fd2b75d692edf272a98581735d4106df6d2e58adbebd240df27cb39ce2507f7,2025-09-08 19:04:13,2025-09-08 19:05:04,-51.0
3495745,59a8fd7f47fafea8ac3d03c91e92f77e037ca1a4bc13a9eafe28cfbc81c66e99,be88cb27b95585292a9becc4d4935b9ae745f89c2d6faca4af5de4ebe9528de9,2025-09-08 19:26:19,2025-09-08 19:28:57,-158.0
3495760,549a0a969b9de4f7e9553ea5813148f87909d89b0b3e1ed9ef6f2212d8341438,bb0404ec31936439eb87763fbe51f88265993e85fde33af09c3ef1a697ab4c12,2025-09-08 20:02:48,2025-09-08 20:00:38,130.0
3495768,d71f1249fd000114486df02c5c271ce73a0729803e665c3232a4c616a296087a,3ee73a5f039ce39712568c7407e2d414447893be42164e032896160f4fdf8367,2025-09-08 20:20:53,2025-09-08 20:21:55,-62.0
3495787,c0b27aef26af3da5d4bde2053d49847e28b5192cfa4ea39636c7fcf537ab8632,0b6e8736f7c8b2e66cdcd4b57e42ccced8e9b78eb2d8642822b75a614f3ca883,2025-09-08 20:52:37,2025-09-08 20:56:28,-231.0
3495789,d5bb95705a5ff419104486ccabb7ca7268156004249e85296dfdbaa8f8b2f5d9,a2dc3d18ec8d04bb96361539ff825fd2ea7372627fb337dfefbf440da2e9386b,2025-09-08 21:01:18,2025-09-08 21:00:20,58.0
3495794,8489a0b5b69257e912b6a2c9cd1f847f9c11e274eb2555647f81a12ee190a2b8,7d9d8cb3124a30656cdd5485ed13a4cdb31020021365dfbd05006f441642430b,2025-09-08 21:13:51,2025-09-08 21:15:14,-83.0
3495800,b724b1bef35323e89c46e794c448080114e5228aa4bc90a20901d14818bce139,db8f236e4368154b1dd0fc5d010095b8365663f70478dff9ed9a2dbc786ea063,2025-09-08 21:20:54,2025-09-08 21:21:53,-59.0
3495801,5f132666c1f7afaf34157619adbd960aabe7b4270657527f1d60ca8d2f6a2439,2ed5ccb3c71d766480dd03517e3f3558c37d8d70ef51c1928283e32479d74596,2025-09-08 21:21:53,2025-09-08 21:22:00,-7.0
3495814,fbc38b92c4db9f1c7618c76251c2476549b2fc8767c6eefeb48fb168c62a4d1a,2ae31f58493fd586dbeb601e8f1aa1e6fd383877587b539f976c9f991beb3219,2025-09-08 21:40:13,2025-09-08 21:41:49,-96.0
3495820,146f0398e53867766a3cc94eb7f228f3ea790cc780a31cd79519f3101fcd5a7b,2cbe5db619c9bac514ba28d1b784f0a8a751032fa7ade2d45d72fbe8d496d9e4,2025-09-08 21:55:22,2025-09-08 21:58:27,-185.0
3495821,2ccdd076d9d12736a64119109813f692eedea684d83047f108a0192b5a5ee0a0,91391def327fbd33dbde9d7e266051c82876dcb1bcf3f4f8a24386ae185bd038,2025-09-08 21:55:38,2025-09-08 21:58:40,-182.0
3495829,687c150c498dd1487f534e10fe3dc71bd760d1b44e01c9a3c38d0e3efb1aa3d5,0104e6c6692e27e82f660f40f59c13c18115edf5525ebf2fd14ec8260b43216e,2025-09-08 22:14:25,2025-09-08 22:17:19,-174.0
3495831,0a28646658de5adb5f3b84a74a8d32e27535e3c22dd10ddc9a3a0add00c57940,04c1da58276cff5b8544d79cdefe72558f0655b0603fc0b879b37cba7a660c3a,2025-09-08 22:18:12,2025-09-08 22:18:44,-32.0
3495840,80a1ebb7eef6653df87c2f7b8917ca919f38dfc0eeb04c08e235ad8bb721d35c,800265b88d0230fd7b68dac7b3a3f9c588b361579ce9a4c6fa98d878ba7bc61a,2025-09-08 22:35:48,2025-09-08 22:36:03,-15.0
3495843,97ab2823a786f5f76747f2d8ceb3e892378e0ed572df19d5fd00244c9347e3e4,27c6fd99b37f88815f11798ee5ca08285331290933276599f9c25ec4d52c8fe7,2025-09-08 22:39:35,2025-09-08 22:40:21,-46.0
3495863,5ce669b9d4d3bec398cef0784de4b2c42a0e6c27ece5c650e9ee9f605af61da1,db5634087dc99cbb967d30181c27241283b2547aaf63e0e5c2f4d6e4f9114a14,2025-09-08 23:26:06,2025-09-08 23:26:20,-14.0
3495866,266a6b15223ef4de47ffbaf5b031aae8d27cd0e2dc5e9248fe68cbe0bf59946e,4e8ccd148c76ce138fcbac29714580bdeb0042f763b063d07b8cb71189173b1c,2025-09-08 23:29:44,2025-09-08 23:31:37,-113.0
3495868,e105cf26f7f4f1d573a1465d8dc7de963fe7d64720192d1d42247927d21fd872,54c1292eb543c0e8adfa19afb71ebea3fe14932813ffc3fa15744a1fb8b25cc4,2025-09-08 23:35:31,2025-09-08 23:35:47,-16.0
3495871,95f0235d81e42773d6e981130e2bb9b6ec63d38286a7af2bce890b03eb16512c,b1da6e87f5f2a4cabc09653efea1d6ba07bb5be0c23d9fa87890724b64653a93,2025-09-08 23:45:05,2025-09-08 23:44:49,16.0
3495873,bc1eda5637f77499122634a328f975d5ed0199e78f35c0cf8c0611b30203009d,77d0e22a01b8083ac3c1f67de78cdfc969aabed1ed4f64c25d079863b8798dba,2025-09-08 23:51:33,2025-09-08 23:48:13,200.0
3495891,f9379f7411a3dda027a5f2c7840e0b3f417164c1e1699c0fcc34f5a2e7b3f257,086b7524ea7f14f067f26c2934ec739ea0cc9599065686f6d3427e6c4939fb60,2025-09-09 00:26:33,2025-09-09 00:29:39,-186.0
3495892,e5803e87f84299b7337f9f8296282d774342e09fa2aec57acbf6019891ecf89b,953505984e802673cbc7e0338f25b7f0f12c0889164c49165945aa98aa217b7f,2025-09-09 00:27:53,2025-09-09 00:30:13,-140.0
3495895,fe4348236df39b86b4d3d0d0ebf70893109a7634f955c504fb16fea6d94910a2,65898c629eebaf414266561417388eb51c262249dfd421c66d30ba0282f883df,2025-09-09 00:32:10,2025-09-09 00:32:48,-38.0
3495897,890967630070090bafa5012e4f87ceca20485922f248fdfb02aa5cb2c0262fe7,3f957b1d363bdd1fe421e31d49fd080f691430c043d132341ce0c466bc380a78,2025-09-09 00:34:44,2025-09-09 00:35:17,-33.0
3495908,1f8b0a9a2048f2c019039862666fac12d633c976d03a588d9bd5e6739f271f49,b1428cafd947d635dc651e1a7e9e96f7aa46a60c41edb4922631b7146d75c2a5,2025-09-09 00:51:38,2025-09-09 00:52:19,-41.0
3495910,5ee3e0a43d6dfec654aad1de17bc24978edc23ad14dcfdaf6dba5677f6632332,224d6dbb3b64d389cfcc3439d17bf073e9380e8716fac68c71ec27f2a8d11713,2025-09-09 00:53:33,2025-09-09 00:52:35,58.0
3495918,874ca6475a83c88250eab194d7e268e84a9e9d3373b4618c19ad5be9b7129e9e,66121ed4b01d0f9978495f54c4181f9d77fe55a65a21ef5c559d9597708c0f59,2025-09-09 01:06:12,2025-09-09 01:06:19,-7.0
3495930,aa5c2d4e087393d55e97e7875c51fbe3f4bde3b9c4c2542b95a3f9a39bc23e49,22d273b63555bfd0911fc2b0b8fd9bc769995fe50abaa8ff46116b3a8b120906,2025-09-09 01:22:56,2025-09-09 01:23:00,-4.0
3495933,364fee6dd2b2a2028a6f01de15c34b50fc18477b1231592b4c542fb86395e424,f5c974a06501e30a89ac0d68dfe4fd191ced6894e7d65705cef056f03c8e2315,2025-09-09 01:29:27,2025-09-09 01:29:58,-31.0
3495941,32a3de8ed075a122eb8b9769735b46e2f28948775c5bd38181f6079eb944e050,217c01f44a4196cc900bdd7d25fd6fa1c06f6654078462c6dcb22970228a9e64,2025-09-09 01:47:16,2025-09-09 01:47:50,-34.0
3495946,ff4140f20151cab7e812fc57bb5df7ff52f5c382c684ae2b77f8b287089c6adc,92af7b4df66c72ac5de8d23c2a0680c73a200fce88ed2bfff9542d7d09d58440,2025-09-09 01:53:19,2025-09-09 01:54:19,-60.0
3495950,740b19c1881938444340c6f009203de60adc7a41aba3bda031e81363833d459a,de58e5cdc4549ed506bb4c1033ba288c287790ac5636bb30b94e4f45e5c1aeb0,2025-09-09 02:03:51,2025-09-09 02:03:53,-2.0
3495961,3d0b90abb448b59e7c9c65a846491dfb245e458176391f4bfc38a37c9cb920fc,b49e241b609840655ffde5aba11b15e758a00fde86d2cb8464c8ab8d4e330e5a,2025-09-09 02:19:30,2025-09-09 02:19:22,8.0
3495973,9ab4997897f354f1c53a3d8411111e461e5d883ff62938bdeec8afaf6c35f77c,a3354e9ebe28a2ffd496f3889c8ebc465f7986eb28c2ac755ea51c69a71e2574,2025-09-09 02:46:09,2025-09-09 02:46:09,0.0
3495991,71d1ce08b74ac03d8f5e40693fb1bf00e8223cc4460f0e3b0e3f3ca431b581c6,dc1c647007f3a688e2889ece10531075dd4c310c153373adb4aac9022f0ae128,2025-09-09 03:29:49,2025-09-09 03:30:58,-69.0
3496015,7dd2090c0f0a8a1bb34483abd5dd47c2aa304b46f99c7b58fe701f38a73435b0,4d96c2b350efdc45e40726fd57002eb4f9c2ce105c9bfd7eb82e4b5847390490,2025-09-09 04:40:55,2025-09-09 04:44:58,-243.0
3496017,ac2f8ecdcf528ce9434789d78d03086f6b03e2dc45742beb6d5fe6c0ddde139a,c2c044424490756130551703f84bcf0294152ab8d14ef9b3605c7d089ce7ac45,2025-09-09 04:46:59,2025-09-09 04:57:26,-627.0
3496019,b8970c3006d16a96f339fe1cc591cfbc405b2690aceae3e776585fcb322e8882,af45f149a40dd475d47cf271cffa51019570da9d34ece854707039bae5032721,2025-09-09 04:59:19,2025-09-09 05:00:53,-94.0
3496021,697d0c80e6bbacdb5ed0e3cc179a71af9591e3fa3bcd277b4618761d4b355a60,cbaaa02b86ada394aafc51209fed8a36d8c7265c73a72e4658f3a5bde36d4f8c,2025-09-09 05:01:48,2025-09-09 05:01:54,-6.0
3496024,f24af53db8a5b6f408958f6fedf8731be12ad87b3b213b24c174fe75ff0d2bdf,d5faff99d7451aaa3981b442a8e0868640be28de361e698ff3f3c975f42bb55f,2025-09-09 05:03:27,2025-09-09 05:05:36,-129.0
3496045,dba4ab7ce2bbcd85fb5b936d348257d3250ca866bc2403c721c046cd6924f721,266956e8e5bb60f3ecf586ad940b2c16780cd75c2213635ab40e46689bb0e571,2025-09-09 05:38:08,2025-09-09 05:39:18,-70.0
3496056,27db79348761aa196ebed32616b27bc7e8c48d897b75ca4ee593d9cbe72b3212,fe3ab5337b9814edc94b79c4b01d4baa2fc1a2dd363d94eda8407a6f042ef8a6,2025-09-09 06:02:43,2025-09-09 06:04:50,-127.0
3496061,0031897cbce106588247fc02e6435db59dfde19bb605c4eb0c35f63f493939a2,2dad502beeafb64cdf0d237cda9f647f3c102401c40f6de774eb8c7d1e474927,2025-09-09 06:17:30,2025-09-09 06:17:59,-29.0
3496064,73d51abb8e50f6bcc4145df12ef4c6b4ea2ffce5599cfdee10b7453a994cc293,9de70d5246c0c173064bb70703d7019abc2b44ed667c83eea73dd1f5d3bade95,2025-09-09 06:20:23,2025-09-09 06:21:03,-40.0
3496067,83fe8b25e76daa8c670b0b148da6a8875833b6c68221054b90b7970d5833b365,6de04cc45b6e3f7f1a7a9ff3281d6ddf39633384ebf5dfc758126e5de11b07ab,2025-09-09 06:27:40,2025-09-09 06:27:41,-1.0
3496070,edb789254314ec06e3b9e3486e5c15a75a83e46a14e3c177194157dd899afe38,aa814e3a6e10fe291f7ece32fd7e9964d4ed7b19c53250c0da49b8e676e545f2,2025-09-09 06:31:06,2025-09-09 06:31:23,-17.0
3496086,88f8166a60295d309c8046ebcb9cb7ff75fc5847bad4f2d2f3a44d40f93783f1,3ba49131ae4a780a5b3874e9b3d6f9ef956049637c46d1fbb3f427b9b11375b3,2025-09-09 06:59:07,2025-09-09 06:59:24,-17.0
3496102,c0f89a8f99a64bff3c2c222f7beae091447167c121a626ed1922a8f688c125b8,fbe1ae1dbdd22c74000dfb88b354177484133e69eb29b72c016b8478531ce794,2025-09-09 07:26:06,2025-09-09 07:26:36,-30.0
3496112,b3eb73e453e3c02e3342e6ee90228c3911a2165b5d002348c2b6cba7b9b1b0c8,40fb36965305b4619627032e1258408d4e4f7d4515237db96c1bffb8a9c9eb72,2025-09-09 07:44:23,2025-09-09 07:47:14,-171.0
3496138,32206663154f605de2712d65fd127650225ec4e7c431b4e11e5e6fa63c1ded01,5cbc5023321b7ca4aff14d2f19e666e09c100fd9e55aae993d6f2b9af3b10840,2025-09-09 08:30:17,2025-09-09 08:30:37,-20.0
3496166,f3042c79e5fa4989a041d19d8ed89265ce59350d199985b83b0630cffe2825b7,ed47c43164b6856446c0834adccff176cc2debfb635e2ec3f786737a3bb33b6b,2025-09-09 09:21:28,2025-09-09 09:23:05,-97.0
3496172,e0a630202c51369a18ae9a5abbef79e1ed6ba8b0e410aa76a330bf07c93b86cc,5d604a2af4a405c7be37e33bd761f50c2d2b66ab8d83fa76060acb4b64ba1ed5,2025-09-09 09:38:12,2025-09-09 09:38:26,-14.0
3496175,37e438a85ba063eebb7a644a40e4a471894f08c7cff789623077c4203d7cabc7,9a4e447ff8376808310d792308a643dd86567e3c423a9d1cef516422e3260e4e,2025-09-09 09:47:22,2025-09-09 09:47:21,1.0
3496177,39c49c528e7cbc25aeea018a7a157e7a13663da4911e8041d1597129fb09cdb4,c37c884dcc3d808db37e127bfb32e368fff354c150f42c63ed00d0a785be5424,2025-09-09 09:48:39,2025-09-09 09:49:13,-34.0
3496179,d0a2094fa1f401b0295b6b17ec0ea1ed3b5fb1b47d255e39c22758b54819bc96,55bab9efc701ea94b9bd7d7969e751b259984453535a43c4762f697a88b8960e,2025-09-09 09:58:20,2025-09-09 09:57:56,24.0
3496181,320295399b22d284a0c7368894f7d88ff2e2f5f90626bb65ad26cd4db2f73388,df563eb081531a46ee30fe9d851edac3d3227c2851e09c44a6b77ba4f79271a4,2025-09-09 10:04:15,2025-09-09 10:06:14,-119.0
3496192,104a143a6eb00789df651cac8925acab4ef7d1ba7c26e49240ab95c7be2fd7f8,2a3bffa71a6f812a1304a3c47972cb895d476635a1f8bd0278f0f0e903adf104,2025-09-09 10:37:03,2025-09-09 10:39:50,-167.0
3496196,cc22efd67f64421e00046c1c5c1052bb854e3cd83b64ce3cdde3d38da2e83fc8,bca97edd080b807822743d818ab4cc1f82bc97b0c1603315b6dd199bde398636,2025-09-09 10:43:09,2025-09-09 10:43:08,1.0
3496200,71d599586b187a443d6a107ed5e94737cf63eb0eac6fe0ab2c386a2bad95b28d,e74719cec9d4905ecb5663a05cc13ac467fa69b149513ad0801f97c1852d50a4,2025-09-09 10:53:44,2025-09-09 10:54:03,-19.0
3496209,1436d30a68b291a9c3f63d4003141b152ca54f058006c9568237021e0b957670,578cc9f9ad02f79446a00e8e840b803d8f1c8739a1796c92a1bd8acdec46a2fa,2025-09-09 11:06:00,2025-09-09 11:06:05,-5.0
3496212,5835c0075b01b81e8d23aaa56718e407fba410f42a3bfd44519ae9cd0fb8ee4d,ee0f603173e9dabca7c9e44bb3d8fd25b678a84e85dcb4d1d2208345f78db0dd,2025-09-09 11:09:22,2025-09-09 11:11:07,-105.0
3496222,a10e01aa77996871226ad36568a9ac97c418fa6c54f7ed8491ddba2e2d91efdd,9ad3909d198d15667cd64221f1b0fe49afd510447297a60cdb097cc586d967e6,2025-09-09 11:30:34,2025-09-09 11:31:38,-64.0
3496226,c77f4555ccb267ddab50656717cf21d91727f1f9bbbff9b8e7a63d3f240a5fd4,7049af6387d5f9e9ceb3fad3db84f5628d06e9f51d445569baa1810f5d93dfd1,2025-09-09 11:35:16,2025-09-09 11:37:13,-117.0
3496233,d35c4bdd869f813cd451695eba036d57078b0fcf9ab92eb785fe3ad9010b8b98,81c4d27197f73b786b38c301bb31b52e609e6da7c8741263494752e328375491,2025-09-09 11:45:18,2025-09-09 11:45:29,-11.0
3496238,5815ec14d22b06e07ef736f50a3d1fad082ea24aec2357cbd9d822248c43546a,6d994eb73efbdc0aefe540b227d602f3b5343abc2d4f234f29b7a7f12c4e2a59,2025-09-09 11:57:56,2025-09-09 12:01:25,-209.0
3496240,2f620e7bde07b980e154a2c7e8f2dfd888e0fb51fdc8830b4fe201c544cb7b2c,2328b83082a328aabc716dbac1230942716daee5ee1c80678e40e0eb184d8daa,2025-09-09 12:03:06,2025-09-09 12:03:19,-13.0
3496260,fd64847b7d383e63a932792fb05b2759f0ff00e19e771c0b669c4e45fc664510,20ec49f30f52976b8bcb7233dca2dcefa7262ac1a42d61510bf9c375d2adcc9e,2025-09-09 12:28:16,2025-09-09 12:29:23,-67.0
3496278,406c7d20814311ecaa68fa1a5e89973e8ae0817a3a55a1c8815c359d5eb0f966,3d55adab93e75fc3d0179452ebae6993d96f5466ba803d3f06ce5f129ca653f6,2025-09-09 13:05:51,2025-09-09 13:06:55,-64.0
3496293,492af91be381c7a0173580d2cc334949793b5d33ec6dd3df9aab4fee58754092,d54ba6eecc8e186b10240090ca45faf3fb3ad3d8d42cb786993dc56aa6598ce3,2025-09-09 13:40:55,2025-09-09 13:41:39,-44.0
3496302,2ca2ae996d118f683b7b4112bf3ddd5dc179dadf44040413d6ff6d8a04e55173,ceff021b63de5ad7df9c0e106229ed23fdb896fdeaf0c71b8919fedadadb87e6,2025-09-09 13:51:28,2025-09-09 13:52:33,-65.0
3496305,69af30cf35a34d85a878e1f293441e8f64d05e1bee1c5e58947f458a985e351c,98652e9e7222dcee7c12f74d5bed495145ffab57d2a25fc76ff7d8f08a9ab42c,2025-09-09 13:53:50,2025-09-09 13:55:58,-128.0
3496333,9604e39feeed836e856692258a583abc4965e0c1b11a7206ed3a8ccbe40ca9b1,120e33cc435ed2d6d8da4cc610a3d06b636ed8f2482aa3e2fbef07bae8bb4d83,2025-09-09 14:39:17,2025-09-09 14:40:22,-65.0
3496371,107022fbf91ae8db0c479bbe10780e2d9b69b7173b6e3f2e1d7f144e4989e642,77eaa9892146e26f9b90acff61ec912017042912c946925bc498abbdec6b37d9,2025-09-09 16:00:30,2025-09-09 16:00:18,12.0
3496421,b3ae3c40e040797c78f788f71fd8217a759269e66aca41e561f748bda4b4bc7a,76410114bdeb2ebd76ef13137d0d48365dd4bb595885d775c96f9d326740fb71,2025-09-09 17:22:36,2025-09-09 17:22:32,4.0
3496427,08a7724db461f5d7cde0a761b8a19af10e999d3b163d1326c990872e673f46f6,04c4cdc71cfc843310c788fe71b60aca8d266cb1a76227de83d0c5d28dfcbd50,2025-09-09 17:29:36,2025-09-09 17:29:57,-21.0
3496440,8dc3df3cda28791ea3f282dfa675f89984bc738dbcc827c1207e1bba3bafeb60,307f53feff24b3626006614cf95dfbfd9b0ade02ab81537e33e72517717ceb8a,2025-09-09 18:04:05,2025-09-09 18:03:44,21.0
3496444,3012b0c332f161295f288a934ff418129b2c9593868f463425397bdc33199f2d,f8c450aecfab47c839ecc32353dfebc93967a541c68ea6cb2b6afabe54cecabb,2025-09-09 18:08:35,2025-09-09 18:09:19,-44.0
3496446,9d9454a114a81b321fb2e1770d16a8f989c28948395681bdc02e210eec4613df,63caf733bfbf46e6c2063f6b111f71fe960d44a45f545c1d38de73f9a350600d,2025-09-09 18:14:55,2025-09-09 18:15:25,-30.0
3496520,80f1076b9db45ded084bf8173d3a0ad819250e0f0d9145c9d8194b47e545f2ad,63479811e99085bed4e1b0ee28bfcb602a1416873791a20176bf0a33891a1808,2025-09-09 20:25:06,2025-09-09 20:25:20,-14.0
3496527,15cf8de42174438b0f7c21b951197554eeb30fcd95f32d7915b393db48bb3cf7,2bd10adc422c12feff82818f91f397e8c258e4d4885d604df82ab13f9d29f8cb,2025-09-09 20:29:22,2025-09-09 20:30:08,-46.0
3496561,4580ff2b5bb52b47499cb643f3f78ce0541fe14cfdd705d5949331c6ccc037aa,c3789e45f040b221628722509f88be5908448947111ae25b865c5fe7caa3ae2a,2025-09-09 21:39:51,2025-09-09 21:43:02,-191.0
3496564,71a6c4b598020d7941258d1509cc6d0075b65bdb3f37eb3694714ecb0bd115e8,57e3dce32223845d675dcf2fac5f0c8a4c60785555499a53cff6752b0331b8af,2025-09-09 21:47:09,2025-09-09 21:49:49,-160.0
3496568,d3c6876fc9d2f64f8d0b25c3074306efa7623ba77baf76f0b0cdc04fb8086065,a8e2a970e57d3343d703d2cbb9287992b2039f33a5a3349031467c8f855a9fc2,2025-09-09 21:56:50,2025-09-09 21:57:32,-42.0
3496580,144c5cfb382f76e378f71f1526bd6277c1a226f82df15a8ae983adad2e27c801,f40ac54bc2a5cbd6922e480eca2d6db1a970ac065c4f264801b74fbd833871e9,2025-09-09 22:27:07,2025-09-09 22:28:05,-58.0
3496604,6641346387c7987b8201bcda008dc98946101abfb278e7a85a453fa81c5e8400,13204f3b110c6223be32cdcfd37d38ae3c67c140efe4484d9ab4ec9e31fae5f7,2025-09-09 23:20:57,2025-09-09 23:21:02,-5.0
3496629,ed5cdbe0b0d26b0b260fbf52da7705baa021cc7e4671f587979679a7114ab5c3,c13186886ed9dcc448ec1f7fc542f3e5feb40f7fac281fd7065afacdae3f835d,2025-09-10 00:06:26,2025-09-10 00:04:48,98.0
3496644,cf2bd769ac5f5caf629e5d96bdb92da61060bac976c65953e60734006330b824,80a7b3b1d8721dfeedef9fc43bc49346ce477fe6d18751a59764333b732d3386,2025-09-10 00:48:36,2025-09-10 00:50:41,-125.0
3496654,a5ae08c474b68d081a5f9c56bebd4484c1c5ccc018e2993967ef22a88cd4e94e,c458b036386c9bff00a8e12edec4a374b06ae0838763daf1333fda1536b53dbf,2025-09-10 01:15:06,2025-09-10 01:10:01,305.0
3496659,7d4eafe914cf8cca28ff019b4473c6c3ffd0aa484be93b21d8727d038b6d5aa5,49519c5ecd2162aa2d12333bc1cb15185122685e9bf9fe16300ccd45ee0f9e10,2025-09-10 01:26:57,2025-09-10 01:26:36,21.0
3496688,501dc6bf217bb72b4758534edb093bf6bb2870af372985ed73b2c0c673c31daf,143df0040102271f4c3585858728ffd5d4dd652f74b0152aa5047208adc91190,2025-09-10 02:53:38,2025-09-10 02:56:59,-201.0
3496690,25b2240f07aef2b5f792b6189ab82883ee4271ee3c05e220ea70e4a76581a640,bc50c937b45014583acc9e340142e1674fde4910c136820241903dca317f5ea2,2025-09-10 02:58:27,2025-09-10 02:58:42,-15.0
3496703,eacb92f5a570e3dc7248cfe38215dc5d4eebe6ba3c47675df12304a7f5185866,9c260d40d3e9a5e777a7f44dab447899e8c793b30139a44cca9fde264376fc5e,2025-09-10 03:24:00,2025-09-10 03:24:20,-20.0
3496731,d9e069b81efd8f4dcec836199403f7ba586575b6ef9d7f896d065beccf9740c0,b14becbc96a22a8d77bce4781b50c38f959ba0b06f0971a975a3c9a62cc8ea96,2025-09-10 04:16:01,2025-09-10 04:17:09,-68.0
3496733,0356882f2f7984f080b245383fe5ae24276aa5990e2515a050be0a991cd5edf0,73e8a0a4a0fcfc3cc4a53048b3a87541bb5a7930dc5d9334476713762f32906b,2025-09-10 04:18:12,2025-09-10 04:20:24,-132.0
3496755,d590cfade01adb757966a54e5ba06001a6600fb2413a2f001473c495d93fd10e,d731c65fa4d4a63b83075e9c2e5efa63fe1b749c608bdc7809c2ee915e8a0860,2025-09-10 04:48:01,2025-09-10 04:48:51,-50.0
3496775,0c0cf8841ace9e870c7b2f6abd0a65dcaf995e29a9583682d7873cbcbc3b0060,f3dd894c480843213fc40b5ac29bcb7d5d38b0a4d1bf1cb92af9d7025fd93131,2025-09-10 05:42:30,2025-09-10 05:48:49,-379.0
3496804,38753cd21960053d2d8eedb3ae87c6757bd40c451af7ecc8a3e0b2b853f5d3ba,9711fef86a80e7aac82716dc9dce2abd2dcb7b7ecb2221e2f7068f843c821ab1,2025-09-10 07:02:16,2025-09-10 07:00:13,123.0
3496846,4f6f7490c6567f99c0798473a7bab4246b95aa910aafa6421448f3ab227925ee,d713b839106d609c2a977d147c08baeec3a1f6b0ddd06fb1b42356dbf2a629b3,2025-09-10 08:31:31,2025-09-10 08:33:15,-104.0
3496851,e724beb1393db88899e360c505a3c49d4887c672a3d98da2d9db52ea7b9c72f0,fde2be9194af37f92f3e2bacbf72ebeea5a4f61f4ffdd2610bff03971f93d411,2025-09-10 08:36:39,2025-09-10 08:37:33,-54.0
3496876,c697978080d2f570064314f45db3f41ffe9bee70c0b625b895eae02ae71e5c07,87a5f89fd31bc1a46462aa79b92990125bc8fcc151e5bd9571ff493115071a8d,2025-09-10 09:13:18,2025-09-10 09:14:07,-49.0
3496878,484e384604a3d345968ff94949e0c609912838de94c03f8da7633bed8f1235cb,d26bd4089dfb2d1da2efd2472d832faf44315e308c7b5f93b8eb85386553a904,2025-09-10 09:20:03,2025-09-10 09:20:14,-11.0
3496899,d7ff8c0074afa41a1f00c29d904a21e55fc138faca5447fcc87d95a907a0d780,12c69ee0bd8d76861804046682a56ef78f4cbfa73e8345d4fe3690c4d7f38feb,2025-09-10 10:04:21,2025-09-10 10:06:14,-113.0
3496914,f71f6e6bf62c87933c0ae3cb3a145e9bbd372fc519f58afb604da56bf24e046d,b58ac8e2ab238ed8bf56d0707106be91adf8eb9f9aa5bf663a3b213e7a489504,2025-09-10 10:40:29,2025-09-10 10:43:11,-162.0
3496928,7d94865661b6a5d5ab6f076c0fd9161a3af8fc0ab48b4f2eb8adbd8b48781fce,e55cee9b512fd620024b9c595c206d21b5aeeafa53c867c770bed30fabea3e45,2025-09-10 11:21:37,2025-09-10 11:21:25,12.0
3496939,72538664347f43b60da9fd02fd6e01f24f4973e4782b06dcf8465358f8bb7ec7,496f2629e453555581e2028c05e86cf01b8fa3c4e23281ba05b83098ac9ce3ba,2025-09-10 11:58:24,2025-09-10 11:59:18,-54.0
3497003,5df2cde9081b18f66c4198d6635608ec1041b59dab5c762cfab7155f5c76a7ff,0de53e8799203ed9e9dcccbb1243a7cc8be5517a0f2141f5d8438117401178f5,2025-09-10 14:10:07,2025-09-10 14:10:51,-44.0
3497017,4f67192a9fb0e113480d8fcad02c6e8d139b3bfc569c75a51a89984b7afacf84,cada0ada9ab05c02b22079fce0e7453fd9e20696415b8a81968a30a3fabbe106,2025-09-10 14:54:33,2025-09-10 14:54:40,-7.0
3497019,4a293ccf44044a484cda69006e4476d30805d090fab680767a584f9198129455,f552d0e0dd7d7c38c820175bdef4b888e315ccf006d4b86929fc430b5ffcc2b7,2025-09-10 15:00:13,2025-09-10 15:02:32,-139.0
3497041,bf1b184bbb2cd431bf0401cced02646aed01717a8ed4bcec909feb785384f318,b8df0ffd4f2cdfd8a3b1b30b721f4ec753b940bc7a6ad80f83b8e081db490d41,2025-09-10 15:37:00,2025-09-10 15:39:07,-127.0
3497046,ff8cc651a3d1618119cbab6894b88b96e75a457eea4652dfc766551cb4d115d9,1dc787179e3ab0ece181407ddd4c168280e81425207cc3cd193e8c79f4615d06,2025-09-10 15:44:30,2025-09-10 15:47:20,-170.0
3497060,982a076be892f00165fa49f7f954a88023fe84828d6362cd469af21f76f274dd,357aeaabd4fd4beb78c508aa258975fcdae0fe16b537f3de8f8ff9620cc21bab,2025-09-10 16:21:57,2025-09-10 16:23:31,-94.0
3497069,eb99aa4ee957c69fe69e56a9d6e29e73848ad43b00f8ecea86f7a3ec5de6110f,0767f5b7bc532e808ed7f2cb52f187544d53e43959b2cbc3ccd8b1596c8117e8,2025-09-10 16:34:36,2025-09-10 16:37:17,-161.0
3497085,229b512f30f96efd1e82e3964fd5295c82ea7a57fcac0ea822954b417360f4aa,9244c4277832d784bd1ad53dcf7c5f7a56b779536a0a8f09224801a268f15a8e,2025-09-10 17:05:27,2025-09-10 17:06:58,-91.0
3497090,190744e00173600c10e0fa21b376910f070428e688ccbbadf2371ce346ad8e46,3de24b3d43d885eddfe91e954d6ad71ca08aa53d319e7485b17e2f5535916337,2025-09-10 17:16:42,2025-09-10 17:18:20,-98.0
3497103,32ee83a5484136bc0bb1044f670f084eef69458233fe38183a5bdb5d56c1a9bf,cb684200a139612f7fcc00c4ea952a73261d0d9a13747dd5d59ec1123c2d4160,2025-09-10 17:46:32,2025-09-10 17:46:47,-15.0
3497108,49021e23f748f4ede20adf4f8cb71e0da3198a250dfee7698c2b9afebae358f5,0366b1e4dabeed57526c83f49ef4eb7685946255c9725c642e47cb50f78bfa05,2025-09-10 17:53:50,2025-09-10 17:56:52,-182.0
3497132,e4cf24a470491f7d5a061f2962f2ab06de46f980a8fb40e209440b96142d959e,063120c4484014a8408fa83e95575547a5826e637478f07448ac881f0318eae8,2025-09-10 18:39:55,2025-09-10 18:39:57,-2.0
3497136,5359ca01e597a99b0e172fc08872946829efae2f17f166f68ac1738711ac6e3d,fee22860257f573d046b0eeafc9ccb5ebed4b31d49f1e74656fcf04c31029410,2025-09-10 18:46:32,2025-09-10 18:46:22,10.0
3497141,5012d7c2ae1040bbee7e4eeb48001644610de4458b6da2622638c00b6df9bf29,6674bf920561a1eeea83b739dd346ebe3ae22a601a5c871f31a47bb97707f7f8,2025-09-10 19:12:56,2025-09-10 19:13:11,-15.0
3497148,af67a4abe829845b9fb61c237a01fa15cea2fc14a699b44440d8cc0c79a16c5e,f3703eb6927427dced167d0e9a400cc46f658641b4d93a3445457e8a6b71de8e,2025-09-10 19:25:43,2025-09-10 19:27:26,-103.0
3497150,d0c3fb98434d331cbe7fc7aed97464b67ae51aea02767c34f27f07f2afbf7a20,267e28496ec66c330358d82a77611d9c0c01a3ec163d96066152a6af7bb1734a,2025-09-10 19:29:44,2025-09-10 19:30:10,-26.0
3497174,b7c162bad5b4be347502ca0dc6b3da254b2ba6619486bb93b24f2bcce583b107,eff47b2bb4190c1209fcb9dcd539c64e4f8ddc66671bc1e08a2a6f28b8f24eac,2025-09-10 20:13:48,2025-09-10 20:13:57,-9.0
3497187,a26976a7392ba43b18bc6f17304be4ccba8d21e377f4af069e2edf4eb97ab762,33733e6b05b554838dbca49628999d2285107ec760e557a2c1583cb8d6c45905,2025-09-10 20:41:13,2025-09-10 20:41:34,-21.0
3497221,d141eab1d61fa9e5c46543667db88e08d7d4a7bac3e2547cc9a477f8208b0aa1,84fb97fa7010ca54aa59fe272c954726290b48ef9a1debc0c74bda8e3cc14538,2025-09-10 21:31:33,2025-09-10 21:36:31,-298.0
3497223,7d29d802f342ea106d5273c77e740b2f907e0e40ed122d39ab26064bd258d868,8c133c680becbf299a07a4a4ba01e3268e1ba4fafa4f39c7bbfcf92a03f09e2c,2025-09-10 21:38:13,2025-09-10 21:38:22,-9.0
3497278,21b717cf4c5aef99adf4a3351760384abf7c35ed0839b490eaa3ee848d40f7ed,37a378f6943d249638647172673eef7305b0f9c25ca820fad9ec65f33b951e49,2025-09-10 23:36:12,2025-09-10 23:36:41,-29.0
3497285,dd0075fd0a8f525dbd4a95d5bd9788fc512b20823e36f9dc16c6523fec7b2ea8,3ce08f115006bb69abb6906fd6950b9224d68228673f5683b6f5a0349d5fb934,2025-09-10 23:45:23,2025-09-10 23:45:26,-3.0
3497302,31d5088a29265a4c70d129f6a0ee91f33302e4a995ffaf509be707fe053160a1,0d82e0eb18d6a0dad2bc43db11f500973d1b3e089efc32884cfa5be61f58f1b3,2025-09-11 00:12:28,2025-09-11 00:08:36,232.0
3497309,33020bd7a1fc4700b96ca4177337fbfd9a40c7d002fca876af3143a7d198ae7c,58ae1debe84c0638f53d3d8943d05fe0d3528fa5698964aa586d353701951b16,2025-09-11 00:19:53,2025-09-11 00:19:51,2.0
3497334,edb66bd9df7efc950e75c102a4c279aa8fe3c76751329259859117cc626c60cf,0065e4c5f6a0d966a2209a072cc8f3000001593cd356a6e79a7afdb3e81b253d,2025-09-11 01:08:56,2025-09-11 01:11:26,-150.0
3497349,9eac22d1706e76251520080a26142827350b7923457881d36b85b5106c831da9,8f31c6296adcedc0efdcb433e6b7f97a74b60a31038a2b4e946342a0437f6f98,2025-09-11 01:43:26,2025-09-11 01:47:11,-225.0
3497382,db2f3ee5b25a3148f5fa8c90291189bc2364d94f901e79f60779630da631b920,856469b7d44acba1c2a2fe25e1fdb6397e13ea4ed1a91864a77d8437687f25c2,2025-09-11 03:08:47,2025-09-11 03:10:19,-92.0
3497386,05c247233df1f2dea26276bd69981e6474ada3c7874200b8cf291fdbda62a14c,c0a6cead35ee0fc4e65da23eda396b2ddfc21cc95372e33898770a67867f6f0d,2025-09-11 03:16:06,2025-09-11 03:18:06,-120.0
3497422,f25df4f836fb842e0855bf42dcab467308ff856e82b92a53062ba80d845af5d4,3ed1e16757bfa6616c8c0f8b77f22b6f3b3dac023703a17d2313223e8521c1d3,2025-09-11 04:20:14,2025-09-11 04:24:29,-255.0
3497430,86a00d73d2432fc622a6878b66a4d903e6420f14653ea8d644e193940b24a53e,b0498c200347f6bac7afcba0c481143ccced423bfd4d669f2457f29d4474e6bc,2025-09-11 04:32:51,2025-09-11 04:33:10,-19.0
3497431,7c8716d52a875636dac843e1e718f4fbe149ee1ce148b5bcdb86d8cbdb884fa8,d2151e8c6c136389b0b7b50cd82a8278a475f66f8c28beeea933240115d53805,2025-09-11 04:34:09,2025-09-11 04:34:08,1.0
3497448,2c8f05b01f3a15c8a0fdae50d3b9dcfb3777e6b5565785fe745f228b6e5870e4,3b13797c986a508b8c960c1f025520f9dbc1633002656cd38bbd1a481d33d628,2025-09-11 05:09:38,2025-09-11 05:10:11,-33.0
3497453,6c70b631ee23c4a8608d75a52ad2e0c9d515249de8e1a7bd08eeb2508eef95e1,1e3dc30e797bc6f622768692304aba778305e76ec574cc1f0a22a49ecff253e3,2025-09-11 05:20:02,2025-09-11 05:19:56,6.0
3497474,c17a3eba77455b2230ca86dcc019804dfb09ad931f88fed3c40a3cfceb83c2a2,61bb9858c6a16ec0b17f045471b7922116ebf2cbc4bbf546cfc61f5eb685a7f9,2025-09-11 05:54:26,2025-09-11 05:54:24,2.0
3497476,856948c2fbc1054c8fe99a8ff59024cf7d4d400fe8f027746d99b143b3869b8e,0f4fb08028de4f7f31b3555a7d5513d88070c5a13849039b8d2ba9b779646c98,2025-09-11 05:58:52,2025-09-11 05:59:58,-66.0
3497501,e736aa194ea2fadcd1e86405335af4e63deb715e83900664743ba8e6148cb1cb,3caab1887921f3686dc97e28a582afc29879587f154b3557b55cb1a6045bae1d,2025-09-11 06:34:33,2025-09-11 06:37:03,-150.0
3497502,b6a6123010c5a98aa3a8a51aa77e81373e1b9225667f1449fdda44d10428c038,7adf247a0e23cc716378f78f76ed0e620ac1d2b34302620cefca6aae7678b962,2025-09-11 06:37:18,2025-09-11 06:39:37,-139.0
3497503,e133a3731d441517718521de4fa4bb740cb5df6d9d81c0aff4e784c403984230,25e5e08b7f64a3959166e6758dbbe72096ab7b6eeae072634c712ca31b0f9f60,2025-09-11 06:38:25,2025-09-11 06:39:43,-78.0
3497505,bf6708aaf3f415055546789d46c5eed3c03d90a24e0c42142448c19ca47e2097,94143b13d77268eef4447d37cf36e3fc487bf2543baf27734c0be9660663366a,2025-09-11 06:40:48,2025-09-11 06:41:07,-19.0
3497509,32d1131a3a63b99bf4588602484de15e9e31a3c097ee4e7df0f7be2c0e4cfac8,91bc8b7b4321d853d5e1ed028c9caac0811b56022daf6353e3068ca6edd45008,2025-09-11 06:43:35,2025-09-11 06:43:58,-23.0
3497523,e570ff71b3a0444d7b381797718b5c0a3d7bc89ca87814b18ffa013a1c27a6b1,795851ffddb8e25e82769adb65e320478c7b47c38ff21f3209d70f59f3d3b763,2025-09-11 06:58:56,2025-09-11 07:03:30,-274.0
3497545,622124d7fb0c02ff333f3c95b4a9a39267c1cdf7b931859d4da8b38f4c4dc9aa,cbd4634c10e19c62d87d929940a2456ed99d3e212f8523d274e0df557af9c65b,2025-09-11 07:47:58,2025-09-11 07:49:05,-67.0
3497551,22c73ef87b0f417ed96bc9d3032bc229e589bbed7c57edfa2acd62678ad3bc7c,ee0bfd1a0239f1063e968269a81ae68c86f388c462137c74fe1e8661abc0af6b,2025-09-11 07:57:53,2025-09-11 07:58:02,-9.0
3497557,7548e1c9ede31eff4b5c292e08a3b1da780b527cd1b45a147fa22171ddb56711,5f837a51359133e62a95b9469758ed585d0bac7d502371e95a0b425f4c92bc9a,2025-09-11 08:09:28,2025-09-11 08:10:16,-48.0
3497579,dfb32c730ff541de8ec7bb29e0b3a5e1f218e5491358cd7bc429c0d26a9f0fa2,2a7b37eb72b4a8e9ef3847a57af6541e00ecbddad6f1176981da48b880dbae3a,2025-09-11 08:45:05,2025-09-11 08:44:50,15.0
3497583,8b4f7bd9e3ba2f5e4bb8acf11562c261ab04452f2cca6d8e66a87a8322eb6bfc,df06c87d83f4689f9e13a6a98c749186c30a6897422f5ab12c03a505a069a5d5,2025-09-11 08:47:36,2025-09-11 08:49:30,-114.0
3497611,7418c7ddde64d1b723630abf2404ce0a2fc6818517356d2358ac4161158c998d,dc5ac8ea0fc4c38f3261fbb89bf6476f4623a3708c06e527d3f8e24fdd9d343a,2025-09-11 09:42:48,2025-09-11 09:43:32,-44.0
3497612,340af36cecfdc0b07124a9cf4071033b161984f92975d1d2267695cb646f83fd,ecaf5936496ecb93e9cf819c72a497e3896f3154988d5f977706e7189e229b80,2025-09-11 09:43:39,2025-09-11 09:43:45,-6.0
3497616,22acba088a39df65678ec90fd367354404e2d53b1cf7f04217dab21bff66d347,ea5f102df5c256e128b755def3cd715342d187c9b1857dde1d0c5d3ab6d92da8,2025-09-11 09:52:58,2025-09-11 09:53:41,-43.0
3497633,8afc3b48ae5117c83670ed1e1688e3b29880ccb5167e4cb02c26ce97149bdcb7,e82ffd4775c3c5e79230f4a328dc34ed4e9cef6514a8a0de94037c75d94effb6,2025-09-11 10:23:22,2025-09-11 10:23:41,-19.0
3497635,c860da6e59923f2d2b420217e1e42c2a6948ba2187364939e95baea20227a68f,9eb3fea05845de602d4e2a4fc5e740c667b6d359ed28a7e80fcdfb09b852562f,2025-09-11 10:29:35,2025-09-11 10:31:35,-120.0
3497648,b7cd5eeda85f17f3c1b4aa64692c3d295cbacb3557785dd3304366c48993ec9e,39668e41e5aecc749b16db59f0485c178cfefef64001c70362c31f0d71f3234c,2025-09-11 10:53:40,2025-09-11 10:54:50,-70.0
3497654,d24bc45bc63b44242eaf9df70b33084d84a8959b3a471afc0dc034742b54efc4,5e48a7eddb6f5fb86bd3d3f6565559296461c0de886e6911f6828b0d5acc1dd2,2025-09-11 11:01:34,2025-09-11 11:01:24,10.0
3497669,697f3747ed715c15e75e807dc4b035cda231a0971e1c7632887992b1f6827abf,d603caa532f85b166236aadf4c9d3527cb007e3232384784fa9fe1b92a05d617,2025-09-11 11:15:57,2025-09-11 11:22:28,-391.0
3497701,198ad1badd746dea13cf6fee0507959c7d4b1c1e2b421a57ccc6d50ccf8bedbf,d311c1205478af0cee5396a01da5e6121d721f8353de304e9b93d4ae5fee03ab,2025-09-11 12:38:26,2025-09-11 12:38:37,-11.0
3497718,0b566472e175570893ce7200528da1e2f73dfe2385aebd230369f6fc16b3e06e,c5b1ae0f28288675be7f9fb45855b9406fea86fe66fc13220c858e429ab9d699,2025-09-11 13:08:19,2025-09-11 13:09:07,-48.0
3497733,951167d45deca9e3c5bf40a2407be0e24df862c5a70e661b6082e960689ec025,150b941887d00441966781f49d1091f0fc9ef6eb8243a9222dfb23869d9f1a82,2025-09-11 13:41:29,2025-09-11 13:41:29,0.0
3497735,1742c14b9cdab674d4157b89a16954496c4f927a307f3db2e6f68a0614754c52,7560f9d05a6cb62fa7c10e3d47bbf7d4f1eea07448e432ef258365e49f2dd2d0,2025-09-11 13:46:02,2025-09-11 13:46:59,-57.0
3497744,06b32d65eb8b7d6debac223bfc9380a5f3e11d79cf35821b03ca3fca3368cdda,0c8f0cad8c8b3a9032f9adf4e50bd02a90436348076cb57a25d37d4fd68d554d,2025-09-11 14:01:53,2025-09-11 14:01:41,12.0
3497757,da2ccac70d79a845178409ab08d4496a2c3bdb2aa3b1bb7651544868de7aa427,7a5875d8c2fb66dd75854fdac160145b0eaf3ea9e937a43faf8859778da5a44b,2025-09-11 14:19:42,2025-09-11 14:21:33,-111.0
3497766,2fbb1bcf05a67ad5422aea318043fde36d44a9ce92feed8acbb43851d511924f,c170facbb0c4345a7cac0dda97bff0a623c0f6f86020daf4a7628533b75830ad,2025-09-11 14:36:55,2025-09-11 14:37:11,-16.0
3497775,8b7430249a8db1e88dfe4a7df282450f0e031c8d66f78f36215762dff72129b5,b6ad32a24a5345a730eabe8bbd1a7095e9a3411a3ac6fc43d7bc377e4983e7cf,2025-09-11 14:53:31,2025-09-11 14:56:43,-192.0
3497777,f6a43ebe4dd5edd2b089c81c85f1fd5076eff0c63bc32a4610769163ef6b907e,fc8e26d527170cc41964f1c894384b8a52c6d00ada4d933b47c6a0b72d6a14b6,2025-09-11 15:00:35,2025-09-11 15:04:44,-249.0
3497778,548b24c2140447853e023968a0183da70787add586ae05bbf306f9933cc16497,58387caa4fca3372bf4c5f1072058503a329f4e6e80c9e5ccdab80f5ad93b5ec,2025-09-11 15:00:51,2025-09-11 15:07:20,-389.0
3497779,325aea40f5cdb1d28f1ac3b57acfbb04ba463b68a163b9ac8913ade0c2d9aeb7,54ed315ca56db9e465b628eca609de4a9c167ba36dcf6cd642e6dff2344bf68c,2025-09-11 15:00:56,2025-09-11 15:07:32,-396.0
3497784,f0b55edb4c915879900a0f4dd9d4d81d0a15b916d03034324b56bbea4c2d8f47,3e01e4a7aa80e1309d00cc556f5044879520bd8e045279f7b5c60813296deeca,2025-09-11 15:12:56,2025-09-11 15:16:53,-237.0
3497800,abc2ec4689cb954d9aaf912e642bcd797b0b9adaf75dde6ded10d9a38ca96556,41520e474981595e9cc868faf182fe60c806d62b362a604563b1a283ca363493,2025-09-11 15:45:02,2025-09-11 15:46:38,-96.0
3497801,88a0079b45467b26940f34acfb622866b5efe9618af0456dc0cfb6b9a9b8bfd1,a88f3fc51edbf767494455a8a56e3fc85d6a439cdcece53c5db2f80f69327d71,2025-09-11 15:45:53,2025-09-11 15:46:52,-59.0
3497819,b4a67723fae79a8d0f1e1aefee6ba18e540f788995d0a6bd75b7f4029ab91d2d,ba1265fd6a399c6f1448c0e73db86e36ca65accd198a35a44da40cbe983e6054,2025-09-11 16:12:42,2025-09-11 16:12:57,-15.0
3497821,12c928f49efe97c88fbd745bb163c4e8a7f6438b3a39b179f35a4291bd1926cd,f2229cdb46ee0489d1ee6a69527f169538c92f696618eefd255440c415d2b1f7,2025-09-11 16:16:00,2025-09-11 16:18:05,-125.0
3497827,ebf3ee29608afa1e0bf9fcf9ba2bc94bd4c7b5c01a678f3536029620d4445a59,35fc7a05966c3d57dd2949d12090f5f3bf9b69092cfcd1edae004f2e4b256c86,2025-09-11 16:25:26,2025-09-11 16:25:07,19.0
3497837,e7a316d7443a682ba137c52c27d65cad4142284e1a8880f0be33ed050f5b040b,86238eb598ced6b335147b186c9326e80be219e822304f1ef1b22c410b64faa2,2025-09-11 16:41:00,2025-09-11 16:42:16,-76.0
3497844,92e12e053899010a67d070326d0ee06e68ba264b5a25b2578b832b441a91ccef,4c196db5487118a18bb2f5d91d72a1c1fecbefbdca700f12115ba108f525c035,2025-09-11 16:52:17,2025-09-11 16:52:42,-25.0
3497847,87c4ca511d7ad35c6ec993fc089cdba13ccec117994830e5105d87bd9219b3d1,bd24ed4eb64d7da7cc09db26c88d5fccdbbdbc3c8a0b2f8e4eaae701a58defe0,2025-09-11 16:54:45,2025-09-11 16:59:26,-281.0
3497849,c778a70b746d1917838b81cac22b4783d0407be4ef0913ad9eabd54afed34dc3,a684326ac4d943fe6bec7e439738c56c3a0f5652b4924c1d02576d6cb48d37aa,2025-09-11 17:00:00,2025-09-11 17:00:44,-44.0
3497851,878b39a1768b33486fe1e408bd6bc0f18d06d44f1257d7d3936cb30c4d45c6d4,16fc8bcdb6f1071e730f9c5db0610bcce9a07e54bc741d44983ea4fa3541b40a,2025-09-11 17:00:56,2025-09-11 17:03:21,-145.0
3497854,2827d8b3b89af3845d52a7b65de26d62ffd334d12c04a69176c558d14615198c,bc2181fdad334ab7c4604dd7b10ece4e4c382aeb29041fc696dba05ecacb38ff,2025-09-11 17:11:42,2025-09-11 17:13:44,-122.0
3497864,673886a203562378d1a93a7a2ae2f01a0f4527edfe9f68c2ea9984b0b422e723,a30c882569ac6b88e56d703fa6219b0ccaf884c6f7207a11eaf611f4b2770c65,2025-09-11 17:25:41,2025-09-11 17:28:51,-190.0
3497866,6b4c3065f14349ee620df5764b859c654ac5517bcb3654de7ecb11f683cca042,a86bff89c78edd3f2dbd5c2f290752848da78b52b698656ba6fdd4006fdaa1f1,2025-09-11 17:29:36,2025-09-11 17:29:38,-2.0
3497871,229732976617f94a1c247ca13e7582402cf079c27665c39ce08e45b0c89b3787,36904d75bc21d76b91813789fc5e440d6f3f25bf6fb65ea357a509ca1c8d509b,2025-09-11 17:39:31,2025-09-11 17:38:36,55.0
3497879,f26bb6a26ca664bd03b4803e63086035bdb34c7da1699d8effa157fb816fbf0d,4f168eac2e2d11598a0f1e922dfd4f3e889cd7d4c7cb0178b78d98d7e2934b22,2025-09-11 17:56:52,2025-09-11 18:06:36,-584.0
3497889,39e0e131cc5401008838dd749b783775cc50780b00062c59457124a293e2e6c3,01ea1067b22477d74fa61f0235bc7d3af57caa58f622e116722352a38d54be03,2025-09-11 18:25:03,2025-09-11 18:25:46,-43.0
3497893,e3f119abd20d23e082ec04eb7220718af1331a905e3f70282196df3cf216b048,7ccad0e65dbc6fb510b7418c5079fca4bc26d3ba81cb81c5c6d64497ebd8fdc9,2025-09-11 18:33:18,2025-09-11 18:35:41,-143.0
3497897,bffba3e949128b5c3fa9ed6ff30bb53fe06ba8fd3bfe19f76eb8d8de7ecc4350,4f785eb25563f44d4f00b11beedc6c056f1a3173e3cddde2500fca20bda5e40d,2025-09-11 18:45:54,2025-09-11 18:42:35,199.0
3497914,481b52864461c6117f8c6bef574f5ac3d8bc99ba1433ed5f7e536c5cd0c3d600,9b355b3c53eaf4adf7ebcdb59192ea58b4d84ac40e2eb50f8bf77d043f83bba1,2025-09-11 19:14:13,2025-09-11 19:17:28,-195.0
3497921,9b16c58e6461ef2c6b73bbb0be0adcef407c92e539697d3763e4f7565eac29b1,d47d0b56616eadb45830c6cfd704f49eebad53f7e8387a94902341a2e3dd5ee8,2025-09-11 19:29:10,2025-09-11 19:29:17,-7.0
3497926,a5b694049fe1e35c474c44cb4d5821a8e0cf39843c6af4c56c532b28b1ba7f77,b993497a772257051424f16adf73bd78bfee72f6ed52c554efcb72fbe8f7ba59,2025-09-11 19:42:47,2025-09-11 19:53:47,-660.0
3497927,e4acb4e06902e6fe38cc0bce00308b42dace2deb01690f6e5ec259d451b48e17,8c544361ceae65b750e9e39eefe2539d1fa8b0474bdbdea54fffbc4b92cba56f,2025-09-11 19:51:05,2025-09-11 19:53:49,-164.0
3497933,3de00b6943813d95fac5338e02ef9c0f04c717a79b540bc4e303ddea7601e02b,67dd60227a6fd3aaef16becd9d4ab253cb518ee20cf0a638121a1d31c48badb9,2025-09-11 20:00:17,2025-09-11 20:02:38,-141.0
3497936,8c3bc4b566232f4a9bd77b691f47a5d2fb416c45a999972a690600e22191d83e,bc8e5f2073bc7f2c7e6125f06e04ab0206058670952b495ade292dc2731ca5c1,2025-09-11 20:08:23,2025-09-11 20:11:27,-184.0
3498005,72e9c74b7f3ace13ecb140a6ff726ed6d29faec1caa693b460cddc5647e596b4,28391c122e4e3a5920438fc6eba80d2e2834280a62dd24dd0c1e935bbedaeab9,2025-09-11 22:39:33,2025-09-11 22:41:44,-131.0
3498008,472b6929841e1394fde9475e38d2c9f94431047fa82357a4df263e2789a88c50,00b601524c7d9b866959692667c9f0c5f4cfc071c2a84b4504fae37822f28ddf,2025-09-11 22:50:21,2025-09-11 22:50:17,4.0
3498010,9a93bea582b39756369ab1591ea995cc3fe0b664ae19c146ea1b51915b46c4a4,857a5fff26708cb8493c6d18a5fac0c2898aee72ed82519cbf3e894bb7cd2ed4,2025-09-11 22:53:29,2025-09-11 22:55:15,-106.0
3498033,3a118466ddb12e79f8c31ccc94ece4b604ef55045e4bac4589c2e18998d0f9c7,ce9e0da4e3daf3aca72a2a020a1dedd8d2d8a747b8008f68a822a039d1c22f75,2025-09-11 23:31:55,2025-09-11 23:36:30,-275.0
3498046,0a5e261f1a965d0f352bd8c7778b4254753d404376590a79600820afea26ec4c,a35eb6e813c903521cd37b7fa6d03f98ba45174b5954799007c0c15cd8585d61,2025-09-12 00:01:06,2025-09-12 00:03:19,-133.0
3498048,ee1cad3df4b86500b8dc5c83e2b3081cd08ffbde574ec9ea64959954026b9d39,d8bb4285328ba7fa6f93e05f0a070562ad4490286c54e9ef52ce62dec10e815a,2025-09-12 00:05:16,2025-09-12 00:06:17,-61.0
3498059,218dc82d0b8f20281181f0a585981016110e16f4d9bf8cc09ca6bd776247b98d,0c832e8953252fe65449cfb468fdf9c7fb5293d85ca3914be109dde23b88ccbc,2025-09-12 00:28:36,2025-09-12 00:28:59,-23.0
3498071,3d6e564d33b9bfb3d9cdc5710fbf13e5125049a0ed80407ed7564eec1edb84a5,12c6fc4803c546f1338bb0db0a03b7936218076a87aa941103c4d349002f6f6b,2025-09-12 00:50:01,2025-09-12 00:49:58,3.0
3498079,aad97d84ea20b6a2600993b723da416c88e0b6bb205f8be6d08da6b083f1405a,43d0269f6d33d3746825065bab66e031c46e2ef8b6015e8424485dccb79d676e,2025-09-12 01:05:42,2025-09-12 01:05:36,6.0
3498100,6228d4732e3b4cd1ed6aaefc341ed5035d382fa54fae635f08b5b32c8e3c19f3,c253f8f39546130f0a1f8000a33bb4cbeaf86a4d3fe4f2cb374d906cefed0975,2025-09-12 01:42:43,2025-09-12 01:42:11,32.0
3498105,b6afcd42413d2063a72b29fbdddd5bb8dde740c85dccb2828e794a5ef1f3199b,428616ba1a1aa7277eb15274bb7f446c996e108b122cc9be208dfcc4d22fa7a4,2025-09-12 01:49:34,2025-09-12 01:51:41,-127.0
3498112,7a77c02cc9ba672154b40d41601e8a133a41c8eafbe2f0f9c68d74e3048a7996,15af721281800861ac9271a253fed8122495990532853cca1f0982e504a18974,2025-09-12 01:59:10,2025-09-12 02:00:08,-58.0
3498131,d2b535750d0f35934e5e64a8ad08f369365282fd16af926d55ecdd8797783f88,f9cb911a7f76a6315fc398047c1907cefa6541605db66fd96b477eb0ea571666,2025-09-12 02:35:08,2025-09-12 02:35:27,-19.0
3498134,30213a2b62ee82d347afbe31b2f3419ab4ffc75cc2bcdffb2791834fb303fb22,70476662fdc37bdeab16c22bc55a66b4b21483e4416e4dd70877aea962830737,2025-09-12 02:38:39,2025-09-12 02:38:07,32.0
3498146,30a82cd34b31fdc86e684576c5276eebc84cafeb8c08b3bd420229a0afc4237a,b4f302a0e4facd23f326b7ade701d3f884e6b739214ccb53024a4c2d4db01a07,2025-09-12 03:29:26,2025-09-12 03:29:09,17.0
3498149,99c7479c7892189346a517aebffcfacecd2800655be0b3aefd697524c6035649,f3be7e5285041d243217cc424b6cf53c1f8edbc3ed8f2f98dd7f6637d04aba53,2025-09-12 03:33:08,2025-09-12 03:33:14,-6.0
3498151,9d59e34286e2e8852593f26589c6c85fb7bcca3ec6188cbecac02b5529776c3e,75c6c1e9f530b1adae2d276c9fb8087bbb041e99cad5b56c38fcd91132fd5f0e,2025-09-12 03:34:28,2025-09-12 03:35:19,-51.0
3498155,ae27f4d67ec8a2bf8f1a640cf751323cc04c9b5b0c67c3b29ac06c2b18c90ce7,7b8f7befb8b1cc3915b28c9793b08a7056013d1ac83e9c307ecc008fd48b2f7e,2025-09-12 03:39:13,2025-09-12 03:39:55,-42.0
3498159,d97552ae88e61b8461387f130a07656333fed25d50f44af16f832f631293b972,11ce8858bc488936fb0337ddbf27845f374a9fc8f1903577a5dc5fbc16838f7f,2025-09-12 03:49:26,2025-09-12 03:50:38,-72.0
3498188,aedc8a00d48c9fc5c6c2645aec361ba6a56ea8f786b9a80ff87a1325cc2b7cc3,fcfe28a31993f4f7465a61fda4ef1050cda41878316e950fec1e99f3b1d28989,2025-09-12 05:00:06,2025-09-12 05:00:48,-42.0
3498193,7f046a6130cec8ae8bd63b7945cbe5560a60d91ed233969f72a526ac35ec4848,417b2d26a204c08a35134b6f177a4188c73437d0af18d3848d0a3bcefe869f8d,2025-09-12 05:10:56,2025-09-12 05:11:12,-16.0
3498197,6d18ba932641edd0fd156bace8a9a410164487b4b6fc569bf45be6ba162c8dc6,d40c96c62feaf3003b4932ffe24df974f1a63c20523b4c120343be0e08d2e09e,2025-09-12 05:15:25,2025-09-12 05:19:04,-219.0
3498220,44465a17df158734cd54e5fc50739f70e0205aac9c1063d985bd2773a9511178,5b2467c97d5e9ce556c449187390de3de8f6e3169ec1daa96cb01611103c9847,2025-09-12 06:08:44,2025-09-12 06:09:57,-73.0
3498227,e6f78f278d2965652b8fe964ee4fe198f23008968d6929cc8af6fb48bce091d3,73849791bb0917fd6f31747eb11c4060b992da00683b8a3e2298e121674287f0,2025-09-12 06:28:16,2025-09-12 06:28:10,6.0
3498233,bfe04dc120e4ecf0635b67e715a1ea8de940c7ff6cacba5c0faaa07e3e1a0d4e,7d16b1f62be5767fd91b351cd8eff13605e71ff0060b9fd6958ca33d29f1592c,2025-09-12 06:41:50,2025-09-12 06:41:21,29.0
3498235,5d4ef514b9353efed2bace06cf901b9d3eac79a1ddde578d7c4269a73709567a,89b0f3860ebea413b12d92e66711267e0367e7e967ae3aefb7b57662fcf37cc7,2025-09-12 06:44:24,2025-09-12 06:46:14,-110.0
3498241,b2d064d0e2768fb9cc0f4f4d47a70cbbce997b25054f3d71a3738202f53dc808,a822a1fc42cc89db3a4ad2e597d5369dbd178f750542f446a80c4dcc85d198e3,2025-09-12 06:58:45,2025-09-12 06:59:10,-25.0
3498252,7324dafda51f9d51b97f04788764cdbacd21b7f7d7c712091e8cd59825994d27,ecd2cd923d8fa9daeb1dfcddf34c8311dc63c599eb46c904265d9f9d7f55a88c,2025-09-12 07:33:49,2025-09-12 07:34:09,-20.0
3498254,72cb8f8c531a9b783b4f5ee048f2fd66e9ec2ee376540b0d2366cffbeabba8fd,8508ccff29c8cde4324d3e49b177acddd81cfcf8a9f9a2b6c1f4923cb6197810,2025-09-12 07:39:57,2025-09-12 07:40:12,-15.0
3498283,7263fbda95c68db550dd8f1bd05dea53b955823cd895ecc5e34cf6a56d860290,404bebd667e0b498ddec188922fad92498f0da606e97a9ca330e486567467c0c,2025-09-12 08:22:29,2025-09-12 08:23:49,-80.0
3498284,b380d1dadcee1a1804f0e9f5e4bda10af8c9eb6d150b464efff84f45d354118d,3e7e1697cf9b60545ac2a278e924873acc3664aca53c973367487ab7406771b2,2025-09-12 08:22:44,2025-09-12 08:30:12,-448.0
3498302,c6bd368355d7082da59a60314980b186fb66d79772890d1dd3eed682c1c16862,4705eb36d12920a06b432eaf51fc1e27fc346ac4694e222b1dfe27dd24255080,2025-09-12 09:01:10,2025-09-12 09:03:12,-122.0
3498306,c34040827d3c618572099e8b093c93762f80431e645440f53d176dfef6971bc3,6e232a049ebb5f540ce3d39bbb82c2a8a3d82afc3354d37752682651d0b86e0c,2025-09-12 09:06:43,2025-09-12 09:07:27,-44.0
3498309,70a6c955faca33a47d2cce1b9e96b5528b39663253e148ba8b95777b55ae57bb,924926eacb73634a65d47207d29911278e93537bc167b0f30f8bcaf854a5f629,2025-09-12 09:15:02,2025-09-12 09:16:52,-110.0
3498319,6d711412c3ca73cc1b852e7ee502c9b2a3106e37ffed058623d4f099db207d13,6789740937194bd0520d9bdc94a8b7f8919ed6a0a746430f2f968a7c114ee5d5,2025-09-12 09:37:22,2025-09-12 09:42:13,-291.0
3498321,69f119d4a0f4e44adcfcf53af0d529bafb4cacc8df7b328abe09a36d714765ec,65866f0d1538e1af5c2579da2c8241cefa28498cd444b1da27a0555cf3d1bb2f,2025-09-12 09:45:13,2025-09-12 09:44:19,54.0
3498323,9312f3609d11d095834a9d637e1d0ffe687355e3fee6d543d40dac0fe0f3acbb,889f25a232f4040f5bc6ce3ff65171360e91af38190916b766f400404d0b43d5,2025-09-12 09:47:59,2025-09-12 09:51:07,-188.0
3498326,c81c7c4b3db7759992bc3e59d5ff70d198a2b8e9b5e4f7e2d8d17c41d803920e,cb788185e6f42aa8f29a607387e9a236e7a3c5939b7dca0346f5bfc109a98f08,2025-09-12 09:53:30,2025-09-12 09:53:35,-5.0
3498333,4242c68ba06abdafae3676e7be6cd357429ef89f1d30db3ba6356cc0d4618ec8,6bc85ffac1037e4b69acc78e2fa720d71e7529c688e435c12fd0c0cf7d1bc6b0,2025-09-12 10:08:50,2025-09-12 10:10:35,-105.0
3498340,db826875e9399daff181cfe7b136f4dfc391de7332e9c3d48987e26a68b6f5c6,5f9d47544e33d7d4f4c88d14cdf082a3d93275a39430f97072e9b0093b089b24,2025-09-12 10:21:39,2025-09-12 10:23:23,-104.0
3498353,3137ac452fb0f9a7eee18365751c8204f5d2a4b9e332ed1d631c8bcf9d5e47fe,046a4deb5e28ec7aee87fa89c245754422d9ee018b52ac5aa955453a5c9c3898,2025-09-12 10:44:50,2025-09-12 10:45:43,-53.0
3498359,ea8a7af32ba24b0d269a102b882abcd7571dc59ae88f13dbcf639948452ba8c4,1f209195bd7c6a087e0ccef9a0bf98c7583e1a9a1e9fb7707a17db8e2c6c3074,2025-09-12 10:53:40,2025-09-12 10:53:59,-19.0
3498364,2a888e423cc5dfc154e899de0928ca0bc38903f4cbc5218eef04d0b34763e2aa,7c054cb6376a7ad323838ac7b03e9bef9172293cd3a508eb4dc1d752e5463275,2025-09-12 10:58:16,2025-09-12 10:59:37,-81.0
3498374,063f9a1d540df0fb016663017b966fc047850839b132fb72f65a4dfe7c56ec29,e830998de156a57f3fb0747d054a0254b169deb6bad5e57af05767dee2175f3f,2025-09-12 11:20:31,2025-09-12 11:22:33,-122.0
3498378,ac7973e2385e16ec5e2ac75b0da16f5a5f5c99d574e09644a78d2c28e449291e,d0e3e294ea3c91d5f18e3865971681b43f1d754ba5678c4628d6351b45e47781,2025-09-12 11:28:58,2025-09-12 11:29:06,-8.0
3498381,6a28a076c7be37818ce9131098e20cc7175cb725edf10d8af7c278165698196c,678e714aaa317317dd4dd25af669a1ffec70a450851102a6ea21e38378d303fa,2025-09-12 11:32:28,2025-09-12 11:32:31,-3.0
3498386,a15dc4c2a6b57157da852e5dfe8cb6b564c29ffed4c6169953ae2e5621c5b221,3cf7a82d8dd1974828cd387dc12e5bcc6efc239567a6e4b0dc4d4e76a5a0f1c1,2025-09-12 11:37:22,2025-09-12 11:37:34,-12.0
3498392,2f2be7c9d961fa83292fa1cda42a7a81734571117c8127ad021644c0c0627a2a,dfc13749b0f7b1b0a76bf522787f0fb9e44e4ccee161bf616e95d5b067dd78cc,2025-09-12 11:48:18,2025-09-12 11:48:27,-9.0
3498415,22217f0405c49b54ffaaddbc778f432e4e84c3808a4e541397c881c2ca49bcdf,53a660cbbc7e3aeebc45261b0e812aa1cfba5e924a21c7f9e89d88baac9e9621,2025-09-12 12:39:54,2025-09-12 12:40:35,-41.0
3498436,d4bfbd36130322c6f9abd3baa44abbbe3fd4e478f3eb15e8753c3c6483f18d80,91e8c81d0149bcdd904d101a4f46630d4edf177ce840a83e45ebe740da1de3c8,2025-09-12 13:25:34,2025-09-12 13:25:16,18.0
3498444,ded8669f07c0f29a413cfa40d5f806e80070fed981eb8d84db65ceaed837f57f,d518453a7617cf12e7cc7f0bb9a1d3c69e5b7043f8774c87d832201a887ae953,2025-09-12 13:32:11,2025-09-12 13:32:17,-6.0
3498469,6a77d45b078e82dbd3700f8e0e82f4516ecfce4e466ac56d88df99b4a8e0acf3,d8b8b16a039b85e3cf24a8bdaaf18f258d40c864e29885f81d8208b44f07ca58,2025-09-12 14:20:46,2025-09-12 14:21:30,-44.0
3498486,c59e4d88fd941ee223baa94b504ca4dd8cde3978e22a2ceaa10f135839fce689,03a7dce301873b63fa9c8153f425fbf7c799c2e6031e48398a0faaca243f2e77,2025-09-12 14:54:22,2025-09-12 14:55:07,-45.0
3498505,024cd5b5caa1cc4858f28fd657a08e15674e7e2e368c25f874586abd2b15b044,446f74d74cab9730f74777dc955f7dfcc37fe986a10de64559009af3bd8459ca,2025-09-12 15:34:44,2025-09-12 15:39:15,-271.0
3498506,253321f1447082c4978e23f30fd494972b08780818aaa8d9ab011e5293fea873,1d849c627445c24d431050d73bc5b0784deb5c62d410667bc862fb810046a888,2025-09-12 15:41:01,2025-09-12 15:41:02,-1.0
3498544,23e6eaa8408962515cb870d3c657ab92c77c4afc525d308c93a23dec70759f33,16bb67f620355ea434a7f1e0aec04e67e43d940d046f4e487d7a4483e5baa713,2025-09-12 17:10:33,2025-09-12 17:10:54,-21.0
3498547,f11c07fc3c2b3dab3ae689f264108d37747cac54fd910a36d77d04f060e9a108,86c2eef19e6d7897b5f3919f135f90640a9d1e9dbc44db0dbcfa51cb89c18a92,2025-09-12 17:14:38,2025-09-12 17:15:13,-35.0
3498561,99f8e4d4254f73dc0580337bf841afb16314509bffe50f959276ec07d30084ba,e87b3f885e7b968d51968248dd94872b08b47f384805a5139ef4214954950a53,2025-09-12 17:47:15,2025-09-12 17:47:32,-17.0
3498563,3b3276626e70a1b6f3ab2e7eb1776575b97eccecb2092d4b71f5b0a09911959f,5788d00101f6da6037c9ad14dbe1e2baced1d5cea34841d64896e102101be8c7,2025-09-12 17:54:27,2025-09-12 17:55:19,-52.0
3498564,baeab76aa5fab0f906bc69641e397adf0bd14c00e52eec57dd5cd1563b65b1e2,1ed1afb49de4365ad3919bd1604b6e9d9b37dede9b3211cc901924c876645ab4,2025-09-12 17:55:25,2025-09-12 17:55:22,3.0
3498585,92712e0388075bd24bd7fa46f69eca54af6568630ceaebc0e2d06b0af3091518,8c4a5cefbf9ada5a56d9002443fafc50987245ab78ee4d7ae12d6ddb03bfe5ac,2025-09-12 18:31:09,2025-09-12 18:32:28,-79.0
3498587,8778dab492fd2f812bf77c4bc1a4dfa74c6748e2e39cc210405f5591e7caa434,be0c9a5114acb1c30f355e36fb93c014a3b71c06e2115f80c057dfe0e433b973,2025-09-12 18:35:43,2025-09-12 18:35:49,-6.0
3498589,372ea485454645b0ebedc9693d2af18e707291fb45302ad73b8376ab756c3fa8,65b2c93131579e6a76eb6bbb0874d4e78d3eee167930ddb63d8e680701171ada,2025-09-12 18:37:39,2025-09-12 18:38:42,-63.0
3498631,85e4399cd45f3c1bcae3e139b619cb02d7f54aba5aba474d5e561b0c3541d531,1f64a68244be613647145dae7fcfe4c0baf413a98aaf5537b7b5cfc71ee7895d,2025-09-12 20:03:56,2025-09-12 20:04:54,-58.0
3498632,d3ccde3561e0a5f241d0cb004ab1f79ba46cd341c27cfa50f2f0cb8e3fe415ed,3b00e821dce4e14f8efc5fd74e1d6c8a863735433b6826e9836aee9a179bea7d,2025-09-12 20:05:03,2025-09-12 20:05:04,-1.0
3498652,50274388ab1a8cba048ce8c6474570d5893c80967e1594ef956b5f5238985510,99d03130febcf0320d2708e59cf4a2ceada25ac2d9e429ed12fd677bf5683ca6,2025-09-12 20:40:14,2025-09-12 20:42:54,-160.0
3498672,3c12c3a952b032bb287348fb0b04f6505d0839415f8f471f1a217cd6c17e3b5e,55ccbdb9bbf7e41be6cfd02b87ffc79087aae54b5b9000f543ab72c1f1a7d999,2025-09-12 21:22:02,2025-09-12 21:22:10,-8.0
3498676,939a4ba870f0fd0561286e37e40784fce4f24b2b9040493679fee80f8b9a950d,fd223657ac3d2dd4f7a7ac80bf2180ff2e62a87877fee10e82a7fe17e0078a86,2025-09-12 21:24:41,2025-09-12 21:24:43,-2.0
3498694,83982e20301d785469e1967ea7eae1c998b3e7c96aa9ceb08980081bb0f3e260,0f6ffffc4e466c596b0fb2b64fa3a3db862a6aa4f7d78a64c5749f523d14dbd6,2025-09-12 22:06:30,2025-09-12 22:08:17,-107.0
3498699,521aeec9e5b5c9f896b6bb17ff052b42e89c5ddacf42ac091e083d398981b606,fa731b2606fb2d36ac8dc45d7f7ff6ead24ecdfabf6b56fdf0c0d13a992008fe,2025-09-12 22:25:04,2025-09-12 22:25:23,-19.0
3498736,a8fb583e7570b7d580561a79feb07ba582ed1215928479082da2f30b4b16d1b9,a8d5f01af20f53a5d4e9a88d46097804629530adac325ab50d2b34ace7274874,2025-09-12 23:36:27,2025-09-12 23:36:47,-20.0
3498776,49533ea7261da236b002ac6a65ece6fac06b4b18671f760d604af57dec1df2a8,a3988a73f969558de5c3dadec8e447b617213f8387432c3d430b236f7d19a7df,2025-09-13 01:04:48,2025-09-13 01:05:30,-42.0
3498781,ae273ff14f096743c8660f5b22f6c3c478a0ab122006c58fac665d7c026d0b7e,59af4963d0c37c82a72dd0981a0bb452d73e565b438c66d601e4db868600a2cc,2025-09-13 01:11:40,2025-09-13 01:11:28,12.0
3498786,1ab0838a4fe93ca4b1baf2a2a1552288c3a7d186c8b1701f5708f19c26d1f7ad,ffd296673ca4cc52f959067e313f99948c00d51ba3feda91ac6e441762e48b9c,2025-09-13 01:17:00,2025-09-13 01:15:56,64.0
3498789,dec3c9133099d28cd203f5c26651a51af509ef01e9d001a5d346b72db1ed5c71,8427428940ad0cfc634e7b26ffaae7b5226324e3fe48d4710a95a648ee0f4937,2025-09-13 01:20:00,2025-09-13 01:18:21,99.0
3498806,ba3288a9079d5e98a69dc8c347a3e1454499bbb1b49021a1098d017db0c9c5fe,dfe7acdceeee2545658e21ebf9ccab82da6c8060f6bc134ac3f94f76aaee6ea8,2025-09-13 01:47:40,2025-09-13 01:50:20,-160.0
3498811,92e327bcd7f16f6405bf37cf213c6aa0555a53e4b71b0e67ceb21e5869ec60a7,e3137f777576495803e1a2d388343c62f148ca19c6f28f049fdf1b9f7787ca12,2025-09-13 01:58:41,2025-09-13 01:59:41,-60.0
3498813,02ec864728b5c05f99fe7024e9ae2c1c41f8448b8675f71594d165c3300622b2,0f6acf16bc4e4d6a94ac7718331263a3904da6a705e6781ab44ecf5b22c11119,2025-09-13 02:00:59,2025-09-13 02:01:35,-36.0
3498817,bb4f51b9e910762eff965edc767278222df6168b103c6f436df5724473f6573c,f1c2ae32e917bdaf3ae8d594f14d96193fc1d66482dc2a45a01c4da9f743ed0c,2025-09-13 02:03:43,2025-09-13 02:03:51,-8.0
3498833,7dc0973f9c26ecc1cefc88b95e123680cddfe7f155a8f65e167b40f24035fd54,19192fedc5cd0eb5f1c5567667ffd2d1bc6cb888b41f99921587bc4c1d65aef0,2025-09-13 02:30:18,2025-09-13 02:31:20,-62.0
3498851,d0dd079c748b25d1c2e20b0d06ea54e18bbfb5a669601873da7bc49f0483ae11,9bf0761251aeb340a8df6828d3ddc9dc28e53326f45a7e81529b142a5af9f9f9,2025-09-13 03:22:11,2025-09-13 03:23:18,-67.0
3498861,be594316bb8cfc6ea2150c795e518ed7528df4717bf1c2446d68b15eea4107e1,d1d066fa62577daadad3b20d6fa8a1c145989611bbaa9d65205e9ff4bc893566,2025-09-13 03:56:00,2025-09-13 03:57:10,-70.0
3498867,8594daf2ba32caee8569398ebbee51f888055024f454d2c53cfc59cb507cf03b,f4247d65f7ee732efda9190690763edbd1c81a0b70d2bef058cad3f02518c9d2,2025-09-13 04:07:17,2025-09-13 04:07:41,-24.0
3498888,f13a31a86654e92e81940df5bde029cd45e9ebb305596a1e1799cacd15152a47,3eda2518f469e387a05d7756e5b49d31ab73382a48d9e4e5a910244d91b83691,2025-09-13 04:44:33,2025-09-13 04:48:30,-237.0
3498933,53b5a25fa7e8b76b6bab9afefac2a61105b8f925e5b8107fea2b15598bce9ff6,b29a46c19d3df21a92eff378c2ee012d1eb83eebcc13bf9254b64432c68e7a27,2025-09-13 06:14:21,2025-09-13 06:15:45,-84.0
3498936,831327ef9176ad8593f6350e058f1b26cee43c7895b3c26927fda11fabddd8ce,0af1cc6291afdfaeb9cb202783aec9b38bbdb13acc0b2a61c1ea213d69fb6646,2025-09-13 06:18:07,2025-09-13 06:22:27,-260.0
3498970,fe418e52774121a640e670f402ffc5cf5422de3fe130799690313eab85ea08d0,c0904ab351aa980ddd8c5d7141c47624f68aa576c1b363e8fe16bdf439520013,2025-09-13 07:34:02,2025-09-13 07:35:02,-60.0
3498998,812fb4c687b2b95e731fef42d216fc5fbf6ce93df93f7fac3b64652837e588b4,0ebf46951276e0594931f1d5ab24a97bbcaf223d76d994f762f7f4768975956b,2025-09-13 08:27:59,2025-09-13 08:28:18,-19.0
3499028,6cda902e5c45fffdab9475cbcc2bc7600f1bd84053bfe90b26248ab3d11680d4,092e70fc176f34e25258bcfc0e94f2f6b7f86cea9a51bc4355f934bf67f9d760,2025-09-13 09:08:22,2025-09-13 09:08:34,-12.0
3499044,fc2e8deec386616cf19dd84a6f94477b63a80ffdc9119f91c4dd21c7a2b37ab8,c1ff2f77990fad4f8dc9d621ebe4488e06eb03fc3fe8a50a355f6a94ddccf537,2025-09-13 09:45:58,2025-09-13 09:44:22,96.0
3499071,9ddc35ce4e368825be37ac7c93cdaff6100e0a60b3ef84ac926a7223429ffca4,f5d4b373d5718f38d8965c8943e220afc0b6f2bbac98cab5985be50352dd10df,2025-09-13 10:33:31,2025-09-13 10:33:57,-26.0
3499077,874e20f3297cedb30eed14c8f018f259e01098db78967e5794368322efcd612d,1bbab08338dd3ad3bfc54a5ddc7a58b2833a6f02880ed09b31a23b9badc046b2,2025-09-13 10:41:13,2025-09-13 10:41:11,2.0
3499091,c7bcbee6b0d4db0b881db6c5ea4cc39fad8a0217d1feb65e2c1020b7b8f3ff4e,e0518b5df40f1d58a923107a3a48c659c4084bf7fbff27de7a29ae785a163b86,2025-09-13 11:12:19,2025-09-13 11:12:46,-27.0
3499093,41834cdd4d65082df7e2f38734eef811cb887e590308b561fb6c85e7fdb62c0b,e37e18516057209b89a5a6bdec8ec7c8a5ac8d255b48b2fafb4cabf3c246f341,2025-09-13 11:16:01,2025-09-13 11:17:20,-79.0
3499097,5eaf8b5111ef66fcac8dd723a835f664bf4e36ba73d4d09441808604b4f55203,272a881ce1851f3d69a7892b7bca54b0e4b80c90f8dd1bcdb3423a2c50903ba5,2025-09-13 11:30:11,2025-09-13 11:31:20,-69.0
3499112,bf61f0923ab1dff9dbcbbb3df370007afd5ccc95b79cd027a70c0d1dc8c89c43,7f062590946662a7741bbe7fd2a8e4dca0a03dc820977ede4730858eb392d199,2025-09-13 11:57:26,2025-09-13 11:57:50,-24.0
3499116,484707a5680440d0935f35700c53fae6407c2259807d931cb9abaefef3bcdbac,18e15618bbf9667a681703619ac2e438401d904b64a34765dfc1323da9f3253f,2025-09-13 12:12:29,2025-09-13 12:13:12,-43.0
3499118,070787d65db449622f7d9755202a6d49d001d31d9cc5cff91cf5fc66105da4e3,a1c9904fbb8e775b52007b65b829a58915ae848b339a63b4c72c69a4de3983cd,2025-09-13 12:16:28,2025-09-13 12:16:56,-28.0
3499126,6c6ea93fc5308f239b8ee786a84d38db467db8ab207bcaf769dfa8f57ef38578,6ec78db6a8d75bbc113bc70e5b0d68a18987b15748fc913da444196ae6ef3615,2025-09-13 12:30:07,2025-09-13 12:30:31,-24.0
3499129,dbc47d0353db2b01eeee54b6e3771e696b4f8efbe27b77fd66b6b8ab55610727,a3318d77425d91c6d0c6afe9a8a21e4bde2a94735913ff4752fa79ca3c831754,2025-09-13 12:34:35,2025-09-13 12:34:40,-5.0
3499136,abb5fa1fb6614afbb868a4f584fe884a1627e470b0a6a3097a0852b89fcdaaf8,55ba01d4f39b3b84473c7d7c666a3225bc0dc047c38b90fcd0292bf7ead84133,2025-09-13 12:38:44,2025-09-13 12:38:51,-7.0
3499137,e1892fcd6c2d985bf963d80d1510bb3d566b02ec5d4e58a61a84bf6815392e20,d4bf7c67e489f28b38b71a405684bcf4d3f8f847b1b7278463fba154a2d96208,2025-09-13 12:38:51,2025-09-13 12:39:15,-24.0
3499143,6b35c74e5fb9e688aa8ebb948fddfe9b0d9fa703059324dc91bf086131729d10,35ae5d520795a4d8c277ba00debd89da1a743bbee595fe46c530aa7dc148ceb9,2025-09-13 12:52:16,2025-09-13 12:53:31,-75.0
3499152,150eceff31ad90cc298be0fbd283e55a17cbc6766bb5a0dbb371a20994b3f7df,a452d8023c362bf4952df30b7c089b88c2ea80d33548c187aa8f2c10c2f28655,2025-09-13 13:10:47,2025-09-13 13:12:01,-74.0
3499164,7ee6ae89ff37ebf33716ca12e45e86202d9ce36b18997f4e41b76dd8db0e8db0,24a3fea9b67ebef4cb1e8a24a3c592cfeaf68ea3f57d5ad6aadc3d9828ebcd9c,2025-09-13 13:29:36,2025-09-13 13:29:29,7.0
3499167,ecf9ed64b6df5cccab2def92898e3ed2af767c657e3a41961360d4c518f8c081,4b088d966bfe61d5bc7223f85d20286477c6ff7a25384ed0526b328ba021e0d4,2025-09-13 13:33:07,2025-09-13 13:33:28,-21.0
3499194,059cb901c87e65ef4a6fcd90f092652b1ff004d496380294b76ef2fe1236f32b,e87166828ac141bbf66360b0ccbc57569bb4322ad3c321ea2bf12e48f88e93b9,2025-09-13 14:14:06,2025-09-13 14:15:33,-87.0
3499211,a41dceafc653c9462b893045e282e60806103cee2e566903480b115bbdd5dec2,64d6e84933fa4029e02b237cf3915a14aecbc9b6e59555dca364eec690358a4f,2025-09-13 14:52:57,2025-09-13 15:01:55,-538.0
3499218,643dce29b70882e433a58e3d648dad16782e3ff07ff3d427273a675dee1a65be,cd0073bf1513352d76935572944c65b86ae335c6d3c1dc2bfe73c58873b37b58,2025-09-13 15:08:10,2025-09-13 15:09:11,-61.0
3499236,5fd4b0fa496281dbc256b99e875c9a8d6e915335ec9c4b7209914043e8c74ccf,d6194c541a6505c41ed2851c53f6743397edd0311aa61359d41eb995eb38006f,2025-09-13 15:43:00,2025-09-13 15:48:53,-353.0
3499251,4cb1a01144eaaae1b13bb718e8b4792a8ee6dd045916df6cdeabdd07cd56a9ba,f2ae8ab92492f54bd6df42304978b5359af1555c4faa88f2196e1386feb9ee0f,2025-09-13 16:23:15,2025-09-13 16:22:31,44.0
3499271,d35cee68969bc87464cb6827d5cfd31766ca7271a491102906843be17fdb98eb,7f697647b6d63507f327020b938fffb969cc37ad768846a6da9a9c6200923997,2025-09-13 16:49:59,2025-09-13 16:50:48,-49.0
3499295,032867b40912ba2fd50a140481e2e955c1f46926b3b110497cb693acc7143905,cbe411a7b87bf2fe28051a7b5d98fb361c7fe40fd408b818c9f5391cd7feb9e7,2025-09-13 17:13:51,2025-09-13 17:14:24,-33.0
3499308,eed79f27626221a29be1ab4876f3bcb69f80929fa7fa804cbd6ef4cf73d6c693,add8ee7b865703790d4da5ed55afb36199ab7de74096aba98397b6507a7e4db6,2025-09-13 17:39:27,2025-09-13 17:41:42,-135.0
3499310,0c0494f7562c3a3886ecc20adba6ab7c4a9618f646f1c2aa099c0770ebe9abac,49fe3758523363cb4df1f950d86bd7d989733c95eb16cea4ab7b1c15d3cc0fcb,2025-09-13 17:44:42,2025-09-13 17:45:23,-41.0
3499331,9309032b3c1d92c5a0abf3816aa4e5318f54c3448feff6e75f679498915e9525,69baed090ea3e181eb046dc95fe5d77ad9a50e199e19835da6f53c3263abbefa,2025-09-13 18:28:35,2025-09-13 18:28:23,12.0
3499344,cbde34e244faadc8c2f43c7aa1225123217523f5e1f42724bc1e75bdc8c48344,d8e50e5c6502db8af2ac41d22ad8d50b643c1368a71257a1109c091925026e12,2025-09-13 18:59:14,2025-09-13 19:02:38,-204.0
3499347,23276990dbf69aecf152cecd7e508df6eaac3e516de924f8817e2da592a6298f,6eed28d8f4016b914b99f1e62d0fa34988f86752f2acd8efca18e3769d9d3529,2025-09-13 19:09:36,2025-09-13 19:11:07,-91.0
3499358,908673915725cb0c861c58836535ec109263f7c1ce589803809e368ddf6ca284,fabfe0908899145aced1f5cf62c932690d4cf568f5804cfdf6e2b2f03e8c8768,2025-09-13 19:23:17,2025-09-13 19:23:53,-36.0
3499361,0f19d2b38146ae9ddc0406bb7ebe6b087be64f9647f07bbb6d22e0ffb6e150eb,f045bf79f3023774abb485cc2c99d5fc87654f394d43ab182ba0bf5904821ca2,2025-09-13 19:25:04,2025-09-13 19:29:23,-259.0
3499363,e79ee547050b495effa3e09797ba6df97abf34e7d28b9c2a29d75a369a5fcd65,800d694d9c9437d1a6975a7de92876d9e57faccc0dd8646baf62ce86d8e19dd7,2025-09-13 19:33:11,2025-09-13 19:35:55,-164.0
3499374,476858990929c0e911292cdbbc6cedd162500d311f35357bbf947260b184415b,80a8b2c76fd38f3c58daf03ed40d52ef7e1a3fc4f5305b5e6b33db5dbfeb262e,2025-09-13 20:05:13,2025-09-13 20:05:23,-10.0
3499377,23a8d2821751b23907bf623ed02d98e356ebebe063c615d95ee0096cce70060f,684429b0324af579ebb2ee5f1fd156de4faf0137b6fe3406534c0dd0f410c388,2025-09-13 20:10:56,2025-09-13 20:12:36,-100.0
3499383,8aeeb4bdca0827bd096858a912be108001c7d53a611219ca3f9056f9f3494bdb,3bb2d859fabbe16b66e12a6b0a81b9aa5105231f2dfd7782c74af43d2d3b2934,2025-09-13 20:19:41,2025-09-13 20:16:35,186.0
3499389,050c56a823c0bd7dc44298859d2fcd320f63438512baa701e5e79f6785039c08,6b991c69a7f518c60c01b0c2984abfd167ac11ff74e1cf20a3c4a23afda198e6,2025-09-13 20:37:23,2025-09-13 20:37:12,11.0
3499391,0a95bae6436ba2371fd0a834a858fd38fbe5bdac85c6965dffd5c9ba20598f7a,10a2fa5f004c6fb929ee5c21de31032f5cd24d7092956091188da3dcc477663d,2025-09-13 20:38:21,2025-09-13 20:39:49,-88.0
3499393,234baec7d16f01f691dcebf7f30837aa5cad7641d8a4d1255169c3f15c9cc3a8,cb5c6963885a99a932ca5327c1254279af22f48993d24b812710717973f03b1d,2025-09-13 20:43:51,2025-09-13 20:45:37,-106.0
3499400,22a630cd613b940eb88efc6b231b5066381cfa8ea07838e2694f63f239185ecf,da25d62846e570fd4022be0788cd3414deaed3afd22bd3f6aa13e402dd5511ac,2025-09-13 20:59:56,2025-09-13 21:04:18,-262.0
3499405,71b1e6834236eb43bda029c1ef67cb978b5601bd27289c60fabd76c985f59089,4fd1a7ddac4fa6f2b7819ad7bfc6f8166c4d61dc112b3ee0c131a356cb2598ec,2025-09-13 21:09:39,2025-09-13 21:09:14,25.0
3499415,a336c2c557517d37938b9349a0f4366c9d99fd46997783b18d6e5c49e17fbee6,2a056b544ab268e0a4febbc2773a1893f51b45ad08eea63253c9642a2f4ee070,2025-09-13 21:28:35,2025-09-13 21:28:59,-24.0
3499429,957e085dace5486e93a65988a412020011b0b000fd575248b6468475087a3f00,7ba9f6a26a50f39dd723cb4f5fcb336721870805e8b029f65a8ec00900a6dccf,2025-09-13 21:51:50,2025-09-13 21:52:31,-41.0
3499432,eacae20bfa530db242296ac1741121fae02dfe8a846d2512b4205ba2e5a89359,68eedea9b2a5eef5712df2e1c6b17f688c64f624887a7c26de7ca7bd44cb37af,2025-09-13 21:57:22,2025-09-13 22:00:36,-194.0
3499443,cd85801afb240b6c102e79ec513c5d8059ef02fcdd3431be20cd6795c1a89038,3e832feb111d419bf539738a2c99d626a2e9aafb6f5ae599166a7658fec54468,2025-09-13 22:18:10,2025-09-13 22:21:04,-174.0
3499444,37dbca0ea27e535e1fd92a02be796ac9505ff6412145866ff5fc15873f4416bf,9bb33a4f3b2b4b6c9fcf0081c911fdcff7bb97a6565dcd101c717ee590d71bc4,2025-09-13 22:19:43,2025-09-13 22:21:15,-92.0
3499449,a25407eb14290784ce892682cba833da415faaa5a4e407cff04595352eff4fa5,852d58f777be5923a33002eaa031f4b06d98e89ee338e32e2b95138aa4f13178,2025-09-13 22:28:42,2025-09-13 22:27:40,62.0
3499454,6778f946cf649718e37288609b7545785e905873846ef5ee9f6dcd165d19fd3d,09b4563f27f517bf34621121dc956019d3e1b22c84502afb59658bfea313205b,2025-09-13 22:34:18,2025-09-13 22:35:17,-59.0
3499465,a11bd370ef25b11cd45fe12dd60d95f5d718f4a5e0f396eaae8c650fdf11c200,365a7aabfc21b4e2cd30819e3c70d3f66f7f206e65b276114d20553a619ceaa6,2025-09-13 22:52:25,2025-09-13 22:52:43,-18.0
3499468,0702b708cf93a59c2be229bf1385a10c403284e9adbb6c7a3adb3baa857da67e,6442b6a93c9b943fc654343ef6cc5af8291e4c2134b083504208876559732251,2025-09-13 23:00:38,2025-09-13 23:00:40,-2.0
3499482,6092341d41cf672794ad0ac0244d76e05327b5d084f6f227b8accfa9db3ee8b5,21d45179413f7e990cb0c2d027851699ee75769eee13eeefb9f879e0ca9962f9,2025-09-13 23:30:31,2025-09-13 23:32:56,-145.0
3499488,a19e7543353c7efe00c22f5c574a0c5803264e810c7d60069b5660ec1e0160da,7a0de1e1f0b5d83968b7a554aceaeb41d4a7e8236a8ada6fe65274758e82ce3a,2025-09-13 23:40:47,2025-09-13 23:42:40,-113.0
3499490,d6f8163f30559178b5c110fafab0274d03019cc3f92391fe14ec6bf4a6dc1dba,d9b39bbe04d4661827e2550b3ac11a82feee8093323eda42850798114fb0064e,2025-09-13 23:43:14,2025-09-13 23:43:33,-19.0
3499494,265c0e7809dd57b48fd63580388de2180e37c43479dc59a6d676e74cf78f0acc,b829129ef21fa7de15e645108731702450e94157fec9393e2997833629f519aa,2025-09-13 23:51:51,2025-09-13 23:52:43,-52.0
3499499,5a2e46746f2dbb7e5e952948b393487fd86059359c903336a49cc37210f6a017,00e28809d29e7e3d5e94dcb6fc0614c886dc8a752975bc77b916ae7ecc597c79,2025-09-13 23:59:59,2025-09-14 00:02:07,-128.0
3499512,4c7f2b0baed2144431bee749b835545df8e9c7eb040f58b4babf9544371c292a,55611c6e0afe7c91a9c4881ec072bb4daa5a822ce30096c4b1d79d5b404c131b,2025-09-14 00:20:05,2025-09-14 00:19:41,24.0
3499521,e09cadc46598a6765d12e479991b24e5da678b88cc8c6c11c0c9e89ce3c46ef1,6762845bbc76d6064ed07d58f40ad00a5b7a93b5e5516cc2b13f9012ce7b7922,2025-09-14 00:30:20,2025-09-14 00:31:06,-46.0
3499524,705ace13deea231efe9a577cdc6ca085adaeddb19060a48e951bdd9e0624a12f,377331bed37c928cf0b1e831451e5d062ecaae54b85391fc9a678dbb9c3db382,2025-09-14 00:37:37,2025-09-14 00:39:55,-138.0
3499540,8c4cb140dece366a84d3383dc7607583f7b26c8e93576a6f72755a19e2bba68c,fff0ff1ccb21c19b36e61c38e4c6f8f9202e5fe1dbad1e681abfeb8c4487a313,2025-09-14 01:21:22,2025-09-14 01:21:39,-17.0
3499542,577e36b3f3579d28a9e57dee47e6a0efe289483fe2cec9dd36abb7541f10a68f,807d6be7cb2a385f8ef55d938ffcc706ee4a605c2ebe9c9c15f5aaba15944227,2025-09-14 01:23:41,2025-09-14 01:25:38,-117.0
3499551,9ad13820e5a2f6d1b1b088e325f0687cd9846b2c1a92a72262180cb3e1874e76,e22d3531133ae5c680b2aa069eeb42a64be43aa128b0ac6b65908f1cd725dc05,2025-09-14 01:40:45,2025-09-14 01:44:52,-247.0
3499557,a53ec0ac718bb7eb9c3eccd753c41055540477ab74525f072a6eab506121b971,ee68dcc977b4cf1190cb63a997897d5d3b349ceaa595623e4b8894c1af76f8e6,2025-09-14 01:55:33,2025-09-14 01:56:05,-32.0
3499565,7a8b6e15961cf0ab9aecea8d9da09dc16dc0f447861d8793d9e7dc5eb299cdf0,1bd086a282cf19835a4e3edb4af80b6f60b3c0ca041185a9ab3123755c6e1b17,2025-09-14 02:00:57,2025-09-14 02:01:12,-15.0
3499570,ea18b12dd290133884eb112f59043fcf0c87103e8d5ef6071bbd3c64430c1459,10c8d6f514ad362d457d77fc07d35209314cbed08af52be823beb695b5c03c91,2025-09-14 02:10:17,2025-09-14 02:16:55,-398.0
3499578,e922fa45b1e84561581882692e9316074c272ba5044f6a24f30b675de22742ec,7e4f8aa093a817fabe5ceb68939bd3b1634ef4097f2868f7fdd837ec55753e53,2025-09-14 02:34:08,2025-09-14 02:36:03,-115.0
3499581,24d10d3a3309707cd5c70f413a72997c84541eb0eeb408cb13975d68ddc4b668,bf28bad338eb3c84e855b2dd3191aaecee91651c634f51897e21e28a56090068,2025-09-14 02:40:16,2025-09-14 02:40:46,-30.0
3499588,4353e1dee8ac6204ef5615177bc5d98417e2241c2ecc36ab39cd6b6392aa3203,9361d25e772396fbd3af8aad3e74610b9e87baa58ffc7b5e7690590ca5b4f4da,2025-09-14 02:45:58,2025-09-14 02:49:08,-190.0
3499591,30cc32cb5cd6e38d72297e108c64f7c7a33625cab7c8709c30d948edffb248c3,2f24be67d10289e54483fabc2a2edadf24dcc48ca7a60dbf4f92136b7a7378c1,2025-09-14 02:50:39,2025-09-14 02:51:07,-28.0
3499594,8a8158a2abb9bf87ce93e093bf4ada3e6ba3e1b82c48c6c421128f26899582c2,9b4ee018653317477f0ec0937c0a8549853c10af475f1d33e0b203a2fbebf8d8,2025-09-14 02:56:41,2025-09-14 02:57:19,-38.0
3499602,db251c2b6a2dc1c6259f3d0c7fe4211623773c31f5119e5b69578919e20c72ab,e4c8dc5c37af07ce367f18b17761302be66eee613be7274d920dabafab10d280,2025-09-14 03:06:03,2025-09-14 03:10:53,-290.0
3499609,88b79600d431181c0a1ac13fc5ea6c342f3326888784aab70eccd0e2d1435236,e8f5fb14df986945970ded861ec0f3f48ea012b19c67bda57938c31f3aab0e61,2025-09-14 03:28:37,2025-09-14 03:28:48,-11.0
3499619,9b70a245bec16f653c331659453e0752d26cdecce38a17469682123a694134b6,afc0c0d768630eba8b0aee559df25596d61d0f5b33e9bd779b018b15d4009d9d,2025-09-14 03:47:47,2025-09-14 03:48:33,-46.0
3499634,511a2aa2f28dd3a1562b6bc140c24b138274921339cfabba1af8e1c5e1012bcc,386de05a71204e595204ee27c0f8a724a93a0a9ec60e71100d8ae5f1a7ec4508,2025-09-14 04:17:21,2025-09-14 04:17:27,-6.0
3499635,3cb02744cdbc6d933626b5f141dc9c382270ac65741da40440cbc686f0f61933,b30e66f055ae4d8cc220ec8d296723b4befe5178901054a147f428e69bed6010,2025-09-14 04:19:06,2025-09-14 04:19:01,5.0
3499683,e6140b98450ad44cc947bd8d36f4d8f872fc2a8690f87b6f4629d8eca448f18a,c72ed80e025c0a711034316895a9ca610e0d8a2f5b6f6624ca397fa83f9fd029,2025-09-14 06:32:49,2025-09-14 06:31:25,84.0
3499684,074ec668fc28d4d0ce26bcfee96b0a6037ee637c3b9ea7de4896deb271794d18,f821c9ab1200a82bace838e4b09f838bd7d9317f012e599378770a45993b45fd,2025-09-14 06:33:01,2025-09-14 06:33:44,-43.0
3499687,2d0ba389ba02dc721b35ee9b4a96a7935092453ee074039dfe61ccca0c6bdea9,83a1d78a057df7230307227a7fb6eac3c5bb36ec28703aaa3e00941e40b212e3,2025-09-14 06:44:35,2025-09-14 06:44:31,4.0
3499695,95201e3c5136c6a1d968a0667107de42d6c39399eb9cc8c9248428305aeb32c4,a91c2f19ebf9a6da4755f7bac969524934f3a3cc943d1f005eb38dac8802d788,2025-09-14 07:03:27,2025-09-14 07:03:51,-24.0
3499698,1c06332b51dd56855e163fd767396f659291992344fa99c2063cc96ea2d2f59e,e11810ea0491cf8a17b36e56ec76a107b4badec825559cd623a02e3b55697a27,2025-09-14 07:08:07,2025-09-14 07:08:03,4.0
3499708,8bf3ccaec0cde3f19611d3c0aa7cea888128469f987de3622d7086919f464da6,b32b9f02456d25c59e98c45275fec18587d7d05dea9b5eb73c9f81ba2b3dbe9e,2025-09-14 07:23:56,2025-09-14 07:21:23,153.0
3499709,27efc0222e6294907285d3ab925bb4cf73cd0fcc5f7b1a4daf2b29c012e18a7f,b963d1ad4db8465dc351fd07a56752a94d8349d1b0cf50c16b71b90db17537d9,2025-09-14 07:24:07,2025-09-14 07:25:07,-60.0
3499716,92f145861f755fb06491cc29c592e8ae2f50c2567a51895bcc39b55be9a79465,2569f923c9f5ac89dcc789bade1b9a5ffcf659741fee2f40a02b84bc26df4b9c,2025-09-14 07:34:45,2025-09-14 07:35:43,-58.0
3499720,bb1be48d6f9aa5f9eb33c109a4093b26cf931ab28ea4462bbd0af917c41a0f45,f449deb9bdcbb6c49fe747b4dfe526175824da93250919fa0a54eeb0c3feaf05,2025-09-14 07:40:05,2025-09-14 07:42:23,-138.0
3499724,e2ad77b13d3ee01ba44ef160402d98310e66af12ba1c88bf2c68b24ea6162a2b,8a650138c612b4063881f6eb0abff1393c4dc356162758a8ac45cd30235347cf,2025-09-14 07:51:09,2025-09-14 07:52:40,-91.0
3499726,f3fa92225a93a2f2360b3232e9e0fa5b6802ef68a7de1b72c814149506fecf93,6ec81158ab0cd8bd3112fd97c9ae0faf27f2de22b20164ce05a853de3d547ab2,2025-09-14 07:54:04,2025-09-14 07:55:26,-82.0
3499728,cbe7a70e153ebf797da62afed1cfe443f03d44f8cddedbef91e7ac7554a1a201,5eab217f29a6308e54663eba926282f4a3526966d255fd071454d8582fdf8f10,2025-09-14 07:56:32,2025-09-14 07:57:14,-42.0
3499731,0cd3bb03acbb757c3102aa29c54a161ce7c87d34aafc7a2df2dbbc5a290ad697,de06fffb4c972527003f93082040988cdbd4efbf797e3c60cbd18c75e1eaaf7a,2025-09-14 08:01:01,2025-09-14 08:01:26,-25.0
3499736,ac5fe9015f04ae73cbd5371a9eacdba5dcb4b21dcd5de5878caf952986f3b019,45cdfb8cf9e2e3e39ad413f85f0981060de40c5b5ae0b396aae45ea9b740c16d,2025-09-14 08:07:17,2025-09-14 08:05:07,130.0
3499743,8b6ea257fcb793d97ed18cd8069decf216ea1169f228987ae5f1bae38fbadeb6,ddcb225262dad6099593b47467ffd4541c5e30510855fe138adc47714dd95fa0,2025-09-14 08:18:43,2025-09-14 08:17:04,99.0
3499746,a3be4c41275ff402f8f113dca5ac180aa8bf2a73f6a97e56eeaa0df45312a1c4,6b77be9c9f42c284660ec40b00a55dce1ccd79c75617eff1f12ddda5d9896592,2025-09-14 08:26:40,2025-09-14 08:26:43,-3.0
3499754,43b18b4762f62c126255b8167a3a8c08c9812acb2162d324c7d9fa309405ba7d,a5763cde4a196b7fa142cadadf6779a7f2d725037872c92c5bd8c29d31aeb185,2025-09-14 08:38:00,2025-09-14 08:38:47,-47.0
3499759,720d3e895db29a5f39e3351a5553fb18848c97cb12df73b882801362e8bc24c5,b3f1a38e77ee66e280c00d13d224e64ad6e67d286286ecee5b770470157b4ab1,2025-09-14 08:51:23,2025-09-14 08:51:44,-21.0
3499763,c002a94bd2f6d54ad44eb9ca75e0996bb0e5622d9db0e967d2c6a5aac0035fa2,3907668ef3c5db595dda848e6b417fb3f99de7bd1c81504dd0cbd5ecf4a67769,2025-09-14 08:59:32,2025-09-14 09:05:51,-379.0
3499773,144f8753c06e64be295d8cc003770bf85d6fba201a3d955952b3dfef38c615f7,d1b9832ec37cad526c7984d47fad3f91b1d89dfc8db1908dd72a4505aad847ec,2025-09-14 09:21:20,2025-09-14 09:26:47,-327.0
3499775,5b6c718fbe688684961be4b5cc50a49f9eaa866c11e5c82a1bc83d379b674793,a006fbba41d19495a52a11672b4e107c52bd2d256772403bea7a24f0823c79ef,2025-09-14 09:28:06,2025-09-14 09:29:11,-65.0
3499779,b702227110b7db395262191f0066b911aaec3b94c1641ff632571096912e4f84,3352818efdbfccca0d044f97b6db856e4ab63edf5757fb40bc2caab7fb151b86,2025-09-14 09:32:09,2025-09-14 09:33:35,-86.0
3499782,e46efd55ace0066202cd6811e47d6ff13497a4c037e962419790a84672fe36c6,4596de5abbb8ff9a509b9f6cc90099143502394146cf7f28132014fdabfbc841,2025-09-14 09:36:15,2025-09-14 09:36:07,8.0
3499794,f84e84f9c5512bc57247e0f45274962a9cecade8ea37ea5924c779abd793b052,add40f25bd1eaf96fea11430d1f0b5d924e59dbf9727d235668e885ba7280817,2025-09-14 09:51:44,2025-09-14 09:51:58,-14.0
3499797,7aee87ece7396465394c2bde128cf936b0d11d8cc797517de932793ae3ed379f,a4a1e001f3415aaf8f47f94a8dd138328171574c1080ad710b90af69d5dc7c69,2025-09-14 09:57:20,2025-09-14 09:56:35,45.0
3499807,6d876171995ae47987b7c0bace132af5fae04459ad9f458bac216187e2abddce,b09c0a4ae82b04cc0ee5d2a56eb56b413fdaf1efca79adfb8a1726cef2d40ca1,2025-09-14 10:15:03,2025-09-14 10:15:57,-54.0
3499808,463cffc4002d6d71bfad8afc201067eb2cc0174caf5db745e82b5f889c62a5e5,c0502c5cc01f00392e13e1e4055b3ae7155f6eb6d7d4068be349092c41aad6df,2025-09-14 10:16:00,2025-09-14 10:16:12,-12.0
3499821,f1f460d44845e3b1b129c1047b823472ec4240b067d3febe388b32ac65f2fe46,94b5566386374c3895372ab8db3c7d01b424a7bf0daef734848382f137c2c99b,2025-09-14 10:33:35,2025-09-14 10:34:38,-63.0
3499856,22ed01dcdae18a359587e6ea913d068ca2dce0f785e5d8846f3117ad83dc871a,299e729e73b05dbde72626e3d1d8726e4e77addb84029db34b4aa6333c0679e1,2025-09-14 11:47:35,2025-09-14 11:47:35,0.0
3499858,942195927f55e0aff5d73d544af746f223fe2a779c0c4d4191abcf099c8dbe62,b6c94a1ce8c1acd60447c179e15c6c791ba8d7fa84274ec6305086c7e46692bb,2025-09-14 11:50:05,2025-09-14 11:50:22,-17.0
3499859,01c63c0ac255b7383dabdef0aaba2f2344225983ba3eb69fbe38b7b9844bcbb9,6c7158939cf1dca082fcc57ffa3ba223258e629342943907f87126c03de1308d,2025-09-14 11:50:17,2025-09-14 11:50:31,-14.0
3499862,decd9ab6ae162ab54bfe6f3402420c92761bbf762976ac4777dc2d53939965ab,0d70aaad5d51f6e2daaaa2edb9f2cb4708531629b76f4508129d9f547920e764,2025-09-14 12:00:20,2025-09-14 12:01:50,-90.0
3499870,793156ddd0a293c1de5f2f095e7609c7e943e9be0b80f07f1a784b45a17e096b,636b65ea3a8b31253f46a1e91ac9be17c1f1b277c5dec737ed525247f2c5c161,2025-09-14 12:07:44,2025-09-14 12:07:33,11.0
3499900,4540d88428a023b127e1d0ff485369e7554d6d2b2b983b0959c09bcc68ff0b68,b21a5f278a82b7630ce83e7b80774ee10843aa274d122d3a440c0e326098e899,2025-09-14 12:53:49,2025-09-14 12:55:23,-94.0
3499903,11c617e12d83afd19464c128e909a026d906706fdb21470e9bcde5be30b9ff48,aaa53135ae96594e0ab33dcdd0d43d95c2ec026e758eb4436f0c508bfc9385d3,2025-09-14 13:05:43,2025-09-14 13:06:19,-36.0
3499923,914a815c3182519e813b08e1e4d14be0c450a974cfa191eabcd273a9cf662318,f52c1d895d6a5bf7cf38bd1bd734661ee2c84fe70cc38418cd876ae94078bd8e,2025-09-14 13:47:38,2025-09-14 13:51:29,-231.0
3499943,68cf2c62afc70ec83db1940b89b30d23f7cf23db5e2147b9c364d67079a1b4f8,daae8d66c4c4bf37119109fdd2687b6a59081071727bc4bcb7dc3601b226093d,2025-09-14 14:30:46,2025-09-14 14:31:33,-47.0
3499972,0ede6546117bfbe2ca863a34edf73a2fffd5d788bb6a152b73e78f59318a1bd7,111093e10c30f0fdc2fe96636dfef033e551e44f50165fb57356437c4fb1c4bf,2025-09-14 15:47:22,2025-09-14 15:48:05,-43.0
3499996,ef783bbda05a4432bf5e84f20cf4c21efdbd6393f9f298562b27a9b72e8f49a9,fbf84f5c77d75135ced6fb8039ba7ca159f698686de3a82f92667e4a030826e7,2025-09-14 16:42:12,2025-09-14 16:42:41,-29.0
3500010,9014c0c0cdd6840bb86340df471e0708eee48d9c904c1b614288829d3f8d5038,c020a407f266136fd0cb31309bfba680907ca75ec396764671312f51e90f84e1,2025-09-14 17:15:43,2025-09-14 17:19:38,-235.0
3500027,5524defae25f32b1d125cc00ad8d0cb27fe3d8983d219522f864b78ca091aa4a,cd8e70477600fe4a8326501254f163d40c186b77bad7e7745c9ff77e06d2ced1,2025-09-14 17:56:00,2025-09-14 17:55:59,1.0
3500032,88234aac618001b801b7c5adc90837085f7579e4f782cf62310e6fd7d9912e80,84d1bce4e14277dcee5ca93fca518353f9c67b061bec9b0a4ad842bce1686b56,2025-09-14 18:04:30,2025-09-14 18:05:13,-43.0
3500058,eb2d753bd531d608efda226405df833feffef56cf12bf8eafee8df93829824cf,78c47bbf0690c89ae2b3f7e27766d191ff81079613ec4a1c402b5d8ed9afdbc7,2025-09-14 18:50:54,2025-09-14 18:53:32,-158.0
3500123,e4583e227ff9914f8039ae50388066d23d326b1e7375bb85587a1e09d1a99378,cfa34702eb9dda9e255daa4d184181d2ee048bd5561b203666ab5ce36696f0fa,2025-09-14 21:39:07,2025-09-14 21:39:45,-38.0
3500125,17c969d04ddf7b64f0045e2b79c8c5331864e4d8339c4c1f6f693589edd5f9d3,01c506d4d5e83233f0ef624882a62a252973b1287f279485277eeff87e09945f,2025-09-14 21:45:29,2025-09-14 21:50:47,-318.0
3500190,d93c339f14d89b1eb99cbc002faa175ddc694e4c7b24601971970311811306e9,300158fb6cca0da68d568b73bc1d15e58d8dc42ee7a3b0510a3761f31529a36e,2025-09-15 00:26:41,2025-09-15 00:26:54,-13.0
3500193,cdf40d017e3789e968be3b770fa705ad8b6e557e2f2f1e55ebb0b81d2138c08a,c9042d6d30277fdf02e41c2ca19820090f978b2325c211f8d07a0e4622e81d47,2025-09-15 00:28:51,2025-09-15 00:29:20,-29.0
3500270,8fb9446dd2eb9ad930de9b11afbfc64a6e1e65283eda61067972ee574ff763ad,4381ce58c41ed2417b9a70df5ea989ab39bd460a0dd8cce71877bb986250539a,2025-09-15 02:48:06,2025-09-15 02:48:06,0.0
3500289,b0371b2aefc932c81fceb6c6745a31c00165e66aa91071d9c3983deed90b385d,7bac6661c4d8744f12613746ab1f305692a3d8a3a9a147bde210250eadd43dcd,2025-09-15 03:33:15,2025-09-15 03:33:19,-4.0
3500304,a696586df77709ab8828bbf34f650348dfe167f94883ac704bf79a7d9aa18b22,a370f076628d29c2481cb44d34a6ab263b85f8466e5a8cc1b0049c6ef2fef4e9,2025-09-15 04:01:43,2025-09-15 04:02:47,-64.0
3500514,da01f7e348da174212754701b70fc3fee1ee69787eb07e0d5f26f6e8ffbb0561,4ca499e9d222d0eaaffd6932b1b770869036669657a1f880e35c7e23c483a955,2025-09-15 09:40:26,2025-09-15 09:40:20,6.0
3501099,c34af95ba4072892bfed461888e944224d455e16d5afac6933f9cd27beba9a1f,fa6b0b50a097b12367ea3aec8a5387168dec5e09a89909713f3ff67f7a4e15f9,2025-09-16 02:39:47,2025-09-16 02:39:45,2.0
3501708,7b2ffde36251f256e48f5afc5712d97022120473398af85607262e8ae68f7648,34fb55343b65e90eedbaef97ec6eaac68d5be3d7642b5adf39759da7b2af985c,2025-09-17 00:31:16,2025-09-17 00:25:55,321.0
3501996,21d9ec02c901a53e62f754dca003585df5efe38c387f66447bb3e3414fc82d9c,428b0cb5d1207d9e41bf7d79d6bf4896ed4ec4a81b72828db77da381440a7d7d,2025-09-17 11:05:51,2025-09-17 11:05:44,7.0
3502173,636331fe0b40b42ec4ef1784e812169481448cf91af80f8d172541ad2e97350f,86929d79f89962dc90d4433973f4d6a6a7472f8745e0eb68cf691dbe9ca6d948,2025-09-17 16:22:48,2025-09-17 16:27:00,-252.0
3502217,4e3b45fe165f2b098819b502c3ee6ff2afa5db492822c8b2fbbf6b800d7e5852,c7818474297181f8027394b1473759b9da10f45ebc7601bacfbb39fb77fb6dfb,2025-09-17 17:56:54,2025-09-17 18:00:06,-192.0
3502227,9041a1f98bc0ce39c572e22dd0a741807ecc7141fa25f6fb1504ed1aa96a12d4,a0cf2da03c3fd907e32c6b4e48162c94fcaf9b312f2cfa9aa49ead10e0b6ade9,2025-09-17 18:30:58,2025-09-17 18:37:20,-382.0
3502236,7ac074084f6ef1aea57c43ae14b835266b98ee7dd17430d9866098b6d3bd73a2,42536c6c55cb3c7509c1930c81b2bdb923e83a93c46d578e0305786e897777f0,2025-09-17 19:01:02,2025-09-17 19:02:03,-61.0
3502258,581d9abc48f09f07c9d2b4f37909f838d3eaeb952c8180837647e0573863a7bf,73036d33d522ae6e840688c73e583af1bf53be9764867aa5285bcb61c50d7296,2025-09-17 19:32:02,2025-09-17 19:32:44,-42.0
3502276,879c716369113518505a068551a7f7a788a6c170237c34b5fdc88c2d94825867,d5fa4589a0008c96feb5394174902d7de193766a6ae97ddd57139ac2781eb3c6,2025-09-17 19:55:16,2025-09-17 19:55:19,-3.0
3502284,9dbcac0467b4b619c969d8cbc3e7f27112721484632d052cd88f09edc89f0f39,371d24084c47eaeeb2f008cfcfbb7324f53da150421d2a1dbce66e5ae068b4f4,2025-09-17 20:06:42,2025-09-17 20:06:03,39.0
3502286,f11c54a4041197ae5012da17466c7d776b632e7f3e39772f21625e10a3a88e23,2e80640c073a6c3992a5991790dcde071aa22b63469ff19f58ee5a325a0ff7f7,2025-09-17 20:25:12,2025-09-17 20:25:19,-7.0
3502290,e17c1ece13d7360d7cd3dc479404530eb7f5759f76f9c059316bc59b0b1a5b53,514e0ae698312e4041cb8dbed3a868b1e17b312d6c9cd7a6bc0b39eafcb9e8fb,2025-09-17 20:53:53,2025-09-17 20:55:14,-81.0
3502321,b63cea3c8f8f232e6161f193f57ce99293da3c87cc30a6f887eff693b0bb8df8,cbc1665cd06dc099c2707a9cbe328f299819be58a7f9475a5c14bf5170817320,2025-09-17 21:55:31,2025-09-17 21:58:21,-170.0
3502329,68d7a0d6f9d4d493c36b7d1d5037fd8fc5ebd0101c20774ac6f1b2c7d3055838,2b3c8be7fe27bc05f8ff8edfd42002e1767923665168a4996c6324e0ecca7c43,2025-09-17 22:19:11,2025-09-17 22:21:27,-136.0
3502362,d7f64c81275d0e9667eb06a71694b90bc5e4c193e81853e384c4cc00b668b2ab,27e919f9facca7d47efad9688a672cf0600586ed12705a60f8fb4e9407033d0c,2025-09-17 23:42:10,2025-09-17 23:42:11,-1.0
3502398,4d3cb6c207870ad39be49ab4fa8e9fffd0b21a9f7526f83372e0c1034c24ead0,ba6b9748b24454677c1b3b57804fd4a25e9255bab2e6b13e303b7c0398d6b247,2025-09-18 01:00:06,2025-09-18 01:01:56,-110.0
3502411,9ee345a4b90d650104a57c1224e33de9e931f55ecf48d3d9326a00565a22606b,6501f716438497efcd63f37fbef2a40a987822dd64510dee48e792d570ccafe6,2025-09-18 01:26:45,2025-09-18 01:29:20,-155.0
3502436,a9d6eeb64267f65847beb3cb9635face6f7c0fb7637297c9bd58adf90c16f0dc,dc3a18e3c04a72a1675e1ad4b38b29df041bb35466b9b33de42e8406102ca397,2025-09-18 02:16:30,2025-09-18 02:21:30,-300.0
3502452,3ada382b609c8396f4b2356dc32a392e2ddbcfc4415ea0c07b0e4ca1edc7a6b8,40df35ef78cc7aa583ff578ccc1cd95df7ce3bc18d067743630e5e6fa7456c77,2025-09-18 02:52:14,2025-09-18 02:53:31,-77.0
3502463,8b861c11a20adb0484a5b681517371ac9b8a287ee115dc7c43835a9abadfa4df,3895e3e8e0acefdedc3a7633a0d61ff68661db7958f7149cddf57657a8322b80,2025-09-18 03:15:31,2025-09-18 03:17:55,-144.0
3502742,f8b034da47e054d971e7c29fe2a656083387622c7440e33d1561ad594be8d34c,993a326765da0cf508030126fd907a9e1a0b6c461970d0bdc5289a9161852290,2025-09-18 12:27:34,2025-09-18 12:29:08,-94.0
3502744,7ff2aed0181cb91004a1b35de86e4986b6afbfb0a40b83d0e1a404a4f4993c09,13af06c6a8a8c3835bfd0bf9229b5e8a38741457d53fe634ae2851d5e2958c15,2025-09-18 12:32:05,2025-09-18 12:32:06,-1.0
3502763,15d258efa20006b8cedf297c53b006b91a9ff47af77b240b6a612a99255beb4f,a14a95e80710842a437d3c9a23972149c266a3105f05c3642f9db337034cd80e,2025-09-18 13:09:45,2025-09-18 13:10:01,-16.0
3502771,a233e0b84259ab2e6cdccd23bc98cc3e5efbbef0533cc283681459f4b5331408,3836041b955ed0e1fc055d938ab2f776b685ae81bcc2f117edd8ed728977438b,2025-09-18 13:20:50,2025-09-18 13:22:51,-121.0
3502788,7459ef17cc76200280438379f82a20eef88e27d4df0cf4ab017c9db9e52d39c8,d2115725f5fa73145788438c5dd5b3fa113f5d56bdf92af82177011eac49da94,2025-09-18 13:52:29,2025-09-18 13:55:10,-161.0
3502794,8d41f6d8c9269055a2d435246a4cee8f34ca9953185a9ee94cd0289f902d741a,f9b76db9c6826781845977a1cb762118ac545b9762b2bd943eb5e68025b09534,2025-09-18 14:10:25,2025-09-18 14:10:27,-2.0
3502817,28201869127fc335faadc0e0c52f8595b45602d8c4505eeabaa50e8c1f94342e,9ca8913cbf2eceddd2b34c1c0bc02f8dc6d8e25d32e083bee4a4ce745bd42bda,2025-09-18 14:53:17,2025-09-18 14:54:30,-73.0
3502825,347f2fed62fb6ddce42643651dea3bda7cef96cc07f1b4643963f9d2ba4c9439,66db7c8bf10a38d6c6fb74039d8c29872ce4dec9145b281e6e934d9151982fcc,2025-09-18 15:14:32,2025-09-18 15:13:08,84.0
3502827,7a1f6758a3b913b13e85776409c12f41fb674a895107b2a0992f3a5923061320,b6f5b000b6eb9eb9908874f441ebbeb9d7409072013029ff385b1b5b98526207,2025-09-18 15:20:48,2025-09-18 15:23:08,-140.0
3502829,3b61430f747becbc6ac3905021b26153acd107c553d20b0efc34226ae3d66387,8162af395fad5805d8a8f605194a77ccce75d7027141695a70989a66a915c783,2025-09-18 15:24:45,2025-09-18 15:25:32,-47.0
3502849,b2251b53df8955017178db36fb44cf88d0812b542325f6cb538abd2708c297c5,5b46c86db599117d51de8045e6f7ee84fe2d4c8fd2058cad7dfa98ea2733c045,2025-09-18 15:58:29,2025-09-18 16:00:55,-146.0
3502911,5db5eb83ef36d42de83a17b37394c6d5ba584374333d634f0b6fbf3fb48b0178,ad9a3131567d225b5903b8f1f635b312688614878ed506ffdbe24b1815e71627,2025-09-18 18:20:04,2025-09-18 18:19:31,33.0
3502930,217f29e6c856fc3c6441f42c78a5541ee8d380e32b9baa86faa20a96b02ce789,85751b704df53423fbfbb9fd993de880f33bc2a3818efd49ac4401cc57088a80,2025-09-18 18:57:25,2025-09-18 18:57:42,-17.0
3502932,569432e379ec46d30f9f8e51d32d19a8cbcf998b59aa82ccc6216d505b16d5a7,e5edc0ac74aeb38a1088117a80da5a040984b55f35361c7ab96a56e63defa900,2025-09-18 18:59:25,2025-09-18 19:00:24,-59.0
3502975,fdd22577d55d52ea5b45e758b6cbd5741d0bd7f217d1af15169b44d53da1661c,b4beaabf574552357e4a4637457aea36d1f9ddd2c99d12e5203a35e286779460,2025-09-18 20:32:14,2025-09-18 20:39:14,-420.0
3502978,846d70b5dc940b4ac45d26f32fa02df076a96c3715d44a007c7832058fb23624,44c6710a62f3bc84e4c7d32c5ec939b0b50d6e1a542bd7996203b51c014b3eb3,2025-09-18 20:50:37,2025-09-18 20:45:14,323.0
3502987,b97174607016b1da7476db505041c4607536d5f8afc32d1db676a0eb3af1e925,61f9c9332e5532c25ae5620c90d88f1cc162cb33924b2001013114806cf31ca8,2025-09-18 21:06:37,2025-09-18 21:06:45,-8.0
3503008,900081a41e2ef4b4698d59be156d1798fbd3935b17499462f3731ea0582f3bbf,7791bd1e536f3e7c8a74a54d1e138d0cf16f6960689630e7d0743dd1c4aaca2e,2025-09-18 21:35:50,2025-09-18 21:35:26,24.0
3503017,7203f9140dffd7d3b6c3322262435a36274a3f8bb1aeecdadb15dc947f46f159,ddb503f9d616d28c29e991c7dfdd3d87be500fd253bc579468dc687e61f967d7,2025-09-18 21:50:39,2025-09-18 21:51:20,-41.0
3503019,050eda1056e401cb6746752de07f3f6282e353327978fc6bc9c011ecbb263dd5,aa65fac833725560ae8d5b349c29d02e4d6a05d2a49bfbaca4361ced29c8fc46,2025-09-18 21:53:38,2025-09-18 21:54:20,-42.0
3503021,11b031ec2856ad148b8ff0b3ccfb74b2918d3d394f03d2ea580a018b681dba58,45c686d99db23ce362b65329bf49764dcc2df72e11c4bd136ae29f265fbc9c97,2025-09-18 21:57:08,2025-09-18 21:58:12,-64.0
3503041,99eda45ff85b5878518af99185ef1e18afbcf34c85a2092af314de51e21da423,401cb02bde2e0d7c82342a3c2c49cf49b1da420e3654d40695ff05be838052a4,2025-09-18 22:51:20,2025-09-18 22:51:26,-6.0
3503042,3b97d70edd6fa04ae35eedb882a4fd1c2d70a108d3a46dd58972de08e5d4998a,e45f02744d867773b8d9a8610475b03144b1268a086672e639dc03103a154e8f,2025-09-18 22:51:24,2025-09-18 22:51:33,-9.0
3503061,4a7a79df9aacbe9712cadf56ad21f46c56bd4393ba81fb7b75440cca41c9b956,a58e909012e960d570a2444fb48568063762f5aab9d89b9dd1edad2da45f1064,2025-09-18 23:28:14,2025-09-18 23:28:19,-5.0
3503069,41b60082fbfa1fc7bd84ba5d5c21d46d95ea5f5c18ca7c3dc1e33cf24f794a76,dab9f34658543b97898e9c56a1f336fdeff262716dd605b81a5520f8e73c5103,2025-09-18 23:40:36,2025-09-18 23:40:47,-11.0
3503083,678175d668e7250fc79f4c7612ab6a570f91c9fa58abc1cdadeb3389fb6b9fe6,731a3c2969a5c6f21a840234ab19857b18daf104a3d6dae83bce5f6aeb1b7346,2025-09-19 00:04:54,2025-09-19 00:04:43,11.0
3503100,4ae5ccf227020c8f0f220c091113472e83db8bd5f349bc9c925839eeaa36fe93,761e5228255b3b54f835d73507dac7b39d9b330a69c231152d6b8c6ae1a9dac8,2025-09-19 00:40:54,2025-09-19 00:41:55,-61.0
3503107,2e7e1fd73d486bdbcfe97d2480e047509b0a363cf2bfeb25c92997fd259bdd55,e55a836ab1a5f229a15b12414b4a9075e909187becfc48b05ab05e28015cdaf9,2025-09-19 00:53:01,2025-09-19 00:53:20,-19.0
3503110,ffea81bd9c59f05b4cdf18fd20ff4cd27b69ec97eb9d01ff032d84686fc31b73,8a2a01c9c7340e22b93357f52b55817848a46cb9934e20370c3bb5f19a9a1a98,2025-09-19 00:57:42,2025-09-19 00:58:35,-53.0
3503118,71bfa0776edf38205d401fb3296be97d26230581cfb360a9244ff647ba3a56bb,68eb25d41f324f226bf27d5764dc8916c4805fe9a54d4d6c1ade6e1c839087b8,2025-09-19 01:11:32,2025-09-19 01:16:22,-290.0
3503121,abb142d60ae08143200d99fca279715e61e360d84b72e9d6fe256809e1b6ce13,98219894702aca254992b5fbb823bfec92eeb7bd405de8ab88b3375e67ad36c8,2025-09-19 01:20:45,2025-09-19 01:22:11,-86.0
3503124,056ad822e3d591ac0a12ae1036645d99602ee37ea63a5c305001f56d76263223,8d4d76a1cb0f2927eaf49982de9f89faa446d617dee595140b1ec5962450bdb1,2025-09-19 01:25:57,2025-09-19 01:24:03,114.0
3503136,0137b59294bf9c919bb60621fe6ddfc859e7287fe7991fee81ff68f52f6b20a6,ec885049225a0686088362460ef8398d3999ac5af8c25cda8ebcc4e6152f8242,2025-09-19 01:54:33,2025-09-19 01:54:43,-10.0
3503156,5975f90850e0f8ffcc03af3547c9571369b479148d82a3e75f93847aaea780d6,d6f0c9c156c1dc570ba9b4ad11aff260e550d37b7b7033437f7be173e4a8b87a,2025-09-19 02:32:33,2025-09-19 02:34:27,-114.0
3503165,1532e4f0d1bc132bd6006ac401915e2ff3263d4bc2e05f34c102397383387f91,f43e76a4c27f3eb723cbbdad86efc3f660e243f3c3f535c895122372975209f1,2025-09-19 02:43:57,2025-09-19 02:43:58,-1.0
3503187,b25bda7fbf89f725d40ab7bd847b22cd7a8873b22df6bee47e8a21022905e357,aedac923f6054ab649414d0d27f4462e093c2e71937e26ea22010ec128b76511,2025-09-19 03:20:30,2025-09-19 03:21:10,-40.0
3503198,af9305eb6ee0edea31cf43c048e651fc2f90a0fbba3224dc8db9bbc7b3652734,9ff5adbc0504c6aa036a9249fe18717a03bb8b24ae8e4e387fc7a9ca68ca3d50,2025-09-19 03:36:33,2025-09-19 03:38:17,-104.0
3503201,864da71694619001509e60e3eb9974d73a1de90e661cb70b5b7402531a7a8be1,151f6e96dec102364fd3c70c87b06432d0d2967a600f337d4b66691b1b17daa2,2025-09-19 03:43:21,2025-09-19 03:42:39,42.0
3503207,6ddfbaa42323d26996cdfb044a4e05a1e1b78803ba5220c14f7632c746d81331,b2f112ec1aeeee20e5a80f92ae98a90c7adf2c7608e7b4a4dc7fe74e1ac50d81,2025-09-19 03:54:29,2025-09-19 03:54:55,-26.0
3503214,ea3184037aefb4d7ae39de78ca717528a5c33561c68e1ef71ba7ab4029915156,43c78e3a171db0edb5c823cb9f85c03192316dad5eb9e6e82b91fa3ece5da32d,2025-09-19 04:05:09,2025-09-19 04:05:36,-27.0
3503216,2d87e5cb2fa708493f36747c85a0ba3c07041bffe99107f2d1860129f172b8ed,25d0437b0003d0ce950fb885d3ccf746e88adb5816c22fa4cc82093efbd37f94,2025-09-19 04:06:55,2025-09-19 04:13:10,-375.0
3503226,5f1a2c55372a167c3e0da4a9ba1176f640b0c2711793b89c34f6ae8cbd4bccaa,9f267f58703ea176be2690dc5747d95e842aa01fafa151fb2391ce146c99f074,2025-09-19 04:28:42,2025-09-19 04:32:11,-209.0
3503230,125c15e28c907d11cb35ca77f0cf95d0ebc611f34888a8cc383ece587e049cdf,300f091be82804f06187b2b4b0cc1f036beb6ce03213fc9394e4fe683ef13f2f,2025-09-19 04:38:56,2025-09-19 04:39:19,-23.0
3503240,a8d08890e327dfafdf00aa59aa464774392189e81f9ddf363d0e80f53f743b67,17fa18b43323143b8902bf251499315ea57fde46abbda0ff349a4579f374ddfc,2025-09-19 04:55:26,2025-09-19 04:55:43,-17.0
3503248,a20bf891ee4c30141b02a68dee69f0a7dd7b5e9ebabefa1915b158c84ff20bbd,4ef1c093bd17be6e08337f76a188c80d8b09f77c1621d8a71b6ee3b4353532c3,2025-09-19 05:13:46,2025-09-19 05:14:17,-31.0
3503254,26c737b3291a7e2ddd275c123bc9b43db87d0d5bf51864b48cac2036db1440d6,a137fe04c52b40189c3204400798f82c9febead25ec01bd81a3640251155bd3d,2025-09-19 05:21:24,2025-09-19 05:21:56,-32.0
3503257,380d88887fb6523e53a5287c98bdaac76bcb52e16e257e2e3522c3f0571947a5,2590a989fe15a7e0103237ed31366e595f5c6633b74afec662c2bff4ca3c73c9,2025-09-19 05:29:35,2025-09-19 05:31:27,-112.0
3503272,9d3e8d572580d223deb26075f6719eb8a41780ed2ef72fe0b3cee494495e9392,1a56db97957ee23cb478566356d3280fb12ec2df53534e657568f2d7d952a4ec,2025-09-19 05:54:05,2025-09-19 05:54:59,-54.0
3503278,51aaddc9c98e44d3b2b7c97c88cc4d7ef1791e5360710d8cc8b21e1ed8aa1b2a,a0f43657425762e304884ca8e704b22c64ef95f3433b8a033b00c4439eef5dbf,2025-09-19 06:03:06,2025-09-19 06:03:05,1.0
3503288,bcde637dca371cbaf0abdcbfc1dce03f15a2fec039538be214c473e3d3b03eb5,838fb24eb118e5516ca83e6aa7601cdfa8bdf0a2cd2ca27513c82b5d7eecff06,2025-09-19 06:28:07,2025-09-19 06:31:56,-229.0
3503308,a2b63582800cbd5aefcea24b950e05491cb731695714f09a8c2e32c761dfe163,ca245ad6c6cffeca686b0f9e361885e4fe0333feba9d78a1b539055fbd89b24d,2025-09-19 07:16:55,2025-09-19 07:18:08,-73.0
3503310,4b8cc8af887deb77a01a11db6d69d7d543a6ca1b376f2d0da652d6ab126d445e,67d4e25fdf48ce7f7196426f7816e1b6f3858574441404cb68210b4656a38956,2025-09-19 07:21:47,2025-09-19 07:22:10,-23.0
3503312,d483a11d9f15f84546fd0c3fe3fe43459ef733c85d700e8faecb17e0eefaf3f0,c0380a8532cb367c15badd38fbf486d9e23708c9c1f35734f1485cf00c41addb,2025-09-19 07:25:44,2025-09-19 07:28:57,-193.0
3503319,5959b29c6118eb5ce942221905b7f289916e1db346cc31590f730b263b33cc64,7b83e1bb00d0679b5fffd8a2460198832661a075a79d0e3d4f69995cfb2d1726,2025-09-19 07:37:32,2025-09-19 07:37:32,0.0
3503328,649973161242783e27c45b3e61683bcfd70c7f6f089830128345dac301105b7b,a8055f6b74d31939df4d9d71b2cb38ca02fd849dc310e2cee077d1090ee4d24e,2025-09-19 07:49:16,2025-09-19 07:52:30,-194.0
3503329,7a8921d572b96733b855f266a93d4ceb1b84c623618481c1f2aa66dc89bf12cd,b6fca8aa428f1246b7b06b8cce9bfc0c1c4e640c708a40c5cdc059dff93b3b68,2025-09-19 07:52:39,2025-09-19 07:53:16,-37.0
3504394,2c47cf23f15eba85ccde62c18e6f07a7b21a099948dba33fc00c05e8cf3e2a4f,520c8aec1724a3fc65dcb051e1edf4d06e839cd8a81479a48ffeebc8b5d8e740,2025-09-20 17:51:15,2025-09-20 17:51:17,-2.0
3504399,e3a67dfe68fc0554c4ab2d60e00440cac3698d12d6f7285a473827b0bab08ec1,392affcd30abac5443c715045064e933530f4a618e81748bb97b47fc8e561170,2025-09-20 17:56:12,2025-09-20 17:56:07,5.0
3504807,5ad93fd2b858f82ae2e496a6f0a76f62aad6fc32f41b3bf17b8fbc78cbe5c324,45d93c8be0d6e0e1755e6cb40025d51a65167c11df7576222adf61b617c625f6,2025-09-21 06:25:19,2025-09-21 06:25:21,-2.0
3506234,50a38cb1e288afb97260c4a4ea64b3bfa2ddde01fad19a0733eddcbcb1a6af5e,5667d7fcd7b776bf551a51a96dae7b1ba02b8a719fc5962eb6ecaf8810497cc7,2025-09-23 07:36:33,2025-09-23 07:36:32,1.0
3512940,45b688ccfb8c2e78a6e185946dcb08feaca715aad2d7e479cb19ac9c73fa98d1,eea4be676d4c628609ce48246b549d30f5e2e21fb834314a838aedb9b0843160,2025-10-02 17:02:45,2025-10-02 17:02:50,-5.0
3514312,1ff3a9e7d6ff665f5a5637a5fd8cb39ca53bc183154432a1099158fa006a5064,0731d7dc3196e275d5aa787918858c7520cf8ca862d9ca018ddd29593cef008b,2025-10-04 15:24:23,2025-10-04 15:24:17,6.0
3514696,0be9939d7d4f506a70af27eb8748e679055f4b7d18bd4075b6d8145d45d3ecdd,ab757acd29d500cfc41a048e938183ea2d014b62dc70354d2abdd54fb35bd3ad,2025-10-05 02:35:22,2025-10-05 02:35:09,13.0
3514774,2fb36c84bdf4c5a05b2c1628cb673afeabae89f4402978fb518b8f0ad7021f75,722d64dc3c3aa8071cb483250f8b7dfab83918b819099ef4a43a9803322390d9,2025-10-05 05:37:14,2025-10-05 05:37:08,6.0
3515306,6b1445d6071f190d14b766b8937c615d3efcc78eb1f47c8ff9331867b2bbea8e,5d5b154983074048d0c2cd93f0f383e1824805315a9e1cead100e513432bec31,2025-10-06 00:41:55,2025-10-06 00:44:51,-176.0
3515316,0f7bbb4da6b279b4c9b5024ef093bc00bc2f5882b3fe869b97d315e5f1ed2170,09eff87ef4a1e20e9eb0438b0952e88bc31671fba9971362b33e0e11f3a2252d,2025-10-06 01:07:28,2025-10-06 01:07:29,-1.0
3515327,985a305418cbbb42f7ac317a85058dd62dd72475d285b876520d6c434be65a1d,ea635d77646721763691616bd5104392972ddf774d7730b9a4667ff67de84cb3,2025-10-06 01:36:01,2025-10-06 01:35:53,8.0
3515338,8b07fd0291e1275c4647ddfb60ecce8f9e288f850be4652fd1667f360d195c7e,7ff4ecd989bfa118718cb575cddbacf695d1e8c63cd5da674c9092f1e14d0fd5,2025-10-06 01:58:49,2025-10-06 01:59:48,-59.0
3515348,7d1ade8659dfd3a710293343b7f7415c4bc79bcac92993698e300d34c38decfd,051e1b67bbdfe070b7f1d9f6d14b375377e898a264c8f1a12a574429888800da,2025-10-06 02:19:22,2025-10-06 02:22:07,-165.0
3515350,e31298fa85abbafb9193abf8bc90f3dd68482aac0c9e15948c29cefd8c6891a0,c936592d1a516ec149b4d36f29e493aecf273b1067c54b1ff2fbf1d8df595a92,2025-10-06 02:22:23,2025-10-06 02:23:37,-74.0
3515364,6ad299253d0733ae1b133d09e4d96e603fbfe801c8a8a636bd0820ea3f89c2d1,ae2a2e9f4cea1a97f39a235f64073f15b5ca814a86c15cf41e584886f3332395,2025-10-06 02:55:20,2025-10-06 02:55:34,-14.0
3515385,26d0e851f5eb1cf4aacbdedf3301dc9ff2d10f67a401e967e0dcf17c1654f641,2a2e20c316b743f9baa572ef2d0ce5209ccd06457644b718dc78531912aed234,2025-10-06 03:40:11,2025-10-06 03:41:36,-85.0
3515388,a3d0a2c22c5a3e213accaa5967aa17335a3998cea4829cb6aa7768c6ad0ca0c8,4ed546b657b7fe3246d6e73e6bfde63de65971647b6033b458e3b35013bd6394,2025-10-06 03:47:21,2025-10-06 03:49:42,-141.0
3515469,8e2288a849254a5898d1cebcb48dbe5bb306295775bd3d6a37abb6cddb0cabcb,416a669a7790e18e66ba4aeda0ebcb33cc64df53ef0543ee2955e8e3b9541c27,2025-10-06 06:35:05,2025-10-06 06:35:59,-54.0
3515510,4c535ff5c5fce86b63d9e19fb3b42eb22bb98afc3cd2ea2e90c8aaaba925b4d4,d49c1685351d9d50268e04819b49c72564fa8f7f21a7dd62afa4d39da68c75b7,2025-10-06 07:49:58,2025-10-06 07:49:34,24.0
3515520,26850027529e12c351f84f75fe919ef98637f30b960c41e6519d4ea5614b6a0d,6e9212cf544ea812e8ad57e870e22a7ec3b476ca2eb71b5d5fa3275b94aee05e,2025-10-06 08:19:50,2025-10-06 08:21:16,-86.0
3515526,13bbc077e47887d6db953b71c6f6594b7c60c16dfbbc842703bef82d8cf6af5c,97e0ff05fb6b0f8dba142092ec098d1af2f231aea0449b9d532b5a8c733b312a,2025-10-06 08:39:13,2025-10-06 08:40:21,-68.0
3515553,f1b0266b497c96b3152332c953cdbab8e564506d055006cc1a06117c2e3695e1,0fdf1224eb3ed8891a2639ed6bdb51094345b62256c3c14d76cdaf8b36293c55,2025-10-06 09:30:18,2025-10-06 09:30:29,-11.0
3515569,ebe5c1a8853dd60e2c59fd4334282d5d6aea6977a4950a751bbc2323baa4242b,600e294084eb099f0e89446d68fcc23536b91efd4ac697ecf2b531205e319932,2025-10-06 10:02:28,2025-10-06 10:04:44,-136.0
3515599,e7cce30a4513e9ef2fab8a5015c73d03858bbd3a2b37a5b7360f2951ae5c5d30,27274763e927e9c1f35a6becc479f37e63e6fe564000c7df3e70068fcb84b644,2025-10-06 11:27:36,2025-10-06 11:27:48,-12.0
3515614,5c589f85e4aef15be8c78fb6cbbc800011a56b7560d0b866b3ae538be0e6487d,58d810a5619fad89cf8f489ec6d6074ac97005b660a901bf5b149b8515abe747,2025-10-06 11:51:43,2025-10-06 11:53:39,-116.0
3515627,ebe27d9ab6c3cc0d73fb8a6fcdc3268f3395827313acf77db0967344e078b61a,431ab10e9cd80e21212ff308e3913e1ddd066b8d285d03dbbb1d341288031d2d,2025-10-06 12:24:13,2025-10-06 12:24:49,-36.0
3515628,c4aee098b0e8ae111de8ccb491a6e42a4e8e14e2e48d8a18f7044d30a9eb4753,b1ffbda302934191eaadc588940979d8601685c7c986da9b6ed7e9f2be9bc8a1,2025-10-06 12:24:18,2025-10-06 12:24:53,-35.0
3515641,6e84ebb5f7bbb455cb90df033c31b310135b908bcc8dfcfbc950323d66270fa2,cd02e3a90aae550de73e2e4c9196f4bed21c9d87b19f72bd94164ae6143f0f75,2025-10-06 12:55:56,2025-10-06 12:56:05,-9.0
3515652,add420e7ce1752d68c948d2e7b352712eb3104aea79ea2d0c6a1a574eb8dbcb2,eba6e70eff9b0600201c1813099eb760f455b8242fb8e603b9f8442338ddd648,2025-10-06 13:20:48,2025-10-06 13:20:22,26.0
3515669,b7547d441e74cf57dd0eda0e5f26e2f6ace4380b3897f5c4ba2adac61beaf096,f1428997afa1b61c341a00683ade720408afc16b6f8ea39ded4aeb8b066c91b9,2025-10-06 13:41:12,2025-10-06 13:43:28,-136.0
3515689,43e519cce72e3847b2c4dfaf8cbbc4a42b6791d514b7668071a79ca51a61e383,2f612e3d30db0a11dc54bacbbcf41dc7b34e8d965295ce16249d1bb07101046f,2025-10-06 14:15:45,2025-10-06 14:15:45,0.0
3515698,494a32c6e092c6a7af7b4f4e4b580a86926e47b50eedc37f785360981f2d214f,21edee10b58d446ffa3e2b28afd29fd492cf5503b0c74269710e3e57093a0fdc,2025-10-06 14:24:59,2025-10-06 14:26:30,-91.0
3515713,5c781a1fd86fa3e3d9cacae7902334503b573f28ae40938e9c8ec5486fbc7f3f,575f6e1ff4ee99acd69a83a93ac6bd294a012a590ddaa2b64d3827dd08a5e6a0,2025-10-06 15:08:31,2025-10-06 15:09:42,-71.0
3515728,d4d5594c0072d597529c2a011cd91e04bd79e6fbcb2156455744dd3c267581b7,c6f03735e0a34cb640cacf982ff52c1a069b37635724ed834df895f8e09899e6,2025-10-06 15:35:30,2025-10-06 15:35:24,6.0
3515735,b79f7d1a3916de8aa940e023246a194987a9a4ecdc3bc053c1dfa52cde1e682c,ea18b0a5cd419216fdbe948c2e020f06e741a12c49fefc498d4f61650144eca6,2025-10-06 15:44:16,2025-10-06 15:46:23,-127.0
3515741,04cbb4d5822d48fcb2da6ee145fdb8ae20118cca5614bfdb04587300e821eb6b,bbcc42dbd6cd69d1af6d21dc2d5c6fad2d5e03a017b1694f6ed12b45d51c0fe4,2025-10-06 15:57:02,2025-10-06 15:57:32,-30.0
3515770,fd5a4c77b491ad8456582b3bd8c3dcbab696e865308352776294b7b51a393f1e,24fdfff75ca04d322f2d702135ff5e66468a61a967ca4bb3854e754ed411a535,2025-10-06 16:59:51,2025-10-06 17:00:36,-45.0
3515772,d46f8bf2a626c4eec50611b0c98c8d03858c2b991defc76bbef49714daa2ee52,faaf439d1c6d3d9e9aa98c1a0a22c805fe8c64307f5829272bb10a0bbe9600d4,2025-10-06 17:05:22,2025-10-06 17:06:43,-81.0
3515773,b5bebef5fb63438845871932d2b08651aa64ff846e7456a7cad3d993ba8920f2,902e2b23da0c7b12631639fedfb242e9b9b838a6baccf10bf91628793e02b96a,2025-10-06 17:05:26,2025-10-06 17:06:55,-89.0
3515775,c414605228a96e909bbf5aa2cc780ed9988b9d4822039a03e5b5c710dd58b2c3,b89198d26112622e2823ef4558a5b671dbfd623ac35d6e8b2785a6436e3ee0db,2025-10-06 17:09:16,2025-10-06 17:11:35,-139.0
3515793,6f9d17425a4761619560b0df6fdcc26975d453a47a77d801d237a30281330dbd,c7d67668ba03ecf215680929f95ac3011ea3397f196b69844f3ee0f16f527f36,2025-10-06 17:42:09,2025-10-06 17:42:27,-18.0
3515803,70d502b174011a519409d96b7887f37e56977acf71bc7f840464cc570fb76cdd,301bf9c18911e4795a8bcafcedf8fb3bd4e6b40137bd02623260b20851ed4c0c,2025-10-06 17:59:38,2025-10-06 18:00:39,-61.0
3515805,6f010967ae239aaea7c39b3906e62c8f9276f390c7d5aece78caaa95a9bcd993,199d15ee792ef92891b008e200c9c7cdf698e40c8c48932710a1fc181bcfa5b2,2025-10-06 18:03:20,2025-10-06 18:07:16,-236.0
3515809,69893461ba9d653feec0755a171dd09437f06235a64bc9e3f28bc6f0f5a19067,18872aab2ee6e9e2d05338e03afceaae0ee1aa598cd490a3f4f17ec02a410ab3,2025-10-06 18:16:14,2025-10-06 18:17:07,-53.0
3515810,1ea0caece85554984379ba95ef3ef1b23f9c57209fad64c9eee9421de22d5aa0,0cdd8286f18a20d079dae102ac9c539f063dd746f611c874b8909828f96cc570,2025-10-06 18:17:08,2025-10-06 18:17:29,-21.0
3515819,243d21324658601bd127d491e09eef1f504300a7c624d10026a79587ca55181a,704f0313309e9d7e5e9526fc2e24a22d60a1d59503f6cba42fbbba2ad131d675,2025-10-06 18:34:41,2025-10-06 18:34:50,-9.0
3515829,328de00125e8b6c502720ce692202ee69e153785bb15b86b78a0ba497781ef86,25bfd119008cacdee931a9ce77fb67afb4ed8ded33c062f6de577523d7416cd5,2025-10-06 18:51:28,2025-10-06 18:53:54,-146.0
3515831,3160fd112b8ad8dc1a6b1025c58cf5e4164aa2f134239be802bc9b68ec784f75,cd4cbb95eb9d535448a2412494ed38746936bc9ec8c0c833ce44715940963852,2025-10-06 18:57:18,2025-10-06 18:57:18,0.0
3515833,60dc40e38bec95b779cb62d83aa506a008f816e78417f891ec2a2b342fa8407b,ebdbd36a7b1a7dd55927af7997ae2b3c219da0494454c2b9b44705b56f89c4e9,2025-10-06 18:58:33,2025-10-06 18:58:07,26.0
3515837,d359f91506c752c2f0b949fa942f491afdb0a079dbccee10f0bcbdd791c611ef,41ec43d5525d9b986d0251cfc474e70372bd5aa205add72267c9ade9dd2f5886,2025-10-06 19:10:29,2025-10-06 19:10:33,-4.0
3515840,6ceaf1bf5ffca58bcccda9f935363c4d2f3c0509721449852a08d3c026715e6f,b61e5751038db917f66ad76c359e5b1233a1a83b9da1cc80f0365f633b8d171a,2025-10-06 19:18:09,2025-10-06 19:20:17,-128.0
3515849,df910ad0c133636f301ca3b58fbef5ebb36c2e114c62153d97e60d09e589e917,1446881e3089b6238989426fde02fdd8d6193a286c02fb63a49d5e7a0afcf972,2025-10-06 19:39:51,2025-10-06 19:38:27,84.0
3515871,92580255ca9e88e5cc7d9a39513687ce1f6d498838f0bf023a6f607873e1bc3f,78602d672af8351b27ec4170f8eeeaa7dd193707902f9f80c5488c22c69389c6,2025-10-06 20:15:45,2025-10-06 20:18:06,-141.0
3515875,7b4977f88bb077e91db778f3ceb483c07de4fd0d7997ab29731cd518229655fa,9a3c69ece323805e4dcc5e3308c150c7030ebf109313b90024d3ebb0e9acc468,2025-10-06 20:21:55,2025-10-06 20:23:05,-70.0
3515882,c67f4709b96bbc2f90b402759f97c2e41471ca57efaa4ea58554149503b8211b,0057154a44189f6e5df28c0bd60ba8a2504c412b807c9c2e165c42fd179f61f4,2025-10-06 20:38:16,2025-10-06 20:39:07,-51.0
3515888,332d1d4d99012840c84db3cb69026d24e9c9ff1d92f0341f19449a8ededcc3c3,224b9472d33eed27aadfc54c5bf58cd9766c079da589b708438936bc8641180c,2025-10-06 20:45:07,2025-10-06 20:50:40,-333.0
3515891,f86d921dda21d8cf1871fcd7830cc87851355b1ec67c2068fe78c15060ea224f,98603bb682c4c756f214741c99a30fd76c1a40a5fffd1d25139ea6e1c64642ff,2025-10-06 20:59:30,2025-10-06 20:59:08,22.0
3515899,23b2a0d494fcd5492e37bfed48c243828704d8ad20c5569d1ba7e145211022b2,53c0046ff5a596c0e76cb397be2caa1d9c111ac316af96abb3174bd16b0fe115,2025-10-06 21:16:29,2025-10-06 21:19:34,-185.0
3515906,9505a9c0d9b511c927c2a30a199802bfede6aa1025b07be1b44fae4c513b740b,e43fc7c5b4010c82c64848fd422e63a547ff47399ba9534896eeb87460c7f9c2,2025-10-06 21:38:48,2025-10-06 21:41:38,-170.0
3515912,039e1174630cf01e02ff2eb2c90e5999fef27225f209f8fe2683ab102020611b,abc50b78394bbadcbefe37fa09f7c429313b53b26a03c059125d8db25ea93837,2025-10-06 21:54:57,2025-10-06 22:00:02,-305.0
3515915,70fed805a9f5572780bf191053735b5f8db32f021f9e0dfedf2862526034cdeb,221ca8526e94b3669108be468322b1199274111241bc7a8ebfcb83a47987c87d,2025-10-06 22:10:23,2025-10-06 22:10:50,-27.0
3515918,a8932a39481fe1be8542be4d9228dfb84e181d27d69f414b23e4eb70a9d6536c,1dfb454250ecd2f87e4a3d639be25a3daec601dbebce92e04b3cac5bce276c19,2025-10-06 22:19:28,2025-10-06 22:26:22,-414.0
3515926,7b640eeb92eaf1d167de6efe6dd67f4ec93c47418ca50cb00f327bb98912eabb,e8bddc28431e7133a6e7943fde4c99b50c5d0180e55b723df662d44b07657788,2025-10-06 22:37:33,2025-10-06 22:38:49,-76.0
3515928,40f40478b2b7914f6eb9e44df13fb5be1fbbbe7e12b324b4a9575b24cc006244,7913fc93eadfe784be59a980c16140a43042c1000573b3c6fff088e8453e96a3,2025-10-06 22:41:59,2025-10-06 22:42:41,-42.0
3515944,361262af7835ddeb178f103fa59f394c3d5b49f54e3a9837d717f670b01b8056,0ae321dc0e777e1fc0edf3fb7bff345712bdce79c881f01234225b17a013cb98,2025-10-06 23:17:31,2025-10-06 23:19:17,-106.0
3515955,5618160c0bb126aabd998ff4bc727da279051ef9d19692068c3d7e13b223cae9,b3e6222f3c161ad3e043e7b3383d40434383750d502cadbfcd27bbb048507536,2025-10-06 23:46:09,2025-10-06 23:46:25,-16.0
3515959,9eabbf7be81a50bf811dcb97ad75433d3e764f99c729b4f3de8bc059ec84bd93,9a4b7daf75adca2772e4d4c9d1e286df109b397e81cf7c3253ff1c1fec7b384b,2025-10-06 23:56:46,2025-10-06 23:57:19,-33.0
3515963,dad79bdf202513d9e7ba3a3daf0dc385328262e0a5b8dae6d4f13a52aa712bc9,b1021b2333bf42e66f0b5a1bad00d0fe0da3ef8ce77667c3499f4489a052bce6,2025-10-07 00:05:29,2025-10-07 00:05:55,-26.0
3515970,2dae02627d0016fb5fc619496ca47ee1145aeb91a5383065e11c6b8ed1bbd017,5f6696755fb948ef388003c8bbea11b00ef4d766eb1cedb0256dfca36c40dd91,2025-10-07 00:14:19,2025-10-07 00:15:06,-47.0
3515980,bec1d7f71adc0e4829f012cb3a2fd2d248f6f0cfbf9cca79e5e03b2adbd200a6,33e743c9f8fb6606e9c9916ce57eb0da5c503f6d50975c732ed75949d294a4a7,2025-10-07 00:33:07,2025-10-07 00:39:14,-367.0
3515983,1a41f77bdb0eb5da7ba84c3fdd7bd966dc38d8e97fade88431bbe8b1f0ff28fb,865c8daee7a6d08ba4aef6be3fa0f2c5cfd5fc6075e620ef321a111c31913e8a,2025-10-07 00:44:29,2025-10-07 00:46:19,-110.0
3515987,68df8f63d9e0dd9f2858e1cbc0b141ccca3a7fe9b983728d5c3a7e6155d134c6,902822520fac7e23c060eb1c21fec0afd994a1a3481935253667813671969dc6,2025-10-07 00:59:57,2025-10-07 01:00:19,-22.0
3515995,7e86b7d5717892303eae6f6fa0f55037deeada7c18b94a3202ae5063e8a0b9f5,883f00cd3d719ef5e71133ea2ad3e82389e962d31703da2155602464a1e30ba1,2025-10-07 01:14:51,2025-10-07 01:14:55,-4.0
3516001,20eab1fc76218c4a31691aa8b3a17db25ffd4968391eb1ec1ea466b3d96bb333,0170ac4209c614b9caca36e035c9a69d5cefbd650808d50f1751975417a8ed3b,2025-10-07 01:24:07,2025-10-07 01:26:39,-152.0
3516006,0a62ac302071452ada9e84c9caa91947eb5b7986f1d2eb97bddd5eb9c07ab133,0e3841f8f48e3f4436d76fa363b41f27be00d0dabc281840fee15ad58cd3a7ff,2025-10-07 01:38:16,2025-10-07 01:41:38,-202.0
3516014,a4482d0e889787990cdb892bf0b434ba29a48b5af7f65d61741afb6ef52590c5,90e936083924167000f670cb7bc3f879c79adee06666556b21ed87403c0bbd55,2025-10-07 02:01:32,2025-10-07 02:01:39,-7.0
3516017,eaffaed83676caffe53adb8cd70b274d7c0b1d53a65377b6c1ffa0e90ca86666,515e44d50d05d1b4b987a1deceab8847629540e9d9f3ccea1ec36ff0f25cecf9,2025-10-07 02:04:38,2025-10-07 02:04:34,4.0
3516029,527076a19325cccc4cc96c3814e655970d9edd41feba33843bad112930acc858,1f87e6eaa825fbf21ac83dc9b83dc1dc674457fe7c16fed8f5cf908161865e36,2025-10-07 02:44:53,2025-10-07 02:46:24,-91.0
3516041,8cf539d385e3042fc8b56c162ceeea479665e22615de451c4d65ed7f6d0dd41a,8fcaeae88eea6b8602154654c5bd26987def4401183faaf152c284bc5b7ab115,2025-10-07 03:11:52,2025-10-07 03:11:57,-5.0
3516079,2d2e26ec775f35bcadff77eccf6aade054ed3a7ad5a986debdb5f7cf43843566,cdb67d3cde0d6651beb0d035ac8a85c1c556a44febb55f2702400d15699728a0,2025-10-07 04:38:38,2025-10-07 04:40:24,-106.0
3516113,5c3ae50249328c7b3ab0ff097403e7847cd42d164d7bfc172abc058dd8891d72,d97b8abdff2f01c084c36466bbcfb2d21cd848deadef424a3537052a02912685,2025-10-07 05:46:41,2025-10-07 05:47:24,-43.0
3516116,a0e980c6cbd9912f20ea7fdfe1deb617b1c3fab5feac111c764b0455b53bab3e,c730bf833339bd15e274d752c0eac1087b24810d179382410edc3292047b3d3b,2025-10-07 05:50:37,2025-10-07 05:51:58,-81.0
3516124,802261ceec619293c75fd4e4e59efb946f6c645577fe8b610a38a3810196a3d6,909c2926b8f856b93c851327d6770d4f1bf595a0f12dd8a826730c5344a14a6d,2025-10-07 06:13:04,2025-10-07 06:14:11,-67.0
3516134,717b8689c058af2b7fe970a789fbfec3e45cb333f585a40b6883a61c5c53988e,aee908a1e5a83b88c12ca242d582d2640c1ac1289db43ae183c199e637b5066f,2025-10-07 06:27:05,2025-10-07 06:28:54,-109.0
3516147,da371ffae25669d5f7282eb9e4257e11813e6f92749abbc750dc423a015da7a6,7dff40599748966bcf372ab2aad92010987cc130fa7f9c2da82b99ef329f5574,2025-10-07 06:45:20,2025-10-07 06:46:36,-76.0
3516151,bae1e01867c2d5141e3554c9b417504d59837d559322ff6773b5cec1e599a6fe,5c27d9c7fb0a95eb2c969d4081671ec8bde6ca9b11d240aff96b80c0bc698191,2025-10-07 06:50:55,2025-10-07 06:51:26,-31.0
3516165,f504f5f7cf59e23cc030206292d867479ae82aff43f085d962d9fc9d56c0307c,0c323ffe92c8fe70b4b932c19a1bad0e259fa5ed9c361f9f646e40a766488cff,2025-10-07 07:13:54,2025-10-07 07:14:30,-36.0
3516167,8ce4a5dc7159ab27c0e4303e35256b646238fb857d1fc872c77702c269c98bae,f861325e110bef42b05972990fa74184a0ebcc362cf379f1dfcbe9fd5b16dcb1,2025-10-07 07:17:10,2025-10-07 07:18:05,-55.0
3516176,a14285887c7338b3c868a6f3eed4350c7f554b090e4f5fa8c93886299dea3a3d,ba66072e311ce02bf12068e3ab4e233e0156dc1747ea8af5abbd96cd19a47217,2025-10-07 07:30:43,2025-10-07 07:31:10,-27.0
3516218,35b023a71025936d197b3789b51c62eadc19cdab5aa7a14c948b52068ea0ef08,cbdba9eeb618a3628821b6cee51167c79bc83f60574a0d5bf89cb0eaed094d59,2025-10-07 08:51:37,2025-10-07 08:51:58,-21.0
3516230,469ea0fd6ed3f30a4ebfe9fae157d1286e68478a4799dc2cb129f35f11d3e78b,ea9e8eff6e862d1a00b7410d6c6a5921c108bdfac0d0f8bae8ee60a231f2e9a0,2025-10-07 09:18:15,2025-10-07 09:18:43,-28.0
3516244,28a965887e56bb07f4020c301d6461360ec3e65e8c7d49f0e9dd2956939e45a6,257fdbf5aa97463b32c4705280dc0ed2fe74bf28ab162cf17368a2ccb3d306a5,2025-10-07 09:43:57,2025-10-07 09:44:14,-17.0
3516255,a9e5dd99f1782df0c53cdc7a9aef04622fbb6888c2af80661204acbb8338c76c,0c166a3556ee510eab6fe2a879bfc6a9ebd075bcdbd5aa052f726033ade6009c,2025-10-07 10:00:12,2025-10-07 10:02:42,-150.0
3516267,3305b3a78b3a8df884fde345dcafeefc52cecdd91a391caa12d402b9c4ead1cd,682fd076bb2717a6b97fee74d7ac538d0de15d14c25d12f6bc77696aa55f752e,2025-10-07 10:18:47,2025-10-07 10:21:14,-147.0
3516270,81123e3aca88da7863e6fd58da90be8dbab7d388e9e2bb96780fc208d90cb000,850f305dced1124118c598d3f73124a8b8cafd0dce1a0f4158a86686457ab777,2025-10-07 10:27:39,2025-10-07 10:29:27,-108.0
3516272,56372ba223a56a4ef597075541ce62b92f499e7711015e9e4a914a1e1b74472a,7780f1bb508a6403744e9fe3a5de7283a3968a93def2ac322a106462ca839a71,2025-10-07 10:33:47,2025-10-07 10:38:30,-283.0
3516276,764ef7c47e4b6d2593d73fecb7ad79ad4150097ff469147bf836f92ae59fcb13,d3729874b35782c15a6ab0ea0194cf2e02e31de2c1eec7848e027e03aede8aef,2025-10-07 10:41:27,2025-10-07 10:42:08,-41.0
3516282,49348f2757cadf3c95972949af8b451ddffc0b0fd1e60471c9aaf8cee2d24842,afe32902b9b5fe9edef8ba9921ddad8d8741a2b7a6e8de5b34e3c06fe880cdee,2025-10-07 10:52:11,2025-10-07 10:51:14,57.0
3516285,85a40fc28068f678108438e869dedde686c9b5ee847fb0db1d75e457de43941b,ff0d721b8798771836d4294377d82e58dc5a48e57c9b8eb86ede52a353ebe9a9,2025-10-07 10:56:08,2025-10-07 10:56:32,-24.0
3516288,5e4ccd09ca2b687607c479cbec24e4a256e9ff4c00d778ee61511368da3116f7,57a9a72dff16e318a7edc55ed555e37f558122e6463446541725e3560c599b07,2025-10-07 11:00:36,2025-10-07 11:03:57,-201.0
3516293,236118e9a933a63b6b9b7636ef488e721073ce6618baa21a04254eec71fbd731,1e7c02d2d0f38810850090c3419c4759a702b466cb442e0cac9c2789b4785b10,2025-10-07 11:10:46,2025-10-07 11:09:26,80.0
3516296,5e6853080d97cf507eba0d8abdea6a5c9067d6fea476ec024f1aee68e4d49149,4ddb833e80f6d21e9cc9363d385877d2353fa7d1bbe595a73dfedccdef9b9b19,2025-10-07 11:13:00,2025-10-07 11:13:45,-45.0
3516298,aa03dbbc45e55305917317bac91b78c71e5a05dfdabae5692b32fe93da7857cd,c20a34b191bff28c0962dd15c8dc6edfd01f652d38ad90c7ec66c47510e678dc,2025-10-07 11:16:48,2025-10-07 11:16:59,-11.0
3516313,a5745db64d7a1bd023221e3971e8a4b3d667e0c84b9275dd7537184b8460af40,5919229c5fd0725b614e29e1ac653a829bcd6c2c639cb480795bf08e8994883f,2025-10-07 11:49:22,2025-10-07 11:49:56,-34.0
3516335,1ae8ac90465c377c214cdd762698e535b8edeaa1ec98a1912dcda01f1767436c,99f07a9150c8ce2091742cbe07aa81c14722769e09c70245a63f075018a24f01,2025-10-07 12:32:18,2025-10-07 12:33:03,-45.0
3516337,dd1669c2daf7757cb3306b66e77ff02567115646c1924ea10247aee1ee3e3300,289a5d98abfbe9029235505ddfb78bdbf52d651afab310ec3c68a525c2292459,2025-10-07 12:36:10,2025-10-07 12:36:23,-13.0
3519828,98654471ea14f6a6315999c91f8fc02596eb281935d0a8fe33c549dc83013397,427dd6bcda33bc4c8042ad25dfe30dce0127829ccc53c77cadfe7698d520c45e,2025-10-12 06:22:14,2025-10-12 06:21:56,18.0
3523316,1521bcb0927d6576bdf38e500d5880a33c21ae4f437895b91d03504bcbad5a33,9d0adabf7a298ab50cabbd027c5091c06d1c15d636d6931cf66db8f12fd1eac5,2025-10-17 02:48:36,2025-10-17 02:48:39,-3.0
3523641,9bb4311b11a014e93a3d4f3212734a4d118b71205f7b32d897d72b0a208bf433,2b05458eb6b59ade94292b75065223659df551f95ba419f37ce3b8425fbdb03a,2025-10-17 14:26:43,2025-10-17 14:26:43,0.0
